201906010000, 0.000108507
201906010020, 0.000759549
201906010030, 0
201906010040, 0.000759549
201906010050, 0.00173611
201906010100, 0.000108507
201906010110, 0.00444878
201906010120, 0.0413411
201906010130, 0.00987413
201906010140, 0.16569
201906010150, 0.216905
201906010200, 0.352539
201906010210, 0.449653
201906010220, 0.0719401
201906010230, 0.686632
201906010240, 0.661133
201906010250, 0.429688
201906010300, 0.318142
201906010310, 0.28852
201906010320, 0.269206
201906010330, 0.168186
201906010340, 0.336806
201906010350, 0.311523
201906010400, 0.191406
201906010410, 0.389757
201906010420, 0.265842
201906010430, 0.421658
201906010440, 0.64898
201906010450, 0.446832
201906010500, 0.558811
201906010510, 0.473416
201906010520, 0.3227
201906010530, 0.392144
201906010540, 0.325738
201906010550, 0.309136
201906010600, 0.128689
201906010610, 0.264865
201906010620, 0.128038
201906010630, 0.115017
201906010640, 0.103407
201906010650, 0.0556641
201906010700, 0.062934
201906010710, 0.0243056
201906010720, 0.00813802
201906010730, 0.00238715
201906010750, 0.00206163
201906010810, 0
201906010820, 0.000651042
201906010830, 0.0949436
201906010840, 0.000108507
201906010850, 0.00640191
201906010900, 0.0100911
201906010910, 0.00444878
201906010920, 0.0910373
201906010930, 0.000217014
201906010940, 0.000434028
201906010950, 0.000108507
201906011010, 0.000217014
201906011020, 0.00726997
201906011040, 0.837348
201906011050, 0.0621745
201906011110, 0.186415
201906011120, 0.0524089
201906011130, 0.622613
201906011150, 0.795898
201906011200, 0.583008
201906011210, 1.80653
201906011220, 0.0450304
201906011230, 0.256402
201906011300, 0.00716146
201906011310, 0.0137804
201906011320, 0
201906011330, 0.0016276
201906011350, 0.00206163
201906011400, 0
201906011410, 0.000217014
201906011420, 0.00553385
201906011430, 0
201906011440, 0
201906011450, 0.0567491
201906011500, 0.0264757
201906011510, 0.155056
201906011520, 0.247396
201906011530, 0.113824
201906011540, 0.197591
201906011550, 0.267795
201906011600, 0.850152
201906011610, 1.04514
201906011620, 1.47862
201906011630, 1.213
201906011640, 0.45855
201906011650, 0.907444
201906011700, 0.38661
201906011710, 0.954753
201906011720, 0.736437
201906011730, 0.671658
201906011740, 0.377713
201906011750, 0.668511
201906011800, 0.315647
201906011810, 1.22428
201906011820, 1.03136
201906011830, 1.53798
201906011840, 0.951172
201906011850, 0.863173
201906011900, 1.52398
201906011910, 1.33561
201906011920, 1.16254
201906011930, 0.417752
201906011940, 0.302517
201906011950, 0.0735677
201906012000, 0.5051
201906012010, 0.0513238
201906012020, 0.21799
201906012030, 0.390082
201906012040, 0.295139
201906012050, 0.0132378
201906012100, 0.287652
201906012110, 0.071072
201906012120, 0.00802951
201906012130, 0.0690104
201906012140, 0.00108507
201906012200, 0.000542535
201906012210, 0.205729
201906012220, 0
201906012230, 0
201906012240, 0.000542535
201906012250, 0.000759549
201906012300, 0.00206163
201906012310, 0.000325521
201906012330, 0
201906020000, 0.00119358
201906020010, 0.000325521
201906020020, 0.085395
201906020030, 0.00423177
201906020040, 0.115885
201906020050, 0.00455729
201906020100, 0.00195312
201906020110, 0.18967
201906020120, 0.864149
201906020140, 3.31337
201906020150, 3.45302
201906020200, 4.01107
201906020210, 4.09136
201906020230, 4.99848
201906020240, 5.27192
201906020250, 5.23416
201906020300, 5.66558
201906020310, 5.86947
201906020320, 6.59994
201906020330, 6.34766
201906020340, 7.53722
201906020350, 7.98503
201906020400, 8.64594
201906020410, 8.78136
201906020420, 9.35558
201906020430, 8.93902
201906020440, 9.18522
201906020450, 9.86523
201906020500, 9.6684
201906020510, 8.74078
201906020520, 7.95801
201906020530, 8.65419
201906020540, 8.61947
201906020550, 9.14052
201906020600, 8.94531
201906020610, 8.27116
201906020620, 7.2194
201906020630, 5.91981
201906020640, 5.20898
201906020650, 3.48774
201906020710, 4.62033
201906020720, 3.42871
201906020730, 3.99273
201906020740, 2.87923
201906020750, 2.81923
201906020800, 3.44868
201906020810, 3.69466
201906020820, 3.52387
201906020830, 2.32693
201906020840, 0.0175781
201906020850, 0.0412326
201906020900, 0.575955
201906020910, 0.114041
201906020920, 0.0557726
201906020930, 0.812391
201906020940, 0.466254
201906020950, 0.433485
201906021000, 0.501411
201906021010, 0.426215
201906021020, 0.520182
201906021030, 0.553711
201906021040, 1.23199
201906021050, 1.49772
201906021100, 1.93533
201906021110, 0.665365
201906021120, 0.773872
201906021130, 0.998806
201906021140, 0.948676
201906021150, 1.37229
201906021200, 1.50347
201906021210, 2.07921
201906021220, 2.2895
201906021230, 2.83876
201906021240, 1.30664
201906021250, 2.10276
201906021300, 1.7564
201906021310, 2.5918
201906021320, 1.60438
201906021330, 1.63639
201906021340, 1.89486
201906021350, 1.78646
201906021400, 1.73079
201906021410, 1.63422
201906021420, 1.96365
201906021430, 1.04568
201906021440, 0
201906021450, 0.00813802
201906021500, 0
201906021510, 0
201906021520, 0
201906021530, 0.362088
201906021550, 1.08583
201906021600, 1.22493
201906021610, 2.0548
201906021620, 2.33084
201906021630, 1.55371
201906021640, 1.46658
201906021650, 2.13368
201906021700, 2.02192
201906021710, 2.14703
201906021720, 1.42839
201906021730, 2.361
201906021740, 1.59592
201906021750, 0.67296
201906021800, 2.54698
201906021810, 0.950738
201906021820, 1.699
201906021830, 1.39768
201906021840, 2.25781
201906021850, 2.76736
201906021900, 2.81858
201906021910, 2.38064
201906021920, 1.39703
201906021930, 1.42752
201906021940, 0.522895
201906021950, 0.737196
201906022000, 1.0395
201906022010, 1.44401
201906022020, 0.210395
201906022030, 0.974067
201906022040, 1.29026
201906022050, 0.647786
201906022100, 1.14345
201906022110, 0.906467
201906022120, 1.01313
201906022130, 0.420247
201906022140, 0.462457
201906022150, 0.594293
201906022200, 0.859809
201906022210, 0.609809
201906022220, 2.0229
201906022230, 1.36523
201906022240, 1.84755
201906022250, 1.44976
201906022300, 1.89312
201906022310, 1.7959
201906022320, 1.39952
201906022330, 2.71202
201906022340, 1.35471
201906022350, 1.20942
201906030000, 0.402669
201906030010, 0.886827
201906030020, 0.213325
201906030030, 0.956055
201906030040, 1.59125
201906030050, 1.4235
201906030100, 2.02463
201906030110, 2.25792
201906030120, 3.18793
201906030130, 3.44249
201906030140, 4.06771
201906030150, 5.10493
201906030200, 5.4924
201906030210, 6.42578
201906030220, 5.27658
201906030230, 6.03852
201906030240, 5.50966
201906030250, 6.30903
201906030300, 6.46083
201906030310, 6.61762
201906030320, 5.73839
201906030330, 5.06109
201906030340, 5.04167
201906030350, 3.5791
201906030400, 3.1314
201906030410, 2.9796
201906030420, 3.20291
201906030430, 3.44694
201906030440, 2.61523
201906030450, 1.5778
201906030500, 0.939236
201906030510, 1.21213
201906030520, 1.15918
201906030530, 0.870768
201906030540, 1.89193
201906030550, 1.81
201906030600, 1.65918
201906030610, 1.46701
201906030620, 2.50412
201906030630, 2.47971
201906030640, 2.39692
201906030650, 2.94065
201906030700, 2.78092
201906030710, 2.41656
201906030720, 3.36328
201906030730, 2.29622
201906030740, 2.29959
201906030750, 2.00608
201906030800, 2.12815
201906030810, 1.50586
201906030820, 1.61458
201906030830, 2.03092
201906030840, 1.61393
201906030850, 1.59125
201906030900, 1.1543
201906030910, 1.4043
201906030920, 2.83181
201906030930, 2.65093
201906030940, 3.12554
201906030950, 2.73058
201906031000, 2.88487
201906031010, 1.86057
201906031020, 2.48025
201906031030, 1.40213
201906031040, 1.33355
201906031050, 1.05664
201906031100, 1.32303
201906031110, 1.10948
201906031120, 2.04503
201906031130, 2.18001
201906031140, 1.26834
201906031150, 1.25109
201906031200, 0.853516
201906031210, 0.876194
201906031220, 0.949978
201906031230, 0.445312
201906031240, 0.831814
201906031250, 0.516493
201906031300, 0.536784
201906031310, 0.546549
201906031320, 0.303711
201906031330, 0.231879
201906031340, 0.0988498
201906031350, 0.00412326
201906031400, 0.0845269
201906031410, 0.676541
201906031420, 0.157444
201906031430, 0.405924
201906031440, 0.71951
201906031450, 0.621094
201906031500, 0.244792
201906031510, 0.0828993
201906031520, 0.110026
201906031530, 0.150825
201906031540, 0.114366
201906031550, 0.110352
201906031600, 0.21582
201906031610, 0.37066
201906031620, 0.465495
201906031630, 0.389323
201906031640, 0.352865
201906031650, 0.337782
201906031700, 0.53559
201906031710, 0.0578342
201906031720, 0.0224609
201906031730, 0.162543
201906031740, 0.0625
201906031750, 0.0796441
201906031800, 0.111437
201906031810, 0.138563
201906031820, 0.640408
201906031830, 0.358941
201906031840, 0.0733507
201906031850, 0.107313
201906031900, 0.201714
201906031910, 0.141276
201906031920, 0.215603
201906031930, 0.228624
201906031940, 0.0635851
201906031950, 0.301324
201906032000, 0.286024
201906032010, 0.000217014
201906032020, 0.157986
201906032030, 0.0626085
201906032040, 0.150608
201906032050, 0.00141059
201906032100, 0.121528
201906032110, 0.219835
201906032120, 0.34809
201906032130, 0.129774
201906032150, 0
201906032200, 0
201906032210, 0.0120443
201906032220, 0.0593533
201906032230, 0.14388
201906032240, 0.46148
201906032250, 0.416016
201906032300, 0.235352
201906032310, 0.721246
201906032320, 0.415256
201906032330, 0.744466
201906032340, 0.584852
201906032350, 0.258572
201906040000, 0.0212674
201906040010, 0.00857205
201906040020, 0
201906040030, 0.000976562
201906040040, 0.0432943
201906040050, 0.219293
201906040100, 0.423611
201906040110, 0.386393
201906040120, 0.023112
201906040130, 0.64681
201906040140, 1.17242
201906040150, 0.815864
201906040200, 0.888672
201906040210, 0.638455
201906040220, 0.238498
201906040230, 0.410482
201906040240, 0.400825
201906040250, 0.780382
201906040300, 1.03309
201906040310, 1.09961
201906040320, 0.840386
201906040330, 1.42665
201906040340, 1.74164
201906040350, 1.14822
201906040400, 1.22711
201906040410, 1.8865
201906040420, 2.4349
201906040430, 3.12988
201906040440, 1.62196
201906040450, 1.32867
201906040500, 0.989149
201906040510, 0.912543
201906040520, 0.751736
201906040530, 0.368273
201906040540, 0.287652
201906040550, 0.108181
201906040600, 0.26747
201906040610, 0.133464
201906040620, 0.0350477
201906040630, 0.0062934
201906040640, 0.0435113
201906040650, 0.00531684
201906040710, 0.0207248
201906040730, 0.0259332
201906040740, 0.134115
201906040750, 0
201906040800, 0.175347
201906040810, 0.136393
201906040830, 0.10536
201906040840, 0.0430773
201906040850, 0.038303
201906040900, 0.202582
201906040910, 0.00368924
201906040920, 0.046658
201906040930, 0.0359158
201906040950, 0.0405816
201906041000, 0
201906041020, 0.00271267
201906041030, 0.00423177
201906041040, 0.111871
201906041050, 0.296875
201906041100, 0.272461
201906041110, 0.428494
201906041120, 0.455295
201906041130, 0.212457
201906041140, 0.163303
201906041150, 0.00922309
201906041200, 0.02398
201906041210, 0.000325521
201906041220, 0.00119358
201906041230, 0
201906041240, 0.0194227
201906041250, 0.274414
201906041300, 0.0490451
201906041310, 0.046224
201906041320, 0.0416667
201906041330, 0.0478516
201906041340, 0.0299479
201906041350, 0.0264757
201906041400, 0.0298394
201906041410, 0.140191
201906041420, 0.273329
201906041430, 0.148655
201906041440, 0.0258247
201906041450, 0
201906041500, 0.00173611
201906041510, 0.0422092
201906041530, 0.0197483
201906041540, 0.0481771
201906041550, 0.0288628
201906041600, 0.00553385
201906041610, 0.0434028
201906041620, 0.0593533
201906041630, 0.0161675
201906041640, 0.0115017
201906041650, 0.0430773
201906041700, 0.398763
201906041710, 0.103299
201906041720, 0.520833
201906041730, 0.226997
201906041740, 0.178819
201906041750, 0.0256076
201906041800, 0.600911
201906041810, 0.015191
201906041820, 0.89681
201906041830, 0.641493
201906041840, 0.711697
201906041910, 0.070204
201906041920, 0.0180122
201906041930, 0.0619575
201906041940, 0.0169271
201906041950, 0.0533854
201906042000, 0.0678168
201906042010, 0.103299
201906042020, 0.0436198
201906042030, 0.0919054
201906042040, 0.00455729
201906042050, 0.111111
201906042100, 0.078559
201906042110, 0.0261502
201906042120, 0.00564236
201906042130, 0.110135
201906042140, 0.63737
201906042150, 0.335395
201906042200, 0.241211
201906042210, 0.287869
201906042220, 0.417969
201906042230, 0.0175781
201906042240, 0.0230035
201906042250, 0.0576172
201906042300, 0.0207248
201906042310, 0.0730252
201906042320, 0.711263
201906042340, 0.525608
201906042350, 1.20356
201906050000, 0.618924
201906050010, 0.530816
201906050020, 0.55523
201906050030, 0.100152
201906050040, 0.0478516
201906050050, 0.499891
201906050100, 0.0533854
201906050110, 0.321398
201906050120, 0.436957
201906050130, 0.39171
201906050140, 0.865343
201906050150, 0.434353
201906050200, 0.51747
201906050210, 0.263563
201906050220, 0.350803
201906050230, 0.208442
201906050240, 0.23112
201906050250, 0.270291
201906050300, 0.423503
201906050320, 0.332574
201906050330, 0.0338542
201906050340, 0.0615234
201906050350, 0.00998264
201906050400, 0.273112
201906050410, 0
201906050420, 0.00499132
201906050440, 0.0523003
201906050450, 0.0501302
201906050500, 0.0403646
201906050510, 0.0234375
201906050520, 0.0122613
201906050530, 0.101237
201906050540, 0.0460069
201906050550, 0.0368924
201906050600, 0.000868056
201906050610, 0.0899523
201906050620, 0.0345052
201906050630, 0.00423177
201906050640, 0.000434028
201906050650, 0.00206163
201906050700, 0.0117188
201906050710, 0.00173611
201906050720, 0.00499132
201906050730, 0.0135634
201906050740, 0.0119358
201906050750, 0.000759549
201906050800, 0
201906050810, 0.000651042
201906050830, 0.000434028
201906050840, 0.00401476
201906050850, 0
201906050900, 0.00954861
201906050910, 0
201906050920, 0
201906050930, 0.100803
201906050940, 0
201906050950, 0.0105252
201906051000, 0.0571832
201906051010, 0.0361328
201906051020, 0.172418
201906051030, 0.0421007
201906051040, 0.109701
201906051050, 0.546224
201906051100, 0.335395
201906051110, 0.259115
201906051120, 0.0417752
201906051130, 0.0317925
201906051140, 0.00130208
201906051150, 0.00271267
201906051200, 0.0558811
201906051210, 0.218858
201906051220, 0.00217014
201906051230, 0.0282118
201906051240, 0
201906051250, 0.00390625
201906051300, 0.400825
201906051310, 1.13976
201906051320, 0.846246
201906051330, 1.1697
201906051340, 0.737522
201906051400, 1.33474
201906051410, 1.7207
201906051420, 0.359809
201906051430, 0.0989583
201906051440, 0.584852
201906051450, 0.522569
201906051500, 0.0734592
201906051510, 0.0520833
201906051520, 0.104818
201906051530, 0.0202908
201906051540, 0.0171441
201906051550, 0.00553385
201906051600, 0.211806
201906051610, 0
201906051620, 0.13737
201906051630, 0.234918
201906051640, 0.294162
201906051650, 0.237847
201906051700, 0.364149
201906051710, 0.172309
201906051720, 0.0659722
201906051730, 0.116645
201906051740, 1.00358
201906051750, 1.40777
201906051800, 2.12033
201906051810, 2.15516
201906051820, 2.08702
201906051830, 2.59679
201906051840, 2.54894
201906051850, 3.28451
201906051900, 3.43468
201906051910, 3.82335
201906051920, 4.2742
201906051930, 3.00152
201906051940, 3.81521
201906051950, 2.27409
201906052000, 2.20269
201906052010, 1.8928
201906052020, 1.98177
201906052040, 1.60124
201906052050, 1.20822
201906052100, 1.04872
201906052110, 0.441949
201906052120, 0.527669
201906052130, 0.285916
201906052140, 0.151367
201906052150, 0.00292969
201906052200, 0.131076
201906052210, 0.11263
201906052220, 0.116211
201906052230, 0.123264
201906052240, 0.123698
201906052250, 0.0985243
201906052300, 0.0536024
201906052310, 0.0250651
201906052320, 0.00911458
201906052330, 0.000108507
201906052350, 0.0177951
201906060000, 0
201906060020, 0.17003
201906060030, 0.361762
201906060050, 0.0559896
201906060100, 0
201906060110, 0.00412326
201906060120, 0.228082
201906060130, 0.212565
201906060140, 0.560113
201906060150, 0.708116
201906060200, 0.657878
201906060210, 0.651584
201906060220, 1.07671
201906060230, 1.37663
201906060240, 1.57585
201906060250, 2.66026
201906060300, 3.46582
201906060310, 4.00933
201906060320, 3.93924
201906060330, 5.05067
201906060340, 5.71105
201906060350, 6.23492
201906060400, 6.76356
201906060410, 7.32606
201906060420, 8.08247
201906060430, 7.8712
201906060440, 8.31868
201906060450, 7.9974
201906060500, 8.08105
201906060510, 7.75401
201906060520, 7.39996
201906060530, 6.85221
201906060540, 6.62272
201906060550, 6.648
201906060600, 6.02159
201906060610, 6.2207
201906060620, 5.90484
201906060630, 5.43294
201906060640, 4.62066
201906060700, 4.65907
201906060710, 4.15549
201906060720, 3.86903
201906060730, 3.53928
201906060740, 3.11046
201906060750, 2.04286
201906060800, 2.45095
201906060810, 1.66602
201906060820, 0.733615
201906060830, 0.864366
201906060840, 0.335069
201906060850, 0.897786
201906060900, 0.533746
201906060910, 0.975369
201906060920, 0.646267
201906060940, 0.0282118
201906061010, 0.000759549
201906061020, 0.000325521
201906061030, 0.0016276
201906061040, 0
201906061050, 0
201906061100, 0
201906061110, 0.00108507
201906061120, 0.00108507
201906061130, 0.00434028
201906061140, 0
201906061150, 0
201906061200, 0
201906061210, 0.000976562
201906061220, 0
201906061230, 0
201906061240, 0.000217014
201906061250, 0.0168186
201906061310, 0
201906061320, 0
201906061330, 0.0339627
201906061340, 0.107964
201906061350, 0.156467
201906061400, 0.210938
201906061410, 0.346463
201906061420, 0.486979
201906061430, 0.887912
201906061440, 1.23893
201906061450, 1.26595
201906061500, 1.73199
201906061510, 1.86523
201906061520, 1.74642
201906061530, 2.22949
201906061540, 1.98405
201906061550, 2.19813
201906061600, 1.81304
201906061610, 0.798503
201906061620, 0.850369
201906061630, 0.549154
201906061640, 0.560221
201906061650, 0.507053
201906061700, 0.568034
201906061710, 0.230143
201906061720, 0.551432
201906061730, 0.952365
201906061740, 0.892144
201906061750, 1.19683
201906061800, 2.08344
201906061810, 1.19553
201906061820, 1.12804
201906061830, 1.34353
201906061840, 1.24794
201906061850, 1.43978
201906061900, 1.31163
201906061910, 0.828668
201906061920, 0.744141
201906061930, 0.510308
201906061940, 0.349718
201906061950, 0.218642
201906062000, 0.114692
201906062010, 0.240668
201906062020, 0.0404731
201906062030, 0.0094401
201906062040, 0.40625
201906062050, 0.054579
201906062100, 0.0672743
201906062110, 0.0121528
201906062120, 0.00802951
201906062130, 0.0195312
201906062140, 0.00108507
201906062150, 0.00195312
201906062200, 0.00358073
201906062210, 0.00987413
201906062220, 0.00922309
201906062230, 0.0016276
201906062240, 0.334418
201906062250, 0.569119
201906062300, 0.519965
201906062310, 0.424154
201906062320, 0.210503
201906062330, 0.358181
201906062340, 0.398654
201906062350, 0.310547
201906070000, 0.199002
201906070010, 0.175022
201906070020, 0.116645
201906070030, 0.00857205
201906070040, 0
201906070050, 0.00141059
201906070100, 0.000217014
201906070120, 0.0281033
201906070130, 0.0538194
201906070140, 0.62066
201906070150, 0.518989
201906070200, 0.584418
201906070210, 1.03819
201906070220, 1.47298
201906070240, 1.49794
201906070250, 1.62674
201906070300, 1.56825
201906070310, 1.73513
201906070320, 1.99631
201906070330, 1.9949
201906070340, 1.82867
201906070350, 2.00152
201906070400, 2.16341
201906070410, 2.12326
201906070420, 2.31283
201906070430, 2.2628
201906070440, 2.36404
201906070450, 2.37967
201906070500, 1.99967
201906070510, 1.83626
201906070520, 1.50217
201906070540, 1.40082
201906070550, 1.2143
201906070610, 1.04167
201906070630, 0.611003
201906070640, 0.54286
201906070650, 0.469727
201906070700, 0.46224
201906070710, 0.509332
201906070720, 0.377062
201906070730, 0.4375
201906070740, 0.382595
201906070750, 0.0795356
201906070800, 0.0717231
201906070810, 0.173394
201906070820, 0.0538194
201906070840, 0.00282118
201906070900, 0
201906070910, 0
201906070930, 0
201906070940, 0.000108507
201906070950, 0.000217014
201906071000, 0.000108507
201906071010, 0.000325521
201906071020, 0.00488281
201906071040, 0
201906071120, 0.000108507
201906071140, 0.031033
201906071150, 0.135742
201906071200, 0.266276
201906071210, 0.24349
201906071220, 0.547526
201906071230, 0.0815972
201906071250, 1.35547
201906071300, 0.684679
201906071310, 0.716797
201906071320, 0.551758
201906071330, 0.022895
201906071340, 0.172526
201906071350, 0.139757
201906071400, 0.270508
201906071410, 0.27398
201906071420, 0.368056
201906071430, 0.365234
201906071440, 0.670573
201906071450, 1.15538
201906071500, 1.01345
201906071510, 1.89431
201906071520, 2.13184
201906071530, 1.99772
201906071540, 1.7424
201906071550, 2.2309
201906071600, 2.6225
201906071610, 1.88867
201906071620, 1.33702
201906071630, 2.02279
201906071640, 2.38574
201906071650, 0.507161
201906071700, 0.988064
201906071710, 1.21235
201906071720, 1.65321
201906071730, 0.879774
201906071740, 1.78787
201906071750, 1.3559
201906071800, 0.843533
201906071810, 1.2577
201906071820, 2.87402
201906071830, 2.89952
201906071840, 2.89865
201906071850, 2.7347
201906071900, 2.41168
201906071910, 2.27246
201906071920, 2.34983
201906071930, 2.602
201906071940, 2.39421
201906071950, 0.921766
201906072010, 1.16515
201906072020, 0.899848
201906072030, 0.850369
201906072040, 0.981445
201906072050, 1.2322
201906072100, 1.68121
201906072110, 2.5217
201906072120, 2.53754
201906072130, 2.37739
201906072140, 2.3036
201906072150, 1.73079
201906072200, 1.76899
201906072210, 1.21973
201906072220, 0.792535
201906072230, 0.642795
201906072240, 1.02756
201906072300, 0.566623
201906072310, 0.639648
201906072320, 0.547526
201906072330, 0.44477
201906072340, 0.221463
201906072350, 0.0544705
201906080000, 0.0106337
201906080010, 0.00748698
201906080020, 0.00303819
201906080030, 0.00336372
201906080040, 0.0258247
201906080050, 0.26454
201906080100, 0.0294054
201906080110, 0.00271267
201906080120, 0.0203993
201906080130, 0.0479601
201906080140, 0.0207248
201906080150, 0.0988498
201906080200, 0.866862
201906080210, 0.470052
201906080220, 0.240451
201906080230, 0.0326606
201906080240, 0.0606554
201906080250, 0.0509983
201906080300, 0.149631
201906080310, 0.0183377
201906080320, 0.0217014
201906080330, 0.0201823
201906080340, 0.00889757
201906080400, 0.0567491
201906080410, 0.110135
201906080430, 0.024197
201906080440, 0.111328
201906080450, 0.114258
201906080500, 0.024197
201906080530, 0.13227
201906080540, 0.0346137
201906080550, 0.100369
201906080600, 0.0185547
201906080610, 0.0251736
201906080620, 0.0116102
201906080630, 0.0453559
201906080700, 0.00423177
201906080720, 0
201906080750, 0
201906080820, 0.0135634
201906080840, 0.00238715
201906080900, 0.000976562
201906080920, 0.000868056
201906080930, 0
201906080940, 0.000217014
201906081000, 0.0016276
201906081010, 0.00553385
201906081020, 0
201906081030, 0.000325521
201906081040, 0.000217014
201906081100, 0
201906081110, 0.00455729
201906081120, 0.0015191
201906081130, 0
201906081140, 0
201906081150, 0.00336372
201906081200, 0
201906081210, 0
201906081220, 0
201906081240, 0
201906081250, 0.000759549
201906081300, 0
201906081310, 0
201906081320, 0.00260417
201906081330, 0.000434028
201906081340, 0.00325521
201906081350, 0
201906081400, 0
201906081410, 0
201906081420, 0
201906081430, 0.0015191
201906081440, 0
201906081450, 0
201906081500, 0
201906081510, 0
201906081520, 0.00249566
201906081530, 0.0016276
201906081540, 0.00141059
201906081550, 0.0717231
201906081610, 0.00434028
201906081620, 0.0289714
201906081630, 0.0272352
201906081640, 0.0200738
201906081650, 0.162435
201906081700, 0.0346137
201906081710, 0.0062934
201906081720, 0.00282118
201906081730, 0.00694444
201906081740, 0.0450304
201906081750, 0.0384115
201906081800, 0.00900608
201906081810, 0.0199653
201906081820, 0.0259332
201906081830, 0
201906081840, 0.0731337
201906081850, 0.105903
201906081900, 0.0232205
201906081910, 0.0106337
201906081920, 0.0903863
201906081930, 0.000976562
201906081940, 0.0015191
201906081950, 0.00455729
201906082000, 0
201906082010, 0.00130208
201906082020, 0
201906082030, 0
201906082040, 0
201906082050, 0.000434028
201906082100, 0
201906082110, 0.00238715
201906082120, 0
201906082130, 0
201906082140, 0.00173611
201906082150, 0.0015191
201906082200, 0.00813802
201906082210, 0.000976562
201906082220, 0.0129123
201906082230, 0.00488281
201906082240, 0.0101997
201906082300, 0.000108507
201906082310, 0.000217014
201906082320, 0.0015191
201906082330, 0
201906082340, 0.00108507
201906082350, 0
201906090010, 0
201906090030, 0
201906090050, 0.000542535
201906090100, 0
201906090110, 0
201906090120, 0.286784
201906090130, 1.22862
201906090140, 1.40267
201906090150, 1.24653
201906090200, 1.29525
201906090210, 1.25456
201906090220, 1.58127
201906090240, 2.19238
201906090250, 2.73709
201906090300, 3.7232
201906090310, 3.67773
201906090320, 4.7653
201906090330, 4.44889
201906090340, 5.18587
201906090350, 4.66439
201906090400, 5.29525
201906090410, 5.63813
201906090420, 5.75163
201906090430, 5.37923
201906090440, 5.68142
201906090450, 5.61914
201906090500, 5.38379
201906090510, 5.1849
201906090520, 4.98785
201906090530, 4.82563
201906090540, 4.36589
201906090550, 4.54416
201906090600, 4.08724
201906090610, 3.81
201906090620, 3.61144
201906090630, 3.36263
201906090640, 3.68153
201906090650, 3.73014
201906090700, 3.87869
201906090710, 3.30469
201906090720, 3.32595
201906090730, 3.14149
201906090750, 1.39236
201906090800, 0.764757
201906090810, 0.119032
201906090830, 0
201906090840, 0
201906090850, 0.000325521
201906090900, 0
201906090920, 0
201906090930, 0.000434028
201906090940, 0.000976562
201906090950, 0.000108507
201906091000, 0
201906091010, 0
201906091020, 0
201906091030, 0.000108507
201906091110, 0
201906091130, 0.000108507
201906091140, 0.00227865
201906091150, 0
201906091200, 0.000108507
201906091210, 0
201906091220, 0
201906091230, 0.000325521
201906091240, 0.00954861
201906091250, 0.0016276
201906091300, 0.000434028
201906091310, 0.00303819
201906091320, 0.000651042
201906091330, 0.00531684
201906091340, 0.0402561
201906091350, 0.0912543
201906091400, 0.185764
201906091410, 0.366862
201906091420, 0.347982
201906091430, 0.445204
201906091440, 0.673394
201906091450, 0.976996
201906091500, 0.597114
201906091510, 1.5498
201906091520, 1.43859
201906091530, 1.48828
201906091540, 1.25195
201906091550, 1.25966
201906091600, 1.16895
201906091610, 0.883789
201906091620, 1.66732
201906091630, 1.09191
201906091640, 1.7232
201906091650, 1.53895
201906091700, 1.33247
201906091710, 1.66428
201906091720, 1.0753
201906091730, 0.941081
201906091740, 1.35645
201906091750, 1.12174
201906091800, 1.23969
201906091810, 0.891059
201906091820, 1.13509
201906091830, 0.995117
201906091840, 0.700521
201906091850, 1.00043
201906091900, 0.990777
201906091910, 1.02138
201906091920, 0.764323
201906091930, 1.18967
201906091940, 0.723199
201906091950, 0.773438
201906092010, 0.775391
201906092020, 0.763889
201906092030, 0.601237
201906092040, 0.0796441
201906092050, 0.198242
201906092100, 0.0327691
201906092110, 0.259549
201906092120, 0.154188
201906092130, 0.0206163
201906092140, 0.0839844
201906092150, 0.0123698
201906092200, 0.00683594
201906092210, 0.00835503
201906092220, 0.00661892
201906092230, 0.0604384
201906092240, 0.355794
201906092250, 0.00824653
201906092310, 0.0138889
201906092320, 0.0103082
201906092340, 0.00531684
201906100000, 0.288194
201906100010, 0.228624
201906100020, 0.209418
201906100040, 0.748698
201906100050, 0.153863
201906100100, 0.387695
201906100110, 1.02528
201906100120, 4.05707
201906100130, 7.56999
201906100140, 8.28548
201906100150, 9.27431
201906100200, 10.3277
201906100210, 9.83431
201906100220, 10.7137
201906100230, 11.674
201906100240, 12.2974
201906100250, 12.635
201906100300, 13.9171
201906100310, 14.7218
201906100320, 15.0725
201906100330, 13.7713
201906100340, 13.9716
201906100350, 13.3917
201906100400, 12.6804
201906100410, 13.3958
201906100420, 10.4261
201906100430, 9.81293
201906100440, 9.89605
201906100450, 7.72645
201906100500, 8.27941
201906100510, 8.24794
201906100520, 7.14627
201906100530, 7.59722
201906100540, 6.63151
201906100550, 5.99631
201906100600, 5.00098
201906100610, 5.53613
201906100620, 4.38466
201906100630, 4.55111
201906100640, 5.38086
201906100650, 4.60612
201906100700, 4.0115
201906100710, 3.67502
201906100720, 4.19325
201906100730, 3.53407
201906100740, 3.15462
201906100750, 1.78787
201906100800, 0.784288
201906100810, 0.0672743
201906100820, 0.858941
201906100830, 0.884549
201906100840, 0.510525
201906100850, 0.574327
201906100900, 0.0544705
201906100910, 0.290473
201906100920, 0.428277
201906100930, 0.145616
201906100940, 0.142687
201906100950, 0.292318
201906101000, 0.0332031
201906101010, 0.193902
201906101020, 0.0532769
201906101030, 0.180881
201906101040, 0.0830078
201906101050, 0.109592
201906101100, 0.583876
201906101110, 0.29286
201906101120, 0.164931
201906101130, 1.55881
201906101140, 1.18772
201906101150, 2.21691
201906101200, 1.02713
201906101210, 0.772461
201906101220, 0.676215
201906101230, 1.24664
201906101240, 0.80089
201906101250, 0.299154
201906101300, 1.2947
201906101310, 1.34701
201906101320, 1.30252
201906101330, 1.21821
201906101340, 1.0293
201906101350, 0.911241
201906101400, 1.20215
201906101410, 1.32487
201906101420, 1.59733
201906101430, 1.91547
201906101440, 3.10883
201906101450, 3.1786
201906101500, 3.48481
201906101510, 4.50684
201906101520, 4.97298
201906101530, 4.1352
201906101540, 4.78581
201906101550, 5.17068
201906101600, 4.88314
201906101610, 5.54655
201906101620, 5.52214
201906101630, 6.32172
201906101640, 6.46777
201906101650, 6.80273
201906101700, 6.12901
201906101710, 7.0995
201906101720, 6.60091
201906101730, 7.18609
201906101740, 6.75217
201906101750, 5.89876
201906101800, 6.33518
201906101810, 6.74002
201906101820, 6.03027
201906101830, 6.70573
201906101840, 6.40636
201906101850, 6.83908
201906101900, 6.44922
201906101910, 6.70974
201906101920, 5.59342
201906101930, 6.0497
201906101940, 5.06044
201906101950, 5.19119
201906102000, 4.39779
201906102010, 4.61491
201906102020, 4.88075
201906102030, 5.45627
201906102040, 5.82151
201906102050, 5.44141
201906102100, 5.2768
201906102110, 5.55154
201906102120, 5.23307
201906102130, 5.62392
201906102140, 5.4043
201906102150, 5.75043
201906102200, 5.26758
201906102210, 5.04362
201906102220, 4.73557
201906102230, 4.28407
201906102240, 5.11545
201906102250, 4.32161
201906102300, 4.01964
201906102310, 3.80284
201906102320, 3.37782
201906102330, 3.18533
201906102340, 3.01877
201906102350, 2.40343
201906110000, 1.62739
201906110010, 1.37869
201906110020, 1.12326
201906110030, 1.3928
201906110040, 2.20584
201906110050, 1.80382
201906110100, 1.19531
201906110110, 1.30306
201906110130, 3.66688
201906110140, 3.22461
201906110150, 2.65734
201906110200, 3.86686
201906110210, 4.10221
201906110220, 4.38954
201906110230, 4.13618
201906110240, 3.5447
201906110250, 3.01953
201906110300, 3.82986
201906110310, 2.60547
201906110320, 2.0982
201906110330, 1.41656
201906110340, 1.0676
201906110350, 1.07107
201906110400, 0.501845
201906110410, 0.330729
201906110420, 0.495226
201906110430, 0.568359
201906110440, 0.222765
201906110450, 0.605143
201906110500, 0.555122
201906110510, 0.595812
201906110520, 0.000434028
201906110530, 0.0119358
201906110540, 0.00542535
201906110550, 0.0588108
201906110600, 0.0139974
201906110610, 0.0144314
201906110620, 0.148003
201906110630, 0.0171441
201906110640, 0.0259332
201906110650, 0.0707465
201906110700, 0.0046658
201906110710, 0.0015191
201906110720, 0.000868056
201906110730, 0
201906110740, 0.00173611
201906110750, 0.0132378
201906110800, 0.00358073
201906110810, 0.00119358
201906110820, 0.0142144
201906110830, 0.0919054
201906110840, 0.00206163
201906110850, 0.0693359
201906110900, 0.120985
201906110910, 0.101888
201906110920, 0.0914714
201906110930, 0.149197
201906110940, 0.276042
201906110950, 0.0682509
201906111000, 0.0112847
201906111010, 0.118273
201906111020, 0.308702
201906111030, 0.116102
201906111040, 0.000976562
201906111050, 0.00401476
201906111100, 0.00206163
201906111120, 0.00716146
201906111130, 0.0925564
201906111140, 0.00726997
201906111150, 0.166667
201906111200, 0.181532
201906111210, 0.170356
201906111220, 0.265625
201906111230, 0.74783
201906111240, 0.676432
201906111250, 0.516819
201906111300, 0.242079
201906111310, 0.429579
201906111320, 0.770616
201906111330, 0.898872
201906111340, 1.30632
201906111350, 1.17893
201906111400, 1.41135
201906111410, 1.55621
201906111420, 1.69575
201906111430, 1.7857
201906111440, 1.80339
201906111450, 1.41905
201906111500, 1.4451
201906111510, 1.65082
201906111520, 2.10319
201906111530, 3.15202
201906111540, 2.46864
201906111550, 3.56228
201906111600, 2.52615
201906111610, 3.8699
201906111620, 3.85731
201906111630, 3.22125
201906111640, 2.66569
201906111650, 2.60786
201906111700, 1.73025
201906111710, 1.22591
201906111720, 1.63097
201906111730, 0.798177
201906111740, 1.59082
201906111750, 1.88379
201906111800, 2.28331
201906111810, 2.84049
201906111830, 1.67611
201906111840, 2.72776
201906111850, 2.99349
201906111900, 2.5944
201906111910, 3.39996
201906111920, 2.91547
201906111930, 2.61165
201906111940, 3.04026
201906111950, 3.02604
201906112000, 1.45866
201906112010, 2.67719
201906112020, 2.94716
201906112030, 2.77018
201906112040, 2.19444
201906112050, 1.54926
201906112100, 1.33268
201906112110, 1.19954
201906112120, 1.12012
201906112130, 1.42578
201906112140, 1.22059
201906112150, 1.80642
201906112200, 0.638021
201906112210, 0.940972
201906112220, 0.913303
201906112230, 1.64735
201906112240, 2.00575
201906112250, 2.57194
201906112300, 3.2117
201906112310, 2.3495
201906112320, 3.37576
201906112330, 4.50575
201906112340, 3.6237
201906112350, 3.13477
201906120000, 2.25673
201906120010, 3.13053
201906120020, 2.81131
201906120030, 2.05881
201906120040, 2.17209
201906120050, 1.95757
201906120100, 3.42947
201906120110, 2.53407
201906120120, 2.43978
201906120130, 1.89442
201906120140, 1.55024
201906120150, 1.85211
201906120200, 1.48047
201906120210, 1.43273
201906120220, 0.73546
201906120230, 0.423069
201906120240, 0.909288
201906120250, 0.242947
201906120300, 1.50022
201906120310, 0.998481
201906120320, 0.527669
201906120330, 0.123372
201906120340, 0.138346
201906120350, 0.047526
201906120400, 0.00868056
201906120410, 0.000325521
201906120420, 0
201906120430, 0
201906120440, 0
201906120450, 0.000868056
201906120500, 0.00325521
201906120510, 0.0350477
201906120520, 0.00130208
201906120530, 0.00412326
201906120540, 0.0282118
201906120550, 0.00184462
201906120600, 0.00282118
201906120610, 0.0078125
201906120620, 0.00108507
201906120630, 0.0609809
201906120640, 0.119683
201906120650, 0.110352
201906120700, 0.0472005
201906120710, 0.0163845
201906120720, 0.0332031
201906120730, 0.00303819
201906120740, 0
201906120750, 0
201906120800, 0.00792101
201906120810, 0.069987
201906120820, 0.111762
201906120830, 0.211155
201906120840, 0.159288
201906120900, 0.0222439
201906120910, 0.0615234
201906120920, 0.00249566
201906120930, 0.0015191
201906120940, 0.000108507
201906120950, 0.0109592
201906121000, 0.26964
201906121010, 0.573785
201906121020, 0.705512
201906121030, 1.16124
201906121040, 1.14529
201906121050, 1.28353
201906121100, 1.0995
201906121110, 1.09332
201906121120, 1.00586
201906121130, 0.797852
201906121140, 0.556098
201906121150, 0.591146
201906121200, 0.451931
201906121210, 0.387261
201906121220, 0.381619
201906121230, 0.817057
201906121240, 0.796007
201906121250, 0.511285
201906121300, 0.270508
201906121310, 0.685764
201906121320, 0.667535
201906121330, 1.28863
201906121340, 1.6173
201906121350, 1.66862
201906121400, 1.70996
201906121410, 1.81532
201906121420, 0.910482
201906121430, 0.533203
201906121440, 0.533095
201906121450, 2.28863
201906121500, 0.620009
201906121510, 0.833442
201906121520, 1.9528
201906121530, 0.652235
201906121540, 0.116753
201906121550, 1.28234
201906121600, 0.989909
201906121610, 1.41851
201906121620, 1.66569
201906121630, 2.07433
201906121640, 2.07313
201906121650, 1.78754
201906121700, 3.23665
201906121710, 3.3265
201906121720, 4.85124
201906121730, 5.13227
201906121740, 5.5446
201906121750, 5.28407
201906121800, 5.55523
201906121810, 5.09191
201906121820, 5.17893
201906121830, 4.75922
201906121840, 5.44054
201906121850, 4.28592
201906121900, 4.90549
201906121910, 3.64475
201906121920, 2.84125
201906121930, 2.32487
201906121940, 2.21463
201906121950, 1.63194
201906122000, 1.36122
201906122010, 0.837999
201906122020, 0.735786
201906122030, 0.409288
201906122040, 0.485026
201906122050, 0.552951
201906122100, 0.461263
201906122110, 0.289931
201906122120, 0.345161
201906122130, 0.357313
201906122140, 0.313043
201906122150, 0.980686
201906122200, 0.953125
201906122210, 0.828016
201906122220, 1.38498
201906122230, 1.15137
201906122240, 1.00011
201906122250, 1.0127
201906122300, 0.671441
201906122310, 0.740885
201906122320, 0.697374
201906122330, 0.800998
201906122340, 0.521159
201906122350, 0.175347
201906130000, 0.00325521
201906130010, 0.000976562
201906130020, 0
201906130030, 0
201906130040, 0
201906130050, 0
201906130100, 0.00184462
201906130110, 0
201906130120, 0.0163845
201906130130, 0.940864
201906130140, 0.849718
201906130150, 0.411784
201906130200, 0.054579
201906130210, 0.0244141
201906130220, 0.0821398
201906130230, 0.0274523
201906130240, 0.241645
201906130250, 0.198785
201906130300, 1.38845
201906130310, 0.264757
201906130320, 1.16092
201906130330, 0.0511068
201906130340, 0.75944
201906130350, 0.195638
201906130400, 1.01335
201906130410, 0.410373
201906130420, 0.794705
201906130430, 0.497287
201906130440, 0.824978
201906130450, 1.02181
201906130500, 0.447266
201906130510, 0.173177
201906130520, 0.119358
201906130530, 0.139214
201906130540, 0.370009
201906130550, 0.310655
201906130600, 0.0815972
201906130610, 0.200846
201906130620, 0.176975
201906130630, 0.0836589
201906130640, 0.0959201
201906130650, 0.00792101
201906130700, 0.00868056
201906130710, 0.0225694
201906130720, 0.0251736
201906130730, 0.00596788
201906130740, 0.0203993
201906130750, 0.047092
201906130800, 0.00705295
201906130810, 0.00141059
201906130820, 0.0061849
201906130830, 0.000868056
201906130840, 0.000434028
201906130850, 0.00607639
201906130900, 0.00195312
201906130910, 0.000542535
201906130930, 0.00509983
201906130940, 0
201906130950, 0.00694444
201906131000, 0.00130208
201906131020, 0.0259332
201906131030, 0.135959
201906131040, 0.000217014
201906131050, 0.196723
201906131100, 0.144206
201906131110, 0.148655
201906131120, 0.147135
201906131130, 0.107096
201906131140, 0.149197
201906131150, 0.0046658
201906131200, 0.0910373
201906131210, 0.102539
201906131220, 0.215929
201906131230, 0.326606
201906131240, 0.662326
201906131250, 0.889214
201906131300, 1.32704
201906131310, 1.25922
201906131320, 1.48546
201906131330, 2.16135
201906131340, 2.79937
201906131350, 3.58767
201906131400, 4.01215
201906131410, 4.37294
201906131420, 4.99349
201906131430, 5.2207
201906131440, 5.46517
201906131450, 5.72613
201906131500, 5.45508
201906131510, 5.86589
201906131520, 6.18294
201906131530, 6.05968
201906131540, 6.11773
201906131550, 5.89724
201906131600, 5.24121
201906131610, 4.04091
201906131620, 4.74512
201906131630, 5.12359
201906131640, 5.62229
201906131650, 6.16732
201906131700, 4.63477
201906131710, 4.77203
201906131720, 4.81413
201906131730, 5.76964
201906131740, 4.85731
201906131750, 4.08127
201906131800, 5
201906131810, 3.58572
201906131820, 3.50836
201906131830, 3.8406
201906131840, 3.66113
201906131850, 3.99512
201906131900, 4.09353
201906131910, 3.139
201906131920, 2.71842
201906131930, 3.84125
201906131940, 2.76345
201906131950, 3.34223
201906132000, 3.40636
201906132010, 3.73926
201906132020, 3.47732
201906132030, 4.889
201906132040, 5.71137
201906132050, 4.77854
201906132100, 4.90137
201906132110, 5.68652
201906132120, 5.31521
201906132130, 4.83561
201906132140, 4.56576
201906132150, 4.34722
201906132200, 3.32498
201906132210, 3.31825
201906132230, 2.6161
201906132240, 2.50163
201906132250, 2.19672
201906132300, 2.43533
201906132310, 2.06565
201906132320, 2.01541
201906132330, 1.41211
201906132340, 1.93869
201906132350, 1.2653
201906140000, 0.937283
201906140010, 1.31337
201906140020, 0.57487
201906140030, 0.950087
201906140040, 0.207682
201906140050, 0.0581597
201906140100, 0.686957
201906140110, 1.47504
201906140120, 0.717448
201906140130, 0.153429
201906140140, 0.14974
201906140150, 0.898329
201906140200, 1.12804
201906140210, 0.922526
201906140220, 2.15766
201906140230, 1.84125
201906140240, 2.6263
201906140250, 3.01465
201906140300, 2.89052
201906140310, 3.68728
201906140320, 3.93533
201906140330, 5.12533
201906140340, 5.00217
201906140350, 4.58377
201906140400, 4.81337
201906140410, 3.67513
201906140420, 4.17958
201906140430, 4.49262
201906140440, 4.81272
201906140450, 4.28581
201906140500, 4.28244
201906140510, 4.95703
201906140520, 6.70074
201906140530, 6.38075
201906140540, 5.75825
201906140550, 7.15907
201906140600, 8.56727
201906140610, 8.3495
201906140620, 8.47645
201906140630, 8.7003
201906140640, 10.7699
201906140650, 11.0063
201906140700, 11.9781
201906140710, 11.1284
201906140720, 12.814
201906140730, 12.6921
201906140740, 12.5871
201906140750, 12.1816
201906140800, 13.8507
201906140810, 15.019
201906140820, 15.1642
201906140830, 14.7018
201906140840, 16.0621
201906140850, 15.5954
201906140900, 15.1071
201906140910, 15.9247
201906140920, 15.7776
201906140930, 16.187
201906140940, 14.0825
201906140950, 15.8391
201906141000, 16.6393
201906141010, 15.4714
201906141020, 15.5592
201906141030, 15.947
201906141040, 14.6299
201906141050, 15.1489
201906141100, 14.7743
201906141110, 13.8396
201906141120, 13.9271
201906141130, 12.726
201906141140, 10.5696
201906141150, 11.7019
201906141200, 11.1206
201906141210, 11.2347
201906141220, 11.4876
201906141230, 11.0059
201906141240, 9.20681
201906141250, 9.19911
201906141300, 10.032
201906141310, 9.94542
201906141320, 10.1513
201906141330, 9.70627
201906141340, 10.2335
201906141350, 9.46452
201906141400, 8.57248
201906141410, 7.72016
201906141420, 7.34158
201906141430, 7.07454
201906141440, 5.81109
201906141450, 5.44151
201906141500, 5.33355
201906141510, 4.51085
201906141520, 3.84071
201906141530, 3.39659
201906141540, 3.06098
201906141550, 3.34017
201906141600, 3.31738
201906141610, 3.5306
201906141620, 3.29731
201906141630, 3.44813
201906141640, 3.89833
201906141650, 4.23329
201906141700, 3.31662
201906141710, 2.56825
201906141720, 1.86632
201906141730, 1.40093
201906141740, 1.12576
201906141750, 1.2781
201906141800, 2.32454
201906141810, 1.27984
201906141820, 1.38531
201906141830, 1.29112
201906141840, 1.81391
201906141850, 1.72439
201906141900, 1.93989
201906141910, 2.42318
201906141920, 2.11719
201906141930, 2.39323
201906141940, 2.27973
201906141950, 2.8303
201906142000, 3.03526
201906142010, 2.71181
201906142020, 2.46832
201906142030, 2.59679
201906142040, 2.16526
201906142050, 1.86545
201906142100, 1.7092
201906142110, 1.52528
201906142120, 0.894314
201906142130, 0.615126
201906142140, 0.665256
201906142150, 0.597873
201906142200, 0.482964
201906142210, 0.565213
201906142220, 0.760091
201906142230, 0.671875
201906142240, 0.30523
201906142250, 0.00271267
201906142300, 0.0625
201906142310, 0.0125868
201906142320, 0.0120443
201906142330, 0.106988
201906142340, 0.0177951
201906142350, 0.0291884
201906150000, 0.00640191
201906150010, 0.030816
201906150020, 0.19987
201906150030, 0.140191
201906150040, 0.624457
201906150050, 0.317817
201906150100, 0.0838759
201906150110, 0.0416667
201906150120, 0.00889757
201906150130, 0.022678
201906150140, 0.0276693
201906150150, 0.156684
201906150200, 0.116211
201906150210, 0.316623
201906150220, 0.164714
201906150230, 0.110026
201906150240, 0.0167101
201906150250, 0.0623915
201906150300, 0.0247396
201906150310, 0.022895
201906150320, 0.311089
201906150330, 0.201172
201906150340, 0.0196398
201906150350, 0.1301
201906150400, 0.232096
201906150410, 0.705512
201906150420, 0.42079
201906150430, 0.3227
201906150440, 0.331814
201906150450, 0.365668
201906150500, 0.457574
201906150510, 0.181641
201906150520, 0.362847
201906150530, 0.261285
201906150540, 0.227539
201906150550, 0.113607
201906150600, 0.101562
201906150610, 0.0558811
201906150620, 0.551975
201906150630, 0.378364
201906150640, 0.365994
201906150650, 0.1199
201906150700, 0.0360243
201906150710, 0.130534
201906150720, 0.40408
201906150730, 0.319553
201906150750, 0.165365
201906150800, 0.516493
201906150810, 0.00878906
201906150820, 0.102756
201906150830, 0.468424
201906150840, 0.123047
201906150850, 0.0142144
201906150910, 0.00640191
201906150920, 0.00412326
201906150930, 0.00130208
201906150940, 0
201906150950, 0.00455729
201906151000, 0.00217014
201906151030, 0
201906151040, 0.00108507
201906151050, 0.00792101
201906151100, 0
201906151110, 0
201906151120, 0.00455729
201906151140, 0
201906151220, 0.00672743
201906151230, 0.00173611
201906151240, 0
201906151250, 0.00520833
201906151300, 0
201906151310, 0.000108507
201906151320, 0.0015191
201906151330, 0.00661892
201906151340, 0.00119358
201906151350, 0.00249566
201906151400, 0.0117188
201906151410, 0.00379774
201906151420, 0.00423177
201906151430, 0.00488281
201906151440, 0.0404731
201906151450, 0.071072
201906151500, 0.0221354
201906151510, 0.779514
201906151520, 1.0204
201906151530, 1.11068
201906151540, 1.11795
201906151550, 1.80718
201906151600, 2.26194
201906151610, 2.02941
201906151620, 2.30111
201906151630, 2.66981
201906151640, 2.40419
201906151650, 2.15777
201906151700, 2.07194
201906151710, 1.56988
201906151720, 2.1556
201906151730, 2.71647
201906151740, 1.45616
201906151750, 1.3572
201906151800, 1.21181
201906151810, 0.906033
201906151820, 0.765517
201906151830, 1.3648
201906151840, 1.21875
201906151850, 1.05697
201906151900, 0.850152
201906151910, 1.14985
201906151920, 1.2768
201906151930, 0.659614
201906151940, 1.04829
201906151950, 1.09972
201906152000, 1.35796
201906152010, 1.41808
201906152020, 1.59397
201906152030, 1.28451
201906152040, 0.52832
201906152050, 1.12391
201906152100, 1.18435
201906152110, 0.203885
201906152120, 0.339301
201906152130, 0.364366
201906152140, 0.47092
201906152150, 1.53841
201906152200, 1.60992
201906152210, 1.00336
201906152220, 0.854167
201906152230, 0.0855035
201906152240, 0.594293
201906152250, 0.654514
201906152300, 0.737847
201906152310, 2.07075
201906152320, 1.8788
201906152330, 1.35243
201906152340, 0.560221
201906152350, 0.144314
201906160000, 1.45866
201906160010, 0.952582
201906160020, 2.07715
201906160030, 2.67361
201906160040, 1.94086
201906160050, 1.70171
201906160100, 2.7564
201906160110, 3.27897
201906160120, 3.0229
201906160130, 4.78006
201906160140, 2.67849
201906160150, 3.61003
201906160200, 2.23351
201906160210, 2.95953
201906160220, 2.73014
201906160230, 1.21094
201906160240, 2.06348
201906160250, 0.710395
201906160300, 1.05295
201906160310, 1.25358
201906160320, 0.972439
201906160330, 1.25749
201906160340, 0.658312
201906160350, 0
201906160400, 0.990017
201906160410, 0.187066
201906160420, 0.0764974
201906160430, 0
201906160440, 0
201906160450, 0
201906160500, 0.0212674
201906160510, 0.232964
201906160520, 0
201906160530, 0
201906160540, 0
201906160550, 0
201906160600, 0
201906160610, 0.148112
201906160620, 0.250543
201906160630, 0.0520833
201906160640, 0
201906160650, 0.242296
201906160700, 0.0340712
201906160710, 0.206597
201906160720, 0
201906160730, 0.0881076
201906160740, 0.0121528
201906160750, 0
201906160800, 0.0477431
201906160810, 0.833008
201906160820, 0.187934
201906160830, 0.00553385
201906160840, 0.00401476
201906160850, 0.0338542
201906160900, 0.000868056
201906160910, 0.00119358
201906160920, 0.00911458
201906160930, 0.00358073
201906160940, 0.00238715
201906160950, 0.0238715
201906161000, 0.120226
201906161010, 0.0993924
201906161020, 0.00358073
201906161030, 0.0723741
201906161040, 0.000434028
201906161050, 0.0460069
201906161100, 0.0877821
201906161110, 0.00965712
201906161120, 0.0189887
201906161130, 0
201906161140, 0.00716146
201906161150, 0
201906161200, 0.00206163
201906161210, 0.206706
201906161230, 0.577365
201906161240, 0.395616
201906161250, 0.223633
201906161300, 0.126953
201906161310, 0.0874566
201906161320, 0.133464
201906161330, 0.0015191
201906161340, 0.0503472
201906161350, 0.0207248
201906161400, 0.000325521
201906161410, 0.000434028
201906161420, 0.00846354
201906161430, 0.0106337
201906161440, 0.000651042
201906161450, 0
201906161500, 0.00390625
201906161510, 0.00195312
201906161520, 0.00195312
201906161530, 0.00857205
201906161540, 0.00824653
201906161550, 0
201906161600, 0.00488281
201906161610, 0.0107422
201906161620, 0.00358073
201906161630, 0.00130208
201906161640, 0.00260417
201906161650, 0.015842
201906161700, 0.0164931
201906161710, 0.126194
201906161720, 0.0211589
201906161730, 0.00672743
201906161740, 0.0122613
201906161750, 0.0378689
201906161800, 0.0322266
201906161810, 0.137912
201906161820, 0.0101997
201906161830, 0.105794
201906161840, 0.0623915
201906161850, 0.124674
201906161900, 0.0932075
201906161910, 0.115234
201906161920, 0.263563
201906161930, 0.111654
201906161940, 0.0598958
201906161950, 0.0258247
201906162000, 0.0623915
201906162010, 0.0668403
201906162020, 0.039605
201906162030, 0.0101997
201906162040, 0.0648872
201906162050, 0.0791016
201906162100, 0.0619575
201906162110, 0.0707465
201906162120, 0.0330946
201906162130, 0.0177951
201906162140, 0.00184462
201906162150, 0.000651042
201906162200, 0.0031467
201906162210, 0.00130208
201906162220, 0
201906162230, 0.131836
201906162240, 0.121202
201906162250, 0.00292969
201906162300, 0.262478
201906162310, 0.00336372
201906162320, 0.000217014
201906162330, 0.169596
201906162340, 0.259115
201906162350, 0.355794
201906170000, 0.197591
201906170010, 0
201906170020, 0.00358073
201906170030, 0.0262587
201906170040, 0
201906170050, 0.00368924
201906170100, 0.00325521
201906170110, 0
201906170120, 0.0128038
201906170140, 0.03125
201906170150, 0.000976562
201906170200, 0.0340712
201906170210, 0.234592
201906170220, 0.0307075
201906170240, 0.148003
201906170250, 0.000868056
201906170300, 0.112196
201906170310, 0.0213759
201906170320, 0.0093316
201906170340, 0.145725
201906170350, 0.0437283
201906170400, 0.205078
201906170410, 0.129991
201906170420, 0.0736762
201906170430, 0.0723741
201906170440, 0.118381
201906170450, 0.0835503
201906170500, 0.105469
201906170510, 0.022678
201906170520, 0.0288628
201906170530, 0.00976562
201906170600, 0.00998264
201906170610, 0.00217014
201906170620, 0.016059
201906170630, 0.0208333
201906170640, 0.00412326
201906170700, 0.00141059
201906170710, 0.0251736
201906170720, 0.000868056
201906170730, 0
201906170740, 0.00379774
201906170750, 0.00282118
201906170800, 0.0951606
201906170810, 0
201906170820, 0.155924
201906170830, 0.0808377
201906170840, 0.121528
201906170850, 0.0155165
201906170900, 0.307943
201906170910, 0.138021
201906170920, 0.0894097
201906170930, 0.146484
201906170940, 0.030599
201906170950, 0
201906171010, 0.0311415
201906171020, 0
201906171030, 0.00553385
201906171040, 0.000868056
201906171050, 0.000542535
201906171100, 0
201906171110, 0.000108507
201906171120, 0
201906171200, 0.000108507
201906171210, 0
201906171220, 0.000108507
201906171240, 0
201906171250, 0
201906171300, 0
201906171320, 0.0111762
201906171330, 0.00520833
201906171340, 0.00347222
201906171350, 0.00249566
201906171400, 0
201906171410, 0.00184462
201906171420, 0.0103082
201906171430, 0.0148655
201906171440, 0.00770399
201906171450, 0.00412326
201906171500, 0.0236545
201906171510, 0.0210503
201906171520, 0.0126953
201906171530, 0.0256076
201906171540, 0.0461155
201906171550, 0.0166016
201906171600, 0.123047
201906171610, 0.0585938
201906171620, 0.062717
201906171630, 0.0667318
201906171640, 0.0814887
201906171650, 0.140842
201906171700, 0.28049
201906171710, 0.21441
201906171720, 0.402452
201906171730, 0.115668
201906171740, 0.145291
201906171750, 0.245551
201906171800, 0.319878
201906171810, 0.158854
201906171820, 0.282118
201906171830, 0.131836
201906171840, 0.218424
201906171850, 0.279514
201906171900, 0.0249566
201906171910, 0.0354818
201906171920, 0.0275608
201906171930, 0.0491536
201906171940, 0.296115
201906171950, 1.87967
201906172000, 1.49805
201906172010, 1.96799
201906172020, 2.06109
201906172030, 1.85525
201906172040, 2.32964
201906172050, 3.47222
201906172100, 3.72016
201906172110, 3.55306
201906172120, 3.68121
201906172130, 2.90603
201906172140, 3.09885
201906172150, 2.46061
201906172200, 2.2474
201906172210, 3.01931
201906172220, 3.09842
201906172230, 3.17654
201906172240, 3.41157
201906172250, 3.60417
201906172300, 3.30143
201906172310, 3.35482
201906172320, 3.04351
201906172330, 3.39822
201906172340, 3.51074
201906172350, 3.05805
201906180000, 2.71886
201906180010, 2.39334
201906180020, 2.2474
201906180030, 1.78168
201906180040, 1.5663
201906180050, 1.44032
201906180100, 1.28396
201906180110, 0.897678
201906180120, 0.750326
201906180130, 0.444878
201906180140, 0.366536
201906180150, 0.780273
201906180200, 0.286675
201906180210, 0.242405
201906180220, 0.102539
201906180230, 0.298828
201906180240, 0.269965
201906180250, 0.0972222
201906180310, 0.00531684
201906180320, 0.00217014
201906180330, 0
201906180340, 0
201906180400, 0.0168186
201906180410, 0.00271267
201906180420, 0.0129123
201906180430, 0.00184462
201906180440, 0.00564236
201906180450, 0.0046658
201906180500, 0.0128038
201906180520, 0
201906180530, 0.000651042
201906180540, 0.00542535
201906180550, 0
201906180600, 0.0015191
201906180620, 0
201906180630, 0
201906180640, 0.000217014
201906180650, 0
201906180710, 0
201906180730, 0
201906180740, 0.00900608
201906180750, 0.0313585
201906180800, 0
201906180820, 0.00184462
201906180830, 0
201906180840, 0
201906180850, 0.0107422
201906180910, 0.00770399
201906180920, 0
201906180930, 0.000217014
201906180940, 0
201906180950, 0
201906181000, 0
201906181010, 0
201906181020, 0
201906181050, 0
201906181100, 0
201906181110, 0
201906181120, 0.000108507
201906181130, 0.000108507
201906181140, 0
201906181150, 0.000325521
201906181200, 0
201906181210, 0
201906181220, 0.000868056
201906181230, 0.000976562
201906181240, 0.00130208
201906181250, 0.0015191
201906181300, 0.00423177
201906181310, 0.000759549
201906181320, 0.00868056
201906181330, 0.00238715
201906181340, 0.00868056
201906181350, 0.015625
201906181400, 0.022895
201906181410, 0.0563151
201906181420, 0.102756
201906181430, 0.101671
201906181440, 0.0236545
201906181450, 0.085178
201906181500, 0.245985
201906181510, 0.286241
201906181520, 0.256619
201906181530, 0.548177
201906181540, 0.617188
201906181550, 0.573025
201906181600, 0.355686
201906181610, 0.447591
201906181620, 0.558051
201906181630, 0.443576
201906181640, 0.183919
201906181650, 0.644423
201906181700, 1.62294
201906181710, 2.1314
201906181720, 1.65809
201906181730, 1.80805
201906181740, 2.66341
201906181750, 1.98817
201906181800, 1.8418
201906181810, 2.51096
201906181820, 2.30295
201906181830, 2.43641
201906181840, 2.54395
201906181850, 2.38596
201906181900, 2.87435
201906181910, 2.48665
201906181920, 2.58974
201906181930, 2.48774
201906181940, 2.42513
201906181950, 2.13759
201906182000, 1.95237
201906182010, 1.61719
201906182020, 1.02875
201906182030, 1.02539
201906182040, 0.891276
201906182050, 1.17101
201906182100, 1.15994
201906182110, 0.76378
201906182120, 0.452365
201906182130, 0.226888
201906182140, 0.47168
201906182150, 1.53754
201906182200, 1.41558
201906182210, 1.25391
201906182220, 1.25043
201906182230, 1.36882
201906182240, 1.68056
201906182250, 1.19379
201906182300, 1.03451
201906182310, 0.920573
201906182320, 0.849826
201906182330, 0.72526
201906182340, 1.09516
201906182350, 0.941732
201906190000, 1.20117
201906190010, 1.19065
201906190020, 1.11437
201906190030, 0.905273
201906190040, 0.588976
201906190050, 0.504666
201906190100, 0.379232
201906190110, 0.226671
201906190120, 0.00379774
201906190130, 0.17513
201906190140, 0.155273
201906190150, 0.124349
201906190200, 0.00217014
201906190210, 0.0302734
201906190220, 0.0146484
201906190230, 0.245443
201906190240, 0.446723
201906190250, 0.370443
201906190300, 0.484918
201906190320, 0.268338
201906190340, 0.0788845
201906190350, 0.0949436
201906190400, 0.107096
201906190410, 0.222439
201906190430, 0.00998264
201906190440, 0.0217014
201906190450, 0.0559896
201906190500, 0.00336372
201906190510, 0.000217014
201906190520, 0.000651042
201906190530, 0.000108507
201906190540, 0.000325521
201906190550, 0.000108507
201906190600, 0
201906190610, 0.00119358
201906190620, 0.000108507
201906190630, 0.00238715
201906190640, 0.000868056
201906190650, 0.00184462
201906190700, 0.00694444
201906190710, 0.00575087
201906190720, 0.00792101
201906190730, 0.0188802
201906190750, 0.0112847
201906190800, 0.00347222
201906190810, 0.129991
201906190820, 0.0405816
201906190840, 0.0208333
201906190850, 0.0337457
201906190900, 0.000108507
201906190930, 0
201906190950, 0.00423177
201906191000, 0.00303819
201906191010, 0.00206163
201906191020, 0.00173611
201906191040, 0.000434028
201906191050, 0.000108507
201906191110, 0.000108507
201906191120, 0
201906191130, 0
201906191140, 0.00792101
201906191150, 0.000217014
201906191200, 0.0164931
201906191210, 0.014974
201906191220, 0.0100911
201906191230, 0.0124783
201906191240, 0.00661892
201906191250, 0.0691189
201906191300, 0.29362
201906191310, 0.906793
201906191320, 1.10742
201906191330, 1.6594
201906191340, 1.81814
201906191350, 2.13086
201906191400, 2.315
201906191410, 2.4503
201906191420, 2.5625
201906191430, 2.64334
201906191440, 2.713
201906191450, 2.85938
201906191500, 2.89583
201906191510, 2.82476
201906191520, 2.68859
201906191530, 2.64312
201906191540, 2.7474
201906191550, 2.81554
201906191600, 2.57454
201906191610, 2.6467
201906191620, 2.49859
201906191630, 2.33876
201906191640, 1.85623
201906191650, 1.76541
201906191700, 1.74067
201906191710, 1.68934
201906191720, 1.05469
201906191730, 1.86046
201906191740, 1.45085
201906191750, 0.861328
201906191800, 1.19076
201906191810, 1.29004
201906191830, 1.84918
201906191840, 2.22613
201906191850, 2.28309
201906191900, 1.60796
201906191910, 1.52257
201906191920, 1.39605
201906191930, 2.23199
201906191940, 2.00781
201906191950, 2.05469
201906192000, 1.21474
201906192010, 1.83301
201906192020, 1.69434
201906192030, 0.417426
201906192040, 0.843207
201906192050, 0.695747
201906192100, 0.850803
201906192110, 0.867079
201906192120, 0.694661
201906192130, 0.0101997
201906192140, 0.132161
201906192150, 0.228516
201906192200, 0.321723
201906192210, 0.422309
201906192220, 0.502387
201906192230, 0.473958
201906192240, 0.517036
201906192250, 0.000434028
201906192300, 0.000325521
201906192310, 0.00119358
201906192320, 0.00260417
201906192330, 0.00922309
201906192340, 0.0632595
201906192350, 0.212999
201906200000, 0.0406901
201906200010, 0.20497
201906200020, 0.775716
201906200030, 0.318793
201906200040, 0.125109
201906200050, 0.100152
201906200100, 0.384115
201906200110, 0.0485026
201906200120, 0.172092
201906200130, 0.0224609
201906200140, 0.299045
201906200150, 0.697049
201906200200, 0.0896267
201906200210, 0.632704
201906200220, 0.888455
201906200230, 0.443034
201906200240, 0.181207
201906200250, 0.0159505
201906200300, 0.304145
201906200310, 0.133681
201906200320, 0.419162
201906200330, 0.0457899
201906200340, 0.0169271
201906200350, 0.0457899
201906200400, 0.40918
201906200410, 0.52181
201906200420, 0.336154
201906200430, 0.160265
201906200450, 0.340169
201906200500, 0.0603299
201906200510, 0.153429
201906200520, 0.120226
201906200530, 0.111979
201906200540, 0.145399
201906200550, 0.432834
201906200600, 0.230794
201906200610, 0.0606554
201906200620, 0.281576
201906200630, 0.180556
201906200640, 0.142578
201906200650, 0.291341
201906200700, 0.190972
201906200710, 0.171332
201906200720, 0.117079
201906200730, 0.0449219
201906200740, 0.185547
201906200750, 0.370985
201906200800, 0.248372
201906200810, 0.436089
201906200820, 0.219727
201906200830, 0.160048
201906200840, 0.426975
201906200850, 0.249457
201906200900, 0.1977
201906200910, 0.0577257
201906200930, 0
201906200940, 0
201906200950, 0
201906201000, 0.00520833
201906201010, 0.0232205
201906201030, 0.0106337
201906201040, 0.000325521
201906201050, 0.00141059
201906201100, 0.00173611
201906201110, 0
201906201120, 0.000759549
201906201130, 0.00195312
201906201140, 0.00564236
201906201150, 0.00640191
201906201200, 0.0111762
201906201210, 0.00184462
201906201220, 0.00868056
201906201230, 0.0161675
201906201240, 0.0121528
201906201250, 0.00651042
201906201300, 0.0189887
201906201310, 0.00748698
201906201320, 0.00954861
201906201330, 0.0100911
201906201340, 0.00965712
201906201350, 0.0122613
201906201400, 0.0132378
201906201410, 0.0062934
201906201420, 0.00998264
201906201430, 0.0214844
201906201440, 0.0155165
201906201450, 0.0403646
201906201500, 0.357856
201906201510, 0.392144
201906201520, 0.287869
201906201530, 0.266276
201906201540, 0.448459
201906201550, 0.415907
201906201600, 0.200738
201906201610, 0.329644
201906201620, 0.00119358
201906201630, 0.0366753
201906201640, 0.00694444
201906201650, 0.383138
201906201700, 0.204319
201906201710, 0.382921
201906201720, 0.348199
201906201730, 0.00271267
201906201740, 0.229058
201906201750, 0.132921
201906201800, 0.203885
201906201810, 0.154839
201906201820, 0.64247
201906201830, 0.683268
201906201840, 0.538737
201906201850, 0.55816
201906201900, 0.568576
201906201910, 0.615017
201906201920, 0.272786
201906201930, 1.32183
201906201940, 1.42274
201906201950, 1.23112
201906202000, 0.775499
201906202010, 0.723633
201906202020, 0.318034
201906202030, 0.811089
201906202040, 0.458442
201906202050, 1.07856
201906202100, 1.86252
201906202110, 2.32585
201906202120, 1.77832
201906202130, 1.02669
201906202140, 1.10384
201906202150, 1.66753
201906202200, 1.64779
201906202210, 1.84983
201906202220, 1.76367
201906202230, 2.04427
201906202240, 1.53526
201906202250, 1.38043
201906202300, 1.59798
201906202310, 0.608073
201906202320, 0.110352
201906202330, 0.0753038
201906202340, 0
201906202350, 0.0157335
201906210000, 0.0992839
201906210010, 0.0953776
201906210020, 0.436632
201906210030, 0.376085
201906210040, 0.000108507
201906210050, 0
201906210100, 0
201906210110, 0.32704
201906210120, 0.991862
201906210130, 0.293945
201906210140, 0.402669
201906210150, 0.46148
201906210200, 0.814019
201906210210, 1.2194
201906210220, 1.01335
201906210230, 0.505642
201906210240, 0.281684
201906210250, 1.20182
201906210300, 1.51487
201906210310, 3.22678
201906210320, 4.6403
201906210330, 3.91461
201906210340, 3.05425
201906210350, 5.8865
201906210400, 2.82161
201906210410, 1.33442
201906210420, 3.11545
201906210430, 3.58062
201906210440, 3.59527
201906210450, 4.80219
201906210500, 5.62326
201906210510, 6.49685
201906210520, 6.45193
201906210530, 6.69976
201906210540, 6.17947
201906210550, 6.37326
201906210600, 7.2845
201906210610, 6.4095
201906210620, 7.13683
201906210630, 7.19911
201906210640, 6.46398
201906210650, 6.69542
201906210700, 6.20009
201906210710, 3.98882
201906210720, 3.91406
201906210730, 3.59277
201906210740, 2.81554
201906210750, 1.53103
201906210810, 1.31651
201906210820, 0.814345
201906210830, 1.70822
201906210840, 1.16146
201906210850, 2.2296
201906210900, 1.67784
201906210910, 2.15137
201906210920, 2.12923
201906210930, 1.2526
201906210940, 1.61773
201906210950, 1.45584
201906211000, 1.45226
201906211010, 1.5829
201906211020, 1.06912
201906211030, 0.745334
201906211040, 1.83062
201906211050, 1.92188
201906211100, 1.26747
201906211110, 0.649414
201906211120, 0.176432
201906211130, 1.13878
201906211140, 1.22515
201906211150, 1.20671
201906211200, 1.03895
201906211210, 0.455295
201906211220, 0.19477
201906211230, 0.14464
201906211240, 0.209527
201906211250, 0.237522
201906211300, 0.0542535
201906211310, 0.107313
201906211320, 0.0680339
201906211330, 0.0724826
201906211340, 0.0256076
201906211350, 0.0368924
201906211400, 0.0167101
201906211410, 0.0184462
201906211420, 0.00965712
201906211430, 0.00303819
201906211440, 0
201906211450, 0.000651042
201906211500, 0.0131293
201906211510, 0.0203993
201906211520, 0.395616
201906211530, 0.146159
201906211540, 0.0686849
201906211550, 0.0281033
201906211600, 0.0117188
201906211610, 0.0206163
201906211620, 0.0264757
201906211630, 0.00325521
201906211640, 0.00564236
201906211650, 0.0104167
201906211700, 0.0339627
201906211710, 0.039822
201906211720, 0.0198568
201906211730, 0.0325521
201906211740, 0.0212674
201906211750, 0.0106337
201906211800, 0.0108507
201906211810, 0.0758464
201906211820, 0.0834418
201906211830, 0.0957031
201906211840, 0.0202908
201906211850, 0.0436198
201906211900, 0.0584852
201906211910, 0.03125
201906211920, 0.0182292
201906211930, 0.03125
201906211940, 0.0399306
201906211950, 0.0303819
201906212000, 0.00217014
201906212010, 0.016276
201906212020, 0.00509983
201906212030, 0.124349
201906212040, 0.09375
201906212050, 0.0284288
201906212100, 0.0275608
201906212110, 0.015191
201906212120, 0.0150825
201906212130, 0.0169271
201906212140, 0.0439453
201906212150, 0.0119358
201906212200, 0.0061849
201906212210, 0.00792101
201906212220, 0.0110677
201906212230, 0.0112847
201906212240, 0.0046658
201906212250, 0.105469
201906212300, 0.000868056
201906212310, 0.070421
201906212320, 0.0959201
201906212330, 0.000542535
201906212340, 0.0455729
201906212350, 0.00141059
201906220000, 0.00401476
201906220020, 0.00835503
201906220030, 0.00922309
201906220040, 0.000108507
201906220050, 0.0016276
201906220100, 0.000108507
201906220110, 0.000108507
201906220120, 0.00184462
201906220130, 0.0183377
201906220140, 0.00141059
201906220150, 0.00792101
201906220200, 0.0184462
201906220210, 0.00303819
201906220220, 0.0136719
201906220230, 0.0046658
201906220240, 0.000759549
201906220250, 0.00217014
201906220300, 0.0031467
201906220310, 0.000325521
201906220320, 0.00651042
201906220340, 0.000868056
201906220350, 0.000868056
201906220400, 0.00509983
201906220420, 0
201906220430, 0
201906220440, 0
201906220450, 0.000759549
201906220500, 0
201906220510, 0
201906220530, 0.000868056
201906220540, 0
201906220550, 0
201906220610, 0.000108507
201906220630, 0.000108507
201906220640, 0.0902778
201906220650, 0.0500217
201906220710, 0
201906220720, 0.000542535
201906220730, 0.0186632
201906220740, 0.0766059
201906220750, 0.00227865
201906220800, 0
201906220810, 0.000108507
201906220820, 0
201906220840, 0.00434028
201906220850, 0.000868056
201906220900, 0
201906220920, 0
201906220930, 0.000759549
201906220940, 0.000868056
201906220950, 0.00455729
201906221000, 0
201906221010, 0.000651042
201906221020, 0.0262587
201906221030, 0.00846354
201906221040, 0.0190972
201906221050, 0.271484
201906221100, 0.225043
201906221110, 0.299588
201906221120, 0.46072
201906221130, 0.158963
201906221140, 0.445312
201906221150, 0.414388
201906221200, 0.647678
201906221210, 0.203234
201906221220, 0.0782335
201906221230, 0
201906221240, 0.0839844
201906221250, 0.112088
201906221300, 0.104818
201906221310, 0.182617
201906221320, 0.237413
201906221330, 0.848958
201906221340, 0.113607
201906221350, 0.930013
201906221400, 0.28201
201906221410, 0.208767
201906221420, 0.188911
201906221430, 0.197374
201906221440, 0.307292
201906221450, 0.265625
201906221500, 0.159939
201906221510, 0.0922309
201906221520, 0.245877
201906221530, 0.195638
201906221540, 0.145508
201906221550, 0.08648
201906221600, 0.0976562
201906221610, 0.120334
201906221620, 0.0447049
201906221630, 0.062283
201906221640, 0.000217014
201906221650, 0
201906221700, 0.0186632
201906221710, 0.00585938
201906221720, 0.0968967
201906221730, 0.00477431
201906221740, 0.0219184
201906221750, 0.00542535
201906221800, 0.00976562
201906221810, 0.0821398
201906221820, 0.0134549
201906221830, 0.167318
201906221840, 0.0166016
201906221850, 0.0180122
201906221900, 0.10536
201906221910, 0.0516493
201906221920, 0.047309
201906221930, 0.0247396
201906221940, 0.10026
201906221950, 0.0015191
201906222000, 0.412977
201906222010, 0.184787
201906222020, 0.0465495
201906222030, 0.0897352
201906222040, 0.047309
201906222050, 0.0379774
201906222100, 0.070855
201906222110, 0.0810547
201906222120, 0.0569661
201906222130, 0.0301649
201906222140, 0.107422
201906222150, 0.0449219
201906222200, 0
201906222210, 0.0555556
201906222220, 0.00672743
201906222230, 0.179253
201906222240, 0.0980903
201906222250, 0.0555556
201906222300, 0.167101
201906222310, 0.110677
201906222320, 0.247179
201906222330, 0.292752
201906222340, 0.250109
201906222350, 0.268121
201906230000, 0.187391
201906230010, 0.0662977
201906230020, 0.00509983
201906230030, 0.122613
201906230040, 0.0899523
201906230050, 0.000325521
201906230100, 0.000868056
201906230110, 0.000325521
201906230120, 0.000108507
201906230130, 0.0118273
201906230140, 0.0137804
201906230150, 0.00878906
201906230200, 0.000217014
201906230210, 0.00390625
201906230220, 0.00184462
201906230230, 0.00119358
201906230240, 0.00130208
201906230250, 0.00444878
201906230300, 0.00835503
201906230310, 0.0016276
201906230320, 0.00336372
201906230330, 0.00683594
201906230340, 0.000434028
201906230350, 0
201906230400, 0
201906230410, 0.000325521
201906230420, 0
201906230430, 0.000217014
201906230440, 0.000108507
201906230450, 0.00195312
201906230500, 0.00238715
201906230510, 0.00119358
201906230520, 0
201906230530, 0.000651042
201906230540, 0.364041
201906230550, 0.0430773
201906230600, 0.0821398
201906230610, 0.00195312
201906230620, 0.00325521
201906230630, 0.000434028
201906230640, 0.000108507
201906230650, 0
201906230700, 0.000108507
201906230710, 0.0177951
201906230720, 0
201906230730, 0
201906230740, 0
201906230750, 0.000108507
201906230800, 0
201906230810, 0.000217014
201906230820, 0
201906230830, 0.0061849
201906230840, 0.00585938
201906230850, 0.00585938
201906230900, 0.000217014
201906230910, 0.0139974
201906230920, 0.0256076
201906230930, 0.0348307
201906230940, 0.00434028
201906230950, 0.0078125
201906231000, 0.0132378
201906231010, 0.00303819
201906231020, 0
201906231030, 0.0400391
201906231040, 0.0125868
201906231050, 0.0182292
201906231100, 0
201906231110, 0.00260417
201906231120, 0.000217014
201906231130, 0.00857205
201906231140, 0.00564236
201906231150, 0.00217014
201906231200, 0
201906231210, 0.00857205
201906231220, 0.00596788
201906231230, 0.00998264
201906231240, 0.00358073
201906231250, 0.00716146
201906231300, 0.0046658
201906231310, 0
201906231320, 0
201906231330, 0
201906231340, 0.00499132
201906231350, 0.000542535
201906231400, 0.0119358
201906231410, 0.000217014
201906231420, 0.00423177
201906231430, 0.00726997
201906231440, 0.0016276
201906231450, 0.000108507
201906231500, 0.000976562
201906231510, 0.0120443
201906231520, 0.00694444
201906231530, 0.00260417
201906231540, 0.0222439
201906231550, 0.0261502
201906231600, 0.015842
201906231610, 0.0015191
201906231620, 0.000976562
201906231630, 0.00130208
201906231640, 0.0148655
201906231650, 0.00575087
201906231700, 0.0138889
201906231710, 0.0334201
201906231720, 0.0282118
201906231730, 0.0352648
201906231740, 0.00488281
201906231750, 0.0397135
201906231800, 0.0438368
201906231810, 0.00998264
201906231820, 0.0329861
201906231830, 0.0161675
201906231840, 0.111111
201906231850, 0.0124783
201906231900, 0.0504557
201906231910, 0.0998264
201906231920, 0.209527
201906231930, 0.0405816
201906231940, 0.0148655
201906231950, 0.0810547
201906232000, 0.333442
201906232010, 0.0349392
201906232020, 0.0321181
201906232030, 0.086046
201906232040, 0.0447049
201906232050, 0.0600043
201906232100, 0.0863715
201906232110, 0.0915799
201906232120, 0.0480686
201906232130, 0.0469835
201906232140, 0.140408
201906232150, 0.00976562
201906232200, 0.14464
201906232210, 0.00835503
201906232220, 0.00640191
201906232230, 0.0623915
201906232240, 0.303277
201906232250, 0.000759549
201906232300, 0
201906232310, 0.0720486
201906232320, 0.277235
201906232330, 0.18967
201906232340, 0.26161
201906232350, 0.00260417
201906240000, 0.000868056
201906240010, 0.0184462
201906240020, 0.00206163
201906240030, 0.00553385
201906240040, 0.00922309
201906240050, 0.000542535
201906240100, 0.0109592
201906240110, 0.228624
201906240120, 0.094184
201906240130, 0.000108507
201906240150, 0
201906240200, 0.17947
201906240210, 0.0878906
201906240220, 0.0078125
201906240230, 0.00271267
201906240240, 0
201906240250, 0.0124783
201906240300, 0.0196398
201906240310, 0.038954
201906240320, 0.229818
201906240330, 0.130642
201906240340, 0.183919
201906240350, 0.0249566
201906240400, 0.0311415
201906240410, 0.0129123
201906240420, 0.000217014
201906240430, 0
201906240440, 0.00325521
201906240450, 0.00292969
201906240500, 0.0119358
201906240510, 0.0203993
201906240520, 0.0435113
201906240530, 0.00173611
201906240540, 0.00260417
201906240550, 0.0275608
201906240600, 0.0424262
201906240610, 0.00141059
201906240620, 0.000108507
201906240630, 0.0356988
201906240640, 0
201906240650, 0.00488281
201906240700, 0.00596788
201906240710, 0
201906240720, 0
201906240730, 0.00390625
201906240740, 0.000542535
201906240750, 0.0266927
201906240800, 1.93294
201906240810, 0.0175781
201906240820, 0.124457
201906240830, 0.84082
201906240840, 1.37294
201906240900, 0.00195312
201906240910, 0.0123698
201906240920, 0.00238715
201906240930, 0.00184462
201906240940, 0.128689
201906241000, 0.00499132
201906241010, 0.00336372
201906241020, 0.000108507
201906241030, 0.000868056
201906241040, 0.00119358
201906241050, 0.00260417
201906241100, 0.00108507
201906241110, 0.000108507
201906241120, 0.00119358
201906241130, 0
201906241140, 0.00292969
201906241150, 0.000434028
201906241200, 0.00119358
201906241210, 0.055013
201906241220, 0.0108507
201906241230, 0.00434028
201906241240, 0.0839844
201906241250, 0.00976562
201906241300, 0.0501302
201906241310, 0.0275608
201906241320, 0.00965712
201906241340, 0.113932
201906241350, 0.0670573
201906241400, 0.0104167
201906241410, 0.0474175
201906241420, 0.0139974
201906241430, 0.0951606
201906241440, 0.046224
201906241450, 0.154188
201906241500, 0.109266
201906241510, 0.0613064
201906241520, 0.0609809
201906241530, 0.0658637
201906241540, 0.015625
201906241550, 0.140299
201906241600, 0.0298394
201906241610, 0.00564236
201906241620, 0.0869141
201906241630, 0.069553
201906241640, 0.0257161
201906241650, 0.0801866
201906241700, 0.0882161
201906241710, 0.0199653
201906241720, 0.0993924
201906241730, 0.0439453
201906241740, 0.100586
201906241750, 0.200195
201906241800, 0.128581
201906241810, 0.109049
201906241820, 0.0362413
201906241830, 0.0208333
201906241840, 0.0455729
201906241850, 0.0209418
201906241900, 0.0728082
201906241910, 0.0134549
201906241920, 0.000217014
201906241930, 0.0104167
201906241940, 0.0169271
201906241950, 0.0109592
201906242000, 0.00358073
201906242010, 0.00520833
201906242020, 0.00813802
201906242030, 0.0173611
201906242040, 0.00976562
201906242050, 0.00640191
201906242100, 0.00477431
201906242110, 0.00846354
201906242120, 0.00444878
201906242130, 0.0214844
201906242140, 0.00412326
201906242150, 0.00520833
201906242200, 0.00282118
201906242210, 0.0419922
201906242220, 0.0353733
201906242230, 0.0148655
201906242240, 0.0376519
201906242250, 0.0122613
201906242300, 0.015408
201906242310, 0.103624
201906242320, 0.0289714
201906242330, 0.0323351
201906242340, 0.0328776
201906242350, 0.0422092
201906250000, 0.0078125
201906250010, 0.0135634
201906250020, 0.00227865
201906250030, 0.0031467
201906250040, 0.00238715
201906250050, 0.000325521
201906250100, 0.000108507
201906250110, 0.000108507
201906250120, 0
201906250130, 0.00282118
201906250140, 0
201906250150, 0.000868056
201906250200, 0.0101997
201906250210, 0.0117188
201906250220, 0.00108507
201906250230, 0.0196398
201906250240, 0.00412326
201906250250, 0.000325521
201906250300, 0.00868056
201906250310, 0.0104167
201906250320, 0.00206163
201906250330, 0.00412326
201906250340, 0
201906250350, 0.0262587
201906250400, 0.00368924
201906250410, 0.0367839
201906250430, 0.0031467
201906250500, 0
201906250510, 0.00249566
201906250520, 0.00976562
201906250530, 0.00347222
201906250540, 0.00347222
201906250550, 0.00303819
201906250600, 0.000325521
201906250610, 0
201906250620, 0.00390625
201906250630, 0.000651042
201906250650, 0.000325521
201906250700, 0.00347222
201906250710, 0.00336372
201906250720, 0.00368924
201906250730, 0
201906250740, 0
201906250750, 0.0590278
201906250800, 0.0399306
201906250810, 0.000434028
201906250820, 0
201906250830, 0.00238715
201906250840, 0.00488281
201906250900, 0.000868056
201906250910, 0.00802951
201906250920, 0.00596788
201906250930, 0.0224609
201906250940, 0.00434028
201906250950, 0.0250651
201906251000, 0.000434028
201906251010, 0.0683594
201906251020, 0.0340712
201906251030, 0.0174696
201906251040, 0.0410156
201906251050, 0.00249566
201906251100, 0.00694444
201906251110, 0.014974
201906251120, 0.00802951
201906251130, 0.0116102
201906251140, 0.0157335
201906251150, 0.023763
201906251200, 0.0340712
201906251210, 0.0254991
201906251220, 0.023763
201906251230, 0.0227865
201906251240, 0.0141059
201906251250, 0.0261502
201906251300, 0.150716
201906251310, 0.0265842
201906251320, 0.0290799
201906251330, 0.0950521
201906251340, 0.126519
201906251350, 0.292752
201906251400, 0.815104
201906251410, 0.931098
201906251420, 1.05393
201906251430, 1.25141
201906251440, 1.61773
201906251450, 1.54102
201906251500, 1.46115
201906251510, 2.16178
201906251520, 2.43815
201906251530, 2.26335
201906251540, 2.42687
201906251550, 3.22059
201906251600, 2.71354
201906251610, 2.38661
201906251620, 2.86892
201906251630, 2.96506
201906251640, 3.25998
201906251650, 3.26096
201906251700, 3.40809
201906251710, 3.09429
201906251720, 2.72114
201906251730, 2.60352
201906251740, 2.83485
201906251750, 2.53136
201906251800, 2.21908
201906251810, 2.55534
201906251820, 2.66786
201906251830, 2.21343
201906251840, 2.82433
201906251850, 2.91298
201906251900, 2.36155
201906251910, 2.74175
201906251920, 2.2717
201906251930, 2.51291
201906251940, 2.18934
201906251950, 2.66287
201906252000, 2.59538
201906252010, 2.44499
201906252020, 2.1071
201906252030, 2.07237
201906252040, 1.8367
201906252050, 2.11415
201906252100, 1.81163
201906252110, 1.79514
201906252120, 1.75336
201906252130, 2.0204
201906252140, 1.97949
201906252150, 1.71094
201906252200, 1.48687
201906252210, 1.81315
201906252220, 1.90451
201906252230, 1.54753
201906252240, 1.15473
201906252250, 1.47504
201906252300, 1.09147
201906252310, 1.13661
201906252320, 0.393121
201906252330, 0.664497
201906252340, 0.664497
201906252350, 0.716471
201906260000, 0.945747
201906260010, 0.836155
201906260020, 0.731988
201906260030, 0.66862
201906260040, 0.755534
201906260050, 0.832357
201906260100, 0.544813
201906260110, 0.45421
201906260120, 0.00878906
201906260130, 0.015408
201906260140, 0.0341797
201906260150, 0.257053
201906260200, 0.102431
201906260210, 0.0630425
201906260220, 0.350477
201906260230, 0.301541
201906260240, 0.343207
201906260250, 0.559136
201906260300, 0.38737
201906260310, 0.600694
201906260320, 0.997179
201906260330, 0.472765
201906260340, 0.577582
201906260350, 0.277778
201906260400, 0.181749
201906260410, 0.363715
201906260420, 0.142036
201906260430, 0.792209
201906260440, 0.641493
201906260450, 0.944987
201906260500, 1.42632
201906260510, 1.40679
201906260520, 1.68869
201906260530, 2.05577
201906260540, 1.99685
201906260550, 2.91482
201906260600, 3.34386
201906260610, 2.9541
201906260620, 3.30762
201906260630, 3.38075
201906260640, 2.87717
201906260650, 3.27734
201906260700, 3.18359
201906260710, 3.10699
201906260720, 4.26942
201906260730, 4.18479
201906260740, 4.0854
201906260750, 5.597
201906260800, 5.85807
201906260810, 5.81944
201906260820, 6.36632
201906260830, 6.09169
201906260840, 6.75358
201906260850, 6.08746
201906260900, 5.28255
201906260910, 5.12391
201906260920, 5.07986
201906260930, 4.29774
201906260940, 3.52355
201906260950, 3.80805
201906261000, 2.97537
201906261010, 4.41037
201906261020, 4.97374
201906261030, 4.78299
201906261040, 5.44076
201906261050, 4.77083
201906261100, 5.55208
201906261110, 3.57899
201906261120, 4.28147
201906261130, 4.7972
201906261140, 4.25239
201906261150, 4.31369
201906261200, 3.92188
201906261210, 5.12174
201906261220, 4.85048
201906261230, 4.2385
201906261240, 4.98915
201906261250, 4.21799
201906261300, 5.22635
201906261310, 4.96734
201906261320, 3.99664
201906261330, 5.56293
201906261340, 5.36274
201906261350, 4.75977
201906261400, 4.03147
201906261410, 4.33279
201906261420, 4.43131
201906261430, 4.92177
201906261440, 5.08832
201906261450, 4.10829
201906261500, 3.52821
201906261510, 2.36198
201906261520, 2.39605
201906261530, 3.43902
201906261540, 2.13889
201906261550, 2.22266
201906261600, 1.98969
201906261610, 1.2245
201906261620, 1.611
201906261630, 1.2793
201906261640, 1.41547
201906261650, 0.888672
201906261700, 0.880208
201906261710, 0.757161
201906261720, 0.761176
201906261730, 1.0497
201906261740, 0.718967
201906261750, 0.397244
201906261800, 0.910916
201906261810, 1.16504
201906261820, 0.821832
201906261830, 0.750326
201906261840, 0.716471
201906261850, 0.962782
201906261900, 1.59234
201906261910, 1.26595
201906261920, 1.24653
201906261930, 1.05794
201906261940, 1.00347
201906261950, 0.639757
201906262000, 0.674479
201906262010, 0.560438
201906262020, 0.38737
201906262030, 0.165799
201906262040, 0.203776
201906262050, 0.217339
201906262100, 0.299805
201906262110, 0.138129
201906262120, 0.185221
201906262130, 0.289062
201906262140, 0.28852
201906262150, 0.140299
201906262200, 0.105903
201906262210, 0.0920139
201906262220, 0.086263
201906262230, 0.0169271
201906262240, 0.015191
201906262250, 0.364366
201906262300, 0.299696
201906262310, 0.190321
201906262320, 0.248481
201906262330, 0.325521
201906262340, 0.650825
201906262350, 0.621419
201906270000, 0.835069
201906270010, 0.73036
201906270020, 0.729926
201906270030, 0.469944
201906270040, 0.491536
201906270050, 0.473741
201906270100, 0.412326
201906270110, 0.430556
201906270120, 0.404948
201906270130, 0.323568
201906270140, 0.376194
201906270150, 0.39171
201906270200, 0.293294
201906270210, 0.423177
201906270220, 0.448893
201906270230, 0.417643
201906270240, 0.447266
201906270250, 1.23872
201906270300, 1.0319
201906270310, 0.653971
201906270320, 0.267144
201906270330, 0.26237
201906270340, 0.361545
201906270350, 0.30957
201906270400, 0.533095
201906270410, 0.466146
201906270420, 0.312066
201906270430, 0.425456
201906270440, 0.572374
201906270450, 0.569553
201906270500, 0.808377
201906270510, 0.540473
201906270520, 0.784505
201906270530, 0.775608
201906270540, 0.678711
201906270550, 0.604167
201906270600, 0.406576
201906270610, 0.506293
201906270620, 0.707899
201906270630, 0.642904
201906270640, 0.641385
201906270650, 0.74924
201906270700, 0.309462
201906270710, 0.155382
201906270720, 0.143012
201906270730, 0.0737847
201906270740, 0.104601
201906270750, 0.213108
201906270800, 0.198459
201906270810, 0.216471
201906270820, 0.24056
201906270830, 0.150282
201906270840, 0.0215929
201906270850, 0.0167101
201906270900, 0.000108507
201906270910, 0
201906270920, 0.247396
201906270930, 0.306532
201906270940, 0.198893
201906270950, 0.0302734
201906271000, 0.264431
201906271010, 0.358073
201906271020, 0.394314
201906271030, 0.595486
201906271040, 0.384874
201906271050, 0.236762
201906271100, 0.157552
201906271110, 0.0894097
201906271120, 0.0755208
201906271130, 0.0161675
201906271140, 0.0150825
201906271150, 0.000108507
201906271200, 0.0197483
201906271210, 0.137587
201906271220, 0.156793
201906271230, 0.183377
201906271240, 0.671767
201906271250, 0.390191
201906271300, 0
201906271310, 0.23036
201906271320, 0.137587
201906271330, 0.00217014
201906271340, 0.0184462
201906271350, 0.257812
201906271400, 0.126736
201906271410, 0.29579
201906271420, 0.414822
201906271430, 0.320638
201906271440, 0.0749783
201906271450, 0.138889
201906271500, 0.114909
201906271510, 0.0278863
201906271520, 0.176649
201906271530, 0.23839
201906271540, 0.150825
201906271550, 0.0667318
201906271600, 0.0952691
201906271610, 0.134874
201906271630, 0.138563
201906271640, 0.055447
201906271650, 0.0730252
201906271700, 0.0588108
201906271710, 0.319987
201906271720, 0
201906271730, 0.182183
201906271740, 0.125
201906271750, 0.180556
201906271800, 0.244032
201906271810, 0.477756
201906271820, 0.462674
201906271830, 0.489583
201906271840, 0.311306
201906271850, 0.429579
201906271900, 0.373264
201906271910, 0.212131
201906271920, 0.23546
201906271930, 0.156141
201906271940, 0.0619575
201906271950, 0.34809
201906272000, 0.26454
201906272010, 0.380751
201906272020, 0.24924
201906272030, 0.100586
201906272040, 0.0101997
201906272050, 0.0432943
201906272100, 0.0356988
201906272110, 0.142036
201906272120, 0.0689019
201906272130, 0.232422
201906272140, 0.247938
201906272150, 0.0719401
201906272200, 0
201906272210, 0
201906272220, 0.0421007
201906272230, 0.0563151
201906272240, 0.000434028
201906272250, 0.000651042
201906272300, 0.0210503
201906272310, 0.00531684
201906272320, 0.00792101
201906272330, 0.0320095
201906272340, 0.0669488
201906272350, 0.104167
201906280000, 0.178494
201906280010, 0.0356988
201906280020, 0.0252821
201906280030, 0.0718316
201906280040, 0.156684
201906280050, 0.121528
201906280100, 0.0881076
201906280110, 0.0984158
201906280120, 0.33941
201906280130, 0.276584
201906280140, 0.27832
201906280150, 0.0456814
201906280200, 0.0322266
201906280210, 0.16352
201906280220, 0.179145
201906280230, 0.195747
201906280240, 0.62424
201906280250, 0.801107
201906280300, 0.520399
201906280310, 0.0135634
201906280320, 0.549913
201906280330, 0.267578
201906280340, 0.0527344
201906280350, 0.254883
201906280400, 0.0199653
201906280410, 0.063151
201906280420, 0.170681
201906280430, 0.158963
201906280440, 0.159614
201906280450, 0.0833333
201906280500, 0.0249566
201906280510, 0.0492622
201906280520, 0.358724
201906280530, 0.341471
201906280540, 0.221246
201906280550, 0.374132
201906280600, 0.125434
201906280610, 0.16135
201906280620, 0.0313585
201906280630, 0.0735677
201906280640, 0.0142144
201906280650, 0.107422
201906280700, 0.0427517
201906280710, 0
201906280720, 0.546875
201906280730, 0.256185
201906280740, 0.369249
201906280750, 0.211372
201906280800, 0.242947
201906280810, 0.00173611
201906280820, 0.0767144
201906280830, 0.0526259
201906280840, 0.0571832
201906280850, 0.0430773
201906280900, 0.0613064
201906280910, 0.0278863
201906280920, 0.0347222
201906280930, 0.0327691
201906280940, 0.0514323
201906280950, 0.0919054
201906281000, 0.130534
201906281010, 0.0980903
201906281020, 0.054145
201906281030, 0.0899523
201906281040, 0.0362413
201906281050, 0.15918
201906281100, 0.130534
201906281110, 0.337348
201906281120, 0.356011
201906281130, 0.331597
201906281140, 0.269423
201906281150, 0.200629
201906281200, 0.0655382
201906281210, 0.0243056
201906281220, 0.132378
201906281230, 0.086263
201906281240, 0.0248481
201906281250, 0.0110677
201906281300, 0.0137804
201906281310, 0.0109592
201906281320, 0.0520833
201906281330, 0.0439453
201906281340, 0.154514
201906281350, 0.0244141
201906281400, 0.031033
201906281410, 0.0290799
201906281420, 0.0148655
201906281430, 0.0155165
201906281440, 0.0333116
201906281450, 0.0902778
201906281500, 0.022895
201906281510, 0.0341797
201906281520, 0.0512153
201906281530, 0.0793186
201906281540, 0.309896
201906281550, 0.187826
201906281600, 0.282444
201906281610, 0.483941
201906281620, 0.161675
201906281630, 0.548937
201906281640, 0.93023
201906281650, 0.810655
201906281700, 0.515951
201906281710, 1.17459
201906281720, 1.00629
201906281730, 1.19282
201906281740, 1.59592
201906281750, 1.60352
201906281800, 2.0753
201906281810, 1.69032
201906281820, 1.32433
201906281830, 1.50825
201906281840, 1.1569
201906281850, 1.29221
201906281900, 1.23492
201906281910, 1.27778
201906281920, 1.03841
201906281930, 1.09505
201906281940, 0.626845
201906281950, 0.916124
201906282000, 0.965169
201906282010, 0.844076
201906282020, 0.629015
201906282030, 0.618924
201906282040, 0.46658
201906282050, 0.247613
201906282100, 0.169054
201906282110, 0.031467
201906282120, 0.0524089
201906282130, 0.283529
201906282140, 0.0852865
201906282150, 0.123047
201906282200, 0.123915
201906282210, 0.423177
201906282220, 0.175564
201906282230, 0.105252
201906282240, 0.159071
201906282250, 0.00401476
201906282300, 0.273112
201906282310, 0.015842
201906282320, 0.106445
201906282330, 0.0321181
201906282340, 0.0290799
201906282350, 0.0198568
201906290000, 0.0617405
201906290010, 0.137478
201906290020, 0.0155165
201906290030, 0.0173611
201906290040, 0.0203993
201906290050, 0.0133464
201906290100, 0.0182292
201906290110, 0.00987413
201906290120, 0.0135634
201906290130, 0.162543
201906290140, 0.0782335
201906290150, 0.0336372
201906290200, 0.0236545
201906290210, 0.0206163
201906290220, 0.0282118
201906290230, 0.0572917
201906290240, 0.0186632
201906290250, 0.0203993
201906290300, 0.0188802
201906290310, 0.0173611
201906290320, 0.0705295
201906290330, 0.0519748
201906290340, 0.0707465
201906290350, 0.0463325
201906290400, 0.135851
201906290410, 0.214301
201906290420, 0.160807
201906290430, 0.335612
201906290440, 0.0533854
201906290450, 0.0486111
201906290500, 0.015842
201906290510, 0.0219184
201906290530, 0.0244141
201906290550, 0.0103082
201906290600, 0.0173611
201906290610, 0.0193142
201906290620, 0.0194227
201906290630, 0.0401476
201906290640, 0.0144314
201906290650, 0.0295139
201906290700, 0.0159505
201906290710, 0.0123698
201906290730, 0.00792101
201906290740, 0.0120443
201906290750, 0.0358073
201906290800, 0.0380859
201906290810, 0.00292969
201906290820, 0.00607639
201906290830, 0.022895
201906290840, 0.094401
201906290850, 0.0558811
201906290900, 0.0173611
201906290910, 0.00575087
201906290920, 0.00249566
201906290930, 0.0112847
201906290950, 0.0284288
201906291000, 0.053928
201906291010, 0.0793186
201906291020, 0.0718316
201906291030, 0.0770399
201906291040, 0.0981988
201906291050, 0.078559
201906291100, 0.15549
201906291110, 0.176541
201906291120, 0.168728
201906291130, 0.190647
201906291140, 0.118924
201906291150, 0.164062
201906291200, 0.106445
201906291210, 0.0399306
201906291220, 0.0138889
201906291230, 0.146376
201906291240, 0.128906
201906291250, 0.103516
201906291300, 0.0268012
201906291310, 0.0298394
201906291320, 0.0934245
201906291330, 0.108507
201906291340, 0.443576
201906291350, 0.393772
201906291400, 0.54796
201906291410, 0.799479
201906291420, 0.858832
201906291430, 0.750109
201906291440, 0.771267
201906291500, 0.962457
201906291510, 0.899197
201906291520, 0.893012
201906291530, 1.27713
201906291540, 1.88661
201906291550, 2.00022
201906291600, 1.91406
201906291610, 1.3725
201906291620, 1.48036
201906291630, 1.58464
201906291640, 2.12044
201906291650, 1.06944
201906291700, 0.573893
201906291710, 1.31738
201906291720, 1.07509
201906291730, 0.416124
201906291740, 0.432509
201906291750, 0.808811
201906291800, 1.00217
201906291810, 0.613932
201906291820, 1.21832
201906291830, 0.81977
201906291840, 0.709852
201906291850, 0.535482
201906291900, 0.487413
201906291910, 0.569444
201906291920, 0.662543
201906291930, 0.981771
201906291940, 0.917426
201906291950, 1.01302
201906292000, 0.596029
201906292010, 0.600803
201906292020, 0.824653
201906292030, 0.611979
201906292040, 0.556532
201906292050, 0.517795
201906292100, 0.516493
201906292110, 0.466905
201906292120, 0.6977
201906292130, 0.62424
201906292140, 0.551541
201906292150, 0.409505
201906292200, 0.648872
201906292210, 0.738932
201906292220, 0.73546
201906292230, 0.816515
201906292240, 0.663954
201906292250, 0.434136
201906292300, 0.715495
201906292310, 0.530056
201906292320, 0.704319
201906292330, 0.614041
201906292340, 0.436523
201906292350, 0.255642
201906300000, 0.273112
201906300010, 0.0922309
201906300020, 0.195095
201906300030, 0.114475
201906300040, 0.138021
201906300050, 0.186415
201906300100, 0.102648
201906300110, 0.147678
201906300120, 0.0493707
201906300130, 0.0143229
201906300140, 0.0163845
201906300150, 0.0273438
201906300200, 0.0143229
201906300210, 0.0194227
201906300220, 0.0376519
201906300230, 0.133464
201906300240, 0.0429688
201906300250, 0.00965712
201906300300, 0.00965712
201906300310, 0.0814887
201906300320, 0.0272352
201906300330, 0.0198568
201906300340, 0.0130208
201906300350, 0.0379774
201906300400, 0.0061849
201906300410, 0.00260417
201906300420, 0.0112847
201906300430, 0.0101997
201906300440, 0.00119358
201906300450, 0.054579
201906300500, 0.000976562
201906300510, 0.0373264
201906300520, 0.00900608
201906300530, 0.0131293
201906300540, 0.0115017
201906300550, 0.0507812
201906300600, 0.0311415
201906300610, 0.0230035
201906300620, 0.00271267
201906300630, 0.0141059
201906300640, 0.015842
201906300650, 0.00303819
201906300700, 0
201906300710, 0.0180122
201906300720, 0.0520833
201906300730, 0.039388
201906300740, 0.0439453
201906300750, 0.00141059
201906300800, 0.0840929
201906300810, 0.00455729
201906300820, 0.0141059
201906300830, 0.000868056
201906300840, 0.00325521
201906300850, 0.0199653
201906300910, 0.0161675
201907010000, 0.279839
201907010010, 0.237739
201907010020, 0.176215
201907010030, 0.126519
201907010040, 0.0772569
201907010050, 0.00802951
201907010100, 0.0661892
201907010110, 0.0200738
201907010120, 0.0173611
201907010130, 0.0101997
201907010140, 0.0264757
201907010150, 0.0364583
201907010200, 0.0436198
201907010210, 0.0511068
201907010220, 0.0336372
201907010230, 0.0263672
201907010240, 0.0146484
201907010250, 0.0103082
201907010300, 0.00412326
201907010310, 0.115994
201907010320, 0.234484
201907010330, 0.0240885
201907010340, 0.205404
201907010350, 0.0121528
201907010400, 0.00499132
201907010410, 0.024197
201907010420, 0.000108507
201907010430, 0.000108507
201907010440, 0.00368924
201907010450, 0.00119358
201907010500, 0.000217014
201907010510, 0.000651042
201907010540, 0
201907010550, 0.000542535
201907010600, 0.00282118
201907010610, 0.00119358
201907010620, 0.00553385
201907010630, 0.0016276
201907010640, 0.000217014
201907010650, 0.0016276
201907010700, 0
201907010710, 0
201907010720, 0
201907010730, 0
201907010740, 0.000976562
201907010750, 0
201907010800, 0.000108507
201907010810, 0
201907010820, 0.0016276
201907010830, 0.00141059
201907010850, 0.000434028
201907010900, 0.000542535
201907010910, 0.00401476
201907010920, 0.00260417
201907010930, 0.000325521
201907010950, 0.000434028
201907011000, 0.00195312
201907011010, 0.000108507
201907011020, 0.00119358
201907011030, 0.00108507
201907011040, 0
201907011050, 0
201907011100, 0.00358073
201907011110, 0
201907011120, 0.00292969
201907011130, 0.000217014
201907011140, 0.000434028
201907011150, 0.00249566
201907011200, 0.00238715
201907011210, 0.000325521
201907011220, 0.00292969
201907011230, 0.000108507
201907011240, 0
201907011250, 0.00358073
201907011300, 0.0161675
201907011310, 0.0177951
201907011320, 0.014974
201907011330, 0.00976562
201907011340, 0.0116102
201907011350, 0.00922309
201907011400, 0.0367839
201907011410, 0.00672743
201907011420, 0.0467665
201907011430, 0.0761719
201907011440, 0.0434028
201907011450, 0.200738
201907011500, 0.178277
201907011510, 0.488932
201907011520, 0.757161
201907011530, 1.27713
201907011540, 1.3648
201907011550, 1.65017
201907011600, 2.83974
201907011610, 2.4924
201907011620, 2.51139
201907011630, 2.26845
201907011640, 1.78906
201907011650, 1.01139
201907011700, 0.606879
201907011710, 1.02365
201907011720, 1.22266
201907011730, 1.64323
201907011740, 1.72092
201907011750, 2.21224
201907011800, 1.3482
201907011810, 3.10807
201907011820, 2.43631
201907011830, 2.71376
201907011840, 3.58757
201907011850, 3.26562
201907011900, 3.07465
201907011910, 2.71712
201907011920, 2.53809
201907011930, 2.17122
201907011940, 2.20605
201907011950, 1.66178
201907012000, 1.67426
201907012010, 1.65614
201907012020, 1.12533
201907012030, 1.69173
201907012040, 1.19021
201907012050, 0.918837
201907012100, 1.18479
201907012110, 1.1161
201907012120, 0.932509
201907012130, 1.39789
201907012140, 1.29069
201907012150, 1.34766
201907012200, 1.49338
201907012210, 1.06944
201907012220, 1.01638
201907012230, 1.2143
201907012240, 0.706163
201907012250, 0.613173
201907012300, 0.247613
201907012310, 0.197049
201907012320, 0.0953776
201907012330, 0.115017
201907012340, 0.252387
201907012350, 0.182726
201907020000, 0.19043
201907020010, 0.201931
201907020020, 0.151801
201907020030, 0.220595
201907020040, 0.0430773
201907020050, 0.0404731
201907020100, 0.0163845
201907020110, 0.0413411
201907020120, 0.439887
201907020130, 0.0660807
201907020140, 0.03125
201907020150, 0.133681
201907020200, 0.107313
201907020210, 0.02398
201907020220, 0.070855
201907020230, 0.0327691
201907020240, 0.0322266
201907020250, 0.0270182
201907020300, 0.0763889
201907020310, 0.0565321
201907020320, 0.0249566
201907020330, 0.157118
201907020340, 0.185221
201907020350, 0.296658
201907020400, 0.016059
201907020410, 0.00889757
201907020420, 0.0115017
201907020430, 0.0401476
201907020440, 0.0101997
201907020500, 0.00846354
201907020510, 0.0111762
201907020520, 0.0130208
201907020530, 0.000542535
201907020540, 0.00520833
201907020550, 0.000976562
201907020600, 0.00206163
201907020610, 0
201907020620, 0.00227865
201907020630, 0.000651042
201907020640, 0.000868056
201907020650, 0.00846354
201907020700, 0.00347222
201907020710, 0.00282118
201907020720, 0.0116102
201907020730, 0.00564236
201907020740, 0.00292969
201907020750, 0.0574002
201907020800, 0.00824653
201907020810, 0.0271267
201907020820, 0.0123698
201907020830, 0.0354818
201907020840, 0.0397135
201907020850, 0.015625
201907020900, 0.0212674
201907020910, 0.00737847
201907020920, 0
201907020930, 0.000868056
201907020940, 0
201907020950, 0
201907021000, 0
201907021010, 0
201907021020, 0.00434028
201907021030, 0
201907021040, 0
201907021050, 0.0125868
201907021100, 0
201907021110, 0.00325521
201907021120, 0.0138889
201907021130, 0
201907021140, 0.00488281
201907021150, 0.0078125
201907021200, 0.0320095
201907021210, 0.00900608
201907021220, 0
201907021230, 0.000217014
201907021240, 0.00249566
201907021250, 0.0560981
201907021300, 0.248698
201907021310, 0.135525
201907021320, 0.198351
201907021330, 0
201907021350, 0.0815972
201907021400, 0
201907021410, 0.00661892
201907021420, 0.000868056
201907021430, 0
201907021440, 0
201907021450, 0
201907021500, 0.447374
201907021510, 0.457031
201907021520, 0.318685
201907021530, 0.337999
201907021540, 0.801541
201907021550, 1.16243
201907021600, 1.73893
201907021610, 0.96875
201907021620, 1.35981
201907021630, 1.76237
201907021640, 0.689453
201907021650, 0.707791
201907021710, 0.46875
201907021720, 0.103516
201907021730, 0.0150825
201907021740, 0.288628
201907021750, 0.212131
201907021800, 0.538954
201907021810, 0.33648
201907021820, 0.555664
201907021830, 0.844727
201907021840, 0.540365
201907021850, 0.570421
201907021900, 0.587674
201907021910, 0.424262
201907021920, 0.505642
201907021930, 0.411458
201907021940, 0.525933
201907021950, 0.226345
201907022000, 0.39974
201907022010, 0.558702
201907022020, 0.522461
201907022030, 0.326497
201907022040, 0.253147
201907022050, 0.272569
201907022100, 0.388889
201907022110, 0.093967
201907022120, 0.0109592
201907022130, 0.236762
201907022140, 0.031467
201907022150, 0.246202
201907022200, 0.0513238
201907022210, 0.248698
201907022220, 0.22678
201907022230, 0.263672
201907022240, 0.0170356
201907022250, 0.0325521
201907022300, 0.0263672
201907022310, 0.0284288
201907022320, 0.000217014
201907022330, 0
201907022340, 0.393772
201907022350, 0.669813
201907030000, 0.545681
201907030010, 0.120334
201907030020, 0.0442708
201907030030, 0.440647
201907030050, 0.0300564
201907030100, 0.0223524
201907030110, 0.725152
201907030120, 0.475803
201907030130, 0.303494
201907030140, 0
201907030150, 0.000434028
201907030200, 0.0363498
201907030210, 0.0260417
201907030220, 0.0516493
201907030230, 0.281901
201907030240, 0.0596788
201907030250, 0.154622
201907030300, 0.158095
201907030310, 0.415365
201907030320, 0.250434
201907030330, 0.124674
201907030340, 0.0722656
201907030350, 0.070638
201907030400, 0.000868056
201907030410, 0.0718316
201907030420, 0.054362
201907030430, 0.0448134
201907030440, 0.00184462
201907030450, 0.0224609
201907030500, 0.0290799
201907030520, 0.00292969
201907030530, 0
201907030550, 0.194444
201907030600, 0.22385
201907030610, 0.198134
201907030620, 0.000868056
201907030630, 0.00954861
201907030640, 0.00423177
201907030650, 0.0582682
201907030700, 0
201907030710, 0.0129123
201907030720, 0.000651042
201907030730, 0
201907030750, 0.000868056
201907030810, 0.00195312
201907030820, 0.0494792
201907030830, 0.0113932
201907030840, 0.000108507
201907030850, 0
201907030900, 0.00705295
201907030910, 0.00238715
201907030920, 0.000325521
201907030930, 0
201907030940, 0.000108507
201907030950, 0.00238715
201907031000, 0.00303819
201907031010, 0.00130208
201907031020, 0.0374349
201907031030, 0.0399306
201907031040, 0.0258247
201907031050, 0.00596788
201907031100, 0.00585938
201907031110, 0.0015191
201907031120, 0.00368924
201907031140, 0.000651042
201907031150, 0.00401476
201907031200, 0.000759549
201907031210, 0.000542535
201907031220, 0
201907031250, 0
201907031300, 0.00217014
201907031310, 0
201907031320, 0.000217014
201907031330, 0.000217014
201907031340, 0.00173611
201907031350, 0
201907031400, 0.0157335
201907031410, 0.0300564
201907031420, 0.0207248
201907031430, 0.000325521
201907031440, 0.0108507
201907031450, 0.0093316
201907031500, 0.0015191
201907031510, 0.00271267
201907031520, 0.0662977
201907031530, 0.070204
201907031540, 0.0576172
201907031550, 0.0840929
201907031600, 0.0664062
201907031610, 0.0771484
201907031620, 0.0269097
201907031630, 0.0337457
201907031640, 0.0569661
201907031650, 0.0138889
201907031700, 0.023329
201907031710, 0.0266927
201907031720, 0.0210503
201907031730, 0.0583767
201907031740, 0.0791016
201907031750, 0.0458984
201907031800, 0.0820312
201907031810, 0.0137804
201907031820, 0.0182292
201907031830, 0.0274523
201907031840, 0.00954861
201907031850, 0.0131293
201907031900, 0
201907031910, 0.00141059
201907031920, 0.00347222
201907031930, 0.00976562
201907031940, 0.00141059
201907031950, 0.00412326
201907032000, 0.0463325
201907032010, 0.0181207
201907032020, 0.0804036
201907032030, 0.426866
201907032040, 0.451063
201907032050, 0.468641
201907032100, 0.507161
201907032110, 0.423394
201907032130, 0.0517578
201907032140, 0.246202
201907032150, 0.341905
201907032200, 0.310764
201907032210, 0.177626
201907032220, 0.0358073
201907032230, 0.0611979
201907032240, 0.031901
201907032250, 0.0195312
201907032300, 0.0257161
201907032310, 0.0167101
201907032320, 0.0183377
201907032330, 0.0354818
201907032340, 0.0200738
201907032350, 0.016276
201907040000, 0.0362413
201907040010, 0.0301649
201907040020, 0.0211589
201907040030, 0.0116102
201907040040, 0.0126953
201907040050, 0.0176866
201907040100, 0.00542535
201907040110, 0.0159505
201907040120, 0.0136719
201907040130, 0.0365668
201907040140, 0.161458
201907040150, 0.113498
201907040200, 0.0189887
201907040210, 0.0288628
201907040220, 0.0222439
201907040230, 0.00813802
201907040240, 0.031467
201907040250, 0.0103082
201907040300, 0.00260417
201907040310, 0.0111762
201907040320, 0.00716146
201907040330, 0.0107422
201907040340, 0.0109592
201907040400, 0.0123698
201907040410, 0.0294054
201907040420, 0.00390625
201907040430, 0.0031467
201907040440, 0.047309
201907040450, 0.0279948
201907040500, 0.0186632
201907040510, 0.274523
201907040520, 0.252062
201907040530, 0.221137
201907040540, 0.258572
201907040550, 0.143338
201907040600, 0.189562
201907040610, 0.0513238
201907040620, 0.15701
201907040630, 0.023329
201907040640, 0.0801866
201907040700, 0.0983073
201907040710, 0.0348307
201907040720, 0.023329
201907040730, 0.0485026
201907040740, 0.0828993
201907040750, 0
201907040800, 0.0373264
201907040810, 0.100911
201907040820, 0.0483941
201907040830, 0.000976562
201907040840, 0.000108507
201907040850, 0.054579
201907040900, 0.00846354
201907040910, 0.000759549
201907040920, 0.00759549
201907040930, 0.0164931
201907040940, 0
201907041000, 0
201907041010, 0.00553385
201907041020, 0.000976562
201907041030, 0.0078125
201907041040, 0.00271267
201907041050, 0.0113932
201907041100, 0.0163845
201907041110, 0.047092
201907041120, 0.0527344
201907041130, 0.0351562
201907041140, 0.0174696
201907041150, 0.0285373
201907041200, 0.00575087
201907041210, 0.0376519
201907041220, 0.0518663
201907041230, 0.0875651
201907041240, 0.135525
201907041250, 0.344618
201907041300, 0.350694
201907041310, 0.550347
201907041320, 0.442491
201907041330, 0.374457
201907041340, 0.560981
201907041350, 0.355469
201907041400, 0.463542
201907041410, 0.626085
201907041420, 0.844184
201907041430, 0.625217
201907041440, 0.657335
201907041450, 1.04514
201907041500, 1.34831
201907041510, 1.46951
201907041520, 0.926866
201907041530, 0.970161
201907041540, 1.11567
201907041550, 1.26421
201907041600, 1.07964
201907041610, 0.453125
201907041620, 1.02951
201907041630, 0.615017
201907041640, 0.638238
201907041650, 0.258464
201907041700, 0.579536
201907041710, 0.724175
201907041720, 0.721463
201907041730, 0.440972
201907041740, 0.503147
201907041750, 0.667969
201907041800, 0.429579
201907041810, 0.60395
201907041820, 0.297092
201907041830, 0.391276
201907041840, 0.521484
201907041850, 0.7602
201907041900, 1.36241
201907041910, 1.45106
201907041920, 0.981554
201907041930, 1.25836
201907041940, 1.53635
201907041950, 1.14616
201907042000, 1.42947
201907042010, 1.91775
201907042020, 1.72624
201907042030, 2.53961
201907042040, 2.51606
201907042050, 2.52365
201907042100, 2.32574
201907042110, 2.59842
201907042120, 1.77561
201907042130, 2.07845
201907042140, 1.80089
201907042150, 1.94151
201907042200, 1.8546
201907042210, 1.98459
201907042220, 2.11068
201907042230, 1.93381
201907042240, 1.96235
201907042250, 1.26497
201907042300, 1.71701
201907042310, 0.989258
201907042320, 0.767036
201907042330, 0.760634
201907042340, 1.46875
201907042350, 0.850586
201907050000, 0.456706
201907050010, 0.317383
201907050020, 0.179579
201907050030, 0.0901693
201907050040, 0.0793186
201907050050, 0.104818
201907050100, 0.120226
201907050110, 0.0508898
201907050120, 0.369358
201907050130, 0.713433
201907050140, 0.935764
201907050150, 0.745877
201907050200, 0.649631
201907050210, 0.0485026
201907050220, 0.0563151
201907050230, 0.0798611
201907050240, 0.181641
201907050250, 0.432183
201907050300, 0.359266
201907050310, 0.358507
201907050320, 0.403646
201907050330, 0.790473
201907050340, 0.31174
201907050350, 0.386936
201907050400, 0.448785
201907050410, 0.480903
201907050420, 0.402344
201907050430, 0.227973
201907050440, 0.39605
201907050450, 0.503364
201907050500, 0.623155
201907050510, 0.132378
201907050520, 0.267904
201907050530, 0.174805
201907050540, 0.476345
201907050550, 0.741862
201907050600, 0.273438
201907050610, 0.171875
201907050620, 0.0990668
201907050630, 0.0426432
201907050640, 0.0365668
201907050650, 0.071072
201907050700, 0.382595
201907050710, 0.48839
201907050720, 0.631402
201907050730, 0.604926
201907050740, 0.184245
201907050750, 0.54362
201907050800, 0.914605
201907050810, 0.607964
201907050820, 0.427951
201907050830, 0.0419922
201907050840, 0.0234375
201907050850, 0.0334201
201907050900, 0.00206163
201907050910, 0.00792101
201907050920, 0.145942
201907050930, 0.0621745
201907050940, 0.0872396
201907050950, 0.0238715
201907051000, 0.0159505
201907051010, 0.0692274
201907051020, 0.0751953
201907051030, 0.308051
201907051040, 0.477214
201907051050, 0.17003
201907051100, 0.297526
201907051110, 0.870551
201907051120, 1.6263
201907051130, 1.2334
201907051140, 1.86708
201907051150, 2.28971
201907051200, 2.55219
201907051210, 3.41026
201907051220, 2.92578
201907051230, 3.12196
201907051240, 3.21691
201907051250, 2.389
201907051300, 2.67057
201907051310, 3.19282
201907051320, 3.28136
201907051330, 3.16135
201907051340, 3.20052
201907051350, 1.88466
201907051400, 1.82465
201907051410, 2.77333
201907051420, 2.22135
201907051430, 1.34397
201907051440, 1.91612
201907051450, 2.8584
201907051500, 1.97515
201907051510, 2.06543
201907051520, 0.925564
201907051530, 1.65082
201907051540, 1.70605
201907051550, 1.58865
201907051600, 1.46072
201907051610, 1.29894
201907051620, 0.930122
201907051630, 0.38444
201907051640, 0.800673
201907051650, 0.680122
201907051700, 0.681315
201907051710, 0.697049
201907051720, 0.633138
201907051730, 0.70421
201907051740, 0.438368
201907051750, 0.447591
201907051800, 0.544162
201907051810, 0.255534
201907051820, 0.179688
201907051830, 0.511068
201907051840, 0.271376
201907051850, 0.372938
201907051900, 1.03895
201907051910, 0.941406
201907051920, 0.64247
201907051930, 1.24045
201907051940, 0.398112
201907051950, 0.930664
201907052000, 2.22906
201907052010, 2.66536
201907052020, 2.92708
201907052030, 3.30773
201907052040, 3.57693
201907052050, 3.74696
201907052100, 3.10178
201907052110, 3.26487
201907052120, 2.24891
201907052130, 2.73611
201907052140, 2.91743
201907052150, 2.59614
201907052200, 2.09332
201907052210, 2.2271
201907052220, 3.773
201907052230, 3.11361
201907052240, 3.07454
201907052250, 2.99349
201907052300, 2.77799
201907052310, 2.22125
201907052330, 1.611
201907052340, 1.19358
201907052350, 0.983941
201907060000, 0.659614
201907060010, 0.871853
201907060020, 0.0979818
201907060030, 0.0375434
201907060040, 0.0128038
201907060050, 0.00412326
201907060100, 0.0106337
201907060110, 0.0116102
201907060120, 0.0770399
201907060130, 0.128038
201907060140, 0.280382
201907060150, 0.317925
201907060200, 0.364258
201907060210, 0.344618
201907060220, 0.228299
201907060230, 0.384332
201907060240, 0.137153
201907060250, 0.0556641
201907060300, 0.0244141
201907060310, 0.0294054
201907060320, 0.0188802
201907060330, 0.302409
201907060340, 0.308485
201907060350, 0.0125868
201907060400, 0.0184462
201907060410, 0.196181
201907060420, 0.49924
201907060430, 1.43142
201907060440, 1.66558
201907060450, 1.25282
201907060500, 1.25836
201907060510, 1.53255
201907060520, 1.81217
201907060530, 2.5995
201907060540, 2.2245
201907060550, 2.29069
201907060600, 2.29026
201907060610, 2.55165
201907060620, 2.80024
201907060630, 2.45443
201907060640, 2.65723
201907060650, 3.36198
201907060700, 3.40896
201907060710, 3.21517
201907060720, 2.81565
201907060730, 3.40733
201907060740, 3.76866
201907060750, 2.81999
201907060800, 3.33919
201907060810, 3.3584
201907060820, 3.61502
201907060830, 4.01324
201907060840, 3.56858
201907060850, 3.2258
201907060900, 2.98828
201907060910, 2.20161
201907060920, 0.98329
201907060930, 0.621202
201907060940, 0.569444
201907060950, 0.254991
201907061000, 0.155599
201907061010, 0.373047
201907061020, 0.0643446
201907061030, 0.235243
201907061040, 0.0502387
201907061050, 0.129774
201907061100, 0.0377604
201907061110, 0.0511068
201907061120, 0.160373
201907061130, 0.0128038
201907061140, 0.0285373
201907061150, 0.0111762
201907061200, 0.0769314
201907061210, 0.216037
201907061220, 0.0443793
201907061230, 0.117188
201907061240, 0.464735
201907061250, 0.497287
201907061300, 0.15115
201907061310, 0.297743
201907061320, 0.309462
201907061330, 0.490017
201907061340, 0.129991
201907061350, 0.0651042
201907061400, 0.00651042
201907061410, 0
201907061420, 0
201907061430, 0.0425347
201907061440, 0.00336372
201907061450, 0.165039
201907061500, 0.128689
201907061510, 0.128581
201907061520, 0.03852
201907061530, 0.792318
201907061540, 0.119792
201907061550, 0.773329
201907061600, 1.04416
201907061610, 0.75434
201907061620, 0.363715
201907061630, 0.0103082
201907061640, 0.038737
201907061650, 0.0533854
201907061700, 0.0807292
201907061710, 0.0640191
201907061720, 0.141493
201907061730, 0.0194227
201907061740, 0.0317925
201907061750, 0.00954861
201907061800, 0.0458984
201907061810, 0.0123698
201907061820, 0
201907061830, 0.0281033
201907061840, 0.08648
201907061850, 0.23036
201907061900, 0.0667318
201907061910, 0.0744358
201907061920, 0.00878906
201907061930, 0.0016276
201907061940, 0.0340712
201907061950, 0.0203993
201907062000, 0.0182292
201907062010, 0.0136719
201907062020, 0.00303819
201907062030, 0.0100911
201907062040, 0.00303819
201907062050, 0.00184462
201907062100, 0.194336
201907062110, 0.127496
201907062120, 0.0718316
201907062130, 0.197591
201907062140, 0.0483941
201907062150, 0.206706
201907062200, 0.235569
201907062210, 0.0418837
201907062220, 0.022895
201907062230, 0.0141059
201907062240, 0.122179
201907062250, 0.194444
201907062300, 0.0341797
201907062310, 0.0163845
201907062320, 0.0397135
201907062330, 0.0409071
201907062340, 0.398003
201907062350, 0.0185547
201907070000, 0.0559896
201907070010, 0.175564
201907070020, 0.38444
201907070030, 0.222873
201907070040, 0.142253
201907070050, 0.0580512
201907070100, 0.0424262
201907070110, 0.00954861
201907070120, 0.00716146
201907070130, 0.0157335
201907070140, 0.00238715
201907070150, 0.000108507
201907070200, 0.0107422
201907070210, 0.00770399
201907070220, 0.0356988
201907070230, 0.00390625
201907070240, 0.00770399
201907070250, 0.00987413
201907070300, 0.00531684
201907070310, 0.00770399
201907070320, 0.00499132
201907070330, 0.00998264
201907070340, 0.00922309
201907070350, 0.0016276
201907070400, 0.000217014
201907070410, 0.00303819
201907070420, 0.000434028
201907070430, 0.00217014
201907070440, 0.000542535
201907070450, 0.00575087
201907070500, 0
201907070510, 0
201907070520, 0.00271267
201907070530, 0.000542535
201907070540, 0
201907070550, 0.000108507
201907070600, 0.00184462
201907070610, 0
201907070620, 0.00347222
201907070630, 0
201907070640, 0.00303819
201907070650, 0
201907070700, 0.000217014
201907070710, 0.000325521
201907070720, 0.00173611
201907070730, 0
201907070740, 0.0139974
201907070750, 0.00303819
201907070800, 0
201907070810, 0.000868056
201907070820, 0.00358073
201907070830, 0.0268012
201907070840, 0.0351562
201907070850, 0.00564236
201907070900, 0.00260417
201907070910, 0.211155
201907070920, 0.0652127
201907070930, 0.0962457
201907070940, 0.00553385
201907070950, 0.00282118
201907071000, 0.00520833
201907071010, 0.00336372
201907071020, 0
201907071030, 0.00184462
201907071040, 0.0268012
201907071050, 0.000325521
201907071100, 0.000759549
201907071110, 0.000325521
201907071120, 0
201907071130, 0.000434028
201907071140, 0.00271267
201907071150, 0.000108507
201907071200, 0.00900608
201907071210, 0.0689019
201907071220, 0.00683594
201907071230, 0.0295139
201907071240, 0.0166016
201907071250, 0.0301649
201907071300, 0.0281033
201907071310, 0.0200738
201907071320, 0.000325521
201907071330, 0.0340712
201907071340, 0
201907071350, 0.189779
201907071400, 0.015625
201907071410, 0
201907071420, 0.00271267
201907071430, 0.00661892
201907071440, 0.00130208
201907071450, 0.0555556
201907071500, 0.0015191
201907071510, 0.000868056
201907071520, 0.00238715
201907071530, 0.00325521
201907071540, 0.0299479
201907071550, 0
201907071600, 0.00130208
201907071610, 0.000976562
201907071620, 0.062066
201907071630, 0.00347222
201907071640, 0.00292969
201907071650, 0.863824
201907071700, 0.44477
201907071710, 0.0844184
201907071720, 0.0169271
201907071730, 0.0734592
201907071740, 0.00282118
201907071750, 0.426215
201907071800, 0.322157
201907071810, 0.21658
201907071820, 0.0193142
201907071840, 0.0250651
201907071850, 0.00401476
201907071900, 0.395942
201907071910, 0.426758
201907071920, 0.116536
201907071930, 0.00716146
201907071940, 0.00401476
201907071950, 0.353516
201907072000, 0.0134549
201907072010, 0.0061849
201907072020, 0.0170356
201907072030, 0.25434
201907072040, 0.159288
201907072050, 0.0141059
201907072100, 0.00119358
201907072110, 0
201907072120, 0
201907072130, 0.00878906
201907072140, 0.000217014
201907072150, 0.00238715
201907072200, 0
201907072210, 0.0500217
201907072220, 0.0015191
201907072230, 0.00303819
201907072240, 0.000651042
201907072250, 0.000325521
201907072300, 0.00325521
201907072310, 0.0164931
201907072320, 0.0118273
201907072330, 0
201907072340, 0.00271267
201907072350, 0.00249566
201907080000, 0.00249566
201907080010, 0.00195312
201907080020, 0.00368924
201907080030, 0.00455729
201907080040, 0.00368924
201907080050, 0.0345052
201907080100, 0.0329861
201907080110, 0.139757
201907080120, 0.120226
201907080130, 0.158963
201907080140, 0.176541
201907080150, 0.169271
201907080200, 0.123047
201907080210, 0.141819
201907080220, 0.0919054
201907080230, 0.123806
201907080240, 0.132595
201907080250, 0.114366
201907080300, 0.124457
201907080310, 0.101237
201907080320, 0.0718316
201907080330, 0.0362413
201907080340, 0.0566406
201907080350, 0.0120443
201907080400, 0.000108507
201907080410, 0.0108507
201907080420, 0.0737847
201907080430, 0.0164931
201907080440, 0.00694444
201907080450, 0.0031467
201907080500, 0.0453559
201907080510, 0.0112847
201907080520, 0.00412326
201907080530, 0.00282118
201907080540, 0.0224609
201907080550, 0.0164931
201907080600, 0.0016276
201907080610, 0.0152995
201907080620, 0.0123698
201907080630, 0
201907080650, 0.000434028
201907080700, 0.00553385
201907080710, 0.00488281
201907080720, 0.000651042
201907080730, 0.000325521
201907080740, 0.00401476
201907080750, 0
201907080800, 0
201907080810, 0
201907080820, 0.00347222
201907080830, 0.00596788
201907080840, 0
201907080850, 0.00651042
201907080900, 0.000976562
201907080910, 0
201907080920, 0
201907080930, 0.00141059
201907080940, 0.000108507
201907080950, 0.000759549
201907081000, 0.00227865
201907081010, 0.00444878
201907081020, 0.000108507
201907081030, 0
201907081040, 0.00282118
201907081050, 0
201907081100, 0.00184462
201907081110, 0.000542535
201907081120, 0.000108507
201907081130, 0.00119358
201907081140, 0
201907081150, 0.000542535
201907081200, 0.00303819
201907081210, 0.00651042
201907081220, 0.00227865
201907081230, 0.00271267
201907081240, 0.00661892
201907081250, 0.0180122
201907081300, 0.0100911
201907081310, 0.0148655
201907081320, 0.00119358
201907081330, 0.0192057
201907081340, 0.00672743
201907081350, 0.00509983
201907081400, 0.00444878
201907081410, 0.00987413
201907081420, 0.0015191
201907081430, 0.0121528
201907081440, 0.00336372
201907081450, 0.0185547
201907081500, 0.0193142
201907081510, 0.0118273
201907081520, 0.00987413
201907081530, 0
201907081540, 0.0145399
201907081550, 0.00130208
201907081600, 0.0196398
201907081610, 0.113498
201907081620, 0.00813802
201907081630, 0.0479601
201907081640, 0.0273438
201907081650, 0.0713976
201907081700, 0.0602214
201907081710, 0.350694
201907081720, 0.275716
201907081730, 0.314453
201907081740, 0.216905
201907081750, 0.117947
201907081800, 0.451714
201907081810, 0.144857
201907081820, 0.0367839
201907081830, 0.128147
201907081840, 0.12793
201907081850, 0.0371094
201907081900, 0.0215929
201907081910, 0.402561
201907081920, 0.468316
201907081930, 0.412435
201907081940, 0.38151
201907081950, 0.380751
201907082000, 1.00499
201907082010, 1.98145
201907082020, 1.60558
201907082030, 0.321723
201907082040, 1.12934
201907082050, 1.22754
201907082100, 1.36296
201907082110, 0.717882
201907082120, 1.84722
201907082130, 1.40755
201907082140, 0.888889
201907082150, 0.0698785
201907082200, 0.00640191
201907082210, 0.224501
201907082220, 1.60341
201907082230, 0.857856
201907082240, 0.420139
201907082250, 0.667969
201907082300, 0.540473
201907082310, 0.833659
201907082320, 1.17188
201907082330, 1.46387
201907082340, 1.0395
201907082350, 1.25
201907090000, 1.60514
201907090010, 0.892578
201907090020, 0.637261
201907090030, 0.21658
201907090040, 0.974718
201907090050, 1.07259
201907090100, 1.31803
201907090110, 1.79145
201907090120, 0.918945
201907090130, 0.81467
201907090140, 0.777018
201907090150, 0.798611
201907090200, 0.747287
201907090210, 0.763129
201907090220, 0.703776
201907090230, 0.482747
201907090240, 0.157878
201907090250, 0.191732
201907090300, 0.155816
201907090310, 0.0399306
201907090320, 0.0428602
201907090330, 0.00347222
201907090340, 0
201907090350, 0.0101997
201907090400, 0.0217014
201907090410, 0.0378689
201907090420, 0.015842
201907090430, 0.0660807
201907090440, 0.0258247
201907090450, 0.00390625
201907090500, 0.0123698
201907090510, 0.00325521
201907090520, 0.000542535
201907090530, 0.000325521
201907090540, 0.00575087
201907090550, 0.0253906
201907090600, 0.0587023
201907090610, 0.0016276
201907090620, 0.00792101
201907090630, 0.000217014
201907090640, 0.00271267
201907090650, 0
201907090700, 0.00227865
201907090710, 0.00347222
201907090720, 0.0128038
201907090730, 0.0320095
201907090740, 0.0138889
201907090750, 0.0571832
201907090800, 0.0802951
201907090810, 0.104709
201907090820, 0.104275
201907090830, 0.11263
201907090840, 0.0649957
201907090850, 0.0679253
201907090910, 0.0124783
201907090920, 0.0611979
201907090930, 0.0157335
201907090940, 0.177951
201907090950, 0.0432943
201907091000, 0.0342882
201907091010, 0.0349392
201907091020, 0.0307075
201907091030, 0.015408
201907091040, 0.0807292
201907091050, 0.0129123
201907091100, 0.0407986
201907091110, 0.00184462
201907091120, 0.0309245
201907091130, 0.00716146
201907091140, 0.038954
201907091150, 0.0356988
201907091200, 0.0211589
201907091210, 0.070638
201907091220, 0.11556
201907091230, 0.0732422
201907091240, 0.118598
201907091250, 0.10753
201907091300, 0.0418837
201907091310, 0.133789
201907091320, 0.125977
201907091330, 0.105903
201907091340, 0.100694
201907091350, 0.0472005
201907091400, 0.197266
201907091410, 0.15191
201907091420, 0.229926
201907091430, 0.191515
201907091440, 0.283746
201907091450, 0.221571
201907091500, 0.225586
201907091510, 0.238281
201907091520, 0.360135
201907091530, 0.281359
201907091540, 0.237305
201907091550, 0.335829
201907091600, 0.00195312
201907091610, 0.193902
201907091620, 0.151584
201907091630, 0.0707465
201907091640, 0.0423177
201907091650, 0.070204
201907091700, 0.0689019
201907091710, 0.0728082
201907091720, 0.0990668
201907091730, 0.0207248
201907091740, 0.0142144
201907091750, 0.162001
201907091800, 0.0642361
201907091810, 0.00694444
201907091820, 0.0616319
201907091830, 0.235026
201907091840, 0.15408
201907091850, 0.380317
201907091900, 0.356337
201907091910, 0.486979
201907091920, 0.435004
201907091930, 0.428711
201907091940, 0.330621
201907091950, 0.368273
201907092000, 0.193034
201907092010, 0.047526
201907092020, 0.0323351
201907092030, 0.0800781
201907092040, 0.0443793
201907092050, 0.00889757
201907092100, 0.00173611
201907092110, 0.000542535
201907092120, 0.0110677
201907092130, 0.0288628
201907092140, 0.0208333
201907092150, 0.00564236
201907092200, 0.00976562
201907092210, 0.0569661
201907092220, 0.0129123
201907092230, 0.0336372
201907092240, 0.0138889
201907092250, 0.00401476
201907092300, 0.00434028
201907092310, 0.00303819
201907092320, 0.0218099
201907092330, 0.0166016
201907092340, 0.0225694
201907092350, 0.0309245
201907100000, 0.0587023
201907100010, 0.0642361
201907100020, 0.0731337
201907100030, 0.0503472
201907100040, 0.0243056
201907100050, 0.0877821
201907100100, 0.0799696
201907100110, 0.282118
201907100120, 0.408203
201907100130, 0.667426
201907100140, 0.673177
201907100150, 0.680447
201907100200, 0.6301
201907100210, 0.529731
201907100220, 0.423394
201907100230, 0.228082
201907100240, 0.225152
201907100250, 0.24349
201907100300, 0.207465
201907100310, 0.209635
201907100320, 0.190755
201907100330, 0.157986
201907100340, 0.156033
201907100350, 0.228841
201907100400, 0.166124
201907100410, 0.0137804
201907100420, 0.0361328
201907100430, 0.0225694
201907100440, 0.0380859
201907100450, 0.0121528
201907100500, 0.0166016
201907100510, 0.0120443
201907100520, 0.0404731
201907100530, 0.0147569
201907100540, 0.0494792
201907100550, 0.0416667
201907100600, 0.00705295
201907100610, 0.0789931
201907100620, 0.00412326
201907100630, 0.0155165
201907100640, 0.0238715
201907100650, 0.0569661
201907100700, 0.000108507
201907100710, 0.0403646
201907100720, 0.0273438
201907100730, 0.0209418
201907100740, 0.0164931
201907100750, 0.0479601
201907100800, 0.279405
201907100810, 0.2449
201907100820, 0.215495
201907100830, 0.0924479
201907100840, 0.000217014
201907100850, 0.0989583
201907100900, 0.00379774
201907100910, 0.0101997
201907100920, 0.0196398
201907100930, 0.00716146
201907100940, 0.0197483
201907100950, 0
201907101000, 0.0601128
201907101010, 0.0742188
201907101020, 0.0128038
201907101030, 0.0360243
201907101040, 0.014974
201907101050, 0.0015191
201907101100, 0.0101997
201907101110, 0.00488281
201907101120, 0.00184462
201907101130, 0.00282118
201907101140, 0.00195312
201907101150, 0.0209418
201907101200, 0.0103082
201907101210, 0.00900608
201907101220, 0.00520833
201907101230, 0.00292969
201907101240, 0.0093316
201907101250, 0.00455729
201907101300, 0.0418837
201907101310, 0.00336372
201907101320, 0.0161675
201907101330, 0.00347222
201907101340, 0.00716146
201907101350, 0.00900608
201907101400, 0.016276
201907101410, 0.0100911
201907101950, 0.933919
201907102010, 0.939453
201907102020, 1.54243
201907102030, 1.65115
201907102040, 1.41612
201907102050, 1.04308
201907102100, 0.846571
201907102110, 0.781467
201907102120, 0.691623
201907102130, 0.796658
201907102140, 1.1097
201907102150, 0.902127
201907102200, 0.584093
201907102210, 0.41059
201907102220, 0.299045
201907102230, 0.249023
201907102240, 0.146376
201907102250, 0.100477
201907102300, 0.0575087
201907102310, 0.0557726
201907102320, 0.0223524
201907102330, 0.0340712
201907102340, 0.0640191
201907102350, 0.0256076
201907110000, 0.00575087
201907110010, 0.0217014
201907110020, 0.0327691
201907110030, 0.0207248
201907110040, 0.0209418
201907110050, 0.0159505
201907110100, 0.0129123
201907110110, 0.016059
201907110120, 0.0271267
201907110130, 0.0201823
201907110140, 0.0161675
201907110150, 0.0221354
201907110200, 0.0210503
201907110210, 0.0287543
201907110220, 0.0142144
201907110230, 0.086046
201907110240, 0.0437283
201907110250, 0.0159505
201907110300, 0.0115017
201907110310, 0.00238715
201907110320, 0.00336372
201907110330, 0.000542535
201907110340, 0.0654297
201907110350, 0.00596788
201907110400, 0
201907110410, 0.0143229
201907110420, 0.0600043
201907110430, 0.0847439
201907110440, 0.0915799
201907110450, 0.0805122
201907110500, 0.0444878
201907110510, 0.00477431
201907110520, 0.0126953
201907110530, 0.0200738
201907110540, 0.0493707
201907110550, 0.0411241
201907110600, 0.0469835
201907110610, 0.0361328
201907110620, 0.104167
201907110630, 0.0922309
201907110640, 0.133138
201907110650, 0.233941
201907110700, 0.307726
201907110710, 0.444661
201907110720, 0.173177
201907110730, 0.31684
201907110740, 1.05078
201907110750, 0.826714
201907110800, 0.952908
201907110810, 0.701606
201907110820, 0.463867
201907110830, 0.568902
201907110840, 0.509115
201907110850, 0.305122
201907110900, 0.420139
201907110910, 0.192057
201907110920, 0.24924
201907110930, 0.142036
201907110940, 0.16059
201907110950, 0.160699
201907111000, 0.078342
201907111010, 0.05523
201907111020, 0.0881076
201907111030, 0.157986
201907111040, 0.186306
201907111050, 0.05523
201907111100, 0.10102
201907111110, 0.18533
201907111120, 0.0410156
201907111130, 0.054796
201907111140, 0.0492622
201907111150, 0.0900608
201907111200, 0.0890842
201907111210, 0.441623
201907111220, 0.489909
201907111230, 0.32704
201907111240, 0.191298
201907111250, 0.502604
201907111300, 0.348307
201907111310, 0.714735
201907111320, 1.1046
201907111330, 1.3061
201907111340, 1.01931
201907111350, 2.04395
201907111400, 2.33507
201907111410, 2.21213
201907111420, 2.95649
201907111430, 3.3521
201907111440, 2.89258
201907111450, 3.42263
201907111500, 3.9107
201907111510, 3.01736
201907111520, 2.41547
201907111530, 3.82313
201907111540, 3.49414
201907111550, 4.1173
201907111600, 3.81066
201907111610, 3.2832
201907111620, 4.27105
201907111630, 3.1174
201907111640, 4.153
201907111650, 4.19813
201907111700, 4.71115
201907111710, 4.96267
201907111720, 3.87359
201907111730, 4.32585
201907111740, 3.91688
201907111750, 3.78266
201907111800, 3.81489
201907111810, 3.79188
201907111820, 3.42687
201907111830, 2.70041
201907111840, 3.11556
201907111850, 2.96495
201907111900, 3.27062
201907111910, 2.07834
201907111920, 2.94412
201907111930, 2.40679
201907111940, 2.46018
201907111950, 1.79492
201907112000, 2.6033
201907112010, 2.12348
201907112020, 1.94054
201907112030, 1.68902
201907112040, 1.37543
201907112050, 1.55935
201907112100, 1.41374
201907112110, 2.32422
201907112120, 1.96398
201907112130, 2.62652
201907112140, 1.4579
201907112150, 1.70768
201907112200, 1.69119
201907112210, 2.63856
201907112220, 2.62153
201907112230, 2.66298
201907112240, 2.5689
201907112250, 2.1684
201907112300, 2.52441
201907112310, 2.06738
201907112320, 2.06793
201907112330, 2.35645
201907112340, 2.19412
201907112350, 1.88053
201907120000, 1.79677
201907120010, 0.875868
201907120020, 0.575846
201907120030, 0.450629
201907120040, 0.548611
201907120050, 0.141276
201907120100, 0.207574
201907120110, 0.0119358
201907120120, 0.00748698
201907120130, 0.0340712
201907120140, 0.0214844
201907120150, 0.0419922
201907120200, 0.0298394
201907120210, 0.0225694
201907120220, 0.132704
201907120230, 0.308811
201907120240, 0.108615
201907120250, 0.0583767
201907120300, 0.241319
201907120310, 0.219401
201907120320, 0.29069
201907120330, 0.250651
201907120340, 0.0725911
201907120350, 0.024197
201907120400, 0.0442708
201907120410, 0.0423177
201907120420, 0.00868056
201907120430, 0.00347222
201907120440, 0.0190972
201907120450, 0.590712
201907120500, 0.214084
201907120510, 0.347005
201907120520, 0.0442708
201907120530, 0.344944
201907120540, 0.0278863
201907120550, 0.00965712
201907120600, 0.00292969
201907120610, 0.00770399
201907120620, 0.112522
201907120630, 0.00238715
201907120650, 0.00249566
201907120700, 0.00488281
201907120710, 0.00596788
201907120720, 0.0132378
201907120730, 0.0256076
201907120740, 0.301541
201907120750, 0.374674
201907120800, 0.52322
201907120810, 0.239366
201907120820, 0.0804036
201907120830, 0.039388
201907120840, 0.296224
201907120850, 0.112739
201907120900, 0.0758464
201907120910, 0.038737
201907120920, 0.0298394
201907120930, 0.293403
201907120940, 0.499674
201907120950, 0.0657552
201907121000, 0.156033
201907121010, 0.15332
201907121020, 0.055447
201907121030, 0.578233
201907121040, 0.472765
201907121050, 0.657552
201907121100, 0.441406
201907121110, 0.602756
201907121120, 0.0480686
201907121130, 0.100043
201907121140, 0.0361328
201907121150, 0.25
201907121200, 0.36849
201907121210, 0.485569
201907121220, 0.442274
201907121230, 0.393012
201907121240, 0.603407
201907121250, 0.865451
201907121300, 1.62717
201907121310, 1.68717
201907121320, 2.09115
201907121330, 2.34538
201907121340, 2.75141
201907121350, 1.54666
201907121400, 1.32368
201907121410, 1.71788
201907121420, 2.13835
201907121430, 2.52279
201907121440, 3.14019
201907121450, 2.58691
201907121500, 3.34147
201907121510, 3.17643
201907121520, 3.66102
201907121530, 3.57216
201907121540, 3.19336
201907121550, 3.43045
201907121600, 4.17209
201907121610, 4.2258
201907121620, 4.98145
201907121630, 5.1097
201907121640, 4.5025
201907121650, 4.2755
201907121700, 3.7066
201907121710, 2.9184
201907121720, 3.20714
201907121730, 2.15278
201907121740, 1.96094
201907121750, 2.22537
201907121800, 2.71115
201907121810, 2.3623
201907121820, 3.05523
201907121840, 2.35091
201907121850, 2.5395
201907121900, 3.47591
201907121910, 3.58149
201907121920, 3.07487
201907121930, 2.84592
201907121940, 2.3048
201907121950, 1.89768
201907122000, 2.83876
201907122010, 3.16927
201907122020, 3.39442
201907122030, 3.45985
201907122040, 3.23839
201907122050, 3.02083
201907122100, 3.12478
201907122110, 2.52279
201907122120, 2.75
201907122130, 2.65289
201907122140, 2.5344
201907122150, 2.54221
201907122200, 3.10438
201907122210, 3.18924
201907122220, 2.37272
201907122230, 2.23372
201907122240, 2.0804
201907122250, 1.74023
201907122300, 1.99946
201907122310, 1.33171
201907122320, 2.05816
201907122330, 1.96918
201907122340, 2.27626
201907122350, 2.03548
201907130000, 1.86382
201907130010, 2.33355
201907130020, 1.73307
201907130030, 1.53505
201907130040, 1.0408
201907130050, 1.52854
201907130100, 0.894314
201907130110, 0.486762
201907130120, 0.382487
201907130130, 0.800564
201907130140, 0.898003
201907130150, 0.466254
201907130200, 0.747504
201907130210, 0.374349
201907130220, 0.710286
201907130230, 0.23112
201907130240, 0.903863
201907130250, 1.1658
201907130300, 0.914714
201907130310, 0.903103
201907130320, 0.987739
201907130330, 0.983181
201907130340, 0.734483
201907130350, 1.09364
201907130400, 1.2105
201907130410, 1.72678
201907130420, 1.7117
201907130430, 1.86925
201907130440, 2.00662
201907130450, 2.20074
201907130500, 2.19249
201907130510, 2.1697
201907130520, 2.34885
201907130530, 2.02778
201907130540, 1.72114
201907130550, 2.62598
201907130600, 1.98448
201907130610, 1.44368
201907130620, 0.931966
201907130630, 0.898112
201907130640, 0.787109
201907130650, 0.842556
201907130700, 0.904188
201907130710, 0.73253
201907130720, 0.698893
201907130730, 0.548828
201907130740, 1.10232
201907130750, 1.92415
201907130800, 2.20822
201907130810, 2.07161
201907130820, 2.26096
201907130830, 2.57986
201907130840, 2.32682
201907130850, 2.16352
201907130900, 1.82216
201907130910, 1.72841
201907130920, 1.38021
201907130930, 1.43479
201907130940, 1.40712
201907130950, 1.61263
201907131000, 1.24034
201907131010, 1.57954
201907131020, 1.55132
201907131030, 1.78407
201907131040, 1.91265
201907131050, 0.653429
201907131100, 0.611654
201907131110, 0.21148
201907131120, 0.564019
201907131130, 0.475586
201907131140, 0.0185547
201907131150, 0.510634
201907131200, 1.00369
201907131210, 1.07921
201907131220, 0.544705
201907131230, 1.10135
201907131240, 0.639865
201907131250, 0.754774
201907131300, 0.660265
201907131310, 1.13043
201907131320, 0.272678
201907131330, 0.453125
201907131340, 1.1977
201907131350, 0.861328
201907131400, 0.781358
201907131410, 0.86263
201907131420, 0.981337
201907131430, 0.777452
201907131440, 0.869032
201907131450, 0.841797
201907131500, 0.866754
201907131510, 1.1735
201907131520, 1.10189
201907131530, 1.17893
201907131540, 0.76378
201907131550, 0.96582
201907131600, 0.989909
201907131610, 0.936198
201907131620, 1.35102
201907131630, 1.15625
201907131640, 1.28537
201907131650, 1.13466
201907131700, 1.08181
201907131710, 1.21864
201907131720, 1.30599
201907131730, 1.46332
201907131740, 1.28537
201907131750, 1.23438
201907131800, 0.985677
201907131810, 0.66352
201907131820, 0.408095
201907131830, 0.636068
201907131840, 0.629666
201907131850, 0.459961
201907131900, 0.763021
201907131910, 1.14052
201907131920, 1.20898
201907131930, 1.58116
201907131940, 1.46723
201907131950, 1.68934
201907132000, 1.67936
201907132010, 1.8878
201907132020, 1.61209
201907132030, 1.51671
201907132040, 1.84896
201907132050, 1.77257
201907132100, 1.53559
201907132110, 1.72407
201907132120, 1.47407
201907132130, 1.31261
201907132140, 1.28472
201907132150, 1.44086
201907132200, 1.39789
201907132210, 1.2334
201907132220, 1.15647
201907132230, 1.0969
201907132240, 0.982313
201907132250, 1.2156
201907132300, 0.912977
201907132310, 0.999023
201907132320, 0.998589
201907132330, 1.06641
201907132340, 1.00879
201907132350, 0.876194
201907140000, 0.856337
201907140010, 0.766493
201907140020, 0.74566
201907140030, 0.543511
201907140040, 0.406793
201907140050, 0.292318
201907140100, 0.197808
201907140110, 0.35829
201907140120, 0.546767
201907140130, 0.504774
201907140140, 0.685764
201907140150, 0.653646
201907140200, 0.498589
201907140210, 0.726128
201907140220, 0.431315
201907140230, 0.563802
201907140240, 0.639974
201907140250, 1.64974
201907140300, 1.31706
201907140310, 1.90365
201907140320, 1.5472
201907140330, 1.79601
201907140340, 2.18305
201907140350, 2.31055
201907140400, 1.4196
201907140410, 2.43316
201907140420, 2.03244
201907140430, 1.96484
201907140440, 1.64876
201907140450, 2.33453
201907140500, 2.25445
201907140510, 2.57335
201907140520, 2.69716
201907140530, 2.22038
201907140540, 1.77474
201907140550, 2.03765
201907140600, 1.87012
201907140610, 1.35221
201907140620, 1.21332
201907140630, 1.33171
201907140640, 1.88672
201907140650, 0.372396
201907140700, 0.782444
201907140710, 0.709527
201907140720, 1.02463
201907140730, 0.718533
201907140740, 0.598524
201907140750, 0.596246
201907140800, 0.73253
201907140810, 0.395942
201907140820, 0.859484
201907140830, 0.436198
201907140840, 0.108832
201907140850, 0.572917
201907140900, 0.236762
201907140910, 0.272352
201907140920, 0.499023
201907140930, 0.308377
201907140940, 0.15842
201907140950, 0.697591
201907141000, 0.690213
201907141010, 0.246094
201907141020, 0.358398
201907141030, 0.419054
201907141040, 0.311415
201907141050, 0.626085
201907141100, 0
201907141110, 0
201907141120, 0.0476345
201907141130, 0.0345052
201907141140, 0.145942
201907141150, 0.0355903
201907141200, 0.471354
201907141210, 0.0645616
201907141220, 0.270942
201907141230, 0.0903863
201907141240, 0.119249
201907141250, 0.0016276
201907141300, 0.33941
201907141310, 0.381185
201907141320, 0.285482
201907141330, 0.249783
201907141340, 0.175781
201907141350, 0.0195312
201907141400, 0.0418837
201907141410, 0.0913628
201907141420, 0.0320095
201907141430, 0.00477431
201907141440, 0
201907141450, 0.0678168
201907141500, 0.134115
201907141510, 0.0716146
201907141520, 0.000651042
201907141530, 0.149306
201907141540, 0.00455729
201907141550, 0.0691189
201907141600, 0.389106
201907141610, 0.331272
201907141620, 0.0106337
201907141630, 0.176975
201907141640, 0.175022
201907141650, 0.706923
201907141700, 0.692383
201907141710, 0.457682
201907141720, 0.583659
201907141730, 0.660699
201907141740, 1.07129
201907141750, 0.68457
201907141800, 0.386936
201907141810, 0.0364583
201907141820, 0
201907141830, 0.0210503
201907141840, 0.251519
201907141850, 0
201907141900, 0.022895
201907141910, 0.19987
201907141920, 0.142904
201907141930, 0.224609
201907141940, 0.0276693
201907141950, 0.323893
201907142000, 0.0641276
201907142010, 0.0968967
201907142020, 0.465603
201907142030, 0.950412
201907142040, 1.44954
201907142050, 1.16775
201907142100, 1.58583
201907142110, 0.89605
201907142120, 0.977322
201907142130, 0.747179
201907142140, 0.935872
201907142150, 0.79362
201907142200, 1.08974
201907142210, 0.621745
201907142220, 0.314887
201907142230, 1.07964
201907142240, 1.50174
201907142250, 2.56955
201907142300, 1.62012
201907142310, 1.92209
201907142320, 2.28852
201907142330, 2.77376
201907142340, 2.02376
201907142350, 2.94293
201907150000, 2.8648
201907150010, 3.21332
201907150020, 2.76389
201907150030, 2.55252
201907150040, 2.32357
201907150050, 3.3878
201907150100, 1.84071
201907150110, 2.06771
201907150120, 1.75987
201907150130, 1.41916
201907150140, 1.56543
201907150150, 2.03733
201907150200, 2.03451
201907150210, 2.00727
201907150220, 1.73014
201907150230, 1.28147
201907150240, 1.77235
201907150250, 1.8572
201907150300, 1.81445
201907150310, 2.47125
201907150320, 2.50608
201907150330, 2.17936
201907150340, 2.83333
201907150350, 3.22797
201907150400, 2.90744
201907150410, 2.46441
201907150420, 2.1097
201907150430, 1.6072
201907150440, 2.41905
201907150450, 2.05339
201907150500, 2.35775
201907150510, 2.0957
201907150520, 1.53016
201907150530, 1.53158
201907150540, 1.37001
201907150550, 1.72819
201907150600, 1.57107
201907150610, 1.55067
201907150620, 1.50781
201907150630, 2.01834
201907150640, 1.91515
201907150650, 1.68435
201907150700, 2.80176
201907150710, 2.64974
201907150720, 1.63791
201907150730, 1.59006
201907150740, 0.941515
201907150750, 1.03852
201907150800, 0.701823
201907150810, 0.58724
201907150820, 0.437609
201907150830, 0.205404
201907150840, 0.67079
201907150850, 0.514974
201907150900, 0.894965
201907150910, 0.982096
201907150920, 1.15289
201907150930, 0.413411
201907150940, 0.606337
201907150950, 0.458984
201907151000, 0.481337
201907151010, 0.224067
201907151020, 0.601237
201907151030, 0.722222
201907151040, 0.294271
201907151050, 0.272352
201907151100, 0.00531684
201907151110, 0.488498
201907151120, 0.609049
201907151130, 0.145074
201907151140, 1.04579
201907151150, 1.56977
201907151200, 1.36144
201907151210, 0.9375
201907151220, 1.01356
201907151230, 1.08561
201907151240, 0.552734
201907151250, 0.907552
201907151300, 1.45258
201907151310, 1.54026
201907151320, 1.32346
201907151330, 1.26259
201907151340, 1.11046
201907151350, 0.733615
201907151400, 0.849609
201907151410, 0.110243
201907151420, 0.565864
201907151430, 0.993164
201907151440, 0.873698
201907151450, 0.489909
201907151500, 0.380208
201907151510, 0.415907
201907151520, 0.812608
201907151530, 0.483073
201907151540, 0.229167
201907151550, 0.114692
201907151600, 0.351345
201907151610, 0.238173
201907151620, 0.362522
201907151630, 0.500543
201907151640, 0.643121
201907151650, 0.838542
201907151700, 0.948568
201907151710, 0.968642
201907151720, 1.05339
201907151730, 0.993273
201907151740, 1.04373
201907151750, 1.14128
201907151800, 0.999783
201907151810, 0.919054
201907151820, 1.1824
201907151830, 0.544922
201907151840, 0.793728
201907151850, 0.965386
201907151900, 0.811957
201907151910, 0.607422
201907151920, 0.57921
201907151930, 0.9273
201907151940, 0.347982
201907151950, 0.759115
201907152000, 0.904405
201907152010, 0.686849
201907152020, 0.77105
201907152030, 0.570855
201907152040, 0.332899
201907152050, 0.261502
201907152100, 0.902561
201907152110, 0.607205
201907152120, 0.0874566
201907152130, 0.0509983
201907152140, 0.0375434
201907152150, 0.246419
201907152200, 0.149957
201907152210, 0.0119358
201907152220, 0.015408
201907152230, 0.176649
201907152240, 0.103624
201907152250, 0.147135
201907152300, 0.20714
201907152310, 0.27105
201907152320, 0.138455
201907152330, 0.0121528
201907152340, 0.039388
201907152350, 0.0118273
201907160000, 0.0198568
201907160010, 0.0703125
201907160020, 0.114692
201907160030, 0.031684
201907160040, 0.0672743
201907160050, 0.120551
201907160100, 0.507378
201907160110, 1.20475
201907160120, 1.39952
201907160130, 1.5344
201907160140, 1.95768
201907160150, 1.86914
201907160200, 2.23481
201907160210, 1.90668
201907160220, 2.16634
201907160230, 2.40972
201907160240, 2.85753
201907160250, 3.29677
201907160300, 3.00879
201907160310, 3.04178
201907160320, 3.19846
201907160330, 3.3342
201907160340, 3.96137
201907160350, 4.27821
201907160400, 4.43088
201907160410, 4.72721
201907160420, 4.81955
201907160430, 4.76823
201907160440, 4.69195
201907160450, 5.11317
201907160500, 5.16591
201907160510, 5.15082
201907160520, 5.34657
201907160530, 5.13249
201907160540, 4.66602
201907160550, 5.14149
201907160600, 4.52496
201907160610, 4.35645
201907160620, 4.07465
201907160630, 3.94683
201907160640, 3.63129
201907160650, 2.66504
201907160700, 1.97276
201907160710, 1.79731
201907160720, 1.72016
201907160730, 1.54742
201907160740, 1.42122
201907160750, 1.61252
201907160800, 1.53385
201907160810, 1.60775
201907160820, 1.85471
201907160830, 1.75879
201907160840, 1.79753
201907160850, 1.25857
201907160900, 1.33605
201907160910, 1.44141
201907160920, 1.06
201907160930, 1.23025
201907160940, 1.16992
201907160950, 1.71636
201907161000, 0.712023
201907161010, 0.717882
201907161020, 0.25434
201907161030, 0.126628
201907161040, 0.116536
201907161050, 0.0653212
201907161100, 0.08648
201907161110, 0.0498047
201907161120, 0.0602214
201907161130, 0.0496962
201907161140, 0.0460069
201907161150, 0.100911
201907161200, 0.0452474
201907161210, 0.0480686
201907161220, 0.358073
201907161230, 0.704427
201907161240, 0.285482
201907161250, 1.08105
201907161300, 0.38303
201907161310, 0.923937
201907161320, 0.377387
201907161330, 0.358073
201907161340, 0.47385
201907161350, 0.413737
201907161400, 0.537326
201907161410, 0.804579
201907161420, 0.831814
201907161430, 1.40191
201907161440, 1.39746
201907161450, 0.715495
201907161500, 1.22635
201907161510, 1.04926
201907161520, 0.82997
201907161530, 1.43142
201907161540, 1.14106
201907161550, 0.861328
201907161600, 0.711155
201907161610, 0.717448
201907161620, 1.13162
201907161630, 1.32541
201907161640, 1.14529
201907161650, 0.617947
201907161700, 0.539388
201907161710, 0.379232
201907161720, 0.434787
201907161730, 0.453451
201907161740, 0.613824
201907161750, 0.908312
201907161800, 0.590603
201907161810, 0.69553
201907161820, 0.880859
201907161830, 0.912326
201907161840, 0.993273
201907161850, 0.795247
201907161900, 0.975586
201907161910, 1.12478
201907161920, 0.796007
201907161930, 0.96365
201907161940, 1.0548
201907161950, 1.2003
201907162000, 0.986979
201907162010, 1.16493
201907162020, 0.679362
201907162030, 1.09993
201907162040, 1.06098
201907162050, 0.796007
201907162100, 0.699978
201907162110, 0.271484
201907162120, 0.0822483
201907162130, 0.00195312
201907162140, 0.112305
201907162150, 0.0674913
201907162200, 0.0597873
201907162210, 0.76964
201907162220, 0.375977
201907162230, 0.157986
201907162240, 1.64996
201907162250, 1.85438
201907162300, 0.0366753
201907162310, 0.676975
201907162320, 1.74034
201907162330, 1.48589
201907162340, 2.32205
201907162350, 3.16428
201907170000, 1.16797
201907170010, 1.65191
201907170020, 2.77778
201907170030, 2.35503
201907170040, 3.25673
201907170050, 3.63401
201907170100, 4.06673
201907170110, 4.4502
201907170120, 5.00608
201907170130, 4.88607
201907170140, 5.01541
201907170150, 5.8112
201907170200, 5.85753
201907170210, 5.3967
201907170220, 6.50673
201907170230, 6.02181
201907170240, 6.10232
201907170250, 6.30306
201907170300, 7.68598
201907170310, 7.66536
201907170320, 6.53841
201907170330, 6.43891
201907170340, 6.13802
201907170350, 5.61306
201907170400, 4.32107
201907170410, 4.26855
201907170420, 4.40137
201907170430, 3.72895
201907170440, 3.31662
201907170450, 3.2143
201907170500, 2.91157
201907170510, 2.75749
201907170520, 2.31044
201907170530, 2.60189
201907170550, 2.3138
201907170600, 2.10623
201907170610, 2.1862
201907170620, 2.02908
201907170630, 1.46018
201907170640, 1.30078
201907170650, 1.32227
201907170700, 1.04145
201907170710, 1.14985
201907170720, 0.942274
201907170730, 0.521267
201907170740, 0.524197
201907170750, 0.621745
201907170800, 1.13433
201907170810, 1.2296
201907170820, 0.89974
201907170830, 1.26628
201907170840, 0.273329
201907170850, 0.912435
201907170900, 0.627496
201907170910, 0.323242
201907170920, 0.552083
201907170930, 0.443902
201907170940, 0.448025
201907170950, 0.570747
201907171000, 0.530924
201907171010, 0.658529
201907171020, 0.314996
201907171030, 0.472005
201907171040, 0.0143229
201907171050, 0.154405
201907171100, 0.109484
201907171110, 0.115777
201907171120, 0.0831163
201907171130, 0.00336372
201907171140, 0.00585938
201907171150, 0.00509983
201907171200, 0.00488281
201907171210, 0.00900608
201907171220, 0.0202908
201907171230, 0.0175781
201907171240, 0.00835503
201907171250, 0.0208333
201907171300, 0.00564236
201907171310, 0.00640191
201907171320, 0.00824653
201907171330, 0.00878906
201907171340, 0.0173611
201907171350, 0.0273438
201907171400, 0.00575087
201907171410, 0.0146484
201907171420, 0.00520833
201907171430, 0.00878906
201907171440, 0.0244141
201907171450, 0.0031467
201907171500, 0
201907171510, 0.00672743
201907171520, 0.00553385
201907171530, 0.00368924
201907171540, 0.031033
201907171550, 0.0218099
201907171600, 0.00878906
201907171610, 0.0358073
201907171620, 0.447266
201907171630, 0.981771
201907171640, 0.147678
201907171650, 0.186523
201907171700, 0.354167
201907171710, 0.124566
201907171720, 0.0835503
201907171730, 0.0131293
201907171740, 0.201931
201907171750, 0.220378
201907171800, 0.00206163
201907171810, 0.000542535
201907171820, 0.198568
201907171830, 0.0139974
201907171840, 0
201907171850, 0.0117188
201907171900, 0.00412326
201907171910, 0.0496962
201907171920, 0.00292969
201907171930, 0.0129123
201907171940, 0.00379774
201907171950, 0
201907172000, 0.00227865
201907172010, 0.0105252
201907172020, 0.00716146
201907172030, 0.0031467
201907172040, 0.0106337
201907172050, 0.00292969
201907172100, 0.00141059
201907172110, 0.0115017
201907172120, 0.143229
201907172130, 0.29872
201907172140, 0.508789
201907172150, 0.726345
201907172200, 0.9324
201907172210, 1.18793
201907172220, 1.27832
201907172230, 1.62055
201907172240, 1.54731
201907172250, 2.04818
201907172300, 2.14898
201907172310, 2.24154
201907172320, 2.03635
201907172330, 2.33854
201907172340, 2.56
201907172350, 3.01964
201907180000, 2.66211
201907180010, 2.82216
201907180020, 2.96788
201907180030, 2.48752
201907180040, 2.28819
201907180050, 2.82346
201907180100, 2.78537
201907180110, 3.42795
201907180120, 4.05697
201907180130, 4.6696
201907180140, 4.37739
201907180150, 4.92697
201907180200, 4.15799
201907180210, 4.43945
201907180220, 2.72895
201907180230, 3.338
201907180240, 3.17687
201907180250, 2.51356
201907180300, 2.4031
201907180310, 2.33127
201907180320, 2.38965
201907180330, 2.60677
201907180340, 2.51009
201907180350, 1.92969
201907180400, 1.82888
201907180410, 1.435
201907180420, 1.01964
201907180430, 0.805773
201907180440, 0.578885
201907180450, 0.493924
201907180500, 0.364909
201907180510, 0.200955
201907180520, 0.1199
201907180530, 0.0740017
201907180540, 0.0670573
201907180550, 0.0460069
201907180600, 0.0537109
201907180610, 0.03852
201907180620, 0.039388
201907180630, 0.0435113
201907180640, 0.0213759
201907180650, 0.0307075
201907180700, 0.0214844
201907180710, 0.0094401
201907180720, 0.00911458
201907180730, 0.0214844
201907180740, 0.015408
201907180750, 0.0929905
201907180800, 0.054362
201907180810, 0.0236545
201907180820, 0.0208333
201907180830, 0.0031467
201907180840, 0.0101997
201907180850, 0.00217014
201907180900, 0.00900608
201907180910, 0.00303819
201907180920, 0.000976562
201907180930, 0.00119358
201907180940, 0.00401476
201907180950, 0.000217014
201907181000, 0.0016276
201907181010, 0.00227865
201907181020, 0.00292969
201907181030, 0.0015191
201907181040, 0.00347222
201907181050, 0.000434028
201907181100, 0.000976562
201907181110, 0.00249566
201907181120, 0
201907181130, 0.00141059
201907181140, 0.00260417
201907181150, 0.0137804
201907181200, 0.0240885
201907181210, 0.0166016
201907181220, 0.00336372
201907181230, 0.00368924
201907181240, 0.00434028
201907181250, 0.00401476
201907181310, 0
201907181320, 0.000108507
201907181330, 0.00130208
201907181340, 0.0201823
201907181350, 0.0243056
201907181400, 0.0168186
201907181410, 0.00564236
201907181420, 0.00184462
201907181430, 0.00130208
201907181440, 0.0196398
201907181450, 0.00477431
201907181500, 0.0249566
201907181510, 0.00260417
201907181520, 0
201907181530, 0.00412326
201907181540, 0.00379774
201907181550, 0.0171441
201907181600, 0
201907181610, 0.00564236
201907181620, 0.0172526
201907181630, 0.00336372
201907181640, 0.565647
201907181650, 0.546875
201907181700, 0.0361328
201907181710, 0.22678
201907181720, 0.0129123
201907181730, 0.085829
201907181740, 0.0157335
201907181750, 0.000217014
201907181800, 0.729926
201907181810, 0.255534
201907181820, 0.111328
201907181830, 0.0185547
201907181840, 0.0225694
201907181850, 0.046224
201907181900, 0.0630425
201907181910, 0
201907181920, 0.000108507
201907181930, 0
201907181940, 0.0168186
201907181950, 0.00282118
201907182000, 0.00217014
201907182010, 0.215061
201907182020, 0.314128
201907182030, 0.0168186
201907182040, 0.0799696
201907182050, 0.00358073
201907182100, 0.0295139
201907182110, 0.00303819
201907182120, 0.00336372
201907182130, 0.00358073
201907182140, 0.00184462
201907182150, 0.00368924
201907182200, 0.00423177
201907182210, 0.0046658
201907182220, 0.0093316
201907182230, 0.0166016
201907182240, 0.000542535
201907182250, 0.0161675
201907182300, 0.0187717
201907182310, 0.00965712
201907182320, 0.0211589
201907182330, 0.793837
201907182340, 1.04047
201907182350, 1.19575
201907190000, 1.69173
201907190010, 1.79102
201907190020, 1.58724
201907190030, 1.92719
201907190040, 2.01942
201907190050, 2.08268
201907190100, 2.20877
201907190110, 2.50966
201907190120, 2.95041
201907190130, 3.45388
201907190140, 3.24013
201907190150, 3.19054
201907190200, 2.89746
201907190210, 3.39909
201907190220, 3.39301
201907190230, 3.71571
201907190240, 4.22418
201907190250, 4.53939
201907190300, 4.76986
201907190310, 5.58605
201907190320, 5.3725
201907190330, 5.61089
201907190340, 6.2679
201907190350, 6.32682
201907190400, 5.88932
201907190410, 6.26378
201907190420, 5.92904
201907190430, 5.41612
201907190440, 5.30523
201907190450, 5.1939
201907190500, 4.95942
201907190510, 4.81869
201907190520, 4.70247
201907190530, 4.45681
201907190540, 4.38184
201907190550, 4.20302
201907190600, 3.98014
201907190610, 3.6403
201907190620, 3.71495
201907190630, 3.69097
201907190640, 2.99165
201907190650, 3.12836
201907190700, 3.11024
201907190710, 3.04883
201907190720, 2.13845
201907190730, 1.60373
201907190740, 2.10048
201907190750, 1.34191
201907190800, 1.69217
201907190810, 1.52105
201907190820, 0.800456
201907190830, 0.912543
201907190840, 0.780382
201907190850, 0.509223
201907190900, 0.27832
201907190910, 1.10992
201907190920, 0.98546
201907190930, 0.583984
201907190940, 0.621745
201907190950, 0.239692
201907191000, 0.0707465
201907191010, 0.0988498
201907191020, 0.430881
201907191030, 0.307834
201907191040, 0.263238
201907191050, 0.297743
201907191100, 0.1926
201907191110, 0.362522
201907191120, 0.131293
201907191130, 0.121094
201907191140, 0.118273
201907191150, 0.142904
201907191200, 0.121636
201907191210, 0.303819
201907191220, 0.144748
201907191230, 0.0965712
201907191240, 0.135634
201907191250, 0.015625
201907191300, 0
201907191310, 0.0434028
201907191320, 0.00217014
201907191330, 0.0490451
201907191340, 0.0015191
201907191350, 0.2398
201907191400, 0.405382
201907191410, 0.474392
201907191420, 0.36697
201907191430, 0.829644
201907191440, 0.516493
201907191450, 0.587999
201907191500, 0.110569
201907191510, 0.0673828
201907191520, 0.0167101
201907191530, 0.297309
201907191540, 0.299588
201907191550, 0.542752
201907191600, 0.113932
201907191610, 0.399089
201907191620, 0.432292
201907191630, 0.624892
201907191640, 1.34342
201907191650, 0.738824
201907191700, 0.45638
201907191710, 1.32227
201907191720, 1.13021
201907191730, 1.08974
201907191740, 0.924805
201907191750, 0.693251
201907191800, 0.928819
201907191810, 0.67296
201907191820, 1.01606
201907191830, 0.400608
201907191840, 0.811198
201907191850, 1.25499
201907191900, 0.549696
201907191910, 0.339518
201907191920, 0.209744
201907191930, 0.366536
201907191940, 0.267687
201907191950, 0
201907192000, 0.0598958
201907192010, 0.0347222
201907192020, 0.269314
201907192030, 0.129015
201907192040, 0.24566
201907192050, 0.700412
201907192100, 0.283203
201907192110, 0.485135
201907192120, 0.222873
201907192130, 0.106011
201907192140, 0.165907
201907192150, 0.401259
201907192200, 0.197917
201907192210, 0.08648
201907192220, 0.0732422
201907192230, 0.0155165
201907192240, 0.124783
201907192250, 0.599501
201907192300, 0.833008
201907192310, 1.26096
201907192320, 1.37674
201907192330, 1.3151
201907192350, 1.90994
201907200000, 1.95334
201907200010, 2.51704
201907200020, 2.64355
201907200030, 2.91764
201907200040, 2.70898
201907200050, 3.09039
201907200100, 3.49175
201907200110, 3.60449
201907200120, 3.449
201907200130, 3.0026
201907200140, 3.07986
201907200150, 3.46821
201907200200, 0.216905
201907200210, 2.91428
201907200220, 2.63791
201907200230, 2.63097
201907200240, 3.3801
201907200250, 2.96072
201907200300, 2.80122
201907200310, 2.14062
201907200320, 2.39605
201907200330, 2.87554
201907200340, 3.5523
201907200350, 3.66037
201907200400, 4.33908
201907200410, 4.50456
201907200420, 5.13238
201907200430, 5.1671
201907200440, 5.63184
201907200450, 6.40636
201907200500, 6.70291
201907200510, 7.34766
201907200520, 7.72732
201907200530, 8.10341
201907200540, 8.14366
201907200550, 7.97114
201907200600, 8.31456
201907200610, 7.68077
201907200620, 7.35069
201907200630, 8.32943
201907200640, 8.67849
201907200650, 8.50369
201907200700, 7.82563
201907200710, 7.32595
201907200720, 6.6428
201907200730, 6.09592
201907200740, 6.15234
201907200750, 6.24533
201907200800, 5.73698
201907200810, 5.29232
201907200820, 5.38303
201907200830, 6.00738
201907200840, 5.95106
201907200850, 5.46474
201907200900, 4.77452
201907200910, 4.21148
201907200920, 3.75054
201907200930, 3.80566
201907200940, 3.23655
201907200950, 3.39366
201907201000, 3.67893
201907201010, 3.22211
201907201020, 2.75792
201907201030, 2.29329
201907201040, 2.32075
201907201050, 1.81337
201907201100, 0.975043
201907201110, 1.25369
201907201120, 0.804904
201907201130, 0.178602
201907201140, 0.0836589
201907201150, 0.113173
201907201200, 0.0959201
201907201210, 0.330729
201907201220, 0.237739
201907201230, 0.359375
201907201240, 0.389214
201907201250, 0.240777
201907201300, 0.0290799
201907201310, 0.270833
201907201320, 0.0397135
201907201330, 0.0992839
201907201340, 0.855794
201907201350, 0.472331
201907201400, 0.0601128
201907201410, 0.0480686
201907201420, 0.0419922
201907201430, 0.102431
201907201440, 0.202365
201907201450, 0.602105
201907201500, 1.04546
201907201510, 1.08963
201907201520, 0.267036
201907201530, 0.416992
201907201540, 0.269423
201907201550, 0.243164
201907201600, 0.0685764
201907201610, 0.0572917
201907201620, 0.0537109
201907201630, 0.0136719
201907201640, 0.000868056
201907201650, 0.000542535
201907201700, 0.00423177
201907201710, 0.0031467
201907201720, 0
201907201730, 0.0093316
201907201740, 0.023329
201907201750, 0.0410156
201907201800, 0.0615234
201907201810, 0.15549
201907201820, 0.0257161
201907201830, 0.00705295
201907201840, 0.0292969
201907201850, 0.321506
201907201900, 0.070421
201907201910, 0.882053
201907201920, 0.530056
201907201940, 0.0485026
201907201950, 0.0103082
201907202000, 0.0176866
201907202010, 0.00661892
201907202020, 0.0435113
201907202030, 0.000759549
201907202040, 0.00694444
201907202050, 0.0247396
201907202100, 0.0169271
201907202110, 0.0502387
201907202120, 0.0955946
201907202130, 0.0923394
201907202140, 0.541341
201907202150, 0.852322
201907202200, 0.0565321
201907202210, 0.128581
201907202220, 0.51161
201907202230, 0.31977
201907202240, 0.916884
201907202250, 0.85026
201907202300, 1.55252
201907202310, 1.70041
201907202320, 1.6174
201907202330, 3.00163
201907202340, 1.35775
201907202350, 2.55762
201907210000, 3.12706
201907210010, 3.63987
201907210020, 3.13444
201907210030, 3.35645
201907210040, 2.81597
201907210050, 2.3304
201907210100, 1.54243
201907210110, 1.47135
201907210120, 2.1148
201907210130, 2.23947
201907210140, 2.61502
201907210150, 2.71007
201907210200, 3.7398
201907210210, 4.20041
201907210220, 3.50358
201907210230, 3.70182
201907210240, 3.12836
201907210250, 2.17665
201907210300, 2.37684
201907210310, 2.06608
201907210320, 2.03494
201907210330, 1.64572
201907210340, 1.64779
201907210350, 1.37326
201907210400, 1.56478
201907210410, 0.934028
201907210420, 0.972005
201907210430, 0.458225
201907210440, 0.611762
201907210450, 0.433594
201907210500, 0.652561
201907210510, 0.646159
201907210520, 0.176215
201907210530, 0.577257
201907210540, 0.454644
201907210550, 0.546549
201907210600, 1.43001
201907210610, 1.42502
201907210620, 1.4248
201907210630, 0.980252
201907210640, 1.38628
201907210650, 1.92513
201907210700, 0.854275
201907210710, 1.57487
201907210720, 1.26128
201907210730, 0.549588
201907210740, 1.2066
201907210750, 0.894206
201907210800, 0.850043
201907210810, 0.851562
201907210820, 1.13368
201907210830, 1.37641
201907210840, 1.36686
201907210850, 2.51074
201907210900, 1.67611
201907210910, 3.0498
201907210920, 2.44911
201907210930, 0.818576
201907210940, 0.952365
201907210950, 0.790907
201907211000, 0.417969
201907211010, 0.590169
201907211020, 0.275282
201907211030, 0.761827
201907211040, 0.985894
201907211050, 1.91233
201907211100, 0.343099
201907211110, 0.890733
201907211120, 0.181532
201907211130, 0.344293
201907211140, 0.35612
201907211150, 0.296441
201907211200, 0.474284
201907211210, 0.891168
201907211220, 1.21918
201907211230, 0.814345
201907211240, 0.925239
201907211250, 0.81901
201907211300, 0.748698
201907211310, 1.27734
201907211320, 1.92274
201907211330, 1.91547
201907211340, 1.75814
201907211350, 0.487522
201907211400, 0.256836
201907211410, 0.0428602
201907211420, 0.0155165
201907211430, 0.00661892
201907211440, 0.0208333
201907211450, 0.0991753
201907211500, 0.00607639
201907211510, 0.015408
201907211520, 0.0100911
201907211530, 0.0131293
201907211540, 0.00575087
201907211550, 0.0122613
201907211600, 0.0137804
201907211610, 0.00401476
201907211620, 0.00531684
201907211630, 0.00824653
201907211640, 0.00965712
201907211650, 0.00509983
201907211700, 0.00379774
201907211710, 0.00976562
201907211720, 0.0259332
201907211730, 0.00444878
201907211740, 0.00206163
201907211750, 0.0100911
201907211800, 0.0125868
201907211810, 0.0428602
201907211820, 0.19184
201907211830, 0.0544705
201907211840, 0.376953
201907211850, 0.605469
201907211900, 0.141059
201907211910, 0.0403646
201907211920, 0.108832
201907211930, 0.171115
201907211940, 0.529188
201907211950, 0.931207
201907212000, 1.16667
201907212010, 0.646376
201907212020, 0.641602
201907212030, 0.693902
201907212040, 0.512912
201907212050, 0.64171
201907212100, 0.736111
201907212110, 0.582357
201907212120, 0.111437
201907212130, 0.0654297
201907212140, 0.054796
201907212150, 0.0740017
201907212200, 0.355469
201907212210, 0.497721
201907212220, 0.401476
201907212240, 1.15082
201907212250, 1.28993
201907212300, 1.30718
201907212310, 2.26031
201907212320, 3.67676
201907212330, 4.12836
201907212340, 5.04666
201907212350, 5.97938
201907220000, 6.11697
201907220010, 6.50315
201907220020, 6.17849
201907220030, 6.5306
201907220040, 7.43001
201907220050, 7.14779
201907220100, 7.48817
201907220110, 7.88086
201907220120, 8.0829
201907220130, 8.56554
201907220140, 9.01074
201907220150, 8.9987
201907220200, 8.96354
201907220210, 8.3406
201907220220, 8.34277
201907220230, 8.74891
201907220240, 8.69965
201907220250, 9.47287
201907220300, 10.2914
201907220310, 10.4827
201907220320, 10.7746
201907220330, 10.2369
201907220340, 10.0432
201907220350, 9.32064
201907220400, 9.17415
201907220410, 8.83453
201907220420, 8.47005
201907220430, 8.05056
201907220440, 7.16797
201907220450, 7.08854
201907220500, 7.31424
201907220510, 8.10102
201907220520, 6.60569
201907220530, 4.65451
201907220540, 3.40006
201907220550, 2.88238
201907220600, 1.23687
201907220610, 0.67003
201907220620, 0.626845
201907220630, 0.353299
201907220640, 0.337782
201907220650, 0.326063
201907220700, 0.374023
201907220710, 0.0438368
201907220720, 0.0646701
201907220730, 0.00184462
201907220740, 0.000542535
201907220750, 0.0195312
201907220800, 0.306315
201907220810, 0.225803
201907220820, 0.198568
201907220830, 0.190213
201907220840, 0.0700955
201907220850, 0.0458984
201907220900, 0.0166016
201907220910, 0.00347222
201907220920, 0.00325521
201907220930, 0.0141059
201907220940, 0.0210503
201907220950, 0.00130208
201907221000, 0.0159505
201907221010, 0.000217014
201907221020, 0
201907221030, 0.00325521
201907221040, 0.000542535
201907221050, 0.00173611
201907221100, 0.0252821
201907221110, 0
201907221120, 0.000108507
201907221130, 0
201907221140, 0.0118273
201907221150, 0.00347222
201907221200, 0.000108507
201907221210, 0.000651042
201907221220, 0.000217014
201907221230, 0
201907221240, 0.00607639
201907221250, 0.00206163
201907221300, 0.0015191
201907221310, 0.00141059
201907221320, 0.00173611
201907221330, 0.0015191
201907221340, 0.00336372
201907221350, 0.00195312
201907221400, 0.0602214
201907221410, 0.00227865
201907221420, 0.0205078
201907221430, 0.00520833
201907221440, 0.00173611
201907221450, 0.0809462
201907221500, 0.0551215
201907221510, 0.0492622
201907221520, 0.0286458
201907221530, 0.00130208
201907221540, 0.143446
201907221550, 0.0125868
201907221600, 0.00368924
201907221610, 0.0146484
201907221620, 0.0730252
201907221630, 0.00206163
201907221640, 0.0197483
201907221650, 0.0384115
201907221700, 0.0300564
201907221710, 0.00488281
201907221720, 0.00488281
201907221730, 0.00130208
201907221740, 0.00846354
201907221750, 0.00336372
201907221800, 0.0793186
201907221810, 0.0262587
201907221820, 0.0185547
201907221830, 0.00520833
201907221840, 0.00705295
201907221850, 0.0174696
201907221900, 0.0116102
201907221910, 0.0359158
201907221920, 0.000434028
201907221930, 0.0186632
201907221940, 0.0368924
201907221950, 0.0116102
201907222000, 0.0129123
201907222010, 0.0340712
201907222020, 0.0284288
201907222030, 0.0172526
201907222040, 0.0120443
201907222050, 0.0211589
201907222100, 0.0168186
201907222110, 0.0445964
201907222120, 0.00911458
201907222130, 0.0330946
201907222140, 0.0182292
201907222150, 0.022678
201907222200, 0.0133464
201907222210, 0.193902
201907222220, 0.420464
201907222230, 0.863498
201907222240, 1.09245
201907222250, 1.35297
201907222300, 1.40354
201907222310, 1.92372
201907222320, 1.97852
201907222330, 2.73806
201907222340, 3.4898
201907222350, 3.65441
201907230000, 4.28364
201907230010, 4.3572
201907230020, 4.51866
201907230030, 4.81717
201907230040, 4.42307
201907230050, 4.9145
201907230100, 5.22049
201907230110, 5.56814
201907230120, 6.14572
201907230130, 6.3406
201907230140, 6.10829
201907230150, 6.03299
201907230200, 6.03971
201907230210, 6.23655
201907230220, 6.20725
201907230230, 5.93403
201907230240, 5.90354
201907230250, 5.801
201907230300, 5.44412
201907230310, 5.02203
201907230320, 5.30002
201907230330, 5.43142
201907230340, 5.45844
201907230350, 4.46745
201907230400, 4.53233
201907230410, 4.34473
201907230420, 4.37912
201907230430, 4.58724
201907230440, 4.50684
201907230450, 4.19933
201907230500, 4.1773
201907230510, 4.39605
201907230520, 4.40744
201907230530, 4.23709
201907230540, 3.90603
201907230550, 4.13791
201907230600, 4.05122
201907230610, 3.98655
201907230620, 3.23003
201907230630, 3.20258
201907230640, 2.92144
201907230650, 2.71018
201907230700, 2.60167
201907230710, 2.27463
201907230720, 2.16547
201907230730, 2.11024
201907230740, 2.13574
201907230750, 1.55577
201907230800, 1.36654
201907230810, 1.22439
201907230820, 0.848199
201907230830, 1.10655
201907230840, 1.72309
201907230850, 1.39605
201907230900, 0.633898
201907230910, 0.525499
201907230920, 0.24566
201907230930, 0.131727
201907230940, 0.123047
201907230950, 0.0756293
201907231000, 0.334093
201907231010, 0.347439
201907231020, 0.682075
201907231030, 0.710286
201907231040, 0.676866
201907231050, 0.0498047
201907231100, 0.176975
201907231110, 0.266602
201907231120, 0.250326
201907231130, 0.188694
201907231140, 0.0499132
201907231150, 0.0362413
201907231200, 0.0912543
201907231210, 0.0848524
201907231220, 0.0564236
201907231230, 0.0157335
201907231240, 0.000976562
201907231250, 0.00108507
201907231300, 0
201907231310, 0.000325521
201907231320, 0.0738932
201907231330, 0.0350477
201907231340, 0.0220269
201907231350, 0.0730252
201907231400, 0.0731337
201907231410, 0.0720486
201907231420, 0.115017
201907231430, 0
201907231440, 0.0352648
201907231450, 0.00108507
201907231500, 0.0112847
201907231510, 0.00585938
201907231520, 0.00455729
201907231530, 0.00553385
201907231540, 0.00195312
201907231550, 0
201907231600, 0.0146484
201907231610, 0
201907231620, 0.00390625
201907231630, 0.0184462
201907231640, 0.146376
201907231650, 0.0687934
201907231700, 0.00531684
201907231710, 0.0211589
201907231720, 0.0341797
201907231730, 0
201907231740, 0
201907231750, 0
201907231800, 0.047309
201907231810, 0.242405
201907231820, 0.0143229
201907231830, 0.0809462
201907231840, 0.135091
201907231850, 0.0575087
201907231900, 0.0437283
201907231910, 0.0678168
201907231920, 0.0581597
201907231930, 0.0692274
201907231940, 0.249783
201907231950, 0.384332
201907232000, 0.443359
201907232010, 0.154948
201907232020, 0.135959
201907232030, 0.0616319
201907232040, 0.788629
201907232050, 1.05621
201907232100, 0.814128
201907232110, 0.930447
201907232120, 0.977756
201907232130, 0.98622
201907232140, 1.24457
201907232150, 2.77192
201907232200, 2.97331
201907232210, 3.23145
201907232220, 3.1467
201907232230, 4.10091
201907232240, 4.6441
201907232250, 5.40668
201907232300, 5.7653
201907232310, 6.87446
201907232320, 8.04351
201907232330, 9.05556
201907232340, 8.35916
201907232350, 8.33409
201907240000, 8.4056
201907240010, 8.47374
201907240020, 8.03809
201907240030, 8.07704
201907240040, 8.47049
201907240050, 9.32921
201907240100, 9.94922
201907240110, 10.316
201907240120, 10.4484
201907240130, 10.0987
201907240140, 9.64724
201907240150, 9.53223
201907240200, 9.14594
201907240210, 8.54047
201907240220, 8.08897
201907240230, 6.86013
201907240240, 6.2998
201907240250, 5.84787
201907240300, 6.02452
201907240310, 5.14779
201907240320, 5.48351
201907240330, 5.62001
201907240340, 5.02441
201907240350, 4.92405
201907240400, 4.58572
201907240410, 4.22255
201907240420, 4.34581
201907240430, 4.09592
201907240440, 4.14941
201907240450, 3.91558
201907240500, 3.67524
201907240510, 2.98969
201907240520, 2.25586
201907240530, 2.0421
201907240540, 1.75
201907240550, 1.74067
201907240600, 1.59928
201907240610, 1.53754
201907240620, 1.44716
201907240630, 1.38802
201907240640, 1.32585
201907240650, 1.0753
201907240700, 0.671007
201907240710, 0.344293
201907240720, 0.36697
201907240730, 0.281033
201907240740, 0.231011
201907240750, 0.0656467
201907240800, 0.153971
201907240810, 0.122613
201907240820, 0.144097
201907240830, 0.141276
201907240840, 0.0602214
201907240850, 0.0947266
201907240900, 0.206489
201907240910, 0.392795
201907240920, 0.0307075
201907240930, 0.0119358
201907240940, 0.0263672
201907240950, 0.00130208
201907241000, 0.00911458
201907241020, 0.0120443
201907241030, 0.000108507
201907241040, 0
201907241050, 0
201907241100, 0.00455729
201907241110, 0.000108507
201907241120, 0.000434028
201907241130, 0
201907241140, 0.000976562
201907241150, 0.000434028
201907241200, 0.00260417
201907241210, 0.0106337
201907241220, 0
201907241230, 0
201907241240, 0.00184462
201907241250, 0
201907241300, 0.00379774
201907241310, 0.00585938
201907241320, 0.00390625
201907241330, 0.00292969
201907241340, 0.00184462
201907241350, 0.000976562
201907241400, 0
201907241410, 0.00379774
201907241420, 0.00108507
201907241430, 0
201907241440, 0.000325521
201907241450, 0.00292969
201907241500, 0.00488281
201907241510, 0.00119358
201907241520, 0.00520833
201907241530, 0.0061849
201907241540, 0.00401476
201907241550, 0.00846354
201907241600, 0
201907241610, 0.00303819
201907241620, 0.00412326
201907241630, 0.00868056
201907241640, 0.00575087
201907241650, 0.0113932
201907241700, 0.00412326
201907241710, 0.0269097
201907241720, 0.00564236
201907241730, 0.00227865
201907241740, 0.00499132
201907241750, 0.00585938
201907241800, 0.0112847
201907241810, 0.00271267
201907241820, 0.0352648
201907241830, 0.0131293
201907241840, 0.0129123
201907241850, 0.0429688
201907241900, 0.0148655
201907241910, 0.0176866
201907241920, 0.00607639
201907241930, 0.0402561
201907241940, 0
201907241950, 0
201907242000, 0
201907242010, 0.00412326
201907242020, 0.0112847
201907242030, 0.000108507
201907242040, 0.24349
201907242050, 0.385091
201907242100, 0.190972
201907242110, 0.691515
201907242120, 0.791341
201907242130, 0.977539
201907242140, 1.24772
201907242150, 1.55176
201907242200, 1.90375
201907242210, 1.95486
201907242220, 2.5166
201907242230, 2.94065
201907242240, 3.21799
201907242250, 3.48969
201907242300, 3.81196
201907242310, 3.78689
201907242320, 4.09928
201907242330, 4.32237
201907242340, 4.06055
201907242350, 4.25781
201907250000, 4.24533
201907250010, 3.79666
201907250020, 3.3202
201907250030, 2.98741
201907250040, 3.13628
201907250050, 3.4579
201907250100, 3.95616
201907250110, 4.24859
201907250120, 4.69
201907250130, 4.4796
201907250140, 4.55545
201907250150, 4.66829
201907250200, 4.80556
201907250210, 4.70215
201907250220, 4.78082
201907250230, 4.81651
201907250240, 4.91157
201907250250, 5.10666
201907250300, 5.23036
201907250310, 5.33474
201907250320, 5.10525
201907250330, 5.04253
201907250340, 4.82921
201907250350, 4.88401
201907250400, 5.10731
201907250410, 4.63726
201907250420, 4.44564
201907250430, 3.8674
201907250440, 3.74306
201907250450, 2.48351
201907250500, 1.72222
201907250510, 1.87576
201907250520, 1.01845
201907250530, 0.524089
201907250540, 0.39681
201907250550, 0.52181
201907250600, 0.222548
201907250610, 0.18967
201907250620, 0.0872396
201907250630, 0.0934245
201907250640, 0.145725
201907250650, 0.204102
201907250700, 0.0792101
201907250710, 0.190213
201907250720, 0.21799
201907250730, 0.0890842
201907250740, 0.121853
201907250750, 0.0678168
201907250800, 0.0532769
201907250810, 0.0169271
201907250820, 0.274414
201907250830, 0.117296
201907250840, 0.062717
201907250850, 0.000759549
201907250900, 0.00998264
201907250910, 0.00998264
201907250920, 0.0434028
201907250930, 0.016059
201907250940, 0.0015191
201907250950, 0.00661892
201907251000, 0.016276
201907251010, 0.00607639
201907251020, 0.0169271
201907251030, 0.023763
201907251040, 0.0248481
201907251050, 0.0212674
201907251100, 0.0117188
201907251110, 0.03852
201907251120, 0.00824653
201907251130, 0.0173611
201907251140, 0.00672743
201907251150, 0.00846354
201907251200, 0.0254991
201907251210, 0.0217014
201907251220, 0.0246311
201907251230, 0.0103082
201907251240, 0
201907251250, 0
201907251300, 0.00444878
201907251310, 0.0289714
201907251320, 0.0275608
201907251330, 0.000868056
201907251340, 0.000325521
201907251350, 0
201907251400, 0.00900608
201907251410, 0
201907251420, 0.0528429
201907251430, 0.0348307
201907251440, 0.162218
201907251450, 0.100803
201907251500, 0.297852
201907251510, 0.00206163
201907251520, 0.00271267
201907251530, 0.0533854
201907251540, 0.00683594
201907251550, 0.0145399
201907251600, 0.0107422
201907251610, 0.0093316
201907251620, 0.00726997
201907251630, 0.00716146
201907251640, 0.0270182
201907251650, 0.00792101
201907251700, 0.00748698
201907251710, 0.0121528
201907251720, 0.0593533
201907251730, 0.0274523
201907251740, 0.000217014
201907251750, 0.0106337
201907251800, 0.0179036
201907251810, 0.109049
201907251820, 0
201907251830, 0
201907251840, 0.0186632
201907251850, 0.00238715
201907251900, 0.0669488
201907251910, 0.229275
201907251920, 0.0489366
201907251930, 0.220486
201907251940, 0.199978
201907251950, 0.16135
201907252000, 0.161458
201907252010, 0.115451
201907252020, 0.530707
201907252030, 0.0616319
201907252040, 0.0626085
201907252050, 0.0477431
201907252100, 0.0167101
201907252110, 0.0884332
201907252120, 0.263889
201907252130, 0.309353
201907252140, 0.278646
201907252150, 0.0374349
201907252200, 1.29709
201907252210, 1.2972
201907252220, 1.7117
201907252230, 2.15397
201907252240, 2.48622
201907252250, 2.85178
201907252300, 3.27626
201907252310, 4.06011
201907252320, 4.7322
201907252330, 5.3048
201907252340, 5.85384
201907252350, 6.41124
201907260000, 7.24392
201907260010, 7.65744
201907260020, 7.34299
201907260030, 7.52528
201907260040, 8.22548
201907260050, 8.7691
201907260100, 9.5855
201907260110, 9.9082
201907260120, 10.5357
201907260130, 10.8536
201907260140, 9.84429
201907260150, 9.53819
201907260200, 8.68132
201907260210, 7.35178
201907260220, 7.09125
201907260230, 6.63596
201907260240, 6.07986
201907260250, 5.49653
201907260300, 4.54264
201907260310, 4.05447
201907260320, 4.63303
201907260330, 4.38086
201907260340, 3.8061
201907260350, 3.10786
201907260400, 3.89138
201907260410, 3.80545
201907260420, 3.50705
201907260430, 3.69401
201907260440, 2.94325
201907260450, 2.39941
201907260500, 1.76682
201907260510, 1.61426
201907260520, 2.07747
201907260530, 2.08887
201907260540, 1.83236
201907260550, 1.69857
201907260600, 1.56391
201907260610, 1.40397
201907260620, 1.15245
201907260630, 1.0076
201907260640, 0.857205
201907260650, 1.10362
201907260700, 0.926975
201907260710, 1.03733
201907260720, 1.04948
201907260730, 0.390408
201907260740, 0.353299
201907260750, 0.421875
201907260800, 0.244466
201907260810, 0.507812
201907260820, 0.223199
201907260830, 0.236979
201907260840, 0.304579
201907260850, 0.1824
201907260900, 0.113824
201907260920, 0.031467
201907260930, 0.0334201
201907260940, 0.0801866
201907260950, 0.0755208
201907261000, 0.0670573
201907261010, 0.086697
201907261020, 0.0731337
201907261030, 0.0589193
201907261040, 0.085829
201907261050, 0.195638
201907261100, 0.0512153
201907261110, 0.0605469
201907261120, 0.0811632
201907261130, 0.0397135
201907261140, 0.105903
201907261150, 0.0757378
201907261200, 0.0214844
201907261210, 0.00108507
201907261220, 0.077691
201907261230, 0.0478516
201907261240, 0.03125
201907261250, 0.0272352
201907261300, 0.0900608
201907261310, 0.0519748
201907261320, 0.0211589
201907261330, 0.031467
201907261340, 0.0792101
201907261350, 0.358398
201907261400, 0.511719
201907261410, 1.19976
201907261420, 0.936632
201907261430, 0.701823
201907261440, 0.871419
201907261450, 0.442925
201907261500, 0.507595
201907261510, 0.42296
201907261520, 0.633681
201907261530, 0.479709
201907261540, 0.437066
201907261550, 0.591146
201907261600, 0.556098
201907261610, 0.709527
201907261620, 0.982964
201907261630, 1.06055
201907261640, 1.38997
201907261650, 1.44596
201907261700, 1.15766
201907261710, 0.87717
201907261720, 1.07509
201907261730, 0.812391
201907261740, 0.747938
201907261750, 0.790365
201907261800, 0.81977
201907261810, 0.860134
201907261820, 0.867405
201907261830, 0.650065
201907261840, 0.730794
201907261850, 0.388238
201907261900, 0.43533
201907261910, 0.210938
201907261920, 0.200738
201907261930, 0.000976562
201907261940, 0.0649957
201907261950, 0.0381944
201907262000, 0.0886502
201907262010, 0.0685764
201907262020, 0.00770399
201907262030, 0.0194227
201907262040, 0.0120443
201907262050, 0.0271267
201907262100, 0.0275608
201907262110, 0.0576172
201907262120, 0.0031467
201907262130, 0.0108507
201907262140, 0.0159505
201907262150, 0.0363498
201907262200, 0.0015191
201907262210, 0.00368924
201907262220, 0.0679253
201907262230, 0
201907262240, 0.14171
201907262250, 0.15918
201907262300, 0.723633
201907262310, 1.33312
201907262330, 2.40853
201907262340, 2.77886
201907262350, 3.57737
201907270000, 4.64659
201907270010, 5.02235
201907270020, 5.29112
201907270030, 6.25315
201907270040, 7.18837
201907270050, 8.40386
201907270100, 9.10959
201907270110, 9.44499
201907270120, 10.3811
201907270130, 11.4528
201907270140, 11.8215
201907270150, 10.8792
201907270200, 11.8651
201907270210, 12.3468
201907270230, 12.9881
201907270240, 12.3317
201907270250, 12.413
201907270300, 11.7706
201907270310, 12.2744
201907270320, 12.3125
201907270330, 11.9529
201907270340, 11.1488
201907270350, 11.3703
201907270400, 11.6615
201907270410, 11.6721
201907270420, 10.8529
201907270430, 11.2609
201907270440, 10.9079
201907270450, 11.335
201907270500, 10.913
201907270510, 10.461
201907270520, 9.91428
201907270530, 8.23155
201907270540, 7.84907
201907270550, 6.83116
201907270600, 9.90549
201907270610, 11.2192
201907270620, 10.7729
201907270630, 11.2179
201907270640, 11.7923
201907270650, 13.1632
201907270700, 13.8682
201907270710, 15.0369
201907270720, 15.1822
201907270730, 15.5268
201907270740, 15.6407
201907270750, 15.7081
201907270800, 15.4191
201907270810, 14.9739
201907270820, 14.2722
201907270830, 13.4025
201907270840, 13.4821
201907270850, 12.8818
201907270900, 12.3944
201907270910, 12.1772
201907270920, 12.2321
201907270930, 11.9258
201907270940, 12.2092
201907270950, 12.1445
201907271000, 12.2227
201907271010, 11.7546
201907271020, 11.1561
201907271030, 9.17654
201907271040, 8.13412
201907271050, 7.10818
201907271100, 6.17318
201907271110, 5.2857
201907271120, 5.56727
201907271130, 4.31304
201907271140, 3.67817
201907271150, 2.93739
201907271200, 1.17806
201907271210, 1.20562
201907271220, 0.750217
201907271230, 0.259983
201907271240, 0.125543
201907271250, 0.0491536
201907271300, 0.145616
201907271310, 0.558051
201907271320, 0.45638
201907271330, 0.0559896
201907271340, 0.351888
201907271350, 0.345486
201907271400, 0.49924
201907271410, 0.768663
201907271420, 0.922635
201907271430, 0.909071
201907271440, 0.286458
201907271450, 0.220812
201907271500, 0.0513238
201907271510, 0.146159
201907271520, 0.207899
201907271530, 0.148003
201907271540, 0.0653212
201907271550, 0.00358073
201907271600, 0
201907271610, 0.0234375
201907271620, 0.0266927
201907271630, 0.00531684
201907271640, 0.0460069
201907271650, 0.0295139
201907271700, 0.03852
201907271710, 0.0336372
201907271720, 0.023329
201907271730, 0.0189887
201907271740, 0.0078125
201907271750, 0.031033
201907271800, 0.0105252
201907271810, 0.00770399
201907271820, 0.0279948
201907271830, 0.00683594
201907271840, 0.28559
201907271850, 0.0104167
201907271900, 0.0094401
201907271910, 0.0297309
201907271920, 0.0167101
201907271930, 0.258464
201907271940, 0.0805122
201907271950, 0.0302734
201907272000, 0.0589193
201907272010, 0.0298394
201907272020, 0.0505642
201907272030, 0.0172526
201907272040, 0.0190972
201907272050, 0.0194227
201907272100, 0.00444878
201907272110, 0.0196398
201907272120, 0.293186
201907272130, 0.360243
201907272140, 0.313043
201907272150, 0.45421
201907272200, 0.275933
201907272210, 0.355035
201907272220, 0.0950521
201907272230, 0.336914
201907272240, 0.724175
201907272250, 0.912652
201907272300, 1.16092
201907272310, 1.17014
201907272320, 1.37988
201907272330, 1.54601
201907272340, 1.64551
201907272350, 1.73264
201907280000, 1.80762
201907280010, 2.09516
201907280020, 2.26747
201907280030, 2.72635
201907280040, 4.09299
201907280050, 6.72982
201907280100, 7.65158
201907280110, 11.163
201907280120, 12.679
201907280130, 13.8829
201907280140, 16.9295
201907280150, 17.5352
201907280200, 16.8651
201907280210, 17.2427
201907280220, 17.3525
201907280230, 17.3163
201907280240, 16.6288
201907280250, 14.6189
201907280300, 12.4947
201907280310, 12.9705
201907280320, 13.8638
201907280330, 13.545
201907280340, 14.3875
201907280350, 15.3358
201907280400, 13.5036
201907280410, 14.8451
201907280420, 14.8647
201907280440, 12.7649
201907280450, 11.2447
201907280500, 10.0523
201907280510, 9.35069
201907280520, 9.28006
201907280530, 8.91016
201907280540, 8.66819
201907280550, 9.47255
201907280600, 8.91775
201907280610, 9.08832
201907280630, 9.56944
201907280640, 9.30306
201907280650, 9.66395
201907280700, 8.79611
201907280710, 7.87457
201907280720, 8.0548
201907280730, 7.99674
201907280740, 8.07357
201907280750, 8.33463
201907280800, 7.9617
201907280810, 8.0395
201907280820, 8.0829
201907280840, 7.27116
201907280850, 6.94358
201907280900, 6.32444
201907280910, 6.09896
201907280920, 5.6582
201907280930, 5.66786
201907280940, 5.45909
201907280950, 4.41623
201907281000, 3.90191
201907281010, 3.10742
201907281020, 3.2296
201907281030, 2.9732
201907281040, 3.35851
201907281050, 3.00271
201907281100, 2.05577
201907281110, 1.31
201907281120, 0.855035
201907281130, 0.688151
201907281140, 0.273221
201907281150, 0.249349
201907281200, 0.147569
201907281210, 0.154839
201907281220, 0.0745443
201907281230, 0.0363498
201907281240, 0.0980903
201907281250, 0.0610894
201907281300, 0.0283203
201907281310, 0.0115017
201907281320, 0.00455729
201907281330, 0.00857205
201907281340, 0.00705295
201907281350, 0.0175781
201907281400, 0.0219184
201907281410, 0.0137804
201907281420, 0.00661892
201907281430, 0.00889757
201907281440, 0.00238715
201907281450, 0
201907281500, 0.000651042
201907281510, 0
201907281520, 0
201907281530, 0.0245226
201907281540, 0
201907281550, 0
201907281600, 0.00607639
201907281610, 0
201907281620, 0.0119358
201907281630, 0.0243056
201907281640, 0.0186632
201907281650, 0.0374349
201907281700, 0.0111762
201907281710, 0.00238715
201907281720, 0
201907281730, 0.154731
201907281740, 0.0168186
201907281750, 0.0747613
201907281800, 0.00336372
201907281810, 0
201907281820, 0.22895
201907281830, 0.326606
201907281840, 0.170247
201907281850, 0.149197
201907281900, 0.396267
201907281910, 0.202148
201907281920, 0
201907281930, 0
201907281940, 0
201907281950, 0
201907282000, 0.00195312
201907282010, 0
201907282020, 0
201907282030, 0
201907282040, 0
201907282050, 0
201907282100, 0
201907282110, 0.715603
201907282120, 0.850803
201907282130, 0.913845
201907282140, 0.898112
201907282150, 1.25987
201907282200, 1.50336
201907282210, 1.65788
201907282220, 1.59668
201907282230, 1.72233
201907282240, 1.97092
201907282250, 2.03158
201907282300, 2.27908
201907282310, 2.42969
201907282320, 2.51128
201907282330, 2.91764
201907282340, 3.0829
201907282350, 3.63965
201907290000, 3.85124
201907290010, 4.04395
201907290020, 4.64193
201907290030, 5.54796
201907290040, 6.72667
201907290050, 9.64692
201907290100, 10.5551
201907290110, 12.2926
201907290120, 13.9367
201907290130, 13.7981
201907290140, 13.2414
201907290150, 12.5385
201907290200, 11.3471
201907290210, 10.6738
201907290220, 11.0481
201907290230, 10.949
201907290240, 12.2209
201907290250, 12.165
201907290300, 12.3213
201907290310, 12.0295
201907290320, 12.346
201907290330, 13.0361
201907290340, 12.7684
201907290350, 12.4503
201907290400, 12.1455
201907290410, 12.1718
201907290420, 12.2909
201907290430, 11.5902
201907290440, 11.4843
201907290450, 11.3396
201907290500, 10.4116
201907290510, 10.5878
201907290520, 10.532
201907290530, 9.69824
201907290540, 10.1281
201907290550, 10.023
201907290600, 9.6071
201907290610, 10.1207
201907290620, 10.1494
201907290630, 9.39681
201907290640, 8.787
201907290650, 9.12153
201907290700, 8.93533
201907290710, 7.90831
201907290720, 7.64898
201907290730, 7.28027
201907290740, 7.04329
201907290750, 7.10059
201907290800, 6.94249
201907290810, 7.12565
201907290820, 6.56141
201907290830, 6.12305
201907290840, 5.19325
201907290850, 5.49891
201907290900, 4.71821
201907290910, 4.11176
201907290920, 3.8903
201907290930, 3.4388
201907290940, 1.96832
201907290950, 2.31684
201907291000, 1.74197
201907291010, 1.06337
201907291020, 0.884874
201907291030, 0.0112847
201907291040, 0.191949
201907291050, 0.518989
201907291100, 0.0711806
201907291110, 0.128472
201907291120, 0.0143229
201907291130, 0.0194227
201907291140, 0.0274523
201907291150, 0.0106337
201907291200, 0.0802951
201907291220, 0.0519748
201907291230, 0.121311
201907291240, 0.110352
201907291250, 0.237088
201907291300, 0.031684
201907291310, 0.403212
201907291320, 0.37424
201907291330, 0.362847
201907291340, 0.386827
201907291350, 0.406033
201907291400, 0.486871
201907291410, 0.419054
201907291420, 0.374457
201907291430, 0.347765
201907291440, 0.257161
201907291450, 0.166341
201907291500, 0.19694
201907291510, 0.16135
201907291520, 0.0172526
201907291530, 0.0131293
201907291540, 0.0120443
201907291550, 0.0046658
201907291600, 0.0118273
201907291610, 0.00607639
201907291620, 0.00792101
201907291630, 0.0144314
201907291640, 0.0246311
201907291650, 0.00499132
201907291700, 0.015625
201907291710, 0.0269097
201907291720, 0.00857205
201907291730, 0.0148655
201907291740, 0.0223524
201907291750, 0.00358073
201907291800, 0.000651042
201907291810, 0.046658
201907291820, 0.0472005
201907291830, 0.0323351
201907291840, 0.0238715
201907291850, 0.00509983
201907291900, 0.0419922
201907291910, 0.0195312
201907291920, 0.0274523
201907291930, 0.119249
201907291940, 0.296224
201907291950, 0.268338
201907292000, 0.334961
201907292010, 0.455078
201907292020, 0.528863
201907292030, 0.874566
201907292040, 0.812934
201907292050, 1.36447
201907292100, 1.54698
201907292110, 1.62207
201907292120, 1.82205
201907292130, 1.89377
201907292140, 1.98242
201907292150, 2.00358
201907292200, 2.04449
201907292210, 2.06413
201907292220, 2.12424
201907292230, 2.45454
201907292240, 2.1799
201907292250, 2.30577
201907292300, 2.46853
201907292310, 2.5906
201907292320, 2.91254
201907292330, 3.53548
201907292340, 4.01248
201907292350, 4.67502
201907300000, 5.51899
201907300010, 6.24761
201907300020, 6.59212
201907300030, 7.91927
201907300040, 10.6367
201907300050, 11.8163
201907300100, 13.2866
201907300110, 13.928
201907300120, 15.0476
201907300130, 15.0979
201907300140, 14.897
201907300150, 15.3252
201907300200, 15.1531
201907300210, 15.3423
201907300220, 15.0935
201907300230, 14.9256
201907300240, 15.5715
201907300250, 14.9638
201907300300, 14.3192
201907300310, 13.1432
201907300320, 13.2435
201907300330, 12.4617
201907300340, 12.4316
201907300350, 11.8441
201907300400, 11.3466
201907300410, 11.0634
201907300420, 10.3071
201907300430, 9.33529
201907300440, 8.92177
201907300450, 8.93837
201907300500, 8.08474
201907300510, 8.7487
201907300520, 8.16602
201907300530, 7.79156
201907300540, 7.6709
201907300550, 7.87109
201907300600, 8.31022
201907300610, 8.95801
201907300620, 9.13194
201907300630, 8.87435
201907300640, 8.65234
201907300650, 8.01975
201907300700, 7.75239
201907300710, 7.86317
201907300720, 7.47428
201907300730, 7.55132
201907300740, 7.76031
201907300750, 7.89703
201907300800, 8.27724
201907300810, 8.98969
201907300820, 8.72363
201907300830, 7.93175
201907300840, 6.90809
201907300850, 5.73427
201907300900, 4.72244
201907300910, 3.99642
201907300920, 3.90126
201907300930, 3.47168
201907300940, 3.34234
201907300950, 3.47483
201907301000, 3.42828
201907301010, 3.25098
201907301020, 2.55588
201907301030, 2.40636
201907301040, 2.58073
201907301050, 2.92383
201907301100, 2.6824
201907301110, 2.7054
201907301120, 2.28092
201907301130, 2.0497
201907301140, 1.01356
201907301150, 0.395725
201907301200, 0.502279
201907301210, 0.379883
201907301220, 0.201172
201907301230, 0.198676
201907301240, 0.475477
201908010000, 8.1377
201908010010, 8.83225
201908010020, 10.6327
201908010030, 10.6061
201908010040, 12.5825
201908010050, 13.3553
201908010100, 16.5658
201908010110, 18.776
201908010120, 19.656
201908010130, 19.5706
201908010140, 20.1199
201908010150, 20.0486
201908010200, 20.5366
201908010210, 19.7466
201908010220, 20.4944
201908010230, 20.7393
201908010240, 20.9293
201908010250, 22.1941
201908010300, 22.436
201908010310, 20.9911
201908010320, 22.1776
201908010330, 22.2432
201908010340, 22.605
201908010350, 22.5612
201908010400, 21.9709
201908010410, 21.5779
201908010420, 21.1173
201908010430, 20.8252
201908010440, 20.0277
201908010450, 18.9491
201908010500, 18.441
201908010510, 17.6864
201908010520, 16.8543
201908010530, 17.2854
201908010540, 15.9558
201908010550, 15.9281
201908010600, 14.5119
201908010610, 13.8109
201908010620, 13.2032
201908010630, 12.7243
201908010640, 11.8878
201908010650, 11.0343
201908010700, 10.2623
201908010710, 9.39486
201908010720, 8.17209
201908010730, 7.25477
201908010740, 5.87804
201908010750, 5.65994
201908010800, 4.91092
201908010810, 4.9337
201908010820, 5.27214
201908010830, 4.58431
201908010840, 3.97244
201908010850, 2.21191
201908010900, 1.92307
201908010910, 1.0931
201908010920, 0.245551
201908010930, 0.0768229
201908010940, 0.0337457
201908010950, 0.00868056
201908011000, 0.00748698
201908011010, 0.000542535
201908011020, 0.0901693
201908011030, 0.0016276
201908011040, 0.0526259
201908011050, 0.0157335
201908011100, 0.069987
201908011110, 0.0825738
201908011120, 0.0290799
201908011130, 0.0553385
201908011140, 0.0582682
201908011150, 0.0754123
201908011200, 0.0167101
201908011210, 0.00249566
201908011220, 0.0138889
201908011230, 0.00141059
201908011240, 0.00379774
201908011250, 0.0103082
201908011300, 0.00206163
201908011310, 0.0106337
201908011320, 0.0198568
201908011330, 0.0159505
201908011340, 0.031033
201908011350, 0.000868056
201908011400, 0.0122613
201908011410, 0.0172526
201908011420, 0.0339627
201908011430, 0.0447049
201908011440, 0.126736
201908011450, 0.0101997
201908011500, 0.0575087
201908011510, 0.0285373
201908011520, 0.00585938
201908011530, 0.00868056
201908011540, 0.0110677
201908011550, 0.0094401
201908011600, 0.0131293
201908011610, 0.0094401
201908011620, 0.0207248
201908011630, 0.0105252
201908011640, 0.00716146
201908011650, 0.0203993
201908011700, 0.0046658
201908011710, 0.0275608
201908011720, 0.0101997
201908011730, 0.0124783
201908011740, 0.0182292
201908011750, 0.0122613
201908011800, 0.0015191
201908011810, 0.00271267
201908011820, 0.031467
201908011830, 0.0810547
201908011840, 0.246853
201908011900, 0.196506
201908011910, 0.274523
201908011920, 0.415365
201908011930, 0.336263
201908011940, 0.436415
201908011950, 0.574002
201908012000, 0.697049
201908012010, 0.839518
201908012020, 0.932834
201908012030, 0.910048
201908012040, 1.13498
201908012050, 1.01552
201908012100, 1.39638
201908012110, 1.50434
201908012120, 1.57747
201908012130, 1.59245
201908012140, 1.57183
201908012150, 1.82552
201908012200, 2.10742
201908012210, 2.25195
201908012220, 2.56
201908012230, 2.49034
201908012240, 2.73166
201908012250, 3.02192
201908012300, 3.28624
201908012310, 3.53103
201908012320, 3.77734
201908012330, 4.26693
201908012340, 4.66819
201908012350, 5.69227
201908020000, 6.30371
201908020010, 6.33507
201908020020, 6.60384
201908020030, 8.08941
201908020040, 9.99056
201908020050, 11.9919
201908020100, 13.1622
201908020110, 12.8458
201908020120, 13.1201
201908020130, 13.5837
201908020140, 13.678
201908020150, 13.1848
201908020200, 13.142
201908020210, 13.1944
201908020220, 13.8609
201908020230, 14.2858
201908020240, 14.4028
201908020250, 14.2611
201908020300, 13.8205
201908020310, 14.3813
201908020320, 14.3512
201908020330, 14.4251
201908020340, 14.6585
201908020350, 14.3203
201908020400, 13.6914
201908020410, 13.1487
201908020420, 13.6924
201908020430, 14.0601
201908020440, 14.0068
201908020450, 13.6217
201908020500, 14.05
201908020510, 14.2705
201908020520, 12.1956
201908020530, 10.964
201908020540, 9.89399
201908020550, 9.12164
201908020600, 7.78646
201908020610, 7.02409
201908020620, 6.87088
201908020630, 6.32172
201908020640, 6.74132
201908020650, 6.24132
201908020700, 6.71962
201908020710, 5.47526
201908020720, 5.03678
201908020730, 5.48535
201908020740, 4.25673
201908020750, 3.99881
201908020800, 4.32693
201908020810, 3.19683
201908020820, 2.66992
201908020830, 2.89909
201908020840, 1.95095
201908020850, 0.860243
201908020900, 0.366645
201908020910, 0.304036
201908020920, 0.295139
201908020930, 0.144206
201908020940, 0.0159505
201908020950, 0.00922309
201908021000, 0.00835503
201908021010, 0.0751953
201908021020, 0.031467
201908021030, 0.0132378
201908021040, 0.00336372
201908021050, 0.00260417
201908021100, 0.00672743
201908021110, 0.00813802
201908021120, 0.00857205
201908021130, 0.0062934
201908021140, 0
201908021150, 0
201908021200, 0.0078125
201908021210, 0.00412326
201908021220, 0.000108507
201908021230, 0.00401476
201908021240, 0.00108507
201908021250, 0.000325521
201908021300, 0.000434028
201908021310, 0.00119358
201908021320, 0.00542535
201908021330, 0
201908021340, 0.00271267
201908021350, 0.0101997
201908021400, 0.00260417
201908021410, 0.00672743
201908021420, 0.000434028
201908021430, 0.00488281
201908021440, 0.00531684
201908021450, 0.00336372
201908021500, 0.0211589
201908021510, 0.0100911
201908021520, 0.0261502
201908021530, 0.00358073
201908021540, 0.229926
201908021550, 0.0709635
201908021600, 0.000217014
201908021610, 0.17513
201908021620, 0.0124783
201908021630, 0.126736
201908021640, 0.121419
201908021650, 0.0298394
201908021700, 0.0409071
201908021710, 0.0180122
201908021720, 0.0773655
201908021730, 0.0136719
201908021740, 0.0224609
201908021750, 0.031901
201908021800, 0.00596788
201908021810, 0.0223524
201908021820, 0.105035
201908021830, 0.0835503
201908021840, 0.0200738
201908021850, 0.0119358
201908021900, 0.0349392
201908021910, 0.00640191
201908021920, 0.0953776
201908021930, 0.207574
201908021940, 0.206597
201908021950, 0.393555
201908022000, 0.273112
201908022010, 0.412869
201908022020, 0.506076
201908022030, 0.5
201908022040, 0.680447
201908022050, 0.393663
201908022100, 0.693468
201908022110, 0.887261
201908022120, 0.94987
201908022130, 1.12185
201908022140, 1.21842
201908022150, 0.990343
201908022200, 1.33051
201908022210, 1.39008
201908022220, 1.78516
201908022230, 1.90853
201908022240, 2.00857
201908022250, 2.24664
201908022300, 2.40766
201908022310, 2.7079
201908022320, 3.22483
201908022330, 4.02517
201908022340, 4.49566
201908022350, 5.23557
201908030000, 4.95519
201908030010, 5.14334
201908030020, 5.23448
201908030030, 6.41211
201908030040, 8.44759
201908030050, 11.6215
201908030100, 12.4935
201908030110, 13.0975
201908030120, 13.1181
201908030130, 12.406
201908030140, 12.7687
201908030150, 12.7312
201908030200, 12.4686
201908030210, 12.4944
201908030220, 12.727
201908030230, 11.8746
201908030240, 11.9966
201908030250, 12.8506
201908030300, 12.3975
201908030310, 12.173
201908030320, 12.4709
201908030330, 12.4199
201908030340, 12.0397
201908030350, 12.0256
201908030400, 12.1593
201908030410, 12.028
201908030420, 12.1769
201908030430, 12.3679
201908030440, 11.947
201908030450, 11.666
201908030500, 11.4084
201908030510, 10.7402
201908030520, 10.2413
201908030530, 10.1402
201908030540, 9.49794
201908030550, 9.4031
201908030600, 8.52214
201908030610, 8.60948
201908030620, 7.97179
201908030630, 7.51931
201908030640, 7.32487
201908030650, 6.61013
201908030700, 6.6174
201908030710, 6.6084
201908030720, 5.73351
201908030730, 5.24967
201908030740, 4.71962
201908030750, 4.21387
201908030800, 3.83572
201908030810, 3.36513
201908030820, 3.01693
201908030830, 1.92253
201908030840, 1.42676
201908030850, 1.44086
201908030900, 1.35536
201908030910, 1.10536
201908030920, 1.21647
201908030930, 0.730686
201908030940, 1.01942
201908030950, 1.02268
201908031000, 0.668077
201908031010, 0.829536
201908031020, 1.57769
201908031030, 1.75239
201908031040, 1.1594
201908031050, 1.02984
201908031100, 1.63639
201908031110, 1.8023
201908031120, 1.67415
201908031130, 1.7946
201908031140, 2.12099
201908031150, 2.3023
201908031200, 2.07422
201908031210, 2.3967
201908031220, 1.94303
201908031230, 1.6123
201908031240, 1.58767
201908031250, 1.07661
201908031300, 1.24946
201908031310, 0.741428
201908031320, 0.612847
201908031330, 0.832357
201908031340, 0.523655
201908031350, 0.563151
201908031400, 0.552083
201908031410, 0.394965
201908031420, 0.414605
201908031430, 0.733073
201908031440, 0.296332
201908031450, 0.173611
201908031500, 0
201908031510, 0.0366753
201908031520, 0
201908031530, 0.000108507
201908031540, 0.000217014
201908031550, 0.0015191
201908031600, 0.0206163
201908031610, 0.349501
201908031620, 0.0964627
201908031630, 0.371419
201908031640, 0.0412326
201908031650, 0.0927734
201908031700, 0.173394
201908031710, 0.000542535
201908031720, 0
201908031730, 0.00173611
201908031740, 0.030816
201908031750, 0.0705295
201908031800, 0.104818
201908031810, 0.000651042
201908031820, 0.0109592
201908031830, 0.156576
201908031840, 0.274631
201908031850, 0.39247
201908031900, 0.0093316
201908031910, 0
201908031920, 0
201908031930, 0.172092
201908031940, 0.556858
201908031950, 0.280382
201908032000, 0.116645
201908032010, 0.190972
201908032020, 0.128906
201908032030, 0.0780165
201908032040, 0.0657552
201908032050, 0
201908032100, 0
201908032110, 0.0246311
201908032130, 0.0649957
201908032140, 0.180013
201908032150, 0.0122613
201908032200, 0.111979
201908032210, 0.320421
201908032220, 0.022895
201908032230, 0.667318
201908032240, 0.326823
201908032250, 0.159831
201908032310, 0.727105
201908032320, 0.655382
201908032330, 0.152235
201908032340, 0.116319
201908032350, 0.117296
201908040000, 0.573134
201908040010, 0.413737
201908040020, 0.593858
201908040030, 0.736654
201908040040, 1.14659
201908040050, 2.07726
201908040100, 3.15137
201908040110, 3.68967
201908040120, 3.51628
201908040130, 4.24154
201908040140, 4.28885
201908040150, 5.8036
201908040200, 6.07096
201908040210, 6.17307
201908040220, 6.03114
201908040230, 5.42383
201908040240, 6.38249
201908040250, 6.81239
201908040300, 7.01194
201908040310, 7.45432
201908040320, 7.30219
201908040330, 5.79275
201908040340, 5.77062
201908040350, 5.40321
201908040400, 4.77322
201908040410, 4.78776
201908040420, 4.63813
201908040430, 3.65365
201908040440, 3.36523
201908040450, 3.20475
201908040500, 2.82823
201908040510, 2.61404
201908040520, 1.51378
201908040530, 1.3367
201908040540, 1.30903
201908040550, 0.96951
201908040600, 0.988064
201908040610, 0.906576
201908040620, 0.692166
201908040630, 0.608941
201908040640, 0.308811
201908040650, 0.222331
201908040700, 0.278429
201908040710, 0.304253
201908040720, 0.0716146
201908040730, 0.0482856
201908040740, 0.114366
201908040750, 0.0753038
201908040800, 0.0756293
201908040810, 0.204102
201908040820, 0.254991
201908040830, 0.053928
201908040840, 0.00813802
201908040850, 0.0256076
201908040900, 0.00271267
201908040910, 0.0516493
201908040920, 0.0753038
201908040930, 0.0613064
201908040940, 0.00792101
201908040950, 0.0361328
201908041000, 0.0538194
201908041010, 0.00141059
201908041020, 0.039388
201908041030, 0.237522
201908041040, 0.014974
201908041050, 0.0214844
201908041100, 0.00336372
201908041110, 0.00900608
201908041120, 0.0016276
201908041130, 0.00195312
201908041140, 0.00206163
201908041150, 0.00227865
201908041200, 0.0093316
201908041210, 0.0169271
201908041220, 0.0256076
201908041230, 0.000217014
201908041240, 0.000217014
201908041250, 0.0061849
201908041300, 0.00672743
201908041310, 0.00737847
201908041320, 0.053928
201908041330, 0.0016276
201908041340, 0.109809
201908041350, 0.177734
201908041400, 0.176649
201908041410, 0
201908041420, 0.0031467
201908041430, 0.0171441
201908041440, 0.0440538
201908041450, 0.000542535
201908041500, 0.0279948
201908041510, 0.160807
201908041520, 0.141385
201908041530, 0.223633
201908041540, 0.211589
201908041550, 0.201931
201908041600, 0.12424
201908041610, 0.0875651
201908041620, 0
201908041630, 0.170898
201908041640, 0.295898
201908041650, 0.184896
201908041700, 0.111111
201908041710, 0.179905
201908041720, 0.230577
201908041730, 0.1875
201908041740, 0.102973
201908041750, 0.106771
201908041800, 0.00347222
201908041810, 0.117622
201908041820, 0.0556641
201908041830, 0.0243056
201908041840, 0.104275
201908041850, 0.197374
201908041900, 0.202257
201908041910, 0.334201
201908041920, 0.271918
201908041930, 0.405273
201908041940, 0.620768
201908041950, 0.268772
201908042000, 0.226671
201908042010, 0.0899523
201908042020, 0.168728
201908042030, 0.000868056
201908042040, 0.0394965
201908042050, 0.313585
201908042100, 0.0954861
201908042110, 0.0722656
201908042120, 0.104058
201908042130, 0.0997179
201908042140, 0.078125
201908042150, 0.140951
201908042200, 0.19911
201908042210, 0.0207248
201908042220, 0.169054
201908042230, 0.496745
201908042240, 0.0447049
201908042250, 0.667535
201908042300, 0.697917
201908042310, 0.636176
201908042320, 0.713976
201908042330, 0.942166
201908042340, 0.931858
201908042350, 1.19748
201908050000, 1.00629
201908050010, 1.2959
201908050020, 1.59516
201908050030, 1.91113
201908050040, 2.35547
201908050050, 3.73145
201908050100, 5.31272
201908050110, 5.46853
201908050120, 6.4043
201908050130, 7.27333
201908050140, 7.73644
201908050150, 8.40658
201908050200, 8.6416
201908050210, 8.98817
201908050220, 9.09223
201908050230, 9.05165
201908050240, 8.82986
201908050250, 8.88628
201908050300, 9.17003
201908050310, 9.21267
201908050320, 8.98872
201908050330, 8.85959
201908050340, 8.676
201908050350, 8.31304
201908050400, 8.19651
201908050410, 7.99664
201908050420, 7.60645
201908050430, 7.47016
201908050440, 7.49099
201908050450, 6.9515
201908050500, 6.56944
201908050510, 6.01161
201908050520, 5.16059
201908050530, 5.02854
201908050540, 5.09907
201908050550, 4.76085
201908050600, 4.87381
201908050610, 4.61263
201908050620, 4.21951
201908050630, 4.26986
201908050640, 3.88683
201908050650, 3.79579
201908050700, 3.30469
201908050710, 3.35015
201908050720, 2.44553
201908050730, 1.3508
201908050740, 1.47982
201908050750, 1.19271
201908050800, 1.01107
201908050810, 0.95931
201908050820, 0.88303
201908050830, 0.761068
201908050840, 0.614909
201908050850, 0.0223524
201908050900, 0.263238
201908050910, 0.0225694
201908050920, 0.0572917
201908050930, 0.0362413
201908050940, 0.0211589
201908050950, 0.0580512
201908051000, 0.0414497
201908051010, 0.0426432
201908051020, 0.0371094
201908051030, 0.016276
201908051040, 0.00347222
201908051050, 0.00520833
201908051100, 0.0117188
201908051110, 0.00368924
201908051120, 0.000108507
201908051130, 0.00336372
201908051140, 0.0326606
201908051150, 0.00206163
201908051200, 0.00173611
201908051210, 0.0265842
201908051220, 0.0130208
201908051230, 0.143121
201908051240, 0.0961372
201908051250, 0.0100911
201908051300, 0.0100911
201908051310, 0.023329
201908051320, 0
201908051330, 0.0250651
201908051340, 0
201908051350, 0.186523
201908051400, 0.135742
201908051410, 0.00661892
201908051420, 0.0989583
201908051430, 0.00564236
201908051440, 0.00737847
201908051450, 0.0791016
201908051500, 0.183702
201908051510, 0.0221354
201908051520, 0.227322
201908051530, 0.0303819
201908051540, 0.00455729
201908051550, 0.00878906
201908051600, 0.0103082
201908051610, 0.00846354
201908051620, 0.00553385
201908051630, 0.0062934
201908051640, 0.0148655
201908051650, 0.0078125
201908051700, 0.0679253
201908051710, 0.00412326
201908051720, 0.110026
201908051730, 0.0122613
201908051740, 0.0173611
201908051750, 0.0269097
201908051800, 0.0435113
201908051810, 0.0455729
201908051820, 0.0626085
201908051830, 0.120985
201908051840, 0.233507
201908051850, 0.0827908
201908051900, 0.202799
201908051910, 0.145291
201908051920, 0.229818
201908051930, 0.273003
201908051940, 0.329753
201908051950, 0.261393
201908052000, 0.286024
201908052010, 0.298177
201908052020, 0.324327
201908052030, 0.35612
201908052040, 0.529297
201908052050, 0.437609
201908052100, 0.581814
201908052110, 0.616428
201908052120, 0.552843
201908052130, 0.632704
201908052140, 0.686849
201908052150, 0.700304
201908052200, 0.686415
201908052210, 1.00228
201908052220, 1.07509
201908052230, 1.12967
201908052240, 1.28646
201908052250, 1.3367
201908052300, 1.34364
201908052310, 1.59516
201908052320, 1.62044
201908052330, 1.72504
201908052340, 1.78494
201908052350, 2.16135
201908060000, 2.3622
201908060010, 2.26345
201908060020, 2.33843
201908060030, 2.82031
201908060040, 4.56076
201908060050, 5.55208
201908060100, 5.99121
201908060110, 6.34679
201908060120, 6.64551
201908060130, 6.01562
201908060140, 5.324
201908060150, 6.14789
201908060200, 6.39876
201908060210, 6.42719
201908060220, 6.80067
201908060230, 6.77083
201908060240, 6.85851
201908060250, 6.90386
201908060300, 7.00521
201908060310, 6.79753
201908060320, 6.55111
201908060330, 6.51964
201908060340, 6.51812
201908060350, 6.40495
201908060400, 6.23817
201908060410, 5.44238
201908060430, 4.81988
201908060440, 4.21506
201908060450, 3.92231
201908060500, 3.40148
201908060510, 3.67763
201908060520, 4.30697
201908060530, 4.11903
201908060540, 4.15473
201908060550, 4.7245
201908060600, 4.40777
201908060610, 4.8584
201908060620, 5.20747
201908060630, 5.20768
201908060640, 5.27875
201908060650, 5.36979
201908060700, 5.25629
201908060710, 4.90896
201908060720, 4.55675
201908060730, 4.23145
201908060740, 3.90972
201908060750, 3.37305
201908060800, 2.46994
201908060810, 2.32563
201908060820, 1.94586
201908060830, 2.07758
201908060840, 0.958876
201908060850, 1.18446
201908060900, 1.08995
201908060910, 1.35406
201908060920, 0.714518
201908060930, 0.867621
201908060940, 0.968642
201908060950, 0.955078
201908061000, 0.632595
201908061010, 1.17209
201908061020, 0.81901
201908061030, 0.841254
201908061040, 1.10232
201908061050, 0.953125
201908061100, 0.929036
201908061110, 1.01964
201908061120, 1.31912
201908061130, 1.43251
201908061140, 1.0306
201908061150, 0.972982
201908061200, 0.909722
201908061210, 0.954753
201908061220, 1.00553
201908061230, 1.00564
201908061240, 0.80816
201908061250, 0.976129
201908061300, 1.07791
201908061310, 0.880859
201908061320, 0.667969
201908061330, 0.545464
201908061340, 0.389431
201908061350, 0.534071
201908061400, 0.311198
201908061410, 0.167643
201908061420, 0.162326
201908061430, 0.599284
201908061440, 1.30306
201908061450, 1.03451
201908061500, 0.898329
201908061510, 0.906576
201908061520, 0.887695
201908061530, 0.637261
201908061540, 0.0254991
201908061550, 0.0454644
201908061600, 0.365885
201908061610, 1.01063
201908061620, 0.923286
201908061630, 0.636936
201908061640, 0.381076
201908061650, 0.700087
201908061700, 0.833116
201908061710, 0.705512
201908061720, 0.738064
201908061730, 0.909939
201908061740, 0.621745
201908061750, 0.820204
201908061800, 0.744141
201908061810, 0.878364
201908061820, 0.598199
201908061830, 0.983507
201908061840, 0.700955
201908061850, 0.727431
201908061900, 0.8852
201908061910, 0.675564
201908061920, 0.55816
201908061930, 0.965929
201908061940, 0.83648
201908061950, 0.730686
201908062000, 0.815104
201908062010, 0.781142
201908062020, 0.828559
201908062030, 0.754666
201908062040, 0.815321
201908062050, 0.845052
201908062100, 0.663954
201908062110, 0.700521
201908062120, 0.628798
201908062130, 0.746202
201908062140, 0.534939
201908062150, 0.158095
201908062200, 0.243815
201908062210, 0.124023
201908062220, 0.306966
201908062230, 0.241428
201908062240, 0.319336
201908062250, 0.0849609
201908062300, 0.355903
201908062310, 0.817708
201908062320, 1.45964
201908062330, 1.01682
201908062340, 1.47949
201908062350, 0.732856
201908070000, 1.18034
201908070010, 2.30794
201908070020, 2.15017
201908070030, 3.97971
201908070040, 6.70193
201908070050, 8.63672
201908070100, 10.1069
201908070110, 9.34147
201908070120, 9.72114
201908070130, 9.52268
201908070140, 10.1656
201908070150, 10.0135
201908070200, 9.68132
201908070210, 9.02116
201908070220, 8.49653
201908070230, 7.59115
201908070240, 6.61632
201908070250, 6.55903
201908070300, 6.76823
201908070310, 6.30881
201908070320, 6.0855
201908070330, 6.10221
201908070340, 6.26313
201908070350, 6.15224
201908070400, 5.48416
201908070410, 5.59863
201908070420, 5.1786
201908070430, 4.69661
201908070440, 5.45964
201908070450, 4.61947
201908070500, 4.1786
201908070510, 4.73296
201908070520, 3.99566
201908070530, 4.00694
201908070540, 3.25662
201908070550, 2.9605
201908070600, 2.27886
201908070610, 2.72276
201908070620, 3.06478
201908070630, 3.16352
201908070640, 2.46083
201908070650, 2.94217
201908070700, 2.52246
201908070710, 2.17307
201908070720, 2.64019
201908070730, 2.3278
201908070740, 1.93815
201908070750, 0.950955
201908070800, 1.53277
201908070810, 2.15169
201908070820, 1.42936
201908070830, 1.67893
201908070840, 1.13053
201908070850, 1.24794
201908070900, 1.60319
201908070910, 1.25618
201908070920, 1.44401
201908070930, 0.777995
201908070940, 0.770182
201908070950, 0.296658
201908071000, 0.580621
201908071010, 0.33355
201908071020, 0.105252
201908071030, 0.0271267
201908071040, 0.29503
201908071050, 0.0874566
201908071100, 0.136285
201908071110, 0.0356988
201908071120, 0.0211589
201908071130, 0.0645616
201908071140, 0.054579
201908071150, 0.046224
201908071200, 0.0635851
201908071210, 0.0746528
201908071220, 0.0265842
201908071230, 0.038737
201908071240, 0.0324436
201908071250, 0.0148655
201908071300, 0.16135
201908071310, 0.146593
201908071320, 0.119792
201908071330, 0.210612
201908071340, 0.310004
201908071350, 0.340712
201908071400, 0.39171
201908071410, 0.615126
201908071420, 0.803277
201908071430, 0.528212
201908071440, 0.851888
201908071450, 0.948351
201908071500, 1.26421
201908071510, 1.93696
201908071520, 1.77138
201908071530, 1.86567
201908071540, 2.28668
201908071550, 3.16884
201908071600, 3.57595
201908071610, 4.14714
201908071620, 4.41743
201908071630, 3.79937
201908071640, 4.5166
201908071650, 4.31369
201908071700, 3.4133
201908071710, 2.52821
201908071720, 2.90354
201908071730, 3.72125
201908071740, 4.67567
201908071750, 3.31608
201908071800, 3.75174
201908071810, 3.35221
201908071820, 2.74837
201908071830, 2.52431
201908071840, 2.93435
201908071850, 2.26172
201908071900, 2.0816
201908071910, 2.49002
201908071920, 2.60048
201908071930, 2.76096
201908071940, 2.43197
201908071950, 2.28168
201908072000, 2.8304
201908072010, 2.09592
201908072020, 2.40104
201908072030, 2.06033
201908072040, 2.07465
201908072050, 2.07389
201908072100, 1.0893
201908072110, 1.37847
201908072120, 1.15115
201908072130, 1.32769
201908072140, 0.83572
201908072150, 0.933702
201908072200, 1.05143
201908072210, 0.799262
201908072220, 1.11871
201908072230, 0.671332
201908072240, 0.721463
201908072250, 0.558377
201908072300, 0.460069
201908072310, 0.283203
201908072320, 0.3227
201908072330, 0.222765
201908072340, 0.0657552
201908072350, 0.0635851
201908080000, 0.348958
201908080010, 0.291341
201908080020, 0.51888
201908080030, 0.5051
201908080040, 1.18945
201908080050, 2.73058
201908080100, 3.72526
201908080110, 4.08171
201908080120, 3.72515
201908080130, 3.54416
201908080140, 3.84787
201908080150, 3.90137
201908080200, 3.66081
201908080210, 4.15278
201908080220, 3.92459
201908080230, 4.2704
201908080240, 3.5969
201908080250, 3.70106
201908080300, 4.37728
201908080310, 3.13618
201908080320, 3.87826
201908080330, 3.70085
201908080340, 3.43186
201908080350, 3.70247
201908080400, 3.03613
201908080410, 2.71625
201908080420, 2.74924
201908080430, 2.28592
201908080440, 2.51324
201908080450, 1.80132
201908080500, 2.75543
201908080510, 1.72059
201908080520, 2.03049
201908080530, 1.79286
201908080540, 1.57585
201908080550, 0.529839
201908080600, 1.41113
201908080610, 1.59408
201908080620, 2.6059
201908080630, 2.78743
201908080640, 2.43544
201908080650, 3.05208
201908080700, 3.11795
201908080710, 1.91102
201908080720, 2.56391
201908080730, 2.97971
201908080740, 2.35569
201908080750, 3.69184
201908080800, 5.15158
201908080810, 4.68902
201908080820, 4.87706
201908080830, 4.32595
201908080840, 5.00543
201908080850, 4.7105
201908080900, 4.10026
201908080910, 4.10862
201908080920, 3.84429
201908080930, 3.51378
201908080940, 3.39008
201908080950, 4.01259
201908081000, 4.51139
201908081010, 3.39019
201908081020, 3.86914
201908081030, 5.92893
201908081040, 4.44369
201908081050, 4.82715
201908081100, 3.06901
201908081110, 2.69553
201908081120, 3.96257
201908081130, 3.352
201908081140, 3.21962
201908081150, 3.57986
201908081200, 3.72385
201908081210, 3.82954
201908081220, 2.24067
201908081230, 3.09462
201908081240, 2.91016
201908081250, 3.9783
201908081300, 6.83908
201908081310, 6.11523
201908081320, 5.24783
201908081330, 6.56369
201908081340, 7.00987
201908081350, 6.83138
201908081400, 7.53418
201908081410, 6.27116
201908081420, 4.62391
201908081430, 6.41862
201908081440, 3.95269
201908081450, 3.3903
201908081500, 3.58268
201908081510, 2.7526
201908081520, 2.50033
201908081530, 1.79698
201908081540, 1.88216
201908081550, 2.27908
201908081600, 1.7181
201908081610, 1.3954
201908081620, 0.806858
201908081630, 1.18696
201908081640, 0.433594
201908081650, 0.438585
201908081700, 1.2857
201908081710, 1.28494
201908081720, 2.30425
201908081730, 2.31782
201908081740, 2.89822
201908081750, 3.05859
201908081800, 2.32932
201908081810, 2.60503
201908081820, 2.37489
201908081830, 2.00282
201908081840, 1.34223
201908081850, 1.50336
201908081900, 1.48318
201908081910, 2.35004
201908081920, 2.40039
201908081930, 2.13097
201908081940, 1.3061
201908081950, 1.67415
201908082000, 1.94303
201908082010, 1.56901
201908082020, 1.28765
201908082030, 0.729818
201908082040, 0.812066
201908082050, 0.337999
201908082100, 0.0870226
201908082110, 0.226454
201908082120, 1.30056
201908082130, 0.0603299
201908082140, 0.320095
201908082150, 0.707791
201908082200, 0.32704
201908082210, 0.859049
201908082220, 0.233398
201908082230, 0.949544
201908082240, 1.09256
201908082250, 1.18685
201908082300, 1.21278
201908082310, 0.756836
201908082320, 1.10503
201908082330, 1.04492
201908082340, 1.40951
201908082350, 1.58388
201908090000, 1.06467
201908090010, 1.014
201908090020, 1.62153
201908090030, 2.41602
201908090040, 1.53733
201908090050, 1.6913
201908090100, 1.97993
201908090110, 1.27734
201908090120, 1.71474
201908090130, 1.46484
201908090140, 1.56489
201908090150, 1.93338
201908090200, 2.46734
201908090210, 2.7079
201908090220, 2.22873
201908090230, 2.30349
201908090240, 2.71506
201908090250, 2.51259
201908090300, 2.60558
201908090310, 2.66222
201908090320, 2.30783
201908090330, 2.5701
201908090340, 2.50109
201908090350, 2.52778
201908090400, 2.37077
201908090410, 0.729167
201908090420, 1.67046
201908090430, 1.09473
201908090440, 1.01259
201908090450, 0.953017
201908090500, 0.822808
201908090510, 1.15853
201908090520, 1.57335
201908090530, 0.848741
201908090540, 0.91428
201908090550, 0.803168
201908090600, 1.2985
201908090610, 1.50109
201908090620, 1.25966
201908090630, 1.05208
201908090640, 0.997938
201908090650, 1.1365
201908090700, 0.907227
201908090710, 0.597114
201908090720, 0.696832
201908090730, 0.520942
201908090740, 0.345052
201908090750, 0.545356
201908090800, 0.525933
201908090810, 0.610352
201908090820, 0.0343967
201908090830, 0.656793
201908090840, 0.271267
201908090850, 0.198785
201908090900, 0.624892
201908090910, 0.289931
201908090920, 0.102431
201908090930, 0.196506
201908090940, 0.183702
201908090950, 0.111979
201908091000, 0.30013
201908091010, 0.078125
201908091020, 0.0822483
201908091030, 0.0963542
201908091040, 0.307183
201908091050, 0.156793
201908091100, 0.29872
201908091110, 0.362847
201908091120, 0.31033
201908091130, 0.130751
201908091140, 0.283963
201908091150, 0.0174696
201908091200, 0.0450304
201908091210, 0.0212674
201908091220, 0.455838
201908091230, 0.544922
201908091240, 0.33572
201908091250, 0.0959201
201908091300, 0.0508898
201908091310, 0.181749
201908091320, 0.1199
201908091330, 0.124891
201908091340, 0.0990668
201908091350, 0.0143229
201908091400, 0.0187717
201908091410, 0.038303
201908091420, 0.0682509
201908091430, 0.191081
201908091440, 0.449436
201908091450, 0.0349392
201908091500, 0.179145
201908091510, 0.0837674
201908091520, 0.296549
201908091530, 0.000217014
201908091540, 0.154297
201908091550, 0.0628255
201908091600, 0.0219184
201908091610, 0.126953
201908091630, 0.11046
201908091640, 0.0247396
201908091650, 0.00130208
201908091700, 0
201908091710, 0.015408
201908091720, 0.00303819
201908091730, 0.00640191
201908091740, 0.0210503
201908091750, 0.0185547
201908091800, 0.00282118
201908091810, 0.0183377
201908091820, 0.0183377
201908091830, 0.0132378
201908091840, 0.0504557
201908091850, 0.102214
201908091900, 0.0647786
201908091910, 0.023329
201908091920, 0.0418837
201908091930, 0.00336372
201908091940, 0.0415582
201908091950, 0.00596788
201908092000, 0.0266927
201908092010, 0.0540365
201908092020, 0.0137804
201908092030, 0.0263672
201908092040, 0.0523003
201908092050, 0.0132378
201908092100, 0.0126953
201908092110, 0.0257161
201908092120, 0.0432943
201908092130, 0.0332031
201908092140, 0.022678
201908092150, 0.0368924
201908092200, 0.16059
201908092210, 0.153646
201908092220, 0.205621
201908092230, 0.261068
201908092240, 0.266819
201908092250, 0.280599
201908092300, 0.245009
201908092310, 0.182834
201908092320, 0.201606
201908092330, 0.238064
201908092340, 0
201908092350, 0.133789
201908100000, 0.0410156
201908100010, 0
201908100020, 0.000325521
201908100030, 0.123481
201908100040, 0.145833
201908100050, 0.84809
201908100100, 2.15538
201908100110, 2.99881
201908100120, 2.37023
201908100130, 1.81793
201908100140, 1.62435
201908100150, 1.77485
201908100200, 1.06749
201908100230, 2.75456
201908100240, 2.09852
201908100250, 2.51682
201908100300, 2.85297
201908100310, 2.01118
201908100320, 2.14714
201908100330, 2.40017
201908100340, 2.19325
201908100350, 2.37934
201908100400, 2.20898
201908100410, 2.39128
201908100420, 2.81836
201908100430, 2.72276
201908100440, 2.66037
201908100450, 2.08247
201908100500, 1.60851
201908100510, 1.48589
201908100530, 1.41363
201908100540, 1.09809
201908100550, 0.90115
201908100600, 0.742405
201908100610, 0.701606
201908100620, 0.584852
201908100630, 0.666992
201908100640, 0.814345
201908100650, 1.074
201908100700, 0.629232
201908100710, 0.844401
201908100720, 0.432617
201908100730, 0.144748
201908100740, 0.105035
201908100750, 0.00585938
201908100800, 0.00238715
201908100810, 0.00770399
201908100820, 0.00683594
201908100830, 0.0269097
201908100840, 0.000108507
201908100850, 0.00358073
201908100900, 0.000217014
201908100910, 0
201908100920, 0.0126953
201908100930, 0
201908100940, 0.00119358
201908100950, 0
201908101000, 0.000325521
201908101010, 0.000976562
201908101020, 0
201908101030, 0.00173611
201908101040, 0.0143229
201908101050, 0.00542535
201908101100, 0.00303819
201908101110, 0.000868056
201908101120, 0.00889757
201908101130, 0.0346137
201908101140, 0.0824653
201908101150, 0.00998264
201908101200, 0.144314
201908101210, 0.155924
201908101220, 0.19987
201908101230, 0.113607
201908101240, 0.0222439
201908101250, 0.015842
201908101300, 0.086697
201908101310, 0.102539
201908101320, 0.0422092
201908101330, 0.275499
201908101340, 0.00824653
201908101350, 0.0112847
201908101400, 0.0324436
201908101410, 0.0123698
201908101420, 0.0217014
201908101430, 0.0144314
201908101440, 0.0215929
201908101450, 0.0147569
201908101500, 0.015842
201908101510, 0.0295139
201908101520, 0.0404731
201908101530, 0.0287543
201908101540, 0.00108507
201908101550, 0.00173611
201908101600, 0.0139974
201908101610, 0.00206163
201908101620, 0.0805122
201908101630, 0.259332
201908101640, 0
201908101650, 0.0998264
201908101700, 0.00249566
201908101710, 0.000434028
201908101720, 0
201908101730, 0.0200738
201908101740, 0.016059
201908101750, 0.0286458
201908101800, 0.0343967
201908101810, 0.0583767
201908101820, 0.166341
201908101830, 0.0511068
201908101840, 0.106445
201908101850, 0
201908101900, 0
201908101910, 0.000434028
201908101920, 0
201908101930, 0.0294054
201908101940, 0.0107422
201908101950, 0.0974392
201908102000, 0.146267
201908102010, 0.0985243
201908102020, 0
201908102030, 0.0992839
201908102040, 0.296766
201908102050, 0.287977
201908102100, 0.196506
201908102110, 0.0290799
201908102120, 0.0046658
201908102130, 0.0250651
201908102140, 0
201908102150, 0.000108507
201908102200, 0
201908102210, 0.0431858
201908102220, 0.103733
201908102230, 0
201908102240, 0
201908102250, 0
201908102300, 0.141276
201908102310, 0.172852
201908102320, 0.321506
201908102330, 0.323351
201908102340, 0.0166016
201908102350, 0.000325521
201908110000, 0.0171441
201908110010, 0.0425347
201908110020, 0.0520833
201908110030, 0.0392795
201908110040, 0.014974
201908110050, 0.130317
201908110100, 1.26617
201908110110, 1.98155
201908110120, 3.04319
201908110130, 3.64388
201908110140, 4.12392
201908110150, 4.18381
201908110200, 4.29536
201908110210, 4.57227
201908110220, 6.17611
201908110230, 6.67372
201908110240, 7.39258
201908110250, 7.54731
201908110300, 7.32042
201908110310, 7.28472
201908110320, 6.94531
201908110330, 7.18772
201908110340, 7.35851
201908110350, 7.4439
201908110400, 7.84418
201908110410, 8.13205
201908110420, 8.5345
201908110430, 8.42806
201908110440, 8.39312
201908110450, 8.42632
201908110500, 8.24805
201908110510, 7.81304
201908110520, 8.02984
201908110530, 8.17708
201908110540, 8.51628
201908110550, 8.71712
201908110600, 8.639
201908110610, 8.46788
201908110620, 8.44488
201908110630, 8.43229
201908110640, 8.48296
201908110650, 8.4439
201908110700, 8.21625
201908110710, 7.66558
201908110720, 7.29839
201908110730, 7.05577
201908110740, 7.05979
201908110750, 6.47287
201908110800, 5.6505
201908110810, 5.61968
201908110820, 5.14214
201908110830, 4.26769
201908110840, 2.92632
201908110850, 1.6862
201908110900, 1.09614
201908110910, 1.14757
201908110920, 0.611111
201908110930, 0.608181
201908110940, 0.453233
201908110950, 1.28071
201908111000, 0.999891
201908111010, 0.950195
201908111020, 0.736871
201908111030, 0.616536
201908111040, 0.320312
201908111050, 0.270616
201908111100, 0.355794
201908111110, 0.89464
201908111120, 0.869141
201908111130, 0.874023
201908111140, 1.5676
201908111150, 1.94227
201908111200, 1.47602
201908111210, 1.35514
201908111220, 1.37467
201908111230, 1.28581
201908111240, 1.89768
201908111250, 1.04395
201908111300, 1.13021
201908111310, 1.15126
201908111320, 1.85807
201908111330, 0.606662
201908111340, 0.918294
201908111350, 0.778971
201908111400, 1.05436
201908111410, 1.11339
201908111420, 1.78309
201908111430, 2.01497
201908111440, 1.89399
201908111450, 1.53266
201908111500, 1.68663
201908111510, 1.39952
201908111520, 0.767687
201908111530, 1.51378
201908111540, 0.919379
201908111550, 0.681532
201908111600, 0.530165
201908111610, 0.28125
201908111620, 0.527995
201908111630, 0.459201
201908111640, 0.176866
201908111650, 0.138997
201908111700, 0.32628
201908111710, 0.191623
201908111720, 0.520291
201908111730, 0.166558
201908111740, 0.209418
201908111750, 0.525499
201908111800, 0.707791
201908111810, 0.444336
201908111820, 0.221463
201908111830, 0.307726
201908111840, 0.120117
201908111850, 0.0452474
201908111900, 0.283637
201908111910, 0.0478516
201908111920, 0.188477
201908111930, 0.453559
201908111940, 0.197049
201908111950, 0.0506727
201908112000, 0.0173611
201908112010, 0.148872
201908112020, 0.0883247
201908112030, 0.28125
201908112040, 0.0895182
201908112050, 0.0885417
201908112100, 0.0588108
201908112110, 0.0269097
201908112120, 0.0810547
201908112130, 0.0605469
201908112140, 0.0788845
201908112150, 0.0104167
201908112200, 0.024197
201908112210, 0.00303819
201908112220, 0.0142144
201908112230, 0.0220269
201908112240, 0.00846354
201908112250, 0.00206163
201908112300, 0.0016276
201908112310, 0.00423177
201908112320, 0.00509983
201908112330, 0.00488281
201908112340, 0.00249566
201908112350, 0.00553385
201908120000, 0.0112847
201908120010, 0.000108507
201908120020, 0.117296
201908120030, 0.688802
201908120040, 1.38325
201908120050, 1.71246
201908120100, 1.94434
201908120110, 2.13878
201908120120, 2.51888
201908120130, 3.06543
201908120140, 2.87728
201908120150, 3.50315
201908120200, 3.57368
201908120210, 4.41319
201908120220, 4.32769
201908120230, 4.55675
201908120240, 4.83333
201908120250, 4.59039
201908120300, 4.46994
201908120310, 4.59332
201908120320, 4.80707
201908120330, 4.41146
201908120340, 4.46636
201908120350, 4.34169
201908120400, 4.14475
201908120410, 4.11643
201908120420, 3.77648
201908120430, 3.7041
201908120440, 3.99327
201908120450, 4.02908
201908120500, 4.13563
201908120510, 4.06283
201908120520, 4.37706
201908120530, 4.40658
201908120540, 4.19705
201908120550, 4.22559
201908120600, 4.07606
201908120610, 3.01487
201908120620, 3.26074
201908120630, 3.05241
201908120640, 2.91157
201908120650, 3.30957
201908120700, 3.22906
201908120710, 4.09592
201908120720, 4.13878
201908120730, 4.26378
201908120740, 4.07303
201908120750, 4.01964
201908120800, 3.74316
201908120810, 4.28776
201908120820, 2.75727
201908120830, 2.38791
201908120840, 2.2985
201908120850, 0.46441
201908120900, 0.0175781
201908120910, 0
201908120920, 0.0111762
201908120930, 0.00835503
201908120940, 0.000325521
201908120950, 0.0110677
201908121000, 0.00368924
201908121010, 0.0016276
201908121020, 0.00238715
201908121030, 0.0016276
201908121040, 0.00303819
201908121050, 0
201908121100, 0.000759549
201908121110, 0
201908121120, 0.00379774
201908121130, 0
201908121140, 0.00141059
201908121150, 0.0118273
201908121200, 0
201908121210, 0.000976562
201908121220, 0.00119358
201908121230, 0.000434028
201908121240, 0.00911458
201908121250, 0.00889757
201908121300, 0.00292969
201908121310, 0.00184462
201908121320, 0.000325521
201908121330, 0.0103082
201908121340, 0.00260417
201908121350, 0.00184462
201908121400, 0.000651042
201908121410, 0.0046658
201908121420, 0.0115017
201908121430, 0.00130208
201908121440, 0.00564236
201908121450, 0.00217014
201908121500, 0.00596788
201908121510, 0.0101997
201908121520, 0.0015191
201908121530, 0.0380859
201908121540, 0.392036
201908121550, 1.07845
201908121600, 0.966363
201908121610, 0.394748
201908121620, 0.0889757
201908121630, 0.00119358
201908121640, 0.674805
201908121650, 2.05425
201908121700, 0.318576
201908121710, 1.42773
201908121720, 1.0842
201908121730, 0.856337
201908121740, 0.924479
201908121750, 0.664822
201908121800, 0.867621
201908121810, 0.570855
201908121820, 0.702474
201908121830, 1.10471
201908121840, 0.268663
201908121850, 0.526367
201908121900, 0.595595
201908121910, 0.680881
201908121920, 0.46658
201908121930, 0.625651
201908121940, 0.156141
201908121950, 0.209527
201908122000, 0.0276693
201908122010, 0.735894
201908122020, 0.284614
201908122030, 0.252387
201908122040, 0.233398
201908122050, 0.256185
201908122100, 0.107096
201908122110, 0.0245226
201908122120, 0.00965712
201908122130, 0.417969
201908122140, 0.137695
201908122150, 0.0350477
201908122200, 0.00672743
201908122210, 0.107096
201908122220, 0.00531684
201908122230, 0.0516493
201908122240, 0.00661892
201908122250, 0.0848524
201908122300, 0.077691
201908122310, 0.00651042
201908122320, 0.000651042
201908122330, 0.00227865
201908122340, 0.00705295
201908122350, 0.0135634
201908130000, 0.00390625
201908130010, 0.284722
201908130020, 0.674371
201908130030, 0.307509
201908130040, 0.301758
201908130050, 0.744358
201908130100, 1.09939
201908130110, 1.39594
201908130120, 2.04188
201908130130, 2.82498
201908130140, 2.19401
201908130150, 1.89041
201908130200, 2.82216
201908130210, 2.1072
201908130220, 2.10623
201908130230, 2.72537
201908130240, 1.41026
201908130250, 1.16146
201908130300, 1.48579
201908130310, 1.66873
201908130320, 2.54742
201908130330, 2.40006
201908130340, 2.02897
201908130350, 2.55382
201908130400, 2.52637
201908130410, 2.93631
201908130420, 2.48079
201908130430, 3.18555
201908130440, 2.4732
201908130450, 3.30295
201908130500, 1.41189
201908130510, 1.64562
201908130520, 1.78147
201908130530, 1.76931
201908130540, 1.98362
201908130550, 1.86882
201908130600, 0.787218
201908130610, 0.939887
201908130620, 1.30794
201908130630, 1.4477
201908130640, 0.645833
201908130650, 1.89996
201908130700, 0.6926
201908130710, 1.47938
201908130720, 1.37543
201908130730, 1.41558
201908130740, 1.04731
201908130750, 0.524957
201908130800, 1.38205
201908130810, 0.648546
201908130820, 0.0492622
201908130830, 1.29753
201908130840, 0.63444
201908130850, 0.281901
201908130900, 0.357096
201908130910, 0.0664062
201908130930, 0
201908130940, 0
201908130950, 0.00141059
201908131000, 0.00184462
201908131010, 0
201908131020, 0
201908131030, 0.00303819
201908131040, 0.000651042
201908131050, 0.0015191
201908131100, 0.000217014
201908131110, 0.00347222
201908131120, 0.00292969
201908131130, 0.000325521
201908131140, 0.000542535
201908131150, 0.000976562
201908131200, 0.000108507
201908131210, 0.00379774
201908131220, 0.000651042
201908131230, 0.000108507
201908131240, 0.000976562
201908131250, 0.000217014
201908131300, 0.000108507
201908131310, 0.00271267
201908131320, 0.0128038
201908131330, 0
201908131340, 0
201908131350, 0
201908131400, 0
201908131410, 0.00683594
201908131420, 0.00227865
201908131430, 0.000108507
201908131440, 0.00173611
201908131450, 0.000434028
201908131500, 0.000651042
201908131510, 0.000759549
201908131520, 0.153754
201908131530, 0
201908131540, 0
201908131550, 0.214952
201908131600, 0.0485026
201908131610, 0
201908131620, 0
201908131630, 0
201908131640, 0.000325521
201908131650, 0.00119358
201908131700, 0.0117188
201908131710, 0.000976562
201908131720, 0.00390625
201908131730, 0.14898
201908131740, 0.0144314
201908131750, 0.0135634
201908131800, 0.0236545
201908131810, 0.0103082
201908131820, 0.00423177
201908131830, 0.0172526
201908131840, 0.00130208
201908131850, 0.0117188
201908131900, 0.000542535
201908131910, 0.00596788
201908131920, 0.000542535
201908131930, 0.00325521
201908131940, 0.00260417
201908131950, 0.0015191
201908132000, 0.00325521
201908132010, 0.00564236
201908132020, 0.0349392
201908132030, 0.000976562
201908132040, 0.000325521
201908132050, 0.00271267
201908132100, 0.00130208
201908132110, 0.0635851
201908132120, 0.00184462
201908132130, 0.00206163
201908132140, 0.00607639
201908132150, 0.000108507
201908132200, 0.000108507
201908132210, 0.00238715
201908132220, 0.000108507
201908132230, 0.0211589
201908132240, 0.0187717
201908132250, 0.000976562
201908132300, 0.000325521
201908132310, 0.0016276
201908132320, 0.00141059
201908132330, 0.00184462
201908132340, 0.00412326
201908132350, 0.000434028
201908140000, 0.00108507
201908140010, 0.000217014
201908140020, 0.00835503
201908140030, 0.00596788
201908140040, 0.0126953
201908140050, 0.0504557
201908140100, 0.394748
201908140110, 0.897244
201908140120, 0.671658
201908140130, 0.921441
201908140140, 1.16873
201908140150, 2.06576
201908140200, 2.50228
201908140210, 2.78602
201908140220, 3.27214
201908140230, 3.89204
201908140240, 4.09006
201908140250, 4.40571
201908140300, 4.84939
201908140310, 5.31424
201908140320, 5.77897
201908140330, 5.93359
201908140340, 6.01128
201908140350, 6.4949
201908140400, 6.8495
201908140410, 6.6645
201908140420, 6.89974
201908140430, 7.37435
201908140440, 7.55653
201908140450, 7.30794
201908140500, 7.35395
201908140510, 7.26649
201908140520, 7.46365
201908140530, 8.27116
201908140540, 8.69976
201908140550, 8.9298
201908140600, 9.46072
201908140610, 10.0654
201908140620, 10.6121
201908140630, 11.1088
201908140640, 11.1472
201908140650, 11.5494
201908140700, 11.2071
201908140710, 11.1815
201908140720, 11.6862
201908140730, 11.8832
201908140740, 11.3533
201908140750, 11.5111
201908140800, 11.526
201908140810, 11.0364
201908140820, 11.2418
201908140830, 10.8312
201908140840, 8.60503
201908140850, 5.33431
201908140900, 4.20486
201908140910, 2.74154
201908140920, 0.842882
201908140930, 0.932183
201908140940, 0.578885
201908140950, 0.714084
201908141000, 0.48546
201908141010, 0.0339627
201908141020, 0.0107422
201908141030, 0.00238715
201908141040, 0
201908141050, 0
201908141100, 0
201908141110, 0
201908141120, 0
201908141130, 0
201908141140, 0.000217014
201908141150, 0.14388
201908141200, 0
201908141210, 0.000217014
201908141220, 0.0164931
201908141230, 0.00770399
201908141240, 0.189779
201908141250, 0.00368924
201908141300, 0.109484
201908141310, 0.493598
201908141320, 0.728516
201908141330, 0.988715
201908141340, 0.550456
201908141350, 0.396267
201908141400, 0.334093
201908141410, 0.394423
201908141420, 0.357964
201908141430, 0.276259
201908141440, 0.264974
201908141450, 0.0450304
201908141500, 0.0187717
201908141510, 0.000108507
201908141520, 0.0129123
201908141530, 0.000108507
201908141540, 0.113173
201908141550, 0.0259332
201908141600, 0.0317925
201908141610, 0.000651042
201908141620, 0.0250651
201908141630, 0.11849
201908141640, 0.0890842
201908141650, 0.0147569
201908141700, 0
201908141710, 0.00206163
201908141720, 0.0248481
201908141730, 0.0182292
201908141740, 0.063151
201908141750, 0.156033
201908141800, 0.0575087
201908141810, 0.0844184
201908141820, 0.0139974
201908141830, 0.0505642
201908141840, 0.0260417
201908141850, 0.0655382
201908141900, 0.093099
201908141910, 0.214084
201908141920, 0.0909288
201908141930, 0.0639106
201908141940, 0.062066
201908141950, 0.062717
201908142000, 0.0061849
201908142010, 0.0455729
201908142020, 0.204319
201908142030, 0.180122
201908142040, 0.204644
201908142050, 0.138672
201908142100, 0.0630425
201908142110, 0.0494792
201908142120, 0.117405
201908142130, 0.0850694
201908142140, 0.246528
201908142150, 0.249891
201908142200, 0.247721
201908142210, 0.333008
201908142220, 0.321072
201908142230, 0.302083
201908142240, 0.33138
201908142250, 0.223524
201908142300, 0.252387
201908142310, 0.190755
201908142320, 0.161024
201908142330, 0.0619575
201908142340, 0.0278863
201908142350, 0.0580512
201908150000, 0.0205078
201908150020, 0.616102
201908150030, 2.4656
201908150040, 4.15516
201908150050, 5.14909
201908150100, 5.3903
201908150110, 5.62869
201908150130, 6.64833
201908150140, 7.0217
201908150150, 7.73307
201908150200, 7.76628
201908150210, 7.54915
201908150220, 6.73698
201908150230, 6.42263
201908150240, 5.72949
201908150250, 5.56999
201908150300, 5.17708
201908150310, 6.03038
201908150320, 6.90386
201908150330, 7.24403
201908150340, 7.36708
201908150350, 7.72569
201908150400, 7.84842
201908150410, 7.95464
201908150420, 7.63303
201908150430, 7.04449
201908150440, 6.53635
201908150450, 6.68359
201908150500, 6.45823
201908150510, 7.10156
201908150520, 6.91504
201908150530, 6.54557
201908150540, 6.71962
201908150550, 7.0651
201908150600, 6.90885
201908150610, 5.96517
201908150620, 6.47244
201908150630, 6.22179
201908150640, 6.18045
201908150650, 6.09017
201908150700, 5.71463
201908150710, 5.75901
201908150720, 5.55035
201908150730, 5.07845
201908150740, 4.66482
201908150750, 4.45616
201908150800, 3.77257
201908150810, 4.10059
201908150820, 3.99685
201908150830, 3.74002
201908150840, 3.17665
201908150850, 2.85297
201908150900, 2.1747
201908150910, 1.43511
201908150920, 1.25174
201908150930, 1.12424
201908150940, 1.02572
201908150950, 0.949327
201908151000, 0.916233
201908151010, 0.950412
201908151020, 0.559245
201908151030, 0.519965
201908151040, 0.171441
201908151050, 0.191406
201908151100, 0.202148
201908151110, 0.286458
201908151120, 0.0031467
201908151130, 0.177192
201908151140, 0.0457899
201908151150, 0.0183377
201908151200, 0.0430773
201908151210, 0.0355903
201908151220, 0.00911458
201908151230, 0.0401476
201908151240, 0.000217014
201908151250, 0.00824653
201908151300, 0.000651042
201908151310, 0.0244141
201908151320, 0.0103082
201908151330, 0.00759549
201908151340, 0.0749783
201908151350, 0.324436
201908151400, 0.0970052
201908151410, 0.0115017
201908151420, 0.0732422
201908151430, 0.0206163
201908151440, 0.270942
201908151450, 0.539822
201908151500, 0.280599
201908151510, 0.407227
201908151520, 0.852648
201908151530, 0.507487
201908151540, 0.466146
201908151550, 0.568902
201908151600, 0.585503
201908151610, 0.157769
201908151620, 0.10319
201908151630, 0.218858
201908151640, 0.205946
201908151650, 0.393338
201908151700, 0.228407
201908151710, 0.207357
201908151720, 0.28559
201908151730, 0.211914
201908151740, 0.03125
201908151750, 0.153971
201908151800, 0.0133464
201908151810, 0.124132
201908151820, 0.00802951
201908151830, 0.136936
201908151840, 0.113498
201908151850, 0.039605
201908151900, 0.0562066
201908151910, 0.0492622
201908151920, 0.0273438
201908151930, 0.0565321
201908151940, 0.0536024
201908151950, 0.00141059
201908152000, 0.0577257
201908152010, 0.0214844
201908152020, 0.0817057
201908152030, 0.105903
201908152040, 0.0906033
201908152050, 0.109484
201908152100, 0.0772569
201908152110, 0.120985
201908152120, 0.385742
201908152130, 0.0843099
201908152140, 0.159831
201908152150, 0.136176
201908152200, 0.177734
201908152210, 0.24349
201908152220, 0.31326
201908152230, 0.280165
201908152240, 0.296983
201908152250, 0.277995
201908152300, 0.3125
201908152310, 0.254232
201908152320, 0.3074
201908152330, 0.283637
201908152340, 0.273546
201908152350, 0.490777
201908160000, 0.268446
201908160010, 0.307834
201908160020, 0.524523
201908160030, 0.668511
201908160040, 1.5446
201908160050, 2.0178
201908160100, 2.40061
201908160110, 1.82053
201908160120, 2.21549
201908160130, 2.21756
201908160140, 2.42535
201908160150, 2.17524
201908160200, 2.46973
201908160210, 2.31228
201908160220, 1.83767
201908160230, 2.91005
201908160240, 2.75326
201908160250, 1.81706
201908160300, 2.57237
201908160310, 3.60341
201908160320, 2.70128
201908160330, 1.75271
201908160340, 1.49501
201908160350, 2.81163
201908160400, 2.64833
201908160410, 3.26074
201908160420, 2.55762
201908160430, 2.09711
201908160440, 2.41168
201908160450, 1.97808
201908160500, 2.14128
201908160510, 1.60276
201908160520, 1.09321
201908160530, 0.884332
201908160540, 1.01042
201908160550, 0.949002
201908160600, 0.856988
201908160610, 0.555122
201908160620, 0.758898
201908160630, 0.377279
201908160640, 0.591688
201908160650, 0.644423
201908160700, 0.257378
201908160710, 0.0823568
201908160720, 0.145399
201908160730, 0.0196398
201908160740, 0.0521918
201908160750, 0.0900608
201908160800, 0.0957031
201908160810, 0.0136719
201908160820, 0.00585938
201908160830, 0.015191
201908160840, 0.00336372
201908160850, 0.000325521
201908160900, 0.000542535
201908160910, 0.0015191
201908160920, 0
201908160930, 0
201908160940, 0
201908160950, 0.00401476
201908161000, 0
201908161010, 0.000325521
201908161020, 0
201908161030, 0
201908161040, 0.000868056
201908161050, 0
201908161100, 0
201908161110, 0.00390625
201908161120, 0.102431
201908161130, 0.0126953
201908161140, 0.0422092
201908161150, 0.20128
201908161200, 0.0221354
201908161210, 0.0684679
201908161220, 0.0526259
201908161230, 0.117405
201908161240, 0.156033
201908161250, 0.031033
201908161300, 0.0802951
201908161310, 0.0909288
201908161320, 0.123915
201908161330, 0.11849
201908161340, 0.353516
201908161350, 0.227105
201908161400, 0.34885
201908161410, 0.220378
201908161420, 0.412109
201908161430, 1.01194
201908161440, 1.07921
201908161450, 1.49729
201908161500, 1.95074
201908161510, 2.00184
201908161520, 1.72602
201908161530, 1.72776
201908161540, 1.36882
201908161550, 1.82378
201908161600, 1.60796
201908161610, 1.70041
201908161620, 1.14681
201908161630, 1.91667
201908161640, 1.31944
201908161650, 0.803385
201908161700, 0.580078
201908161710, 0.299696
201908161720, 0.227431
201908161730, 0.211372
201908161740, 0.561198
201908161750, 0.481228
201908161800, 0.632704
201908161810, 0.015408
201908161820, 0.0182292
201908161830, 0.188477
201908161840, 0.523871
201908161850, 0.525933
201908161900, 0.593099
201908161910, 0.605903
201908161920, 0.202257
201908161930, 0.176324
201908161940, 0.203559
201908161950, 0.0825738
201908162000, 0.0155165
201908162010, 0.0883247
201908162020, 0.0834418
201908162030, 0.219835
201908162040, 0.200521
201908162050, 0.00813802
201908162100, 0.0208333
201908162110, 0.212348
201908162120, 0.0822483
201908162130, 0.00748698
201908162140, 0.367839
201908162150, 0.342231
201908162200, 0.558919
201908162210, 0.231011
201908162220, 0.363824
201908162230, 0.0358073
201908162240, 0.111871
201908162250, 0.0386285
201908162300, 0.0486111
201908162320, 0.141927
201908162330, 0.0914714
201908162340, 0.274414
201908162350, 0.199436
201908170000, 0.28201
201908170010, 0.038303
201908170020, 0.200412
201908170030, 0.000976562
201908170040, 0.0909288
201908170050, 0.469618
201908170100, 0.0538194
201908170110, 0.584852
201908170120, 0.164171
201908170130, 0.334093
201908170140, 0.381836
201908170150, 0.39464
201908170200, 0.462023
201908170210, 0.360352
201908170220, 0.483507
201908170230, 0.285048
201908170240, 0.314562
201908170250, 0.213216
201908170300, 0.0430773
201908170310, 0.0247396
201908170320, 0.0868056
201908170330, 0.228624
201908170340, 0.245551
201908170350, 0.263238
201908170400, 0.0536024
201908170410, 0.03852
201908170420, 0.00184462
201908170430, 0.0193142
201908170440, 0.0587023
201908170450, 0.00292969
201908170500, 0.00423177
201908170510, 0.0146484
201908170520, 0.0530599
201908170530, 0.038737
201908170540, 0.0299479
201908170550, 0.0544705
201908170600, 0.00347222
201908170610, 0.0884332
201908170620, 0.0692274
201908170630, 0.123372
201908170640, 0.0601128
201908170650, 0.0285373
201908170700, 0.055013
201908170710, 0.0504557
201908170720, 0.0575087
201908170740, 0.00260417
201908170750, 0.0206163
201908170800, 0.015842
201908170810, 0.00998264
201908170820, 0.0698785
201908170830, 0.00998264
201908170840, 0.0148655
201908170850, 0.0146484
201908170900, 0
201908170910, 0.114475
201908170920, 0.0124783
201908170930, 0
201908170940, 0.070204
201908170950, 0.117513
201908171010, 0.039171
201908171020, 0.00260417
201908171030, 0
201908171040, 0.00868056
201908171050, 0.00444878
201908171100, 0.0263672
201908171110, 0
201908171120, 0.000542535
201908171130, 0
201908171140, 0.0163845
201908171150, 0.031033
201908171210, 0
201908171220, 0.000217014
201908171230, 0.00108507
201908171240, 0.0015191
201908171250, 0.00488281
201908171300, 0.0875651
201908171310, 0.0124783
201908171320, 0.21875
201908171330, 0.0366753
201908171340, 0.0108507
201908171350, 0.125434
201908171400, 0.00564236
201908171410, 0.138021
201908171420, 0.141276
201908171430, 0.31174
201908171440, 0.18316
201908171450, 0.142144
201908171500, 0.275499
201908171510, 0.199219
201908171520, 0.97819
201908171530, 0.749891
201908171540, 0.758681
201908171550, 0.60319
201908171600, 0.739366
201908171610, 1.18837
201908171620, 1.1849
201908171630, 1.26541
201908171640, 1.37977
201908171650, 0.925998
201908171700, 1.24403
201908171710, 1.34701
201908171720, 1.47493
201908171730, 1.09559
201908171740, 0.761502
201908171750, 0.649089
201908171800, 0.870877
201908171810, 0.170356
201908171820, 0.00379774
201908171830, 0.000434028
201908171840, 0.0346137
201908171850, 0.0392795
201908171900, 0.385742
201908171910, 0.213867
201908171920, 0.14681
201908171930, 0.105903
201908171940, 0.324544
201908171950, 0.241645
201908172000, 0.447483
201908172010, 0.592122
201908172020, 0.602648
201908172030, 0.424154
201908172040, 0.382378
201908172050, 0.414388
201908172100, 0.412652
201908172110, 0.267578
201908172120, 0.164822
201908172130, 0.116753
201908172140, 0.106011
201908172150, 0.00379774
201908172200, 0.0986328
201908172210, 0.202799
201908172220, 0.168728
201908172230, 0.0957031
201908172240, 0.104275
201908172250, 0.0243056
201908172300, 0.0287543
201908172310, 0.0184462
201908172320, 0.00835503
201908172330, 0.0144314
201908172340, 0.0268012
201908172350, 0.00726997
201908180000, 0.00661892
201908180010, 0.0143229
201908180020, 0.023546
201908180030, 0.0754123
201908180040, 0.0201823
201908180050, 0.195204
201908180100, 0.236328
201908180110, 0.0563151
201908180120, 0.0595703
201908180130, 0.0388455
201908180140, 0.0392795
201908180150, 0.0311415
201908180200, 0.165799
201908180210, 0.0400391
201908180220, 0.143446
201908180230, 0.0360243
201908180240, 0.0121528
201908180250, 0.0670573
201908180300, 0.148112
201908180310, 0.143121
201908180320, 0.114692
201908180330, 0.0311415
201908180340, 0.024197
201908180350, 0.00954861
201908180400, 0.123155
201908180410, 0.170247
201908180420, 0.0967882
201908180430, 0.564128
201908180440, 0.729818
201908180450, 0.568251
201908180500, 0.471246
201908180510, 0.0288628
201908180520, 0.831055
201908180530, 0.888346
201908180540, 1.30382
201908180550, 0.948134
201908180600, 1.33919
201908180610, 1.55914
201908180620, 2.10156
201908180630, 2.64182
201908180640, 2.32867
201908180650, 2.6467
201908180700, 1.94477
201908180710, 1.34831
201908180720, 2.05154
201908180730, 2.10807
201908180740, 1.8431
201908180750, 1.44911
201908180800, 1.70085
201908180810, 2.08529
201908180820, 1.86382
201908180830, 2.0918
201908180840, 2.38563
201908180850, 2.63878
201908180900, 3.01128
201908180910, 3.05447
201908180920, 3.15017
201908180930, 3.23655
201908180940, 2.66797
201908180950, 2.30404
201908181000, 2.75293
201908181010, 2.56141
201908181020, 2.49555
201908181030, 1.71257
201908181040, 0.06977
201908181050, 1.08116
201908181100, 1.28071
201908181110, 0.967882
201908181120, 1.25119
201908181130, 1.41862
201908181140, 1.52029
201908181150, 0.982422
201908181200, 0.804036
201908181210, 0.0106337
201908181220, 0.0606554
201908181230, 0.00954861
201908181240, 0.000217014
201908181250, 0.0104167
201908181300, 0.0061849
201908181310, 0.022678
201908181320, 0.0147569
201908181330, 0.0159505
201908181340, 0.165256
201908181350, 0.0327691
201908181400, 0.120009
201908181410, 0.289062
201908181420, 0.316406
201908181430, 0.559679
201908181440, 0.556098
201908181450, 0.819878
201908181500, 0.806207
201908181510, 0.929796
201908181520, 0.958116
201908181530, 1.10862
201908181540, 1.07715
201908181550, 1.05805
201908181600, 0.996202
201908181610, 1.06033
201908181620, 0.901584
201908181630, 1.07628
201908181640, 1.19271
201908181650, 0.986654
201908181700, 1.27572
201908181710, 1.20106
201908181720, 1.46387
201908181730, 1.13021
201908181740, 1.41059
201908181750, 1.12055
201908181800, 0.945421
201908181810, 1.00271
201908181820, 1.06879
201908181830, 1.21962
201908181840, 1.56901
201908181850, 2.06738
201908181900, 2.35666
201908181910, 2.75174
201908181920, 1.93142
201908181930, 1.70085
201908181940, 1.43229
201908181950, 1.32259
201908182000, 1.45573
201908182010, 1.08116
201908182020, 1.06912
201908182030, 1.01183
201908182040, 0.872287
201908182050, 1.10449
201908182100, 1.15495
201908182110, 0.775933
201908182120, 0.890842
201908182130, 0.86122
201908182140, 0.8227
201908182150, 0.689236
201908182200, 0.474175
201908182210, 0.509983
201908182220, 0.469293
201908182230, 0.458008
201908182240, 0.360243
201908182250, 0.422092
201908182300, 0.349935
201908182310, 0.318576
201908182320, 0.257378
201908182340, 0.0259332
201908182350, 0.0209418
201908190000, 0.0188802
201908190010, 0.023112
201908190020, 0.061849
201908190030, 0.875543
201908190040, 0.977214
201908190050, 0.840061
201908190100, 0.678168
201908190110, 0.424371
201908190120, 0.304362
201908190130, 0.551432
201908190140, 0.733615
201908190150, 0.527452
201908190200, 0.22526
201908190210, 0.445529
201908190220, 0.500543
201908190230, 0.717231
201908190240, 0.90408
201908190250, 0.765408
201908190300, 0.705729
201908190310, 0.891819
201908190320, 0.800564
201908190330, 0.702148
201908190340, 0.790907
201908190350, 0.847005
201908190400, 0.488607
201908190410, 0.520508
201908190420, 0.277127
201908190430, 0.147569
201908190440, 0.0775825
201908190450, 0.093967
201908190500, 0.128364
201908190510, 0.0592448
201908190520, 0.0515408
201908190530, 0.0966797
201908190540, 0.0326606
201908190550, 0.0689019
201908190600, 0.10102
201908190610, 0.0530599
201908190620, 0.0249566
201908190630, 0.0139974
201908190640, 0.0641276
201908190650, 0.0682509
201908190700, 0.00499132
201908190710, 0.0355903
201908190720, 0.0185547
201908190730, 0.0593533
201908190740, 0.0262587
201908190800, 0.111545
201908190820, 0.0430773
201908190830, 0.203668
201908190840, 0.000325521
201908190850, 0.0144314
201908190900, 0.0188802
201908190920, 0.0193142
201908190930, 0.00542535
201908190940, 0.000434028
201908191000, 0.00238715
201908191010, 0.00379774
201908191020, 0.0243056
201908191030, 0.00813802
201908191040, 0
201908191050, 0.00325521
201908191100, 0
201908191110, 0
201908191120, 0.000976562
201908191130, 0
201908191140, 0.000325521
201908191150, 0.000108507
201908191200, 0
201908191210, 0
201908191220, 0
201908191230, 0
201908191240, 0.000542535
201908191250, 0.000325521
201908191300, 0
201908191310, 0
201908191320, 0.000108507
201908191330, 0.00108507
201908191340, 0.00130208
201908191350, 0.00206163
201908191400, 0.0046658
201908191410, 0.00325521
201908191420, 0.00260417
201908191430, 0.0101997
201908191440, 0.00748698
201908191450, 0
201908191500, 0.0113932
201908191510, 0.00726997
201908191520, 0.0164931
201908191530, 0.00683594
201908191540, 0.0211589
201908191550, 0.030599
201908191600, 0.00271267
201908191610, 0.00347222
201908191620, 0.00282118
201908191630, 0.0104167
201908191640, 0.0179036
201908191650, 0.00531684
201908191700, 0.000542535
201908191710, 0.00130208
201908191720, 0.00303819
201908191730, 0.0133464
201908191740, 0.00661892
201908191750, 0.175673
201908191800, 0.039605
201908191810, 0.121202
201908191820, 0.000325521
201908191830, 0
201908191840, 0.000434028
201908191850, 0.0155165
201908191900, 0
201908191910, 0.00564236
201908191920, 0.00401476
201908191930, 0.0159505
201908191940, 0.257812
201908191950, 0.0291884
201908192000, 0.00499132
201908192010, 0.0789931
201908192020, 0.0106337
201908192030, 0.00444878
201908192040, 0.0418837
201908192050, 0.17296
201908192100, 0.00705295
201908192110, 0.00423177
201908192120, 0.000976562
201908192130, 0
201908192140, 0.101345
201908192150, 0.140082
201908192200, 0.440864
201908192210, 0
201908192220, 0.000108507
201908192230, 0
201908192240, 0.000217014
201908192250, 0
201908192300, 0
201908192310, 0.129123
201908192320, 0.265191
201908192330, 0.152886
201908192340, 0.40408
201908192350, 0.80957
201908200000, 0.113715
201908200010, 0.0901693
201908200020, 0.0656467
201908200030, 0.12793
201908200040, 0.122613
201908200050, 0.182726
201908200100, 1.12988
201908200110, 2.63618
201908200120, 3.98459
201908200130, 4.1862
201908200140, 4.55187
201908200150, 3.14182
201908200200, 3.87988
201908200210, 4.25597
201908200220, 5.59668
201908200230, 6.47407
201908200240, 6.59755
201908200250, 7.26389
201908200300, 7.08214
201908200310, 6.30881
201908200320, 7.17014
201908200330, 7.25835
201908200340, 7.463
201908200350, 8.44759
201908200400, 9.24251
201908200410, 8.79546
201908200420, 7.85775
201908200430, 8.54633
201908200440, 9.22765
201908200450, 9.12185
201908200500, 9.73503
201908200510, 10.1753
201908200520, 9.83344
201908200530, 10.9472
201908200540, 10.5543
201908200550, 10.1664
201908200600, 6.85645
201908200610, 6.09006
201908200620, 5.87402
201908200630, 5.9719
201908200640, 5.95519
201908200650, 4.73372
201908200700, 4.41168
201908200710, 4.89833
201908200720, 4.70432
201908200730, 4.34994
201908200740, 2.88455
201908200750, 4.15712
201908200800, 4.17708
201908200810, 3.69336
201908200820, 4.06185
201908200830, 4.15072
201908200840, 1.95269
201908200850, 1.16439
201908200900, 0.128689
201908200910, 0.0679253
201908200920, 0.0100911
201908200930, 0.0304905
201908200940, 0
201908200950, 0.00141059
201908201000, 0.0120443
201908201010, 0.0175781
201908201020, 0.00184462
201908201040, 0.000108507
201908201050, 0.00379774
201908201100, 0.327908
201908201110, 0.0417752
201908201120, 0.0186632
201908201130, 0.000217014
201908201140, 0.136393
201908201150, 0.000434028
201908201200, 0.0238715
201908201210, 0.00878906
201908201220, 0.0107422
201908201230, 0.0225694
201908201240, 0.00575087
201908201250, 0.0428602
201908201300, 0.0672743
201908201310, 0.000542535
201908201320, 0.00726997
201908201330, 0.0046658
201908201340, 0.0141059
201908201350, 0.000325521
201908201400, 0.154839
201908201410, 0.0493707
201908201420, 0.00227865
201908201430, 0.0377604
201908201440, 0.0282118
201908201450, 0.03125
201908201500, 0.014974
201908201510, 0.00878906
201908201520, 0.0155165
201908201530, 0.0223524
201908201540, 0.0125868
201908201550, 0.0134549
201908201600, 0.055013
201908201610, 0.114909
201908201620, 0.039822
201908201630, 0.23763
201908201640, 0.147895
201908201650, 0.4477
201908201700, 0.727865
201908201710, 0.230794
201908201720, 0.0272352
201908201730, 0.315972
201908201740, 0.274523
201908201750, 0.00737847
201908201800, 0.21875
201908201810, 0.335178
201908201820, 0.389106
201908201830, 0.0251736
201908201840, 0.0177951
201908201850, 0.015408
201908201900, 0.193142
201908201910, 0.0124783
201908201920, 0.0281033
201908201930, 0.0301649
201908201940, 1.34831
201908201950, 0.0250651
201908202000, 0.0152995
201908202010, 0.394965
201908202020, 1.23264
201908202030, 0.0192057
201908202040, 0.00868056
201908202050, 0.0203993
201908202100, 0.0428602
201908202110, 0.0923394
201908202120, 0.0292969
201908202130, 0.00792101
201908202140, 0.000976562
201908202150, 0.0116102
201908202200, 0.23036
201908202210, 0.342448
201908202220, 0.0611979
201908202230, 0.000542535
201908202240, 0.0106337
201908202250, 0.00368924
201908202300, 0.000542535
201908202310, 0.00336372
201908202320, 0
201908202330, 0
201908202340, 0.000108507
201908202350, 0.00976562
201908210000, 0.000108507
201908210010, 0.0568576
201908210020, 0.919488
201908210030, 0.970052
201908210040, 0.517904
201908210050, 0.512261
201908210100, 0.305664
201908210110, 0.218207
201908210120, 0.563585
201908210130, 0.647352
201908210140, 0.404948
201908210150, 1.77333
201908210200, 1.89399
201908210210, 1.22298
201908210220, 1.43164
201908210230, 1.45171
201908210240, 1.56988
201908210250, 1.8304
201908210300, 2.80078
201908210310, 2.04525
201908210320, 1.4171
201908210330, 1.74794
201908210340, 1.72255
201908210350, 1.39746
201908210400, 2.12901
201908210410, 2.11469
201908210420, 2.15516
201908210430, 2.98362
201908210440, 1.69835
201908210450, 1.45779
201908210500, 2.38639
201908210510, 2.12142
201908210520, 2.76986
201908210530, 2.40006
201908210540, 2.5459
201908210550, 1.56738
201908210600, 1.61263
201908210610, 1.50315
201908210620, 1.45345
201908210630, 1.17969
201908210640, 1.62901
201908210650, 0.817925
201908210700, 1.01931
201908210710, 1.01237
201908210720, 0.506619
201908210730, 0.374132
201908210740, 0.370117
201908210750, 0.272135
201908210800, 0.0207248
201908210810, 0.0749783
201908210820, 0.179253
201908210830, 0.218533
201908210840, 0.0355903
201908210850, 0.00596788
201908210900, 0.0181207
201908210910, 0.0291884
201908210920, 0.000325521
201908210940, 0.0560981
201908211000, 0.000434028
201908211010, 0
201908211020, 0
201908211030, 0.00336372
201908211040, 0.000434028
201908211050, 0.000542535
201908211100, 0.00499132
201908211110, 0.0115017
201908211120, 0.0227865
201908211130, 0
201908211140, 0.144423
201908211150, 0.271701
201908211200, 0.156033
201908211210, 0.189562
201908211220, 0.0661892
201908211230, 0.054362
201908211240, 0.00726997
201908211250, 0.0101997
201908211300, 0.0031467
201908211310, 0.00130208
201908211320, 0.000976562
201908211330, 0.000976562
201908211340, 0.000868056
201908211350, 0.000434028
201908211400, 0.00325521
201908211410, 0.00585938
201908211420, 0.0016276
201908211430, 0.00292969
201908211440, 0.0275608
201908211450, 0.00716146
201908211500, 0.0110677
201908211510, 0.00282118
201908211520, 0.00347222
201908211530, 0.00509983
201908211540, 0.0286458
201908211550, 0.00954861
201908211600, 0.0187717
201908211610, 0.00770399
201908211620, 0.0164931
201908211630, 0.0294054
201908211640, 0.00336372
201908211650, 0.00824653
201908211710, 0.0230035
201908211720, 0.00802951
201908211730, 0.270942
201908211740, 0.047526
201908211750, 0.220378
201908211800, 0.0208333
201908211810, 0.0448134
201908211820, 0.0320095
201908211830, 0.0352648
201908211840, 0.00770399
201908211850, 0.00358073
201908211900, 0.00336372
201908211910, 0.0046658
201908211920, 0.00520833
201908211930, 0.00217014
201908211940, 0.0104167
201908211950, 0.00325521
201908212000, 0.0146484
201908212010, 0.0062934
201908212020, 0.00878906
201908212030, 0.0453559
201908212040, 0.0265842
201908212050, 0.0111762
201908212100, 0.00987413
201908212110, 0.00813802
201908212120, 0.0159505
201908212130, 0.014974
201908212140, 0.0294054
201908212150, 0.0197483
201908212200, 0.0243056
201908212210, 0.0275608
201908212220, 0.0332031
201908212230, 0.0124783
201908212240, 0.0133464
201908212250, 0.0170356
201908212300, 0.0252821
201908212310, 0.00640191
201908212320, 0.0133464
201908212330, 0.0144314
201908212340, 0.0115017
201908212350, 0.0125868
201908220000, 0.0166016
201908220010, 0.0207248
201908220020, 0.64464
201908220030, 1.03168
201908220040, 1.0893
201908220050, 1.17242
201908220110, 1.14214
201908220120, 0.956272
201908220130, 0.908746
201908220140, 0.782227
201908220150, 0.864909
201908220200, 0.734049
201908220210, 0.738064
201908220220, 0.645074
201908220230, 1.02474
201908220240, 1.08453
201908220250, 0.95497
201908220300, 0.501953
201908220310, 0.63878
201908220320, 0.553602
201908220330, 0.466363
201908220340, 1.67524
201908220350, 2.04546
201908220400, 1.66102
201908220410, 1.75944
201908220420, 1.45942
201908220430, 0.709418
201908220440, 0.673069
201908220450, 1.09039
201908220500, 0.90332
201908220510, 0.715061
201908220520, 1.25391
201908220530, 2.39876
201908220540, 0.956489
201908220550, 0.855252
201908220600, 1.56782
201908220610, 1.70258
201908220620, 1.3878
201908220630, 1.07107
201908220640, 1.12088
201908220650, 0.875217
201908220700, 0.771918
201908220710, 0.845161
201908220720, 0.946723
201908220730, 0.977865
201908220740, 1.97472
201908220750, 0.918945
201908220800, 0.715495
201908220810, 0.750543
201908220820, 1.16124
201908220830, 1.05219
201908220840, 0.962782
201908220850, 0.809787
201908220900, 0.85753
201908220920, 0.367188
201908220930, 0.538954
201908220940, 1.14355
201908220950, 1.98796
201908221010, 1.75564
201908221020, 1.11556
201908221030, 1.31272
201908221040, 0.424154
201908221100, 0.0797526
201908221110, 0.226562
201908221120, 0.129774
201908221130, 0.0261502
201908221140, 0.0135634
201908221200, 0.140734
201908221210, 0.129557
201908221220, 0.000759549
201908221240, 0.0107422
201908221250, 0.0161675
201908221300, 0.000217014
201908221310, 0.0246311
201908221320, 0.31977
201908221330, 0.0819227
201908221340, 0.185547
201908221350, 0.0438368
201908221400, 0.204102
201908221410, 0.116862
201908221420, 0.465603
201908221430, 0.0106337
201908221440, 0.000542535
201908221450, 0.116536
201908221500, 0.315755
201908221510, 0.542209
201908221520, 0.74707
201908221530, 0.90115
201908221540, 1.11437
201908221550, 1.05512
201908221600, 1.03993
201908221610, 0.809787
201908221620, 0.590495
201908221630, 0.356554
201908221640, 0.300564
201908221650, 0.562391
201908221700, 0.332899
201908221710, 0.164605
201908221720, 0.0119358
201908221730, 0.0368924
201908221740, 0.00726997
201908221750, 0.0062934
201908221800, 0.00651042
201908221810, 0.00336372
201908221820, 0.00499132
201908221830, 0.00217014
201908221840, 0.0016276
201908221850, 0.000325521
201908221900, 0
201908221910, 0
201908221920, 0.269206
201908221930, 0.000325521
201908221940, 0.00900608
201908221950, 0.0401476
201908222000, 0.149089
201908222010, 0.16645
201908222020, 0.0168186
201908222030, 0.00987413
201908222040, 0.0107422
201908222050, 0.0292969
201908222100, 0.109918
201908222110, 0.0321181
201908222120, 0.0161675
201908222130, 0.00336372
201908222140, 0.11339
201908222150, 0.0315755
201908222200, 0.0495877
201908222210, 0.0490451
201908222220, 0.00455729
201908222230, 0.00542535
201908222240, 0.0910373
201908222250, 0.000868056
201908222300, 0.0434028
201908222310, 0.214518
201908222320, 0.00282118
201908222330, 0.00303819
201908222340, 0.00726997
201908222350, 0.00813802
201908230000, 0.0212674
201908230010, 0.0495877
201908230020, 1.23459
201908230030, 2.2627
201908230040, 2.66862
201908230050, 2.78483
201908230100, 3.28613
201908230110, 3.06478
201908230120, 3.39355
201908230130, 3.09939
201908230140, 3.94944
201908230150, 3.68652
201908230200, 2.66515
201908230210, 2.37044
201908230220, 3.23655
201908230230, 3.11621
201908230240, 2.03592
201908230250, 2.14355
201908230300, 1.19792
201908230310, 0.91276
201908230320, 0.864692
201908230330, 1.1747
201908230340, 0.923503
201908230350, 0.292101
201908230400, 0.986871
201908230410, 0.716146
201908230420, 0.241645
201908230430, 0.293403
201908230440, 0.259766
201908230450, 0.510634
201908230500, 0.717231
201908230510, 0.645942
201908230520, 0.747287
201908230530, 0.343099
201908230540, 0.270833
201908230550, 0.373589
201908230610, 0.164062
201908230620, 0.140951
201908230630, 0.0640191
201908230640, 0.046224
201908230650, 0.031684
201908230700, 0.124132
201908230710, 0.0410156
201908230720, 0.00596788
201908230730, 0.00401476
201908230740, 0.184679
201908230750, 0.309028
201908230800, 0.557834
201908230810, 0.703342
201908230820, 0.662435
201908230830, 1.33247
201908230840, 0.727322
201908230850, 0.657227
201908230900, 0.484592
201908230910, 0.230794
201908230920, 0.0989583
201908230930, 0.0119358
201908230940, 0.00368924
201908230950, 0.00238715
201908231000, 0.00130208
201908231010, 0.00108507
201908231020, 0.00282118
201908231030, 0.00792101
201908231040, 0.0101997
201908231050, 0.00325521
201908231100, 0
201908231110, 0
201908231120, 0.285048
201908231130, 0.00173611
201908231140, 0
201908231150, 0
201908231200, 0
201908231210, 0.00119358
201908231220, 0.129123
201908231230, 0.0225694
201908231240, 0.0647786
201908231250, 0.00846354
201908231300, 0
201908231310, 0.3227
201908231320, 0.53559
201908231330, 0.92806
201908231340, 0.594727
201908231350, 0.790256
201908231400, 0.753472
201908231410, 1.09234
201908231420, 1.23362
201908231430, 0.787435
201908231440, 0.771159
201908231450, 0.672852
201908231500, 1.67828
201908231510, 1.65582
201908231520, 1.9298
201908231530, 2.48069
201908231540, 2.05599
201908231550, 1.83735
201908231600, 1.53592
201908231610, 1.588
201908231620, 1.62511
201908231630, 1.97287
201908231640, 2.23253
201908231650, 2.41243
201908231700, 2.53743
201908231710, 1.96853
201908231720, 1.2347
201908231730, 1.68685
201908231740, 1.56293
201908231750, 1.31847
201908231800, 1.15061
201908231810, 1.57096
201908231820, 1.6454
201908231830, 0.743924
201908231840, 0.660156
201908231850, 0.408746
201908231900, 0.434896
201908231910, 0.513997
201908231920, 1.06087
201908231930, 1.02322
201908231940, 0.918403
201908231950, 0.698568
201908232000, 0.616536
201908232010, 0.408854
201908232020, 0.502496
201908232030, 0.492188
201908232040, 0.395074
201908232050, 0.202365
201908232100, 0.176432
201908232110, 0.394097
201908232120, 0.42296
201908232130, 0.12283
201908232140, 0.466688
201908232150, 0.827257
201908232200, 1.31532
201908232210, 0.763889
201908232220, 0.844618
201908232230, 1.16243
201908232240, 0.46148
201908232250, 0.65191
201908232300, 0.331055
201908232310, 0.170681
201908232320, 0.0570747
201908232330, 0.0411241
201908232340, 0.000976562
201908232350, 0.234158
201908240000, 0.0761719
201908240010, 0.14171
201908240020, 0.0203993
201908240030, 0.00965712
201908240040, 0.223416
201908240050, 0.446181
201908240100, 1.22027
201908240110, 1.23383
201908240120, 1.32661
201908240130, 1.48947
201908240140, 1.21821
201908240150, 0.649957
201908240200, 2.1377
201908240210, 1.36654
201908240220, 2.51204
201908240230, 1.95226
201908240240, 1.05284
201908240250, 0.983615
201908240300, 1.4043
201908240310, 1.41819
201908240320, 0.730035
201908240330, 1.426
201908240350, 1.87912
201908240400, 1.90679
201908240410, 3.30002
201908240420, 4.50412
201908240430, 4.60189
201908240440, 3.9885
201908240450, 3.45356
201908240500, 4.59939
201908240510, 4.27333
201908240520, 4.26161
201908240530, 4.30013
201908240540, 4.64128
201908240550, 5.39258
201908240600, 5.42773
201908240610, 4.44444
201908240620, 4.26693
201908240630, 3.73242
201908240640, 3.20562
201908240650, 3.8457
201908240700, 3.0153
201908240710, 3.27311
201908240720, 2.88726
201908240730, 3.13184
201908240740, 2.57498
201908240750, 2.38932
201908240800, 2.33333
201908240810, 2.46278
201908240820, 1.7487
201908240830, 2.10221
201908240840, 2.18414
201908240850, 2.03885
201908240900, 1.14497
201908240910, 0.191949
201908240920, 0.403103
201908240930, 0.0647786
201908240940, 0.129557
201908240950, 0.0605469
201908241000, 0.06977
201908241010, 0.0437283
201908241020, 0.0230035
201908241030, 0.0134549
201908241040, 0.0863715
201908241050, 0.023329
201908241100, 0.251302
201908241110, 0.178277
201908241120, 0.602539
201908241130, 0.176107
201908241140, 0.0558811
201908241150, 0.423503
201908241200, 0.445096
201908241210, 0.581814
201908241220, 0.479492
201908241230, 0.553277
201908241240, 0.155816
201908241250, 0.249349
201908241300, 0.201823
201908241310, 0.259223
201908241320, 0.464301
201908241330, 0.440321
201908241340, 0.222222
201908241350, 0.199978
201908241400, 0.0286458
201908241410, 0.0360243
201908241420, 0.111111
201908241430, 0.184136
201908241440, 0.372613
201908241450, 0.0913628
201908241500, 0.443251
201908241510, 0.289714
201908241520, 0.941406
201908241530, 0.772678
201908241540, 0.248264
201908241550, 0.277561
201908241600, 0.548611
201908241610, 0.270508
201908241620, 0.341688
201908241630, 0.56977
201908241640, 0.533637
201908241650, 0.262912
201908241700, 0.218424
201908241710, 0.567383
201908241720, 0.508138
201908241730, 0.462131
201908241740, 0.811089
201908241750, 0.336589
201908241800, 0.373372
201908241810, 0.676541
201908241820, 0.342882
201908241830, 0.156358
201908241840, 1.14865
201908241850, 0.739149
201908241900, 0.33724
201908241910, 0.371202
201908241920, 1.05382
201908241930, 1.02962
201908241940, 0.962131
201908241950, 0.888455
201908242000, 0.69694
201908242010, 0.698676
201908242020, 0.731554
201908242030, 0.0217014
201908242040, 0.4273
201908242050, 0.000868056
201908242100, 0.00651042
201908242110, 0.0515408
201908242120, 0.0278863
201908242130, 0.00379774
201908242140, 0.016276
201908242150, 0.0201823
201908242200, 0.0173611
201908242210, 0.0271267
201908242220, 0.0285373
201908242230, 0.0159505
201908242240, 0.0397135
201908242250, 0.022895
201908242300, 0.00737847
201908242310, 0.0103082
201908242320, 0.00954861
201908242330, 0.0150825
201908242340, 0.00770399
201908242350, 0.0094401
201908250000, 0.0234375
201908250010, 0.913086
201908250020, 2.87446
201908250030, 4.41873
201908250040, 4.07042
201908250050, 4.12934
201908250100, 4.11068
201908250110, 4.00445
201908250120, 3.21474
201908250130, 3.34896
201908250140, 3.23036
201908250150, 2.95562
201908250200, 3.62337
201908250210, 3.2947
201908250220, 3.72027
201908250230, 3.15343
201908250240, 3.75152
201908250250, 3.72059
201908250300, 3.59408
201908250310, 4.15137
201908250320, 3.80393
201908250330, 3.60601
201908250340, 3.03689
201908250350, 3.11925
201908250400, 2.85286
201908250410, 3.10265
201908250420, 2.96213
201908250430, 3.17231
201908250440, 2.46311
201908250450, 1.74371
201908250500, 0.846463
201908250510, 0.430556
201908250520, 0.611111
201908250530, 0.681749
201908250540, 0.799588
201908250550, 0.547092
201908250600, 0.515734
201908250610, 0.246202
201908250620, 0.0390625
201908250630, 0.0868056
201908250640, 0.110135
201908250650, 0.298286
201908250700, 0.197591
201908250710, 0.226237
201908250720, 0.143663
201908250730, 0.167101
201908250740, 0.220052
201908250750, 0.172526
201908250800, 0.139323
201908250810, 0.054579
201908250830, 0.0579427
201908250840, 0.357096
201908250850, 0.374349
201908250900, 0.0349392
201908250910, 0.0251736
201908250920, 0.000217014
201908250930, 0.0415582
201908250940, 0
201908251000, 0.00130208
201908251010, 0
201908251020, 0.000108507
201908251030, 0
201908251040, 0
201908251050, 0.318576
201908251110, 0
201908251120, 0
201908251130, 0.000868056
201908251140, 0.0145399
201908251150, 0.00184462
201908251200, 0.000325521
201908251210, 0.000976562
201908251220, 0.0428602
201908251230, 0
201908251240, 0.00141059
201908251250, 0.000108507
201908251310, 0.0062934
201908251320, 0.00444878
201908251330, 0.102865
201908251340, 0.00336372
201908251350, 0.0288628
201908251400, 0.00455729
201908251410, 0.00759549
201908251420, 0.0380859
201908251430, 0.0493707
201908251440, 0.0224609
201908251450, 0.0222439
201908251500, 0.193359
201908251510, 0.145942
201908251520, 0.365885
201908251530, 0.185655
201908251540, 0.0886502
201908251550, 0.218858
201908251600, 0.388346
201908251610, 0.451931
201908251620, 0.285265
201908251630, 0.452365
201908251640, 0.749674
201908251650, 0.622179
201908251700, 0.688368
201908251710, 0.563585
201908251720, 1.3572
201908251730, 1.2564
201908251740, 1.41157
201908251750, 0.969727
201908251800, 1.25727
201908251810, 1.4502
201908251820, 1.27875
201908251830, 1.76649
201908251840, 1.27355
201908251850, 1.16775
201908251900, 1.15896
201908251910, 0.971788
201908251920, 0.998589
201908251930, 0.554362
201908251940, 1.36816
201908251950, 0.258572
201908252000, 0.629774
201908252010, 0.0970052
201908252020, 0.444878
201908252030, 0.400825
201908252040, 0.504666
201908252050, 0.11046
201908252100, 0.00379774
201908252110, 0.0335286
201908252120, 0.0108507
201908252130, 0.00954861
201908252140, 0.0150825
201908252150, 0.0192057
201908252200, 0.00911458
201908252210, 0.0125868
201908252220, 0.00542535
201908252230, 0.00434028
201908252240, 0.000868056
201908252250, 0.00976562
201908252300, 0.0118273
201908252310, 0.0015191
201908252320, 0.00368924
201908252330, 0.0221354
201908252340, 0
201908252350, 0.000217014
201908260000, 0.030816
201908260010, 0.0390625
201908260020, 0.459744
201908260030, 0.502387
201908260040, 0.98839
201908260050, 1.05707
201908260100, 0.233181
201908260110, 0.580946
201908260120, 0.401584
201908260130, 0.729384
201908260140, 0.110352
201908260150, 0.00227865
201908260200, 0.159288
201908260210, 0.181641
201908260220, 0.202148
201908260230, 0.696506
201908260240, 0.475152
201908260250, 0.175781
201908260300, 0.526367
201908260310, 0.321506
201908260320, 0.0329861
201908260330, 0
201908260340, 0.0737847
201908260350, 0.235569
201908260400, 0.236328
201908260410, 0.334852
201908260420, 0.181532
201908260430, 0.110026
201908260440, 0.129557
201908260450, 0.00184462
201908260500, 0.00227865
201908260510, 0.000217014
201908260520, 0
201908260530, 0.00477431
201908260540, 0.00585938
201908260550, 0
201908260600, 0.000108507
201908260610, 0
201908260620, 0.00716146
201908260630, 0.000542535
201908260640, 0.124783
201908260650, 0.000108507
201908260700, 0
201908260710, 0.110569
201908260720, 0.0346137
201908260730, 0.239475
201908260740, 0.750434
201908260750, 0.281901
201908260800, 0.522786
201908260810, 0.406358
201908260820, 0.70714
201908260830, 0.378364
201908260850, 0.794379
201908260900, 0.0215929
201908260910, 0.00379774
201908260920, 0.0222439
201908260930, 0.0101997
201908260940, 0.000325521
201908260950, 0.00379774
201908261000, 0.0364583
201908261010, 0.00694444
201908261020, 0.0106337
201908261030, 0.0304905
201908261040, 0.262044
201908261050, 0.19694
201908261100, 0.0197483
201908261110, 0.0147569
201908261120, 0.0674913
201908261130, 0.0248481
201908261150, 0.238824
201908261200, 0.88227
201908261210, 1.25456
201908261220, 1.25987
201908261230, 2.21452
201908261240, 2.4605
201908261250, 3.47819
201908261300, 3.90538
201908261310, 3.8941
201908261320, 4.93218
201908261330, 4.85493
201908261340, 4.7245
201908261350, 4.176
201908261400, 2.94423
201908261410, 3.19922
201908261420, 2.63813
201908261430, 3.25119
201908261440, 2.72461
201908261450, 2.53147
201908261500, 2.82715
201908261510, 1.94694
201908261520, 2.16895
201908261530, 1.93479
201908261540, 1.7054
201908261550, 1.43338
201908261600, 1.3865
201908261610, 0.848741
201908261620, 0.726128
201908261630, 0.616211
201908261640, 0.780382
201908261650, 0.611545
201908261700, 0.788411
201908261720, 0.926432
201908261730, 0.792209
201908261740, 0.948893
201908261750, 1.30512
201908261800, 1.03201
201908261810, 1.41319
201908261820, 1.08322
201908261830, 0.910699
201908261840, 0.999891
201908261850, 0.93533
201908261900, 0.869249
201908261910, 0.520399
201908261920, 0.36697
201908261930, 0.679905
201908261940, 0.341688
201908261950, 0.47819
201908262000, 0.458876
201908262010, 0.253147
201908262020, 0.104167
201908262030, 0.318576
201908262040, 0.115126
201908262050, 0.27691
201908262100, 0.18674
201908262120, 0.0737847
201908262130, 0.0418837
201908262140, 0.0321181
201908262150, 0.0877821
201908262200, 0.0887587
201908262210, 0.0431858
201908262220, 0.205512
201908262230, 0.244249
201908262240, 0.153971
201908262250, 0.362413
201908262300, 0.221571
201908262310, 0.0534939
201908262320, 0.015842
201908262330, 0.142578
201908262340, 0.349609
201908262350, 0.362739
201908270000, 0.462999
201908270010, 0.401584
201908270020, 0.932292
201908270030, 0.62793
201908270040, 0.634983
201908270050, 1.10373
201908270100, 1.06066
201908270110, 0.749132
201908270120, 0.431207
201908270130, 0.464735
201908270140, 0.359809
201908270150, 0.114692
201908270200, 0
201908270210, 0
201908270220, 0.0487196
201908270230, 0.0971137
201908270240, 0.0292969
201908270250, 0.0634766
201908270300, 0.311957
201908270310, 0.900174
201908270320, 0.186523
201908270330, 0.338108
201908270340, 0.235243
201908270350, 0.189779
201908270400, 0.261285
201908270410, 0.435764
201908270420, 0.622721
201908270430, 0.374674
201908270440, 0.511827
201908270450, 0.158203
201908270500, 0.10829
201908270510, 0.324436
201908270520, 0.22385
201908270530, 0.601128
201908270540, 0.435438
201908270550, 0.562934
201908270600, 1.27528
201908270610, 1.13683
201908270620, 1.48513
201908270630, 0.695638
201908270640, 1.11144
201908270650, 0.894097
201908270700, 0.783529
201908270710, 1.25098
201908270720, 0.845486
201908270730, 0.696398
201908270740, 0.361979
201908270750, 0.422092
201908270800, 0.490343
201908270810, 0.11122
201908270820, 0.0406901
201908270830, 0.491645
201908270840, 1.26682
201908270850, 2.86361
201908270900, 1.71777
201908270910, 0.277235
201908270920, 0.476562
201908270930, 0.25651
201908270940, 0.0317925
201908270950, 0.0797526
201908271000, 0.112413
201908271010, 0.102539
201908271020, 0.303277
201908271030, 0.270074
201908271040, 0.014974
201908271050, 0.277561
201908271100, 0.155273
201908271110, 0.0105252
201908271120, 0.00423177
201908271130, 0.232856
201908271140, 0.0683594
201908271150, 0.283203
201908271210, 0.323351
201908271220, 0.046658
201908271230, 0.0295139
201908271240, 0.431641
201908271250, 0.722439
201908271300, 0.546549
201908271310, 0.876085
201908271320, 0.0723741
201908271330, 0.0773655
201908271340, 0.0327691
201908271350, 0.592882
201908271400, 1.22461
201908271410, 1.29091
201908271420, 1.30534
201908271430, 1.77767
201908271440, 2.02593
201908271450, 3.26769
201908271500, 1.74761
201908271510, 2.64724
201908271520, 2.34635
201908271530, 2.93207
201908271540, 3.27615
201908271550, 3.18544
201908271600, 3.58051
201908271610, 3.57183
201908271620, 3.0803
201908271630, 1.89735
201908271640, 2.0102
201908271650, 2.40299
201908271700, 1.69217
201908271710, 1.90983
201908271720, 2.31999
201908271730, 2.24826
201908271740, 2.27311
201908271750, 1.68739
201908271800, 1.35753
201908271810, 0.946615
201908271820, 0.886393
201908271830, 0.778103
201908271840, 0.163086
201908271850, 0.285373
201908271900, 0.28049
201908271910, 0.57704
201908271920, 1.03277
201908271930, 1.13325
201908271940, 1.36035
201908271950, 1.10786
201908272000, 0.793837
201908272010, 0.606988
201908272020, 0.122613
201908272030, 0.0402561
201908272040, 0.108615
201908272050, 0.274306
201908272100, 0.598307
201908272110, 0.219293
201908272120, 0.241753
201908272130, 0
201908272140, 0.0824653
201908272150, 0.166341
201908272200, 0.24056
201908272210, 0.062934
201908272220, 0.000759549
201908272230, 0.156684
201908272240, 0.165582
201908272250, 0.0794271
201908272300, 0.516819
201908272310, 0.116102
201908272320, 0.138997
201908272330, 0.0761719
201908272340, 0.0669488
201908272350, 0.05523
201908280000, 0.126953
201908280010, 0.281901
201908280020, 0.288303
201908280030, 0.347656
201908280040, 0.319336
201908280050, 0.959093
201908280100, 0.676215
201908280110, 0.830729
201908280120, 0.523112
201908280130, 1.47906
201908280140, 0.996528
201908280150, 0.854818
201908280200, 1.03548
201908280210, 1.24664
201908280220, 1.7092
201908280230, 1.67372
201908280240, 1.77192
201908280250, 1.63987
201908280300, 2.25705
201908280310, 1.53483
201908280320, 1.44054
201908280330, 1.12652
201908280340, 1.53255
201908280350, 0.980794
201908280400, 0.469401
201908280410, 0.457357
201908280420, 0.340061
201908280430, 0.046658
201908280440, 0.436306
201908280450, 0.916884
201908280500, 0.43967
201908280510, 1.20747
201908280520, 0.560438
201908280530, 0.424262
201908280540, 0.911675
201908280550, 0.964844
201908280600, 0.968967
201908280610, 1.37728
201908280620, 1.09516
201908280630, 0.218642
201908280650, 1.30154
201908280700, 0.779405
201908280710, 0.2398
201908280720, 0.0338542
201908280730, 0.0754123
201908280740, 0.123481
201908280750, 0.100152
201908280800, 0.0193142
201908280810, 0.0832248
201908280820, 0.250326
201908280830, 1.07476
201908280840, 2.41395
201908280850, 3.13921
201908280900, 0.129123
201908280910, 0.0208333
201908280920, 0.00553385
201908280930, 0.0375434
201908280940, 0.000108507
201908280950, 0.000325521
201908281000, 0
201908281010, 0.000759549
201908281020, 0.0188802
201908281030, 0
201908281040, 0.0606554
201908281050, 0.0526259
201908281100, 0.0177951
201908281110, 0.0430773
201908281120, 0.00325521
201908281130, 0.313911
201908281140, 0.17079
201908281150, 0.0775825
201908281200, 0.0137804
201908281210, 0.105686
201908281220, 0.139648
201908281230, 0.0299479
201908281240, 0.163194
201908281250, 0.427951
201908281300, 0.402127
201908281310, 0.299154
201908281320, 0.377604
201908281330, 0.888563
201908281340, 1.36187
201908281350, 1.66037
201908281400, 1.09874
201908281410, 1.61502
201908281420, 2.08084
201908281430, 2.46137
201908281440, 2.04102
201908281450, 1.95812
201908281500, 2.50792
201908281510, 1.85124
201908281520, 1.88791
201908281530, 2.28722
201908281540, 1.57693
201908281550, 1.56
201908281600, 0.9324
201908281610, 1.07617
201908281620, 1.01747
201908281630, 1.35102
201908281640, 0.962131
201908281650, 0.799588
201908281700, 0.942817
201908281710, 0.795247
201908281720, 0.675022
201908281730, 0.570312
201908281740, 0.985352
201908281750, 0.832791
201908281800, 0.643229
201908281810, 0.953776
201908281820, 1.11187
201908281830, 1.21137
201908281840, 1.37381
201908281850, 1.52333
201908281900, 1.58453
201908281910, 1.84874
201908281920, 2.02756
201908281930, 1.98546
201908281940, 1.86057
201908281950, 1.99555
201908282000, 1.66211
201908282010, 1.45475
201908282020, 1.36372
201908282030, 0.827474
201908282040, 0.906141
201908282050, 0.595486
201908282100, 0.615994
201908282110, 0.542969
201908282120, 0.245009
201908282130, 0.323893
201908282140, 0.210503
201908282150, 0.062934
201908282200, 0.0885417
201908282210, 0.0738932
201908282220, 0.0540365
201908282230, 0.0657552
201908282240, 0.0519748
201908282250, 0.0380859
201908282300, 0.00987413
201908282310, 0.0263672
201908282320, 0.00141059
201908282330, 0.00336372
201908282340, 0.078342
201908282350, 0.00705295
201908290000, 0.00911458
201908290010, 0.384006
201908290020, 0.719076
201908290030, 1.03537
201908290040, 0.950412
201908290050, 1.63856
201908290100, 1.0357
201908290110, 0.617079
201908290120, 0.791233
201908290130, 0.673177
201908290140, 1.33908
201908290150, 1.69824
201908290200, 2.03516
201908290210, 1.97038
201908290220, 2.19661
201908290230, 1.91222
201908290240, 1.60276
201908290250, 1.78082
201908290300, 2.48503
201908290310, 0.924371
201908290320, 0.639323
201908290330, 0.59451
201908290340, 0.865451
201908290350, 0.33214
201908290400, 0.296983
201908290410, 0.954861
201908290420, 0.459635
201908290430, 1.11263
201908290440, 0.378255
201908290450, 0.937283
201908290500, 0.711806
201908290510, 1.09505
201908290520, 0.391168
201908290530, 0.69477
201908290540, 0.14247
201908290550, 0.046441
201908290600, 0.0193142
201908290610, 0.0633681
201908290620, 0.545356
201908290630, 0.00531684
201908290640, 0.284939
201908290650, 0.136502
201908290700, 0.0376519
201908290710, 0.793837
201908290720, 0.108507
201908290730, 0.0999349
201908290740, 0.181424
201908290750, 0.210829
201908290800, 0.276693
201908290810, 0.0503472
201908290820, 0.212782
201908290830, 1.28136
201908290840, 1.58702
201908290850, 1.10493
201908290900, 0.593099
201908290910, 1.46061
201908290920, 1.53776
201908290930, 1.97125
201908290940, 1.26335
201908290950, 0.755751
201908291000, 0.864475
201908291010, 0.346354
201908291020, 0.343533
201908291030, 0.0401476
201908291040, 0.0342882
201908291050, 0.17589
201908291100, 0.229275
201908291110, 0
201908291120, 0.000434028
201908291130, 0
201908291140, 0.187283
201908291150, 0.273221
201908291200, 1.15386
201908291210, 0.0669488
201908291220, 0.655056
201908291230, 1.10449
201908291240, 1.18598
201908291250, 1.47526
201908291300, 1.03885
201908291310, 1.99512
201908291320, 1.51107
201908291330, 0.525608
201908291340, 1.07606
201908291350, 1.93207
201908291400, 1.58095
201908291410, 2.1314
201908291420, 2.62359
201908291430, 3.61567
201908291440, 3.46311
201908291450, 3.68479
201908291500, 4.73253
201908291510, 5.79069
201908291520, 5.64312
201908291530, 5.41732
201908291540, 4.78168
201908291550, 4.60981
201908291600, 4.00705
201908291610, 2.34918
201908291620, 2.59559
201908291630, 2.60438
201908291640, 2.69607
201908291650, 4.15582
201908291700, 3.59625
201908291710, 2.20757
201908291720, 2.88574
201908291730, 1.78982
201908291740, 1.0293
201908291750, 0.753906
201908291800, 0.898654
201908291810, 1.68891
201908291820, 2.04688
201908291830, 1.42958
201908291840, 1.34701
201908291850, 1.73937
201908291900, 1.2436
201908291910, 1.41189
201908291920, 1.065
201908291930, 0.915799
201908291940, 0.738281
201908291950, 0.779731
201908292000, 0.807834
201908292010, 0.878798
201908292020, 1.13064
201908292030, 1.17177
201908292040, 1.21181
201908292050, 0.994792
201908292100, 0.675239
201908292110, 0.561089
201908292120, 0.35395
201908292130, 0.0132378
201908292140, 0
201908292150, 0.0031467
201908292200, 0.000108507
201908292210, 0
201908292220, 0
201908292230, 0.0062934
201908292240, 0
201908292250, 0.00173611
201908292300, 0.0193142
201908292310, 0.00336372
201908292320, 0.00423177
201908292330, 0.00998264
201908292340, 0.0192057
201908292350, 0.00390625
201908300000, 0.0212674
201908300010, 0.0249566
201908300020, 0.0295139
201908300030, 0.0965712
201908300040, 0.293837
201908300050, 0.359918
201908300100, 0.528103
201908300110, 0.702691
201908300120, 0.517795
201908300130, 0.395942
201908300140, 0.285699
201908300150, 0.497938
201908300200, 0.373372
201908300210, 0.434136
201908300220, 0.564996
201908300230, 0.423937
201908300240, 0.0670573
201908300250, 0.252713
201908300300, 0.0730252
201908300310, 0.176432
201908300320, 0.0257161
201908300330, 0.0141059
201908300340, 0.0100911
201908300350, 0.047309
201908300400, 0.0592448
201908300410, 0.00651042
201908300420, 0.06977
201908300430, 0.0296224
201908300440, 0.0372179
201908300450, 0.00976562
201908300500, 0.0169271
201908300510, 0.000108507
201908300520, 0.00227865
201908300530, 0.00477431
201908300540, 0.0105252
201908300550, 0.0016276
201908300600, 0.00347222
201908300610, 0.00347222
201908300620, 0.00683594
201908300630, 0.0108507
201908300640, 0
201908300650, 0.0120443
201908300700, 0
201908300710, 0.00173611
