201706010000, 0.000434028
201706010010, 0.421332
201706010020, 0.175022
201706010030, 0.0938585
201706010040, 0.122287
201706010050, 0.363607
201706010100, 0.57921
201706010110, 1.53961
201706010120, 2.4911
201706010130, 2.80512
201706010140, 2.91699
201706010150, 3.09711
201706010200, 2.97852
201706010210, 2.92622
201706010220, 3.50022
201706010230, 3.56228
201706010240, 4.00271
201706010250, 2.014
201706010300, 2.78255
201706010310, 2.0536
201706010320, 1.90538
201706010330, 2.09494
201706010340, 1.23655
201706010350, 1.62739
201706010400, 2.16699
201706010410, 2.2373
201706010420, 3.58442
201706010430, 3.986
201706010440, 4.14323
201706010450, 3.51454
201706010500, 3.0115
201706010510, 3.70182
201706010520, 3.51888
201706010530, 2.97374
201706010540, 2.96897
201706010550, 3.22776
201706010600, 3.926
201706010610, 3.26248
201706010620, 3.54568
201706010630, 2.63878
201706010640, 2.41081
201706010650, 1.98741
201706010710, 2.40397
201706010720, 1.68761
201706010730, 1.62999
201706010740, 1.39887
201706010750, 0.591471
201706010800, 0.156033
201706010810, 0.0124783
201706010820, 0.0879991
201706010830, 0.0591363
201706010840, 0.0665148
201706010850, 0.0767144
201706010900, 0.0558811
201706010910, 0.00434028
201706010920, 0.000651042
201706010940, 0.000108507
201706010950, 0.000217014
201706011000, 0
201706011020, 0.00206163
201706011030, 0.00434028
201706011040, 0.00141059
201706011100, 0.0759549
201706011110, 0
201706011120, 0
201706011130, 0.000108507
201706011140, 0
201706011150, 0.000217014
201706011200, 0.023546
201706011220, 0.0538194
201706011230, 0.320095
201706011240, 0.343641
201706011250, 0.31684
201706011300, 0.20497
201706011310, 0.130968
201706011320, 0.249023
201706011330, 0.277669
201706011340, 0.0647786
201706011350, 0.256836
201706011400, 0.220812
201706011410, 0.301866
201706011420, 0.290907
201706011430, 0.224826
201706011440, 0.193902
201706011450, 0.0813802
201706011500, 0.0536024
201706011510, 0.00379774
201706011520, 0.0224609
201706011530, 0.0294054
201706011540, 0.0754123
201706011550, 0.0451389
201706011600, 0.1199
201706011610, 0.0899523
201706011620, 0.0399306
201706011630, 0.0438368
201706011640, 0.015842
201706011650, 0
201706011700, 0
201706011710, 0.00260417
201706011720, 0
201706011730, 0.0258247
201706011740, 0.00184462
201706011750, 0
201706011800, 0.0443793
201706011810, 0.252604
201706011820, 0.172092
201706011830, 0.209418
201706011840, 0.015625
201706011850, 0.125543
201706011900, 0.252604
201706011910, 0.184028
201706011920, 0.331489
201706011930, 0.257921
201706011940, 0.174479
201706011950, 0.000325521
201706012000, 0.00141059
201706012010, 0.0482856
201706012020, 0.016059
201706012030, 0.0551215
201706012040, 0.0405816
201706012050, 0
201706012100, 0.000434028
201706012110, 0
201706012120, 0.00651042
201706012130, 0.000325521
201706012140, 0
201706012150, 0
201706012200, 0
201706012210, 0.0696615
201706012220, 0.000868056
201706012230, 0.00401476
201706012240, 0.0250651
201706012250, 0.00846354
201706012300, 0.0138889
201706012310, 0.000108507
201706012320, 0.00206163
201706012330, 0.0465495
201706012340, 0.00108507
201706012350, 0.359918
201706020000, 0.175998
201706020010, 0.376736
201706020020, 0.551649
201706020030, 0.137695
201706020040, 0.100152
201706020050, 0.731879
201706020100, 1.0714
201706020110, 0.533203
201706020120, 0.205621
201706020130, 0.568793
201706020140, 0.275174
201706020150, 1.15972
201706020200, 0.987088
201706020210, 0.368815
201706020220, 0.56543
201706020230, 1.04959
201706020240, 1.10221
201706020250, 1.14225
201706020300, 1.8622
201706020310, 0.819987
201706020320, 1.9617
201706020330, 1.32954
201706020340, 1.33225
201706020350, 1.34364
201706020400, 0.988064
201706020410, 0.862413
201706020420, 0.616319
201706020430, 1.24425
201706020440, 1.08333
201706020450, 1.28971
201706020500, 0.660916
201706020510, 0.64388
201706020520, 0.373372
201706020530, 0.423611
201706020540, 0.479384
201706020600, 0.0745443
201706020610, 0.0825738
201706020620, 0.0784505
201706020630, 0.188477
201706020640, 0.00759549
201706020650, 0.0031467
201706020700, 0.0665148
201706020710, 0.0238715
201706020720, 0.0521918
201706020730, 0.0416667
201706020740, 0.0386285
201706020750, 0.0257161
201706020800, 0.00249566
201706020810, 0.0175781
201706020820, 0.0277778
201706020830, 0.445855
201706020840, 0.0278863
201706020850, 0.0251736
201706020900, 0.00661892
201706020910, 0.00759549
201706020920, 0.00716146
201706020930, 0.0016276
201706020940, 0.00379774
201706021020, 0.0152995
201706021040, 0.00195312
201706021050, 0.992404
201706021100, 0
201706021110, 0.00282118
201706021120, 0.000651042
201706021130, 0.00585938
201706021140, 0
201706021150, 0
201706021210, 0.00130208
201706021220, 0.00336372
201706021230, 0.000759549
201706021300, 0.000759549
201706021310, 0.000542535
201706021320, 0.477865
201706021330, 0
201706021340, 0.000976562
201706021350, 0
201706021400, 0.00292969
201706021420, 0.0015191
201706021430, 0.0583767
201706021440, 0.0202908
201706021450, 0.423286
201706021500, 0.198893
201706021510, 0.0108507
201706021520, 0.11339
201706021530, 0.0166016
201706021540, 0.00292969
201706021550, 0.00770399
201706021600, 0
201706021610, 0.000759549
201706021620, 0
201706021630, 0
201706021640, 0.000976562
201706021650, 0
201706021700, 0
201706021710, 0.0343967
201706021720, 0
201706021730, 0
201706021740, 0
201706021750, 0
201706021800, 0.00651042
201706021810, 0
201706021820, 0.00607639
201706021830, 0
201706021840, 0.0150825
201706021850, 0.0771484
201706021900, 0.126302
201706021910, 0.13444
201706021920, 0.0147569
201706021930, 0.0133464
201706021940, 0.18674
201706021950, 0.0371094
201706022000, 0.038737
201706022010, 0.00835503
201706022020, 0.299805
201706022030, 0.33431
201706022040, 0.666016
201706022050, 0.256727
201706022100, 0.00488281
201706022110, 0.00726997
201706022120, 0.0263672
201706022130, 0.0340712
201706022140, 0.00303819
201706022150, 0.185113
201706022200, 0.493815
201706022210, 0.0126953
201706022220, 0.0125868
201706022230, 0.00184462
201706022240, 0.0101997
201706022250, 0.00249566
201706022300, 0.0346137
201706022310, 0.00292969
201706022320, 0.0131293
201706022330, 0.000325521
201706022340, 0
201706022350, 0.039605
201706030000, 0.00531684
201706030010, 0.00119358
201706030030, 0.10395
201706030040, 0
201706030050, 0.0370009
201706030100, 0.000434028
201706030110, 0
201706030120, 0.0298394
201706030130, 0.0297309
201706030140, 0.0268012
201706030150, 0.0467665
201706030200, 0.0309245
201706030210, 0.129015
201706030220, 0.334201
201706030230, 0.368815
201706030240, 0.253364
201706030250, 0.28049
201706030310, 0.303711
201706030320, 0.181098
201706030330, 0.253147
201706030340, 0.251411
201706030350, 0.190538
201706030400, 0.305339
201706030420, 0.20931
201706030430, 0.104492
201706030440, 0.0587023
201706030450, 0.0757378
201706030500, 0.00976562
201706030520, 0.0124783
201706030530, 0.0967882
201706030540, 0.00195312
201706030550, 0.00672743
201706030600, 0.00900608
201706030610, 0.0365668
201706030620, 0.000542535
201706030630, 0.00694444
201706030640, 0.00238715
201706030650, 0.242839
201706030700, 0.104384
201706030710, 0.00434028
201706030720, 0.0588108
201706030730, 0.133898
201706030740, 0.16428
201706030750, 0.000217014
201706030800, 0.0181207
201706030810, 0.00141059
201706030820, 0.0062934
201706030830, 0.0437283
201706030840, 0.0243056
201706030850, 0.015191
201706030900, 0.0212674
201706030910, 0.0355903
201706030920, 0.00444878
201706030930, 0.000759549
201706030940, 0.00173611
201706030950, 0.00477431
201706031000, 0.00119358
201706031010, 0
201706031020, 0.000217014
201706031030, 0
201706031040, 0.00227865
201706031050, 0.00379774
201706031100, 0.000108507
201706031120, 0.000325521
201706031130, 0.000325521
201706031150, 0.000217014
201706031200, 0
201706031210, 0.0819227
201706031220, 0.194553
201706031230, 0.0363498
201706031240, 0.000108507
201706031250, 0.568142
201706031300, 0.35536
201706031310, 0.926866
201706031320, 0.974826
201706031330, 0.846897
201706031340, 1.64789
201706031350, 1.27355
201706031400, 1.21354
201706031410, 1.4936
201706031420, 0.832899
201706031430, 0.92947
201706031440, 1.10438
201706031450, 0.935438
201706031500, 0.624892
201706031510, 0.0606554
201706031520, 0.167209
201706031530, 0.0567491
201706031540, 0.218099
201706031550, 0
201706031600, 0.873698
201706031610, 0.502604
201706031620, 0.869358
201706031630, 0.645074
201706031640, 0.768229
201706031650, 0.808268
201706031700, 1.03168
201706031710, 0.2398
201706031720, 0.484375
201706031730, 0.325195
201706031740, 0.173828
201706031750, 0.730252
201706031800, 0
201706031810, 0.526367
201706031820, 0.636393
201706031830, 0.550564
201706031840, 0.575412
201706031850, 0.718967
201706031900, 0.582465
201706031910, 0.705946
201706031920, 0.448351
201706031930, 0.171766
201706031940, 0.514214
201706031950, 0.633681
201706032000, 0.673937
201706032010, 0.524957
201706032020, 0.542318
201706032030, 0.399957
201706032040, 0.447157
201706032050, 0.290907
201706032100, 0.465495
201706032110, 0.634115
201706032120, 0.0748698
201706032130, 0.198785
201706032140, 0.0843099
201706032150, 0.195312
201706032200, 0.134006
201706032210, 0.0549045
201706032220, 0.0103082
201706032230, 0.00607639
201706032240, 0.00260417
201706032250, 0.00130208
201706032320, 0.000542535
201706032330, 0.00173611
201706032340, 0.0349392
201706032350, 0.0313585
201706040000, 0.000108507
201706040010, 0
201706040020, 0
201706040030, 0.000976562
201706040040, 0.000217014
201706040050, 0
201706040110, 0.00249566
201706040120, 0.00141059
201706040140, 0.00412326
201706040150, 0.0120443
201706040200, 0.000651042
201706040210, 0.00195312
201706040220, 0
201706040230, 0
201706040240, 0.00217014
201706040250, 0.000759549
201706040300, 0.00238715
201706040310, 0.0811632
201706040320, 0.0163845
201706040330, 0.0411241
201706040340, 0
201706040350, 0.000976562
201706040400, 0.0286458
201706040410, 0.0557726
201706040420, 0.119683
201706040430, 0.0873481
201706040440, 0.149631
201706040450, 0.249674
201706040500, 0.062283
201706040510, 0.0698785
201706040520, 0.0542535
201706040530, 0.130208
201706040540, 0.0895182
201706040550, 0.102105
201706040600, 0.102865
201706040610, 0.0932075
201706040620, 0.0910373
201706040630, 0.0782335
201706040640, 0.0590278
201706040650, 0.0171441
201706040700, 0.00292969
201706040710, 0.0313585
201706040720, 0.199436
201706040730, 0.154514
201706040740, 0.115126
201706040750, 0.186198
201706040800, 0.221246
201706040810, 0.242947
201706040830, 0.244249
201706040840, 0.230469
201706040850, 0.205512
201706040900, 0.0343967
201706040910, 0.062934
201706040920, 0.106879
201706040930, 0.0642361
201706040940, 0.00119358
201706040950, 0.00477431
201706041000, 0.00770399
201706041010, 0.08648
201706041020, 0.0955946
201706041030, 0.0758464
201706041040, 0.152778
201706041050, 0.223633
201706041100, 0.305881
201706041110, 0.0986328
201706041120, 0.316732
201706041130, 0.192057
201706041150, 0.185004
201706041200, 0.168728
201706041210, 0.0934245
201706041220, 0.0948351
201706041230, 0.115017
201706041240, 0.0483941
201706041250, 0.203668
201706041300, 0.197374
201706041310, 0.192491
201706041350, 0.0456814
201706041400, 0.446506
201706041410, 0.407118
201706041420, 0.4898
201706041430, 0.329536
201706041440, 0.296441
201706041450, 0.317274
201706041500, 0.197917
201706041510, 0.267578
201706041520, 0.666667
201706041530, 0.483398
201706041540, 0.399523
201706041550, 0.149848
201706041600, 0.0531684
201706041610, 0.419162
201706041620, 0.303711
201706041630, 0.761393
201706041640, 0.461372
201706041650, 0.0713976
201706041700, 0.239149
201706041710, 0.369466
201706041720, 0.0526259
201706041730, 0.0651042
201706041740, 0.0533854
201706041750, 0.00553385
201706041800, 0.0511068
201706041810, 0.0111762
201706041820, 0.0253906
201706041830, 0.210178
201706041840, 0.0842014
201706041850, 0.184896
201706041900, 0.116753
201706041910, 0.182617
201706041920, 0.107964
201706041930, 0.104275
201706041940, 0.208767
201706041950, 0.0268012
201706042000, 0.0093316
201706042010, 0.00423177
201706042020, 0.00238715
201706042030, 0.0170356
201706042040, 0.0155165
201706042050, 0.00954861
201706042100, 0.0514323
201706042110, 0
201706042120, 0
201706042130, 0
201706042140, 0
201706042150, 0.00705295
201706042200, 0.000651042
201706042210, 0.000434028
201706042220, 0.00998264
201706042230, 0.0763889
201706042240, 0.0104167
201706042250, 0.000542535
201706042300, 0.0031467
201706042310, 0.00271267
201706042320, 0
201706042330, 0.00509983
201706042340, 0.039605
201706042350, 0.000217014
201706050000, 0.0105252
201706050010, 0.00347222
201706050020, 0.00542535
201706050030, 0.00564236
201706050040, 0.00249566
201706050050, 0.00108507
201706050100, 0.00737847
201706050110, 0.00998264
201706050120, 0.0481771
201706050130, 0.0835503
201706050140, 0.094184
201706050150, 0.0576172
201706050200, 0.0236545
201706050210, 0.038954
201706050220, 0.0201823
201706050230, 0.131944
201706050240, 0.0632595
201706050250, 0.19477
201706050300, 0.266927
201706050310, 0.363281
201706050320, 0.300564
201706050350, 0.497613
201706050400, 0.697266
201706050410, 0.573134
201706050420, 0.538628
201706050430, 0.489041
201706050440, 0.575846
201706050450, 0.605252
201706050500, 0.509332
201706050510, 0.436198
201706050520, 0.273438
201706050530, 0.298937
201706050540, 0.273329
201706050550, 0.139757
201706050600, 0.250217
201706050610, 0.0922309
201706050620, 0.00238715
201706050630, 0.0696615
201706050640, 0.0220269
201706050650, 0.0276693
201706050700, 0.0480686
201706050710, 0.0196398
201706050720, 0.00737847
201706050730, 0.00770399
201706050740, 0.00227865
201706050750, 0.000542535
201706050800, 0.0169271
201706050810, 0.014974
201706050820, 0.0211589
201706050830, 0.000108507
201706050840, 0.000217014
201706050850, 0.00412326
201706050900, 0.00531684
201706050910, 0.000759549
201706050920, 0.054362
201706050930, 0.0479601
201706050940, 0
201706051000, 0.000217014
201706051020, 0.0188802
201706051030, 0.0117188
201706051040, 0.00271267
201706051050, 0.0134549
201706051100, 0.00184462
201706051110, 0.00141059
201706051120, 0.000542535
201706051130, 0.00217014
201706051140, 0.00227865
201706051150, 0.00813802
201706051200, 0.00130208
201706051210, 0.150933
201706051220, 0.0585938
201706051230, 0
201706051240, 0.0378689
201706051250, 0.014974
201706051300, 0.0558811
201706051310, 0.0315755
201706051320, 0.00173611
201706051330, 0.0214844
201706051340, 0.0342882
201706051350, 0.00694444
201706051400, 0
201706051410, 0.0100911
201706051420, 0.00325521
201706051430, 0.00824653
201706051440, 0.00195312
201706051450, 0.00238715
201706051500, 0.000759549
201706051510, 0.00336372
201706051520, 0.00141059
201706051530, 0
201706051540, 0.000434028
201706051550, 0
201706051600, 0.0132378
201706051610, 0.00292969
201706051620, 0.00716146
201706051630, 0.00282118
201706051640, 0.0234375
201706051650, 0.015842
201706051700, 0.0222439
201706051710, 0.0276693
201706051720, 0.0392795
201706051730, 0.0533854
201706051740, 0.0352648
201706051750, 0.0031467
201706051800, 0.015191
201706051810, 0.00976562
201706051820, 0.00336372
201706051830, 0
201706051840, 0.015625
201706051850, 0.0349392
201706051900, 0.000434028
201706051910, 0.134874
201706051920, 0.0195312
201706051930, 0.155924
201706051940, 0.0380859
201706051950, 0.0268012
201706052000, 0.047092
201706052010, 0.0182292
201706052020, 0.0608724
201706052030, 0.0078125
201706052040, 0.00737847
201706052050, 0.0444878
201706052100, 0.055447
201706052110, 0.0655382
201706052120, 0.0759549
201706052130, 0
201706052140, 0.0667318
201706052150, 0.0157335
201706052200, 0.00206163
201706052210, 0.00651042
201706052220, 0.00900608
201706052230, 0.0109592
201706052240, 0.000325521
201706052250, 0.000651042
201706052300, 0.015625
201706052310, 0.0148655
201706052320, 0.0112847
201706052330, 0.0120443
201706052340, 0.00358073
201706052350, 0.0966797
201706060000, 0.0683594
201706060010, 0.119792
201706060020, 0.0144314
201706060030, 0.0289714
201706060040, 0.0246311
201706060050, 0.00130208
201706060100, 0.00965712
201706060110, 0.00726997
201706060120, 0.215603
201706060130, 0.735352
201706060140, 1.15354
201706060150, 1.56196
201706060200, 1.32867
201706060210, 1.20616
201706060220, 0.989909
201706060230, 0.748481
201706060240, 0.595269
201706060250, 0.562717
201706060300, 0.809462
201706060310, 0.744141
201706060320, 0.405165
201706060330, 0.472982
201706060340, 0.369249
201706060350, 0.718207
201706060400, 0.523763
201706060410, 0.476562
201706060420, 0.272135
201706060430, 0.0775825
201706060440, 0.0743273
201706060450, 0.0263672
201706060500, 0.0343967
201706060510, 0.284071
201706060520, 0.211914
201706060530, 0.327365
201706060540, 0.212023
201706060550, 0.0152995
201706060600, 0.111003
201706060610, 0.12207
201706060620, 0.0431858
201706060630, 0.00607639
201706060640, 0.0679253
201706060650, 0.00846354
201706060700, 0.023763
201706060710, 0.0214844
201706060720, 0.000651042
201706060730, 0
201706060740, 0.000434028
201706060810, 0.000217014
201706060820, 0.000651042
201706060830, 0.000651042
201706060850, 0
201706060900, 0.00672743
201706060920, 0.00748698
201706060940, 0.0577257
201706060950, 0
201706061000, 0
201706061010, 0.124457
201706061040, 0.000325521
201706061050, 0.0126953
201706061100, 0.0180122
201706061110, 0.0443793
201706061130, 0.00217014
201706061140, 0.0109592
201706061150, 0.00477431
201706061200, 0.00173611
201706061210, 0.00282118
201706061220, 0.000108507
201706061850, 0.0170356
201706061900, 0.0238715
201706061910, 0.00694444
201706061920, 0.0414497
201706061930, 0.0574002
201706061940, 0.0733507
201706061950, 0.039171
201706062000, 0.0670573
201706062010, 0.0483941
201706062020, 0.13737
201706062030, 0.0600043
201706062040, 0.0100911
201706062050, 0.00358073
201706062100, 0.0213759
201706062110, 0.00737847
201706062120, 0.000325521
201706062130, 0.00596788
201706062140, 0.00238715
201706062150, 0.0184462
201706062200, 0.0195312
201706062210, 0.0116102
201706062220, 0.00282118
201706062230, 0.0134549
201706062240, 0.00292969
201706062250, 0.00509983
201706062300, 0.00770399
201706062310, 0.00238715
201706062320, 0.0145399
201706062330, 0.0172526
201706062340, 0.00868056
201706062350, 0.00737847
201706070000, 0
201706070010, 0.000759549
201706070030, 0.000325521
201706070040, 0.00303819
201706070050, 0.000651042
201706070100, 0.00227865
201706070110, 0.02398
201706070120, 0.774197
201706070130, 0.0329861
201706070140, 0.0480686
201706070150, 0.0795356
201706070200, 0.532444
201706070210, 0.543186
201706070220, 0.393989
201706070230, 0.0805122
201706070240, 0.0538194
201706070250, 0.253581
201706070300, 0.294922
201706070310, 0.295681
201706070320, 0.911024
201706070330, 1.30197
201706070340, 1.15961
201706070350, 0.791992
201706070400, 1.6556
201706070410, 1.6671
201706070420, 1.93913
201706070430, 1.76378
201706070440, 0.497938
201706070450, 0.871419
201706070500, 0.990994
201706070510, 0.947917
201706070520, 0.604384
201706070530, 0.532878
201706070540, 0.292101
201706070550, 0.143121
201706070600, 0.0392795
201706070610, 0.0746528
201706070620, 0.198785
201706070630, 0.167752
201706070640, 0.126085
201706070650, 0.205621
201706070700, 0.357422
201706070710, 0.174696
201706070720, 0.0588108
201706070730, 0.0123698
201706070740, 0.246853
201706070750, 0.0282118
201706070800, 0.0895182
201706070810, 0.0094401
201706070820, 0.0356988
201706070830, 0.000759549
201706070840, 0.00358073
201706070850, 0.000542535
201706070900, 0.0046658
201706070910, 0.00596788
201706070920, 0.00130208
201706070930, 0.0287543
201706070940, 0.00119358
201706070950, 0.000217014
201706071000, 0.0100911
201706071010, 0.000651042
201706071020, 0.00802951
201706071030, 0.000217014
201706071040, 0.022895
201706071050, 0.00249566
201706071100, 0
201706071110, 0.000976562
201706071120, 0.168403
201706071130, 0.257704
201706071140, 0.0485026
201706071150, 0.0615234
201706071200, 0.229384
201706072100, 1.69434
201706072110, 2.03754
201706072120, 2.17925
201706072130, 3.15202
201706072140, 3.19379
201706072150, 3.38976
201706072200, 4.75586
201706072210, 4.72439
201706072220, 5.59798
201706072230, 6.54492
201706072240, 6.30111
201706072250, 6.4031
201706072300, 6.75022
201706072310, 6.11274
201706072320, 5.33333
201706072330, 5.57595
201706072340, 5.40365
201706072350, 5.49566
201706080000, 5.51704
201706080010, 4.37446
201706080020, 3.91298
201706080030, 3.85959
201706080040, 3.0077
201706080050, 2.6747
201706080100, 2.41862
201706080110, 2.34321
201706080120, 1.48112
201706080130, 1.83561
201706080140, 1.65278
201706080150, 2.20942
201706080200, 0.722114
201706080210, 0.813477
201706080220, 0.865885
201706080230, 0.233941
201706080240, 0.456055
201706080250, 0.279622
201706080300, 0.327474
201706080310, 0.348633
201706080320, 0.310547
201706080330, 0.431532
201706080340, 0.296332
201706080350, 0.131293
201706080400, 0.341471
201706080410, 0.30599
201706080420, 0.288303
201706080430, 0.562826
201706080440, 0.61697
201706080450, 0.236654
201706080500, 0.461697
201706080510, 0.171875
201706080520, 0.341363
201706080530, 0.530382
201706080540, 0.54872
201706080550, 0.431424
201706080600, 0.454861
201706080610, 0.246528
201706080620, 0.434462
201706080630, 0.230469
201706080650, 0.353841
201706080700, 0.452474
201706080710, 0.385634
201706080720, 0.312609
201706080730, 0.142687
201706080740, 0.434245
201706080750, 0.12717
201706080800, 0.0794271
201706080810, 0.00325521
201706080820, 0.00531684
201706080830, 0.0277778
201706080840, 0.0250651
201706080850, 0.0119358
201706080900, 0.0454644
201706080910, 0.0253906
201706080920, 0.00423177
201706080940, 0
201706080950, 0.000217014
201706081000, 0.0016276
201706081010, 0
201706081020, 0.00227865
201706081030, 0.00824653
201706081040, 0.0221354
201706081050, 0.0640191
201706081100, 0.00726997
201706081110, 0.00423177
201706081120, 0.00130208
201706081130, 0
201706081140, 0.00173611
201706081150, 0.00477431
201706081200, 0.000325521
201706081210, 0.000217014
201706081950, 0.00640191
201706082000, 0.00227865
201706082010, 0.0324436
201706082020, 0.00987413
201706082030, 0.378038
201706082040, 0.0210503
201706082050, 0.145616
201706082100, 0.497287
201706082110, 0.547309
201706082120, 0.939779
201706082130, 1.07151
201706082140, 1.53342
201706082150, 2.09104
201706082200, 2.66591
201706082210, 3.00608
201706082220, 3.36046
201706082230, 3.70356
201706082240, 3.77854
201706082250, 3.78277
201706082300, 4.24642
201706082310, 4.21181
201706082320, 4.0689
201706082330, 3.84484
201706082340, 3.48047
201706082350, 3.07932
201706090000, 2.25586
201706090010, 1.29839
201706090020, 0.745877
201706090030, 0.354818
201706090040, 0.847656
201706090100, 0.726997
201706090110, 0
201706090120, 0.0895182
201706090130, 0.624566
201706090140, 0.929796
201706090150, 0.512478
201706090200, 0.00477431
201706090210, 0.337891
201706090220, 0.0109592
201706090230, 0.0138889
201706090240, 0.136827
201706090250, 0.0129123
201706090300, 0.00846354
201706090310, 0.00607639
201706090320, 0.0118273
201706090330, 0.0143229
201706090340, 0.039822
201706090350, 0.00477431
201706090400, 0.00683594
201706090410, 0.00130208
201706090420, 0.00292969
201706090430, 0.0258247
201706090440, 0.0777995
201706090450, 0.0384115
201706090500, 0.0494792
201706090510, 0.0896267
201706090520, 0.0848524
201706090530, 0.0134549
201706090540, 0.0185547
201706090550, 0.0275608
201706090600, 0.00857205
201706090610, 0.0159505
201706090620, 0.0121528
201706090630, 0.0046658
201706090640, 0.00325521
201706090650, 0.000759549
201706090700, 0.00260417
201706090710, 0.00379774
201706090720, 0.0121528
201706090730, 0.00260417
201706090740, 0.0131293
201706090750, 0.0185547
201706090800, 0.0223524
201706090810, 0.015842
201706090820, 0.0613064
201706090830, 0.0424262
201706090840, 0.0278863
201706090850, 0.0379774
201706090900, 0.0214844
201706090910, 0.0266927
201706090920, 0.0274523
201706090930, 0.0181207
201706090940, 0.0274523
201706090950, 0.0208333
201706091000, 0.00423177
201706091010, 0.00347222
201706091020, 0.0105252
201706091030, 0.0121528
201706091040, 0.00802951
201706091050, 0.0193142
201706091100, 0.00390625
201706091110, 0.00889757
201706091120, 0.00813802
201706091130, 0.0124783
201706091140, 0.0094401
201706091150, 0.0104167
201706091200, 0.00900608
201706091210, 0.00737847
201706091220, 0.00792101
201706091230, 0.0119358
201706091240, 0.00900608
201706091250, 0.00748698
201706091300, 0.0128038
201706091310, 0.0117188
201706091320, 0.0163845
201706091330, 0.0110677
201706091340, 0.0117188
201706091350, 0.000434028
201706091400, 0.0342882
201706091410, 0.0418837
201706091420, 0.0436198
201706091430, 0.124891
201706091440, 0.150282
201706091450, 0.159614
201706091500, 0.0849609
201706091510, 0.0367839
201706091520, 0.996853
201706091530, 0.249891
201706091540, 0.588759
201706091550, 0.381727
201706091600, 1.04568
201706091610, 1.29091
201706091620, 0.241753
201706091630, 0.919596
201706091640, 1.00434
201706091650, 0.0505642
201706091700, 0.121094
201706091710, 0
201706091720, 0.496311
201706091730, 0.672092
201706091740, 0.902127
201706091750, 0.897678
201706091800, 0.563043
201706091810, 0.139757
201706091820, 0.0334201
201706091830, 0.0186632
201706091840, 0.0205078
201706091850, 0.00748698
201706091900, 0.153646
201706091910, 0.00737847
201706091920, 0.381293
201706091930, 0.210612
201706091940, 0.209961
201706091950, 0.638129
201706092000, 0.20421
201706092010, 0.380968
201706092020, 0.366102
201706092030, 0.42296
201706092040, 0.0251736
201706092050, 0.00184462
201706092100, 0.0477431
201706092110, 0.00661892
201706092120, 0.0569661
201706092130, 0.0370009
201706092140, 0.0227865
201706092150, 0.0183377
201706092200, 0.0274523
201706092210, 0.169488
201706092220, 0
201706092230, 0.0307075
201706092240, 0.031467
201706092250, 0.062283
201706092300, 0.238498
201706092310, 0.0412326
201706092320, 0.108615
201706092330, 0.0199653
201706092340, 0.00607639
201706092350, 0.0544705
201706100000, 0.0421007
201706100010, 0.0536024
201706100020, 0.0338542
201706100030, 0.102214
201706100040, 0.0341797
201706100050, 0.015191
201706100100, 0.0184462
201706100110, 0.00954861
201706100120, 0.0116102
201706100130, 0.0107422
201706100140, 0.00444878
201706100150, 0.14898
201706100200, 0.047092
201706100210, 0.0164931
201706100220, 0.1148
201706100230, 0.0282118
201706100240, 0.0885417
201706100250, 0.111437
201706100300, 0.0330946
201706100310, 0.0146484
201706100320, 0.0254991
201706100330, 0.0129123
201706100340, 0.0132378
201706100350, 0.00770399
201706100400, 0.00965712
201706100410, 0
201706100420, 0.00206163
201706100430, 0.000759549
201706100440, 0
201706100450, 0.000108507
201706100500, 0.0016276
201706100510, 0.00455729
201706100520, 0.00108507
201706100530, 0.00130208
201706100540, 0.00195312
201706100550, 0
201706100600, 0.00705295
201706100610, 0
201706100620, 0.000217014
201706100630, 0
201706100640, 0.00217014
201706100650, 0.000217014
201706100700, 0
201706100710, 0.031684
201706100720, 0
201706100730, 0
201706100740, 0.0104167
201706100750, 0.000325521
201706100800, 0
201706100810, 0.000868056
201706100820, 0.000108507
201706100830, 0.000434028
201706100840, 0
201706100850, 0.00759549
201706100900, 0.0252821
201706100910, 0.000217014
201706100920, 0.00976562
201706100930, 0.000217014
201706100940, 0
201706100950, 0.000542535
201706101000, 0.00217014
201706101010, 0.000976562
201706101020, 0.000325521
201706101030, 0.000542535
201706101040, 0.00119358
201706101050, 0.00412326
201706101100, 0
201706101110, 0.00292969
201706101120, 0.00401476
201706101130, 0.00965712
201706101140, 0.0123698
201706101150, 0.000108507
201706101200, 0
201706101210, 0.00792101
201706101220, 0.000217014
201706101230, 0.000759549
201706101240, 0.000434028
201706101250, 0
201706101300, 0.000108507
201706101310, 0
201706101320, 0
201706101330, 0.000976562
201706101340, 0
201706101350, 0
201706101400, 0.000542535
201706101410, 0.0342882
201706101420, 0.0132378
201706101430, 0.00390625
201706101440, 0.00651042
201706101450, 0.00499132
201706101500, 0.000217014
201706101510, 0.000976562
201706101520, 0.0456814
201706101530, 0.00401476
201706101540, 0
201706101550, 0
201706101600, 0.00249566
201706101610, 0
201706101620, 0.000868056
201706101630, 0.00249566
201706101640, 0.00119358
201706101650, 0.000651042
201706101700, 0.00271267
201706101710, 0
201706101720, 0.00846354
201706101730, 0.000325521
201706101740, 0.00336372
201706101750, 0.00108507
201706101800, 0.177626
201706101810, 0.00390625
201706101820, 0.0015191
201706101830, 0.00509983
201706101840, 0.0141059
201706101850, 0.00802951
201706101900, 0.0184462
201706101910, 0.00922309
201706101920, 0.00922309
201706101930, 0.00976562
201706101940, 0.00965712
201706101950, 0.0196398
201706102000, 0.00813802
201706102010, 0.0289714
201706102020, 0.128255
201706102030, 0.00900608
201706102040, 0.00998264
201706102050, 0.00868056
201706102100, 0.00542535
201706102110, 0.00824653
201706102120, 0.00542535
201706102130, 0.00119358
201706102140, 0.000976562
201706102150, 0.000759549
201706102200, 0.000325521
201706102210, 0
201706102220, 0.000759549
201706102230, 0.00119358
201706102240, 0.00347222
201706102250, 0.0171441
201706102300, 0.000325521
201706102310, 0
201706102320, 0.00282118
201706102330, 0.00336372
201706102340, 0.015191
201706102350, 0
201706110000, 0
201706110010, 0
201706110020, 0.00770399
201706110030, 0.000108507
201706110040, 0.000217014
201706110050, 0.000108507
201706110100, 0
201706110110, 0
201706110120, 0.00423177
201706110130, 0.00868056
201706110140, 0.00347222
201706110150, 0.00303819
201706110200, 0.00954861
201706110210, 0.00802951
201706110220, 0.00119358
201706110230, 0.00260417
201706110240, 0.0194227
201706110250, 0.00141059
201706110300, 0.0678168
201706110310, 0.179796
201706110320, 0.165799
201706110330, 0.0335286
201706110340, 0.031901
201706110350, 0.070855
201706110400, 0.0300564
201706110410, 0.0520833
201706110420, 0.0093316
201706110430, 0
201706110440, 0.000868056
201706110450, 0.00173611
201706110500, 0.000651042
201706110510, 0.0016276
201706110520, 0.00173611
201706110530, 0
201706110600, 0.000542535
201706110610, 0.261285
201706110620, 0.168728
201706110630, 0.110243
201706110640, 0.000325521
201706110650, 0
201706110700, 0.2398
201706110710, 0.28635
201706110720, 0
201706110730, 0.000434028
201706110740, 0
201706110750, 0.0121528
201706110800, 0
201706110810, 0.218207
201706110820, 0.0904948
201706110830, 0.611111
201706110840, 0.565213
201706110850, 0.435655
201706110900, 0.014974
201706110910, 0.40842
201706110920, 1.09017
201706110930, 1.16113
201706110940, 1.51248
201706110950, 1.32118
201706111000, 0.710938
201706111010, 0
201706111020, 0
201706111030, 0
201706111040, 0.000976562
201706111050, 0
201706111100, 0.10178
201706111110, 0.321398
201706111120, 0.0698785
201706111130, 0.0358073
201706111140, 0.105794
201706111150, 0.38878
201706111200, 0.0570747
201706111210, 0.38661
201706111220, 0.0401476
201706111230, 0.748915
201706111240, 0.129774
201706111250, 0.114475
201706111300, 0.153103
201706111310, 0.0174696
201706111320, 0.015842
201706111330, 0.898872
201706111340, 0.775065
201706111350, 0.406358
201706111400, 0.298503
201706111410, 1.19108
201706111420, 1.14464
201706111430, 0.92372
201706111440, 0
201706111450, 0.00119358
201706111500, 0.00390625
201706111510, 0.501411
201706111520, 0.0215929
201706111530, 0.0170356
201706111540, 0.00759549
201706111550, 0.0141059
201706111600, 0.0209418
201706111610, 0.0928819
201706111620, 0.0436198
201706111630, 0.0203993
201706111640, 0.0207248
201706111650, 0.00889757
201706111700, 0.0341797
201706111710, 0.0352648
201706111720, 0.0268012
201706111730, 0.0376519
201706111740, 0.181098
201706111750, 0.00477431
201706111800, 1.3674
201706111810, 1.07921
201706111820, 2.02843
201706111830, 1.23459
201706111840, 0.929362
201706111850, 0.2449
201706111900, 0.0481771
201706111910, 0.0452474
201706111920, 0.399957
201706111930, 0.055447
201706111940, 0.0512153
201706111950, 0.575846
201706112000, 0.706814
201706112010, 0.269531
201706112020, 0.837131
201706112030, 0.457791
201706112040, 0.275065
201706112050, 0.0371094
201706112100, 0.00282118
201706112110, 0.0031467
201706112120, 0.030599
201706112130, 0.0103082
201706112140, 0.0372179
201706112150, 0.0130208
201706112200, 0
201706112210, 0.00542535
201706112220, 0.00325521
201706112230, 0
201706112240, 0.00878906
201706112250, 0.00390625
201706112300, 0.0370009
201706112310, 0.0167101
201706112320, 0.0122613
201706112330, 0.00726997
201706112340, 0.0238715
201706112350, 0
201706120000, 0.000108507
201706120010, 0.000108507
201706120020, 0
201706120030, 0
201706120040, 0
201706120050, 0.00520833
201706120100, 0.0136719
201706120110, 0.00889757
201706120120, 0.016059
201706120130, 0.00130208
201706120140, 0.00206163
201706120150, 0.00227865
201706120200, 0.00217014
201706120210, 0.00325521
201706120220, 0.0176866
201706120230, 0.0118273
201706120240, 0.00336372
201706120250, 0.00553385
201706120300, 0.00282118
201706120310, 0.00379774
201706120320, 0
201706120330, 0.00195312
201706120340, 0.0015191
201706120350, 0.0015191
201706120400, 0
201706120410, 0.000542535
201706120420, 0.00119358
201706120430, 0.00878906
201706120440, 0.00217014
201706120450, 0
201706120500, 0.00119358
201706120510, 0.00108507
201706120520, 0.00238715
201706120530, 0.000434028
201706120540, 0.00108507
201706120550, 0.0300564
201706120600, 0.00227865
201706120610, 0
201706120620, 0.00336372
201706120630, 0.00130208
201706120640, 0
201706120650, 0.00195312
201706120700, 0.000108507
201706120710, 0.00325521
201706120720, 0
201706120730, 0
201706120740, 0.00206163
201706120750, 0.00271267
201706120800, 0.00303819
201706120810, 0.00531684
201706120820, 0.00672743
201706120830, 0.0117188
201706120840, 0.0132378
201706120850, 0.0061849
201706120900, 0
201706120910, 0.0126953
201706120920, 0.00401476
201706120930, 0.1148
201706120940, 0.000976562
201706120950, 0.757378
201706121000, 0.471246
201706121010, 0.177626
201706121020, 0.165799
201706121030, 0.0230035
201706121040, 0.00227865
201706121050, 0.0271267
201706121100, 0.0263672
201706121110, 0.0246311
201706121120, 0.0015191
201706121130, 0.0429688
201706121140, 0.0230035
201706121150, 0.0130208
201706121200, 0.0093316
201706121210, 0.00444878
201706121220, 0.00716146
201706121230, 0.0120443
201706121240, 0.00401476
201706121250, 0.00792101
201706121300, 0.00379774
201706121310, 0.00640191
201706121320, 0.00564236
201706121330, 0.00282118
201706121340, 0.0101997
201706121350, 0.00379774
201706121400, 0.00401476
201706121410, 0.00173611
201706121420, 0.00878906
201706121430, 0.00542535
201706121440, 0.0094401
201706121450, 0.00499132
201706121510, 0.0144314
201706121520, 0.0094401
201706121530, 0.00661892
201706121540, 0.0125868
201706121550, 0.000434028
201706121600, 0.078776
201706121610, 0.426432
201706121620, 0.296115
201706121630, 0.00542535
201706121640, 0.234918
201706121650, 0.388346
201706121700, 0.593967
201706121710, 0.368273
201706121720, 0.848633
201706121730, 0.947917
201706121740, 1.73058
201706121750, 1.33539
201706121800, 1.0765
201706121810, 1.44846
201706121820, 1.42741
201706121830, 2.28776
201706121840, 1.94086
201706121850, 0.483073
201706121900, 0.336046
201706121910, 0.122938
201706121920, 0.367622
201706121930, 0.432726
201706121940, 0.101562
201706121950, 0.0105252
201706122000, 0.0301649
201706122010, 0.108941
201706122020, 0.188043
201706122030, 0.614041
201706122040, 0.697374
201706122050, 0.238824
201706122100, 0.0797526
201706122110, 0.175564
201706122120, 0.575304
201706122130, 0.731228
201706122140, 0.783854
201706122150, 0.532335
201706122200, 0.551975
201706122210, 0.114258
201706122220, 0.0967882
201706122230, 0.0381944
201706122240, 0.0457899
201706122250, 0.0435113
201706122300, 0.0589193
201706122310, 0.0329861
201706122320, 0.0477431
201706122330, 0.186198
201706122340, 0.0416667
201706122350, 0.0359158
201706130000, 0.0368924
201706130010, 0.0569661
201706130020, 0.0675998
201706130030, 0.0425347
201706130040, 0.100152
201706130050, 0.0558811
201706130100, 0.0276693
201706130110, 0.0291884
201706130120, 0.0152995
201706130130, 0.0536024
201706130140, 0.0155165
201706130150, 0.0299479
201706130200, 0.0474175
201706130210, 0.00303819
201706130220, 0.0046658
201706130230, 0.00423177
201706130240, 0.00596788
201706130250, 0.00401476
201706130300, 0.0837674
201706130310, 0.000759549
201706130320, 0
201706130330, 0.0362413
201706130340, 0.0546875
201706130350, 0.00195312
201706130400, 0.0315755
201706130410, 0.128255
201706130420, 0
201706130430, 0
201706130440, 0.319878
201706130450, 0.00423177
201706130500, 0.169379
201706130510, 0.202365
201706130520, 0
201706130530, 0.293728
201706130540, 0
201706130550, 0.00227865
201706130600, 0.253147
201706130610, 0.465712
201706130620, 0.732964
201706130630, 0.126736
201706130640, 0.28201
201706130650, 0.48329
201706130700, 0
201706130710, 0.0252821
201706130730, 0.192491
201706130740, 0.000434028
201706130750, 0
201706130800, 0
201706130810, 0.00358073
201706130820, 0.00217014
201706130830, 0.00119358
201706130840, 0.000542535
201706130850, 0
201706130900, 0
201706130910, 0.000108507
201706130920, 0
201706130930, 0.000868056
201706130940, 0
201706130950, 0.00173611
201706131000, 0.0376519
201706131010, 0.0651042
201706131020, 0.223307
201706131030, 0.170898
201706131040, 0.0411241
201706131050, 0.124674
201706131100, 0.190864
201706131110, 0.218099
201706131120, 0.0791016
201706131130, 0.00737847
201706131140, 0.0094401
201706131150, 0.0104167
201706131200, 0
201706131210, 0.000325521
201706131220, 0.000108507
201706131230, 0
201706131240, 0.00607639
201706131250, 0.00238715
201706131300, 0
201706131310, 0.0143229
201706131320, 0.000542535
201706131330, 0.0400391
201706131340, 0.0251736
201706131350, 0.0137804
201706131400, 0.0124783
201706131410, 0
201706131420, 0.000542535
201706131430, 0.00130208
201706131440, 0.00227865
201706131450, 0
201706131500, 0.00824653
201706131510, 0
201706131520, 0.0116102
201706131530, 0.0203993
201706131540, 0.030816
201706131550, 0.0217014
201706131600, 0.00249566
201706131610, 0.0110677
201706131620, 0.0251736
201706131630, 0.00227865
201706131640, 0.00358073
201706131650, 0.00260417
201706131700, 0.00998264
201706131710, 0.00347222
201706131720, 0.0093316
201706131730, 0.0150825
201706131740, 0.0117188
201706131750, 0.0142144
201706131800, 0.0190972
201706131810, 0.00651042
201706131820, 0.00770399
201706131830, 0.0046658
201706131840, 0.00770399
201706131850, 0.00206163
201706131900, 0.0167101
201706131910, 0.00141059
201706131920, 0
201706131930, 0.000759549
201706131940, 0.000868056
201706131950, 0
201706132000, 0.000868056
201706132010, 0
201706132020, 0
201706132030, 0.0256076
201706132040, 0.0261502
201706132050, 0.038303
201706132100, 0.000325521
201706132110, 0.198893
201706132120, 0
201706132130, 0.220378
201706132140, 0.0359158
201706132150, 0.000325521
201706132200, 0.00173611
201706132210, 0
201706132220, 0.0119358
201706132230, 0.0439453
201706132240, 0
201706132250, 0.0273438
201706132300, 0.00271267
201706132310, 0.00444878
201706132320, 0.00737847
201706132330, 0.00141059
201706132340, 0.0282118
201706132350, 0.00336372
201706140000, 0.00303819
201706140010, 0
201706140020, 0
201706140030, 0.0133464
201706140040, 0.0266927
201706140050, 0.0101997
201706140100, 0.00726997
201706140110, 0.0108507
201706140120, 0.0221354
201706140130, 0.0128038
201706140140, 0.0132378
201706140150, 0.0276693
201706140200, 0.0365668
201706140210, 0.0576172
201706140220, 0.0246311
201706140230, 0.0126953
201706140240, 0.000868056
201706140250, 0.00379774
201706140300, 0.00770399
201706140310, 0.000108507
201706140320, 0.00390625
201706140330, 0
201706140340, 0
201706140350, 0.00368924
201706140400, 0
201706140410, 0
201706140420, 0.000542535
201706140430, 0.000108507
201706140440, 0.000108507
201706140450, 0
201706140500, 0.0157335
201706140510, 0
201706140520, 0
201706140530, 0
201706140540, 0.000434028
201706140550, 0
201706140600, 0.000108507
201706140610, 0.00585938
201706140620, 0.0131293
201706140630, 0.0152995
201706140640, 0
201706140650, 0.000976562
201706140700, 0.00542535
201706140710, 0.181098
201706140720, 0.0593533
201706140730, 0.253147
201706140740, 0.52691
201706140750, 0.0423177
201706140800, 0.145725
201706140810, 0.0192057
201706140830, 0.496419
201706140840, 0.511285
201706140850, 0.127387
201706140900, 0.695747
201706140910, 0.669596
201706140920, 0.645508
201706140930, 0.234918
201706140940, 0.520942
201706140950, 0.717773
201706141000, 0.676758
201706141010, 0.761936
201706141020, 0.839844
201706141030, 0.505317
201706141040, 0.0606554
201706141050, 0.519314
201706141100, 0.296766
201706141110, 0.389106
201706141120, 0.508572
201706141130, 0.286133
201706141140, 0.0602214
201706141150, 0.628038
201706141200, 0.257053
201706141210, 0.0788845
201706141220, 0.0519748
201706141230, 0.00672743
201706141240, 0.153754
201706141250, 0.146593
201706141300, 0.0664062
201706141310, 0.205621
201706141320, 0.0117188
201706141330, 0.00965712
201706141340, 0.0217014
201706141350, 0.00868056
201706141400, 0.0136719
201706141410, 0.0148655
201706141420, 0.00455729
201706141430, 0.0132378
201706141440, 0.00227865
201706141450, 0.0477431
201706141500, 0.0327691
201706141510, 0.0046658
201706141520, 0.00238715
201706141530, 0.00987413
201706141540, 0.0173611
201706141550, 0.000325521
201706141600, 0.0146484
201706141610, 0
201706141620, 0.0356988
201706141630, 0.000108507
201706141640, 0
201706141650, 0.000325521
201706141700, 0
201706141710, 0.0061849
201706141720, 0
201706141730, 0.000108507
201706141740, 0.00206163
201706141750, 0.0145399
201706141800, 0
201706141810, 0.0217014
201706141820, 0.0143229
201706141830, 0.0137804
201706141840, 0.142687
201706141850, 0.157986
201706141900, 0.00444878
201706141910, 0.0109592
201706141920, 0.015842
201706141930, 0.00802951
201706141940, 0.000217014
201706141950, 0
201706142000, 0.0062934
201706142010, 0
201706142020, 0.0259332
201706142030, 0.00531684
201706142040, 0
201706142050, 0.016276
201706142100, 0.124457
201706142110, 0.000542535
201706142120, 0.000976562
201706142130, 0
201706142140, 0
201706142150, 0.0211589
201706142200, 0.0141059
201706142210, 0.00227865
201706142220, 0.000976562
201706142230, 0.00282118
201706142240, 0.000434028
201706142250, 0.0031467
201706142300, 0.00499132
201706142310, 0.000868056
201706142320, 0.0133464
201706142330, 0.00249566
201706142340, 0.00217014
201706142350, 0.00390625
201706150000, 0.0482856
201706150010, 0.0315755
201706150020, 0.0189887
201706150030, 0.0176866
201706150040, 0.0016276
201706150050, 0.0113932
201706150100, 0.00260417
201706150110, 0.00770399
201706150120, 0.000325521
201706150130, 0.000434028
201706150140, 0.000108507
201706150150, 0
201706150200, 0.000651042
201706150210, 0.0836589
201706150220, 0.000434028
201706150230, 0
201706150240, 0.000759549
201706150250, 0
201706150300, 0.0898438
201706150310, 0.0456814
201706150320, 0.0125868
201706150330, 0.0591363
201706150340, 0
201706150350, 0.0397135
201706150400, 0
201706150410, 0.0136719
201706150420, 0
201706150430, 0
201706150440, 0.0121528
201706150450, 0.015191
201706150500, 0.00238715
201706150510, 0
201706150520, 0.0123698
201706150530, 0
201706150540, 0
201706150550, 0.000217014
201706150600, 0
201706150610, 0.000434028
201706150630, 0.00184462
201706150640, 0.00184462
201706150650, 0.0273438
201706150700, 0.000434028
201706150720, 0
201706150730, 0.000217014
201706150740, 0.038737
201706150800, 0.00607639
201706150810, 0.000434028
201706150820, 0.000542535
201706150830, 0
201706150840, 0.014974
201706150900, 0.0329861
201706150910, 0.0320095
201706150920, 0
201706150930, 0.00542535
201706150950, 0.00401476
201706151000, 0.0143229
201706151010, 0.00759549
201706151030, 0.0405816
201706151040, 0.00434028
201706151100, 0.00238715
201706151110, 0
201706151140, 0.000434028
201706151150, 0.0243056
201706151200, 0.00477431
201706151210, 0.00564236
201706151220, 0
201706151230, 0.00173611
201706151240, 0.000325521
201706151250, 0.00217014
201706151300, 0.000217014
201706151310, 0.0093316
201706151320, 0.00227865
201706151330, 0.00108507
201706151340, 0.00260417
201706151350, 0.00217014
201706151400, 0
201706151410, 0.00119358
201706151420, 0.00488281
201706151430, 0
201706151440, 0.000217014
201706151450, 0
201706151500, 0.000651042
201706151510, 0.00303819
201706151520, 0.0015191
201706151530, 0.00477431
201706151540, 0.00520833
201706151550, 0.00694444
201706151600, 0.00520833
201706151610, 0.0130208
201706151620, 0.0046658
201706151630, 0.000434028
201706151640, 0.00249566
201706151650, 0.0031467
201706151700, 0.00227865
201706151710, 0.0297309
201706151720, 0.226888
201706151730, 0.22309
201706151740, 0.404297
201706151750, 0.359701
201706151800, 0.361328
201706151810, 0.357964
201706151820, 0.283203
201706151830, 0.661133
201706151840, 0.62283
201706151850, 0.851562
201706151900, 1.54123
201706151910, 1.71636
201706151920, 1.83344
201706151930, 1.97624
201706151940, 1.93164
201706151950, 2.03722
201706152000, 2.16504
201706152010, 2.2551
201706152020, 1.977
201706152030, 1.78678
201706152040, 1.64865
201706152050, 1.25857
201706152100, 0.943685
201706152110, 0.684136
201706152120, 0.483832
201706152130, 0.181315
201706152140, 0.217773
201706152150, 0.202257
201706152200, 0.172635
201706152210, 0.0845269
201706152220, 0.022678
201706152230, 0.000542535
201706152240, 0.00141059
201706152250, 0
201706152300, 0.0031467
201706152310, 0
201706152320, 0
201706152330, 0.00271267
201706152340, 0.000759549
201706152350, 0.0101997
201706160000, 0
201706160010, 0.00759549
201706160020, 0.000434028
201706160030, 0.000542535
201706160040, 0
201706160050, 0.00358073
201706160100, 0
201706160110, 0.000108507
201706160120, 0.0119358
201706160130, 0.00477431
201706160140, 0.000108507
201706160150, 0.000325521
201706160200, 0.0016276
201706160210, 0.00206163
201706160220, 0
201706160230, 0.00260417
201706160240, 0.00488281
201706160250, 0.00368924
201706160300, 0
201706160310, 0.000217014
201706160320, 0
201706160330, 0
201706160340, 0.000434028
201706160350, 0.000434028
201706160400, 0
201706160410, 0.000542535
201706160420, 0
201706160430, 0
201706160440, 0
201706160450, 0
201706160500, 0
201706160510, 0.000108507
201706160520, 0
201706160530, 0
201706160540, 0.000325521
201706160550, 0
201706160600, 0.000325521
201706160610, 0
201706160620, 0.000217014
201706160630, 0.000108507
201706160640, 0.00195312
201706160650, 0
201706160700, 0.000325521
201706160710, 0
201706160720, 0.00195312
201706160730, 0
201706160740, 0
201706160750, 0.000651042
201706160800, 0
201706160810, 0
201706160830, 0.000108507
201706160840, 0.0442708
201706160850, 0.0723741
201706160900, 0
201706160910, 0.00520833
201706160920, 0.000759549
201706160930, 0.0611979
201706160950, 0.0394965
201706161000, 0.0769314
201706161010, 0.0190972
201706161020, 0.0186632
201706161030, 0.0300564
201706161040, 0.0296224
201706161050, 0.0521918
201706161100, 0.00390625
201706161110, 0.0764974
201706161120, 0.078776
201706161130, 0.0265842
201706161140, 0.0665148
201706161150, 0.078125
201706161210, 0.00303819
201706161220, 0.310547
201706161230, 0.0234375
201706161240, 0.0177951
201706161250, 0.0735677
201706161300, 0.0895182
201706161310, 0.120443
201706161320, 0.20128
201706161330, 0.618056
201706161340, 0.00379774
201706161350, 0.0113932
201706161400, 0.0182292
201706161410, 0.00499132
201706161420, 0.41786
201706161440, 0.0110677
201706161450, 0.000325521
201706161500, 0.000651042
201706161510, 0
201706161520, 0
201706161530, 0.000217014
201706161540, 0.000542535
201706161550, 0
201706161600, 0
201706161610, 0
201706161620, 0.147786
201706161630, 0.332248
201706161640, 0.349718
201706161650, 0.294162
201706161700, 0.359266
201706161710, 1.16688
201706161720, 1.04449
201706161730, 3.21463
201706161740, 2.77159
201706161750, 2.39366
201706161800, 2.64952
201706161810, 2.66374
201706161820, 3.24653
201706161830, 4.72895
201706161840, 5.4452
201706161850, 5.86165
201706161900, 5.98513
201706161910, 9.07921
201706161920, 9.64388
201706161930, 9.77745
201706161940, 11.1025
201706161950, 14.0005
201706162000, 13.9002
201706162010, 14.4586
201706162020, 12.7198
201706162030, 15.0215
201706162040, 14.9108
201706162050, 14.9563
201706162100, 14.9868
201706162110, 13.8817
201706162120, 13.1444
201706162130, 11.7719
201706162140, 14.0879
201706162150, 17.6338
201706162200, 16.7755
201706162210, 16.1168
201706162220, 18.2572
201706162230, 13.3413
201706162240, 11.4263
201706162250, 11.9033
201706162300, 12.9264
201706162310, 9.65365
201706162320, 13.1921
201706162330, 12.1863
201706162340, 12.6484
201706162350, 12.2906
201706170000, 12.8375
201706170010, 13.0534
201706170020, 12.6846
201706170030, 13.943
201706170040, 11.3749
201706170050, 11.6131
201706170100, 11.2219
201706170110, 10.9723
201706170120, 10.3569
201706170130, 9.86241
201706170140, 9.33832
201706170150, 8.86936
201706170200, 9.71007
201706170210, 10.609
201706170220, 10.2335
201706170230, 11.1569
201706170240, 10.3296
201706170250, 10.8757
201706170300, 10.3037
201706170310, 10.4765
201706170320, 10.3342
201706170330, 9.98698
201706170340, 10.0269
201706170350, 9.04764
201706170400, 8.93956
201706170410, 9.1709
201706170420, 9.39551
201706170430, 9.88943
201706170440, 9.62695
201706170450, 9.70345
201706170500, 8.41884
201706170510, 7.64138
201706170520, 7.47721
201706170530, 6.44271
201706170540, 6.18772
201706170550, 6.32888
201706170600, 5.72461
201706170610, 5.38433
201706170620, 5.78961
201706170630, 6.0893
201706170640, 5.83724
201706170650, 6.25076
201706170700, 6.11719
201706170710, 5.72439
201706170720, 5.65603
201706170730, 5.44705
201706170740, 4.99946
201706170750, 5.01497
201706170800, 4.44629
201706170810, 4.8201
201706170820, 4.83236
201706170830, 4.92871
201706170840, 4.78418
201706170850, 4.05197
201706170900, 3.53223
201706170910, 3.16634
201706170920, 3.04308
201706170930, 3.37424
201706170940, 2.88563
201706170950, 3.02311
201706171000, 2.21267
201706171010, 2.58073
201706171020, 2.33974
201706171030, 2.07509
201706171040, 2.36198
201706171050, 2.44748
201706171100, 3.13835
201706171110, 3.42394
201706171120, 3.11827
201706171130, 3.57878
201706171140, 3.10102
201706171150, 2.86567
201706171200, 1.98904
201706171210, 2.41591
201706171220, 2.27539
201706171230, 1.16276
201706171240, 1.96593
201706171250, 1.38835
201706171300, 1.28212
201706171310, 1.0446
201706171320, 0.574761
201706171330, 0.817491
201706171340, 0.794596
201706171350, 0.558702
201706171400, 0.852539
201706171410, 0.679362
201706171420, 0.403429
201706171430, 0.215929
201706171440, 0.302409
201706171450, 0.242622
201706171500, 0.1875
201706171510, 0.0970052
201706171520, 0.128798
201706171530, 0.420573
201706171540, 0.424588
201706171550, 0.462131
201706171600, 0.497504
201706171610, 0.635417
201706171620, 0.844293
201706171630, 1.12131
201706171640, 1.26248
201706171650, 1.29785
201706171700, 0.905056
201706171710, 0.92296
201706171720, 0.866754
201706171730, 0.587457
201706171740, 0.284071
201706171750, 0.109592
201706171800, 0.00824653
201706171810, 0.0773655
201706171820, 0.00564236
201706171830, 0.000759549
201706171840, 0.00965712
201706171850, 0
201706171900, 0.00358073
201706171910, 0.00217014
201706171920, 0.000325521
201706171930, 0.00358073
201706171940, 0.00249566
201706171950, 0.000542535
201706172000, 0.00499132
201706172010, 0.0094401
201706172020, 0.00195312
201706172030, 0.000108507
201706172040, 0.0015191
201706172050, 0.0061849
201706172100, 0.135308
201706172110, 0.140516
201706172120, 0.0640191
201706172130, 0.0186632
201706172140, 0
201706172150, 0.00173611
201706172200, 0.00542535
201706172210, 0.000217014
201706172220, 0
201706172230, 0
201706172240, 0.00379774
201706172250, 0.000108507
201706172300, 0.00141059
201706172310, 0.00108507
201706172320, 0.00477431
201706172330, 0.000651042
201706172340, 0
201706172350, 0
201706180000, 0.00130208
201706180010, 0.0062934
201706180020, 0.00119358
201706180030, 0.00336372
201706180040, 0.0183377
201706180050, 0.00141059
201706180100, 0.000759549
201706180110, 0.00336372
201706180120, 0.00325521
201706180130, 0.00477431
201706180140, 0.00173611
201706180150, 0.000542535
201706180200, 0.00217014
201706180210, 0.00141059
201706180220, 0.00759549
201706180230, 0.00119358
201706180240, 0.00195312
201706180250, 0.00792101
201706180300, 0.00585938
201706180310, 0.000325521
201706180320, 0.000108507
201706180330, 0.0137804
201706180340, 0.0133464
201706180350, 0.0164931
201706180400, 0.000434028
201706180410, 0.000217014
201706180420, 0.000108507
201706180430, 0.0110677
201706180440, 0.0172526
201706180450, 0.0131293
201706180500, 0.0366753
201706180510, 0
201706180520, 0.000325521
201706180530, 0.00141059
201706180540, 0.0108507
201706180550, 0.0900608
201706180600, 0.154514
201706180610, 0.128581
201706180620, 0.160916
201706180630, 0.179688
201706180640, 1.28765
201706180650, 1.06011
201706180700, 0.181207
201706180710, 0.148546
201706180720, 0.0311415
201706180730, 0.0062934
201706180740, 0.000434028
201706180750, 0.364583
201706180800, 0.331055
201706180810, 0.149848
201706180820, 0.000651042
201706180830, 0.000434028
201706180840, 0.000434028
201706180850, 0.0326606
201706180900, 0.0993924
201706180910, 0.000217014
201706180920, 0
201706180930, 0
201706180940, 0.0266927
201706180950, 0.000108507
201706181000, 0.000651042
201706181010, 0.0284288
201706181020, 0.00119358
201706181030, 0.000325521
201706181040, 0
201706181050, 0.03125
201706181100, 0.000217014
201706181110, 0.000217014
201706181120, 0.00303819
201706181130, 0.00130208
201706181140, 0.00249566
201706181150, 0.00347222
201706181200, 0.0202908
201706181210, 0.0062934
201706181220, 0.000434028
201706181230, 0.00596788
201706181240, 0
201706181250, 0.000542535
201706181300, 0.000651042
201706181310, 0
201706181320, 0
201706181330, 0
201706181340, 0.000759549
201706181350, 0.00336372
201706181400, 0.0031467
201706181410, 0.0105252
201706181420, 0.00726997
201706181430, 0.00434028
201706181440, 0.00195312
201706181450, 0.0404731
201706181500, 0.101128
201706181510, 0.0683594
201706181520, 0.0119358
201706181530, 0.00119358
201706181540, 0.00401476
201706181550, 0
201706181600, 0.0180122
201706181610, 0.000868056
201706181620, 0
201706181630, 0.0581597
201706181640, 0
201706181650, 0.237956
201706181700, 0.578233
201706181710, 0.0917969
201706181720, 0.022678
201706181730, 0.000868056
201706181740, 0.374457
201706181750, 0.307943
201706181800, 0.0486111
201706181810, 0.291341
201706181820, 0.16862
201706181830, 0.126302
201706181840, 0.0456814
201706181850, 0.0558811
201706181900, 0.0520833
201706181910, 0.123806
201706181920, 0.296983
201706181930, 0.852214
201706181940, 0.336806
201706181950, 1.73275
201706182000, 0.958659
201706182010, 1.58518
201706182020, 0.943359
201706182030, 0.843424
201706182040, 1.11664
201706182050, 0.545573
201706182100, 0.848307
201706182110, 1.13043
201706182120, 0.911241
201706182130, 0.874132
201706182140, 0.941623
201706182150, 0.628906
201706182200, 0.708333
201706182210, 0.601562
201706182220, 0.764323
201706182230, 0.522895
201706182240, 0.595161
201706182250, 0.760417
201706182300, 0.609809
201706182310, 0.587457
201706182320, 0.494141
201706182330, 0.201172
201706182340, 0.0616319
201706182350, 1.13075
201706190000, 0
201706190010, 0.0145399
201706190020, 0.00575087
201706190030, 0.0144314
201706190040, 0.00206163
201706190050, 0.0251736
201706190100, 0.039171
201706190110, 0.214735
201706190120, 0.000108507
201706190130, 0
201706190140, 0.0078125
201706190150, 0.00748698
201706190210, 0.532552
201706190220, 0.00499132
201706190230, 0.00509983
201706190240, 0.00336372
201706190250, 0.00401476
201706190300, 0.00596788
201706190310, 0.257487
201706190320, 0.236762
201706190330, 0.00271267
201706190340, 0.00130208
201706190350, 0.0437283
201706190400, 0.0148655
201706190410, 0
201706190420, 0.158963
201706190430, 0
201706190440, 0.169162
201706190450, 0.0046658
201706190500, 0.0046658
201706190510, 0.0295139
201706190520, 0.0123698
201706190530, 0.00444878
201706190540, 0.00217014
201706190550, 0.00683594
201706190600, 0
201706190610, 0
201706190620, 0.000325521
201706190630, 0.000108507
201706190640, 0.023763
201706190650, 0.104926
201706190700, 0.000108507
201706190710, 0
201706190720, 0.638346
201706190730, 0.58648
201706190740, 0.824436
201706190750, 0.0353733
201706190800, 0.519965
201706190810, 0.876845
201706190820, 0.620551
201706190830, 0.345052
201706190840, 0.218967
201706190850, 0.279731
201706190900, 0.0261502
201706190910, 0
201706190920, 0.11849
201706190930, 0.284939
201706190940, 0.0987413
201706190950, 0.0277778
201706191000, 0.249674
201706191010, 0.2398
201706191020, 0.132053
201706191030, 0.14388
201706191040, 0.409614
201706191050, 0.00249566
201706191100, 0.0364583
201706191110, 0
201706191120, 0.174588
201706191130, 0.0258247
201706191140, 0.230252
201706191150, 0.388129
201706191200, 0.110352
201706191210, 0.0304905
201706191220, 0.21799
201706191230, 0.350911
201706191240, 0.167318
201706191250, 0.160048
201706191300, 0.424262
201706191310, 0.39681
201706191320, 0.154948
201706191330, 0.119466
201706191340, 0.176215
201706191350, 0.410807
201706191400, 0.0248481
201706191410, 0.00141059
201706191420, 0.0502387
201706191430, 0.0713976
201706191440, 0.0736762
201706191450, 0.0177951
201706191500, 0.0198568
201706191510, 0.255534
201706191520, 0.0496962
201706191530, 0.27908
201706191540, 0.21799
201706191550, 0.343207
201706191600, 0.311523
201706191610, 0.265625
201706191620, 0.229492
201706191630, 0.546549
201706191640, 0.415148
201706191650, 0.556315
201706191700, 0.116428
201706191710, 0.166775
201706191720, 0.290148
201706191730, 0.734375
201706191740, 0.229275
201706191750, 0.41276
201706191800, 1.1378
201706191810, 0.509332
201706191820, 0.414388
201706191830, 1.04959
201706191840, 0.581814
201706191850, 0.874674
201706191900, 1.33767
201706191910, 1.23806
201706191920, 1.32704
201706191930, 0.994032
201706191940, 0.967773
201706191950, 1.0434
201706192000, 1.01573
201706192010, 1.11404
201706192020, 0.970595
201706192030, 0.949761
201706192040, 1.11133
201706192050, 0.861328
201706192100, 0.411024
201706192110, 1.41732
201706192120, 0.927734
201706192130, 1.31901
201706192140, 1.01226
201706192150, 1.18012
201706192200, 1.50434
201706192210, 1.41916
201706192220, 1.22765
201706192230, 1.15148
201706192240, 1.28982
201706192250, 1.0906
201706192300, 1.33919
201706192310, 0.935764
201706192320, 1.1314
201706192330, 0.809462
201706192340, 0.738607
201706192350, 0.251519
201706200000, 0.0132378
201706200010, 0
201706200020, 0.120551
201706200030, 0.00824653
201706200040, 0.0131293
201706200050, 0
201706200100, 0.000108507
201706200110, 0
201706200120, 0.0633681
201706200130, 0.0600043
201706200140, 0.0031467
201706200150, 0.225152
201706200200, 0.451714
201706200210, 0.479818
201706200220, 0.376194
201706200230, 0.578017
201706200240, 0.655056
201706200250, 1.34852
201706200300, 1.23362
201706200310, 1.37999
201706200320, 1.36968
201706200330, 1.60254
201706200340, 1.6722
201706200350, 1.36947
201706200400, 0.980577
201706200410, 0.97678
201706200420, 0.173503
201706200430, 0.0282118
201706200440, 0.511176
201706200450, 0.572591
201706200500, 0.442708
201706200510, 0.0388455
201706200520, 0.0946181
201706200530, 0.0734592
201706200540, 0.321072
201706200550, 0.732856
201706200600, 0.262261
201706200610, 0.333008
201706200620, 0.464518
201706200630, 0.292101
201706200640, 0.174913
201706200650, 0.269748
201706200700, 0.228733
201706200710, 0.583225
201706200720, 0.217122
201706200730, 0.0210503
201706200740, 0.00813802
201706200750, 0.169271
201706200800, 0.125109
201706200810, 0.555881
201706200820, 0.459635
201706200830, 0.372504
201706200840, 0.80447
201706200850, 0.349175
201706200900, 0.294162
201706200910, 0.170681
201706200920, 0.752496
201706200930, 0.740126
201706200940, 0.5676
201706200950, 0.430773
201706201000, 0.502496
201706201010, 0.454861
201706201020, 0.478516
201706201030, 0.81684
201706201040, 0.860894
201706201050, 0.531684
201706201100, 0.458442
201706201110, 0.418837
201706201120, 0.408312
201706201130, 0.296658
201706201140, 0.367513
201706201150, 0.316406
201706201200, 0.43826
201706201210, 0.74273
201706201220, 0.357856
201706201230, 0.419922
201706201240, 0.470812
201706201250, 0.791124
201706201300, 0.830729
201706201310, 0.64247
201706201320, 0.694119
201706201330, 0.539605
201706201340, 0.760417
201706201350, 0.614475
201706201400, 0.532552
201706201410, 0.411241
201706201420, 0.467122
201706201430, 0.685547
201706201440, 0.865451
201706201450, 0.823351
201706201500, 0.874566
201706201510, 0.904622
201706201520, 0.571289
201706201530, 0.492513
201706201540, 0.509332
201706201550, 0.379232
201706201600, 0.296441
201706201610, 0.282335
201706201620, 0.370009
201706201630, 0.451389
201706201640, 0.0244141
201706201650, 0.00531684
201706201700, 0.0133464
201706201710, 0.0283203
201706201720, 0.0329861
201706201730, 0.00531684
201706201740, 0.0827908
201706201750, 0.151042
201706201800, 0.0219184
201706201810, 0.158203
201706201820, 0.0477431
201706201830, 0.00792101
201706201840, 0.168186
201706201850, 0.0177951
201706201900, 0
201706201910, 0
201706201920, 0
201706201930, 0.000108507
201706201940, 0
201706201950, 0
201706202000, 0
201706202010, 0
201706202020, 0.0227865
201706202030, 0.0432943
201706202040, 0.000868056
201706202050, 0.00868056
201706202100, 0.0254991
201706202110, 0.00607639
201706202120, 0.0129123
201706202130, 0.0217014
201706202140, 0.0278863
201706202150, 0.0186632
201706202200, 0.0321181
201706202210, 0.00759549
201706202220, 0.00824653
201706202230, 0.0126953
201706202240, 0.0169271
201706202250, 0.00249566
201706202300, 0.00976562
201706202310, 0.0212674
201706202320, 0.0321181
201706202330, 0.0202908
201706202340, 0.0771484
201706202350, 0.0524089
201706210000, 0.0061849
201706210010, 0.00141059
201706210020, 0.0249566
201706210030, 0.0152995
201706210040, 0.126953
201706210050, 0.0186632
201706210100, 0.0435113
201706210110, 0.00303819
201706210120, 0.0109592
201706210130, 0.0094401
201706210140, 0.0128038
201706210150, 0.0567491
201706210200, 0.0213759
201706210210, 0.0298394
201706210220, 0.0100911
201706210230, 0.534397
201706210240, 0.031901
201706210250, 0.00553385
201706210300, 0.00336372
201706210310, 0.0115017
201706210320, 0.0062934
201706210330, 0.0128038
201706210340, 0.00553385
201706210350, 0.00900608
201706210400, 0.00347222
201706210410, 0.215169
201706210420, 0.124349
201706210430, 0.176107
201706210440, 0.297526
201706210450, 0.490017
201706210500, 0.0435113
201706210510, 0.136176
201706210520, 0.0166016
201706210530, 0.295681
201706210540, 0.0480686
201706210550, 0.00303819
201706210600, 0.00585938
201706210610, 0.0122613
201706210620, 0.0292969
201706210630, 0.030816
201706210640, 0.0110677
201706210650, 0.00423177
201706210700, 0.0184462
201706210710, 0.0112847
201706210720, 0.0202908
201706210730, 0.00292969
201706210740, 0.00770399
201706210750, 0.00987413
201706210800, 0.0199653
201706210810, 0.0227865
201706210820, 0.0354818
201706210830, 0.0273438
201706210840, 0.00119358
201706210850, 0.000108507
201706210900, 0
201706210910, 0
201706210920, 0
201706210930, 0.014974
201706210940, 0.00640191
201706210950, 0.00282118
201706211000, 0.000325521
201706211010, 0.000759549
201706211020, 0.000108507
201706211030, 0.00119358
201706211040, 0.000976562
201706211050, 0.0261502
201706211100, 0.0128038
201706211110, 0.0328776
201706211120, 0.00423177
201706211130, 0.00412326
201706211140, 0.00889757
201706211150, 0.0672743
201706211200, 0.0345052
201706211210, 0.00965712
201706211220, 0.0120443
201706211230, 0.00792101
201706211240, 0.0150825
201706211250, 0.0118273
201706211300, 0.0166016
201706211310, 0.0287543
201706211320, 0.0217014
201706211330, 0.00336372
201706211340, 0.00672743
201706211350, 0.0093316
201706211400, 0.00737847
201706211410, 0.0213759
201706211420, 0.14388
201706211430, 0.0105252
201706211440, 0.0031467
201706211450, 0.0268012
201706211500, 0.0147569
201706211510, 0.0206163
201706211520, 0.015408
201706211530, 0.11556
201706211540, 0.0857205
201706211550, 0.0167101
201706211600, 0.0335286
201706211610, 0
201706211620, 0.00954861
201706211630, 0.00195312
201706211640, 0
201706211650, 0
201706211700, 0.0115017
201706211710, 0
201706211720, 0.0212674
201706211730, 0
201706211740, 0.0016276
201706211750, 0.00575087
201706211800, 0.00217014
201706211810, 0.12066
201706211820, 0.398872
201706211830, 0.0311415
201706211840, 0.121853
201706211850, 0.00705295
201706211900, 0.0175781
201706211910, 0.0177951
201706211920, 0.0093316
201706211930, 0.000108507
201706211940, 0
201706211950, 0
201706212000, 0
201706212010, 0.0016276
201706212020, 0
201706212030, 0
201706212040, 0
201706212050, 0
201706212100, 0
201706212110, 0
201706212120, 0
201706212130, 0.0428602
201706212140, 0
201706212150, 0.0108507
201706212200, 0.0243056
201706212210, 0.0469835
201706212220, 0.00726997
201706212230, 0.0176866
201706212240, 0.0230035
201706212250, 0.0532769
201706212300, 0.00238715
201706212310, 0.000325521
201706212320, 0.00542535
201706212330, 0.030816
201706212340, 0.00564236
201706212350, 0.0373264
201706220000, 0.00564236
201706220010, 0.0015191
201706220020, 0
201706220030, 0.0103082
201706220040, 0.000108507
201706220050, 0.00227865
201706220100, 0.0176866
201706220110, 0.0417752
201706220120, 0.347656
201706220130, 0.171549
201706220140, 0.0411241
201706220150, 0.0641276
201706220200, 0.323025
201706220210, 0.0642361
201706220220, 0.0100911
201706220230, 0.062717
201706220240, 0
201706220250, 0.0183377
201706220300, 0.0429688
201706220310, 0.0128038
201706220320, 0.0129123
201706220330, 0.03125
201706220340, 0.00434028
201706220350, 0.0257161
201706220400, 0.0283203
201706220410, 0.0211589
201706220420, 0.000108507
201706220430, 0.0414497
201706220440, 0.039822
201706220450, 0
201706220500, 0
201706220510, 0
201706220520, 0.0218099
201706220530, 0.00477431
201706220540, 0.0265842
201706220550, 0.02398
201706220600, 0.039388
201706220610, 0.0170356
201706220620, 0.0333116
201706220630, 0.196289
201706220640, 0.00922309
201706220650, 0.0334201
201706220700, 0.217339
201706220710, 0.445096
201706220720, 0.299805
201706220730, 0.615994
201706220740, 0.688368
201706220750, 0.469401
201706220800, 0.518121
201706220810, 0.479384
201706220820, 0.502279
201706220830, 0.325087
201706220840, 0.499566
201706220850, 0.42947
201706220900, 0.223633
201706220910, 0.405816
201706220920, 0.486328
201706220930, 0.421007
201706220940, 0.242188
201706220950, 0.376845
201706221000, 0.230577
201706221010, 0.392687
201706221020, 0.288628
201706221030, 0.430773
201706221040, 0.733615
201706221050, 0.569878
201706221100, 0.410699
201706221110, 0.0540365
201706221120, 0.0772569
201706221130, 0.0173611
201706221140, 0.0334201
201706221150, 0.070204
201706221200, 0.148872
201706221210, 0.0669488
201706221220, 0.0320095
201706221230, 0.210395
201706221240, 0.166016
201706221250, 0.211372
201706221300, 0.100477
201706221310, 0.0753038
201706221320, 0.115234
201706221330, 0.0950521
201706221340, 0.0313585
201706221350, 0.0274523
201706221400, 0.00748698
201706221410, 0.00553385
201706221420, 0.0190972
201706221430, 0.000976562
201706221440, 0.0132378
201706221450, 0.0148655
201706221500, 0
201706221510, 0
201706221520, 0.0015191
201706221530, 0.00292969
201706221540, 0.0210503
201706221550, 0.0292969
201706221600, 0.00520833
201706221610, 0.0379774
201706221620, 0
201706221630, 0.0760634
201706221640, 0.0633681
201706221650, 0.0508898
201706221700, 0.0274523
201706221710, 0.0869141
201706221720, 0.13303
201706221730, 0.21148
201706221740, 0.0788845
201706221750, 0.0968967
201706221800, 0.190321
201706221810, 0.205295
201706221820, 0.0903863
201706221830, 0.0201823
201706221840, 0.115451
201706221850, 0.0764974
201706221900, 0.0317925
201706221910, 0.0759549
201706221920, 0.0815972
201706221930, 0.0117188
201706221940, 0.00672743
201706221950, 0.086697
201706222000, 0.0491536
201706222010, 0.0976562
201706222020, 0.039388
201706222030, 0.022895
201706222040, 0.0712891
201706222050, 0.0359158
201706222100, 0.0743273
201706222110, 0.0608724
201706222120, 0.023329
201706222130, 0.0705295
201706222140, 0.0176866
201706222150, 0.0529514
201706222200, 0.00368924
201706222210, 0.00325521
201706222220, 0.0164931
201706222230, 0.00911458
201706222240, 0.016276
201706222250, 0.0253906
201706222300, 0.00770399
201706222310, 0.0272352
201706222320, 0.00683594
201706222330, 0.00195312
201706222340, 0.014974
201706222350, 0.0206163
201706230000, 0.00976562
201706230010, 0.00889757
201706230020, 0.00824653
201706230030, 0.0108507
201706230040, 0.0122613
201706230050, 0.00292969
201706230100, 0.00227865
201706230110, 0.00238715
201706230120, 0.00651042
201706230130, 0.0031467
201706230140, 0.00987413
201706230150, 0.00824653
201706230200, 0.0031467
201706230210, 0.00325521
201706230220, 0.0536024
201706230230, 0.00238715
201706230240, 0.0263672
201706230250, 0.0253906
201706230300, 0.00271267
201706230310, 0.0232205
201706230320, 0.0366753
201706230330, 0.0173611
201706230340, 0.0467665
201706230350, 0.078776
201706230400, 0.0424262
201706230410, 0.0585938
201706230420, 0.0626085
201706230430, 0.0404731
201706230440, 0.0189887
201706230450, 0.00824653
201706230500, 0.0164931
201706230510, 0.00737847
201706230520, 0.00661892
201706230530, 0.0135634
201706230540, 0.00792101
201706230550, 0.00835503
201706230600, 0.0124783
201706230610, 0.00661892
201706230620, 0.00347222
201706230630, 0.0123698
201706230640, 0.00488281
201706230650, 0.00184462
201706230700, 0.00141059
201706230710, 0.00130208
201706230720, 0.000868056
201706230730, 0.016276
201706230740, 0
201706230750, 0
201706230800, 0.00564236
201706230810, 0.000108507
201706230820, 0.000434028
201706230830, 0.000217014
201706230840, 0.000108507
201706230850, 0.00108507
201706230900, 0.000651042
201706230910, 0.0124783
201706230920, 0.000542535
201706230930, 0.000434028
201706230940, 0.000759549
201706230950, 0.000542535
201706231000, 0
201706231010, 0
201706231020, 0
201706231030, 0
201706231040, 0.000434028
201706231050, 0
201706231100, 0.000759549
201706231110, 0.0016276
201706231120, 0.00379774
201706231130, 0.0108507
201706231140, 0.0192057
201706231150, 0.00868056
201706231200, 0.113498
201706231210, 0.191081
201706231220, 0.852322
201706231230, 1.42339
201706231240, 2.32161
201706231250, 2.30501
201706231300, 2.12511
201706231310, 2.22287
201706231320, 2.31033
201706231330, 2.55588
201706231340, 1.85265
201706231350, 1.93956
201706231400, 1.27528
201706231410, 0.998372
201706231420, 0.759766
201706231430, 0.799479
201706231440, 0.708442
201706231450, 0.712457
201706231500, 0.946072
201706231510, 1.77669
201706231520, 0.95638
201706231530, 1.7628
201706231540, 1.23307
201706231550, 1.67687
201706231600, 1.65375
201706231610, 1.24674
201706231620, 0.602865
201706231630, 0.950412
201706231640, 1.02767
201706231650, 0.624457
201706231700, 1.06293
201706231710, 0.800456
201706231720, 1.0612
201706231730, 0.56977
201706231740, 0.420247
201706231750, 0.0562066
201706231800, 0.0680339
201706231810, 0.429362
201706231820, 0.131836
201706231830, 0.67806
201706231840, 0.198785
201706231850, 0.620226
201706231900, 0.374349
201706231910, 0.432509
201706231920, 0.607856
201706231930, 0.292318
201706231940, 0.228624
201706231950, 0.0292969
201706232000, 0.178928
201706232010, 0.185655
201706232020, 0.223958
201706232030, 0.0142144
201706232040, 0.153103
201706232050, 0.418077
201706232100, 0.541124
201706232110, 0.435547
201706232120, 0.126953
201706232130, 0.458225
201706232140, 0.325955
201706232150, 0.32194
201706232200, 0.381727
201706232210, 0.540148
201706232220, 0.472439
201706232230, 1.05588
201706232240, 1.0446
201706232250, 1.78342
201706232300, 1.18273
201706232310, 0.848416
201706232320, 2.24078
201706232330, 2.48362
201706232340, 2.72472
201706232350, 4.80512
201706240000, 3.20182
201706240010, 4.34256
201706240020, 2.50933
201706240030, 2.55979
201706240040, 2.99208
201706240050, 2.78787
201706240100, 2.82878
201706240110, 3.42198
201706240120, 2.61957
201706240130, 3.24262
201706240140, 3.5676
201706240150, 2.95562
201706240200, 3.25532
201706240210, 1.90983
201706240220, 1.79688
201706240230, 2.81977
201706240240, 3.96636
201706240250, 2.8138
201706240300, 1.92046
201706240310, 2.25011
201706240320, 1.98112
201706240330, 2.62109
201706240340, 1.57151
201706240350, 1.30208
201706240400, 1.1122
201706240410, 0.157661
201706240420, 0.373806
201706240430, 0.548286
201706240440, 0.525499
201706240450, 1.15267
201706240500, 1.40972
201706240510, 1.41016
201706240520, 1.84169
201706240530, 1.33561
201706240540, 1.71734
201706240550, 1.8393
201706240600, 2.8393
201706240610, 3.05035
201706240620, 2.69835
201706240630, 2.87543
201706240640, 2.72895
201706240650, 1.80892
201706240700, 1.67936
201706240710, 1.94434
201706240720, 0.71072
201706240730, 0.828993
201706240740, 0.23839
201706240750, 1.11567
201706240800, 2.80599
201706240810, 3.22103
201706240820, 2.51335
201706240830, 3.09711
201706240840, 2.1658
201706240850, 1.97418
201706240900, 1.87283
201706240910, 2.52365
201706240920, 2.40527
201706240930, 2.6977
201706240940, 3.49013
201706240950, 2.43327
201706241000, 2.49251
201706241010, 1.55946
201706241020, 1.35525
201706241030, 1.91873
201706241040, 2.65929
201706241050, 3.35688
201706241100, 3.15267
201706241110, 3.72146
201706241120, 3.92676
201706241130, 4.15082
201706241140, 4.42318
201706241150, 3.93837
201706241200, 5.54253
201706241210, 4.8941
201706241220, 4.4732
201706241230, 4.61881
201706241240, 3.47754
201706241250, 3.64931
201706241300, 2.67654
201706241310, 1.37587
201706241320, 0.984483
201706241330, 0.986871
201706241340, 0.928711
201706241350, 0.724935
201706241400, 0.370117
201706241410, 0.0897352
201706241420, 0.00488281
201706241430, 0.000217014
201706241440, 0
201706241450, 0.12793
201706241500, 0.371962
201706241510, 0.379449
201706241520, 0.399631
201706241530, 0.189996
201706241540, 0.0225694
201706241550, 0.0192057
201706241600, 0.137261
201706241610, 0.0207248
201706241620, 0.493381
201706241630, 0.517361
201706241640, 0.719727
201706241650, 0.953234
201706241700, 0.751736
201706241710, 0.751953
201706241720, 0.881619
201706241730, 0.947808
201706241740, 1.10786
201706241750, 1.3316
201706241800, 1.1977
201706241810, 0.762153
201706241820, 0.412435
201706241830, 0.367079
201706241840, 0.402669
201706241850, 0.375
201706241900, 0.500868
201706241910, 0.279514
201706241920, 0.295681
201706241930, 0.295139
201706241940, 0.380751
201706241950, 0.511176
201706242000, 0.62066
201706242010, 0.602431
201706242020, 0.235026
201706242030, 0.138997
201706242040, 0.0159505
201706242050, 0.00607639
201706242100, 0.0435113
201706242110, 0.00412326
201706242120, 0.0210503
201706242130, 0.0813802
201706242140, 0
201706242150, 0.00217014
201706242200, 0.17003
201706242210, 0.106011
201706242220, 0.0646701
201706242230, 0.183919
201706242240, 0.176432
201706242250, 0.0116102
201706242300, 0
201706242310, 0.00705295
201706242320, 0.00423177
201706242330, 0.000434028
201706242340, 0.00325521
201706242350, 0.00358073
201706250000, 0.00325521
201706250010, 0.00206163
201706250020, 0.000434028
201706250030, 0
201706250040, 0.00444878
201706250050, 0.00705295
201706250100, 0.00759549
201706250110, 0.0116102
201706250120, 0.0261502
201706250130, 0.00412326
201706250140, 0.00184462
201706250150, 0.0094401
201706250200, 0.0170356
201706250210, 0.00759549
201706250220, 0.000108507
201706250230, 0.00238715
201706250240, 0.000976562
201706250250, 0.0141059
201706250300, 0.0758464
201706250310, 0.0353733
201706250320, 0.0417752
201706250330, 0.0741102
201706250340, 0.124132
201706250350, 0.150391
201706250400, 0.0299479
201706250410, 0.06977
201706250420, 0.0503472
201706250430, 0.199436
201706250440, 0.00292969
201706250450, 0.00520833
201706250500, 0.0132378
201706250510, 0.0015191
201706250520, 0.000108507
201706250530, 0
201706250540, 0
201706250550, 0.0203993
201706250600, 0.00748698
201706250610, 0.00238715
201706250620, 0.00553385
201706250630, 0.00108507
201706250640, 0.0103082
201706250650, 0.000976562
201706250700, 0
201706250710, 0
201706250720, 0.015408
201706250730, 0.0254991
201706250740, 0.00336372
201706250750, 0.00585938
201706250800, 0.00292969
201706250810, 0.000976562
201706250820, 0.0104167
201706250830, 0.00694444
201706250840, 0
201706250850, 0.000108507
201706250900, 0.0109592
201706250910, 0.000325521
201706250920, 0.00249566
201706250930, 0.0116102
201706250950, 0.00520833
201706251000, 0
201706251010, 0.000108507
201706251020, 0.000434028
201706251030, 0
201706251040, 0
201706251050, 0.00195312
201706251100, 0.000108507
201706251110, 0.00998264
201706251120, 0.0128038
201706251130, 0.0061849
201706251140, 0.00998264
201706251150, 0.00813802
201706251200, 0.00325521
201706251210, 0.00130208
201706251220, 0.00379774
201706251230, 0.000868056
201706251240, 0.000976562
201706251250, 0.000108507
201706251300, 0
201706251310, 0.000542535
201706251320, 0.00130208
201706251330, 0
201706251340, 0
201706251350, 0.000868056
201706251400, 0.0061849
201706251410, 0.00173611
201706251420, 0.0172526
201706251430, 0.016059
201706251440, 0.0223524
201706251450, 0.0257161
201706251500, 0.0189887
201706251510, 0
201706251520, 0.000108507
201706251530, 0.000217014
201706251540, 0
201706251550, 0.0123698
201706251600, 0.000325521
201706251610, 0.00119358
201706251620, 0.0100911
201706251630, 0.0133464
201706251640, 0.00173611
201706251650, 0
201706251700, 0.0511068
201706251710, 0.187174
201706251720, 0.0474175
201706251730, 0.0176866
201706251740, 0.0240885
201706251750, 0.0911458
201706251800, 0.0179036
201706251810, 0.0311415
201706251820, 0.0411241
201706251830, 0.0181207
201706251840, 0.0815972
201706251850, 0.534722
201706251900, 0.474501
201706251910, 0.272461
201706251920, 0.00282118
201706251930, 0.537326
201706251940, 0.21582
201706251950, 0.00835503
201706252000, 0.117839
201706252010, 0.00217014
201706252020, 0.0871311
201706252030, 0.130425
201706252040, 0.316406
201706252050, 0.249783
201706252100, 0.294162
201706252110, 0.00379774
201706252120, 0.000868056
201706252130, 0.00661892
201706252140, 0.00130208
201706252150, 0.000217014
201706252200, 0.00195312
201706252210, 0.0061849
201706252220, 0.00108507
201706252230, 0.0412326
201706252240, 0.000108507
201706252250, 0.00477431
201706252300, 0.000434028
201706252310, 0.000976562
201706252320, 0.00292969
201706252330, 0.00282118
201706252340, 0.0751953
201706252350, 0
201706260000, 0.00227865
201706260010, 0.00542535
201706260020, 0.0016276
201706260030, 0
201706260040, 0.00271267
201706260050, 0.00423177
201706260100, 0.00509983
201706260110, 0.00878906
201706260120, 0.00520833
201706260130, 0.00759549
201706260140, 0.0103082
201706260150, 0.0359158
201706260200, 0.0592448
201706260210, 0.0770399
201706260220, 0.0487196
201706260230, 0.107096
201706260240, 0.0857205
201706260250, 0.0652127
201706260300, 0.127604
201706260310, 0.047092
201706260320, 0.137261
201706260330, 0.0784505
201706260340, 0.111871
201706260350, 0.172526
201706260400, 0.145182
201706260410, 0.147461
201706260420, 0.0498047
201706260430, 0.0377604
201706260440, 0.0494792
201706260450, 0.0514323
201706260500, 0.0110677
201706260510, 0.0597873
201706260520, 0.0240885
201706260530, 0.00705295
201706260540, 0.00130208
201706260550, 0.00260417
201706260600, 0.0122613
201706260610, 0
201706260620, 0
201706260630, 0
201706260640, 0.00108507
201706260650, 0.000217014
201706260700, 0
201706260710, 0.000434028
201706260720, 0
201706260730, 0.104601
201706260740, 0.000542535
201706260750, 0.000542535
201706260800, 0.0093316
201706260810, 0.0192057
201706260820, 0.0121528
201706260830, 0.000542535
201706260840, 0.00379774
201706260850, 0.00759549
201706260900, 0.0323351
201706260910, 0.00108507
201706260920, 0.0116102
201706260930, 0.0139974
201706260940, 0.0225694
201706260950, 0.0202908
201706261000, 0.0450304
201706261010, 0.00846354
201706261030, 0.0755208
201706261040, 0.0107422
201706261050, 0.0869141
201706261100, 0.0132378
201706261110, 0.00726997
201706261120, 0.015408
201706261130, 0.00173611
201706261140, 0.217448
201706261150, 0.109809
201706261200, 0.0598958
201706261210, 0.0321181
201706261220, 0.00141059
201706261230, 0.260417
201706261240, 0.000759549
201706261250, 0.00271267
201706261300, 0.00488281
201706261310, 0.000325521
201706261320, 0.000217014
201706261330, 0.246094
201706261340, 0.0515408
201706261350, 0
201706261400, 0.00390625
201706261410, 0.00499132
201706261420, 0.00596788
201706261430, 0.000759549
201706261440, 0.000651042
201706261450, 0.0281033
201706261500, 0.0575087
201706261510, 0.00651042
201706261520, 0.0448134
201706261530, 0.0375434
201706261540, 0.0271267
201706261550, 0.0377604
201706261600, 0.0209418
201706261610, 0.0480686
201706261620, 0.000434028
201706261630, 0
201706261640, 0.000325521
201706261650, 0.00542535
201706261700, 0.0016276
201706261710, 0.0291884
201706261720, 0.0016276
201706261730, 0.000325521
201706261740, 0.0167101
201706261750, 0.00412326
201706261800, 0.0759549
201706261810, 0.00520833
201706261820, 0.0106337
201706261830, 0.00585938
201706261840, 0.00238715
201706261850, 0.00390625
201706261900, 0.0212674
201706261910, 0.00683594
201706261920, 0.0412326
201706261930, 0.0192057
201706261940, 0.204753
201706261950, 0.0837674
201706262000, 0.00813802
201706262010, 0.115777
201706262020, 0.00282118
201706262030, 0.157661
201706262040, 0.00824653
201706262050, 0.000217014
201706262100, 0.0181207
201706262110, 0.00672743
201706262120, 0.00444878
201706262130, 0.00954861
201706262140, 0.000976562
201706262150, 0.000108507
201706262200, 0.000542535
201706262210, 0.00379774
201706262220, 0.00119358
201706262230, 0.00759549
201706262240, 0.00358073
201706262250, 0.00227865
201706262300, 0.00173611
201706262310, 0.0375434
201706262320, 0.0258247
201706262330, 0.0119358
201706262340, 0.0213759
201706262350, 0.0413411
201706270000, 0.000108507
201706270010, 0.00694444
201706270020, 0
201706270030, 0
201706270040, 0
201706270050, 0.000108507
201706270100, 0.000325521
201706270110, 0.000434028
201706270120, 0.000651042
201706270130, 0.00998264
201706270140, 0.0015191
201706270150, 0.0031467
201706270200, 0.00640191
201706270210, 0.0105252
201706270220, 0.0128038
201706270230, 0.00857205
201706270240, 0.0349392
201706270250, 0.0380859
201706270300, 0.00726997
201706270310, 0.0105252
201706270320, 0.00922309
201706270330, 0.0244141
201706270340, 0.00249566
201706270350, 0.00564236
201706270400, 0.00553385
201706270410, 0.0078125
201706270420, 0.00173611
201706270430, 0.00705295
201706270440, 0.00488281
201706270450, 0.000651042
201706270500, 0.000434028
201706270510, 0.0062934
201706270520, 0.000434028
201706270530, 0
201706270540, 0
201706270550, 0.000108507
201706270600, 0
201706270610, 0.00173611
201706270620, 0.00325521
201706270640, 0.00434028
201706270650, 0
201706270700, 0.00726997
201706270710, 0.000108507
201706270720, 0.000325521
201706270730, 0
201706270750, 0.00195312
201706270800, 0
201706270810, 0.000434028
201706270830, 0.000108507
201706270840, 0.000217014
201706270850, 0.000217014
201706270900, 0.000434028
201706270910, 0.00227865
201706270930, 0.000108507
201706270950, 0.000651042
201706271000, 0
201706271010, 0.00130208
201706271020, 0.00260417
201706271030, 0.000976562
201706271040, 0.0268012
201706271050, 0.214735
201706271100, 0.199219
201706271110, 0.00173611
201706271120, 0
201706271130, 0
201706271140, 0.00108507
201706271150, 0.00206163
201706271200, 0.00694444
201706271210, 0.0737847
201706271220, 0.014974
201706271230, 0.107096
201706271240, 0.0794271
201706271250, 0.000868056
201706271300, 0
201706271310, 0.0345052
201706271320, 0.229492
201706271330, 0.34668
201706271340, 0.346137
201706271350, 0.646918
201706271400, 0.980577
201706271410, 1.36176
201706271420, 1.55653
201706271430, 1.68544
201706271440, 1.93262
201706271450, 2.11697
201706271500, 2.16786
201706271510, 2.76465
201706271520, 3.06391
201706271530, 2.8508
201706271540, 3.06934
201706271550, 3.03537
201706271600, 3.22255
201706271610, 3.46029
201706271620, 3.08247
201706271630, 3.1964
201706271640, 3.00347
201706271650, 2.10547
201706271700, 2.13325
201706271710, 2.49295
201706271720, 2.54188
201706271730, 2.32574
201706271740, 2.24327
201706271750, 1.49761
201706271800, 1.61263
201706271810, 1.47483
201706271820, 1.74425
201706271830, 1.98145
201706271840, 1.78147
201706271850, 1.91797
201706271900, 1.72396
201706271910, 1.65961
201706271920, 1.57726
201706271930, 1.78407
201706271940, 2.20367
201706271950, 1.75933
201706272000, 2.17535
201706272010, 2.31793
201706272020, 2.28016
201706272030, 2.0051
201706272040, 2.22895
201706272050, 1.9299
201706272100, 1.78407
201706272110, 1.75217
201706272120, 1.86382
201706272130, 1.82791
201706272140, 1.852
201706272150, 2.38737
201706272200, 2.0549
201706272210, 1.69065
201706272220, 1.62674
201706272230, 2.36751
201706272240, 2.31619
201706272250, 2.3125
201706272300, 2.20551
201706272310, 2.11263
201706272320, 1.84093
201706272330, 2.24631
201706272340, 2.20063
201706272350, 2.35471
201706280000, 2.33952
201706280010, 2.03223
201706280020, 1.95714
201706280030, 1.84722
201706280040, 1.29622
201706280050, 1.28743
201706280100, 0.646918
201706280110, 0.141819
201706280120, 0
201706280130, 0.0363498
201706280140, 0.0907118
201706280150, 0.250434
201706280200, 0.174913
201706280210, 0.549479
201706280220, 0.591037
201706280230, 0.850803
201706280240, 1.2997
201706280250, 1.45942
201706280300, 0.527778
201706280310, 0.221137
201706280320, 0.0738932
201706280330, 0.0633681
201706280340, 0.0881076
201706280350, 0.0693359
201706280400, 0.252062
201706280410, 0.40918
201706280420, 0.22309
201706280430, 0.310655
201706280440, 0.122504
201706280450, 0.84082
201706280500, 0.275499
201706280510, 0.0925564
201706280520, 0.376953
201706280530, 0.393555
201706280540, 0.291884
201706280550, 0.432943
201706280600, 0.623698
201706280610, 0.526476
201706280620, 0.365234
201706280630, 0.170464
201706280640, 0.350694
201706280650, 0.445529
201706280700, 1.13151
201706280710, 1.69108
201706280720, 2.55024
201706280730, 1.71278
201706280740, 2.16547
201706280750, 2.42318
201706280800, 1.87663
201706280810, 1.86599
201706280820, 1.59809
201706280830, 1.95464
201706280840, 1.71918
201706280850, 2.3992
201706280900, 2.07997
201706280910, 3.02365
201706280920, 3.17448
201706280930, 3.17622
201706280940, 4.11827
201706280950, 3.60048
201706281000, 3.46018
201706281010, 3.44716
201706281020, 1.81066
201706281030, 2.29123
201706281040, 1.57042
201706281050, 1.82172
201706281100, 2.15679
201706281110, 2.31955
201706281120, 1.6696
201706281130, 1.80078
201706281140, 0.935655
201706281150, 1.26356
201706281200, 0.8125
201706281210, 1.31087
201706281220, 2.53809
201706281230, 1.14008
201706281240, 0.727756
201706281250, 1.2972
201706281300, 0.597005
201706281310, 0.558702
201706281320, 0.929036
201706281330, 1.11871
201706281340, 0.524523
201706281350, 0.471463
201706281400, 0.0507812
201706281410, 0.335286
201706281420, 0.370117
201706281430, 0.301649
201706281440, 0.367947
201706281450, 0.467231
201706281500, 1.12099
201706281510, 0.452148
201706281520, 0.647027
201706281530, 0.21951
201706281540, 0.323785
201706281550, 0.250868
201706281600, 0.387478
201706281610, 0.320204
201706281620, 0.0797526
201706281630, 0.28125
201706281640, 0.0105252
201706281650, 0.0113932
201706281700, 0.0214844
201706281710, 0.157335
201706281720, 0.160699
201706281730, 0.440647
201706281740, 0.261285
201706281750, 0.227539
201706281800, 0.176324
201706281810, 0.109701
201706281820, 0.352973
201706281830, 0.262587
201706281840, 0.421549
201706281850, 0.381836
201706281900, 0.319119
201706281910, 0.261285
201706281920, 0.425347
201706281930, 0.54796
201706281940, 0.904405
201706281950, 0.927517
201706282000, 0.99349
201706282010, 0.621419
201706282020, 1.30458
201706282030, 1.16016
201706282040, 1.01215
201706282050, 1.24816
201706282100, 0.724609
201706282110, 0.503038
201706282120, 0.515842
201706282130, 0.493381
201706282140, 0.477322
201706282150, 0.478082
201706282200, 0.558377
201706282210, 0.524197
201706282220, 0.585829
201706282230, 0.493707
201706282240, 0.557617
201706282250, 0.468859
201706282300, 0.39822
201706282310, 0.149631
201706282320, 0.17003
201706282330, 0.0321181
201706282340, 0.0103082
201706282350, 0.0181207
201706290000, 0.0101997
201706290010, 0.0419922
201706290020, 0.0245226
201706290030, 0.0411241
201706290040, 0.00857205
201706290050, 0.0467665
201706290100, 0.0754123
201706290110, 0.0643446
201706290120, 0.0124783
201706290130, 0.0116102
201706290140, 0.0221354
201706290150, 0.0254991
201706290200, 0.0285373
201706290210, 0.0793186
201706290220, 0.130968
201706290230, 0.0823568
201706290240, 0.0417752
201706290250, 0.0737847
201706290300, 0.0157335
201706290310, 0.00824653
201706290320, 0.0252821
201706290330, 0.00889757
201706290340, 0.0197483
201706290350, 0.00303819
201706290400, 0.00737847
201706290410, 0.0130208
201706290420, 0.0109592
201706290430, 0.0146484
201706290440, 0.123155
201706290450, 0.0625
201706290500, 0.0542535
201706290510, 0.00965712
201706290520, 0.031467
201706290530, 0.015625
201706290540, 0.0110677
201706290550, 0.0538194
201706290600, 0.0299479
201706290610, 0.00585938
201706290620, 0.0324436
201706290630, 0.00260417
201706290640, 0.00737847
201706290650, 0
201706290700, 0.00607639
201706290720, 0
201706290730, 0.000434028
201706290750, 0
201706290800, 0.00217014
201706290810, 0.00292969
201706290820, 0.000759549
201706290830, 0
201706290840, 0.00585938
201706290850, 0.00130208
201706290900, 0.000217014
201706290910, 0.000434028
201706290920, 0.00238715
201706290930, 0.000976562
201706290940, 0.0113932
201706290950, 0
201706291000, 0.000651042
201706291010, 0.000217014
201706291020, 0.000651042
201706291030, 0.000542535
201706291040, 0.00889757
201706291050, 0.109484
201706291100, 0.00520833
201706291110, 0.00575087
201706291120, 0.0232205
201706291130, 0.00108507
201706291140, 0.000434028
201706291150, 0.000217014
201706291200, 0.0264757
201706291210, 0.0294054
201706291220, 0.0262587
201706291230, 0.138889
201706291240, 0.0262587
201706291250, 0.0116102
201706291300, 0.00661892
201706291310, 0.140191
201706291320, 0.0307075
201706291330, 0.0116102
201706291340, 0.0251736
201706291350, 0.00911458
201706291400, 0.0511068
201706291410, 0.0992839
201706291420, 0.071072
201706291430, 0.231011
201706291440, 0.0384115
201706291450, 0.120443
201706291500, 0.178168
201706291510, 0.0974392
201706291520, 0.0906033
201706291530, 0.0804036
201706291540, 0.0801866
201706291550, 0.093533
201706291600, 0.250217
201706291610, 0.156576
201706291620, 0.0213759
201706291630, 0.182292
201706291640, 0.0452474
201706291650, 0.138346
201706291700, 0.181098
201706291710, 0.354818
201706291720, 0.0551215
201706291730, 0.0330946
201706291740, 0.0767144
201706291750, 0.137695
201706291800, 0.15408
201706291810, 0.0667318
201706291820, 0.0913628
201706291830, 0.00455729
201706291840, 0.016059
201706291850, 0.0015191
201706291900, 0.0671658
201706291910, 0.0503472
201706291920, 0.0061849
201706291930, 0.00640191
201706291940, 0
201706291950, 0.0501302
201706292000, 0.0131293
201706292010, 0.0046658
201706292020, 0.000108507
201706292030, 0.030816
201706292040, 0.0538194
201706292050, 0.0322266
201706292100, 0.0888672
201706292110, 0.290039
201706292120, 0.189236
201706292130, 0.0768229
201706292140, 0.000217014
201706292150, 0.000651042
201706292200, 0.0440538
201706292210, 0.0429688
201706292220, 0.0100911
201706292230, 0.0406901
201706292240, 0.0996094
201706292250, 0.0432943
201706292300, 0
201706292310, 0.00813802
201706292320, 0
201706292330, 0.031033
201706292340, 0.0124783
201706292350, 0.000976562
201706300000, 0.0669488
201706300010, 0.50076
201706300020, 0.0571832
201706300030, 0.424045
201706300040, 0.0596788
201706300050, 0.0415582
201706300100, 0.0251736
201706300110, 0.0320095
201706300120, 0.0132378
201706300130, 0.200738
201706300140, 0.101128
201706300150, 0.038954
201706300200, 0.0496962
201706300210, 0.0735677
201706300220, 0.103082
201706300230, 0.201823
201706300240, 0.225694
201706300250, 0.141602
201706300300, 0.287001
201706300310, 0.238173
201706300320, 0.0440538
201706300330, 0.151801
201706300340, 0.0279948
201706300350, 0.111328
201706300400, 0.113281
201706300410, 0.0109592
201706300420, 0.0709635
201706300430, 0.155816
201706300440, 0.162001
201706300450, 0.10612
201706300500, 0.0496962
201706300510, 0.396267
201706300520, 0.0724826
201706300530, 0.0275608
201706300540, 0.325955
201706300550, 0.111654
201706300600, 0.0571832
201706300610, 0.0657552
201706300620, 0.158203
201706300630, 0.0332031
201706300640, 0.0432943
201706300650, 0.00922309
201706300700, 0.046224
201706300710, 0.023546
201706300720, 0.0665148
201706300730, 0.0416667
201706300740, 0.0485026
201706300750, 0.00347222
201706300800, 0.00857205
201706300810, 0.00347222
201706300820, 0.00585938
201706300830, 0.0111762
201706300840, 0.0015191
201706300850, 0.00173611
201706300900, 0.00661892
201706300910, 0.000542535
201706300920, 0.000651042
201706300930, 0.00108507
201706300940, 0.000759549
201706300950, 0
201706301000, 0.0123698
201706301010, 0.0188802
201706301020, 0.0483941
201706301030, 0.0406901
201706301040, 0.0602214
201706301050, 0.0833333
201706301100, 0.358941
201706301110, 0.448134
201706301120, 0.832899
201706301130, 1.81196
201706301140, 2.69065
201706301150, 2.50803
201706301200, 3.37641
201706301210, 4.82259
201706301220, 6.38921
201706301230, 9.2526
201706301240, 9.70855
201706301250, 10.2254
201706301300, 8.90386
201706301310, 9.42752
201706301320, 10.938
201706301330, 10.5407
201706301340, 9.58323
201706301350, 10.7831
201706301400, 10.3012
201706301410, 9.78895
201706301420, 8.78928
201706301430, 8.65256
201706301440, 7.84039
201706301450, 7.94108
201706301500, 7.79557
201706301510, 7.89518
201706301520, 7.59592
201706301530, 6.98731
201706301540, 7.95519
201706301550, 7.8227
201706301600, 6.50911
201706301610, 6.19922
201706301620, 5.73774
201706301630, 5.43229
201706301640, 5.56554
201706301650, 5.31109
201706301700, 5.54264
201706301710, 5.52246
201706301720, 5.20345
201706301730, 5.32107
201706301740, 4.59711
201706301750, 4.7525
201706301800, 4.85276
201706301810, 5.33735
201706301820, 5.81348
201706301830, 4.6352
201706301840, 4.9758
201706301850, 4.81467
201706301900, 4.43544
201706301910, 4.22808
201706301920, 3.90625
201706301930, 3.57107
201706301940, 4.4082
201706301950, 3.51823
201706302000, 2.94889
201706302010, 3.48513
201706302020, 3.83019
201706302030, 2.18197
201706302040, 3.50358
201706302050, 3.16504
201706302100, 3.53602
201706302110, 3.6926
201706302120, 3.60427
201706302130, 3.60482
201706302140, 3.09158
201706302150, 4.10428
201706302200, 2.84071
201706302210, 3.07726
201706302220, 3.13444
201706302230, 3.05328
201706302240, 3.31066
201706302250, 3.45898
201706302300, 3.72157
201706302310, 4.35373
201706302320, 3.51606
201706302330, 4.63553
201706302340, 5.29167
201706302350, 4.6046
201707010000, 4.50054
201707010010, 4.54069
201707010020, 4.523
201707010030, 4.3469
201707010040, 4.38119
201707010050, 4.36599
201707010100, 3.14573
201707010110, 2.82411
201707010120, 2.77648
201707010130, 2.92339
201707010140, 3.33051
201707010150, 1.48806
201707010200, 2.14399
201707010210, 1.64355
201707010220, 1.84266
201707010230, 1.64551
201707010240, 0.958333
201707010250, 1.36513
201707010300, 1.71929
201707010310, 2.04796
201707010320, 2.5497
201707010330, 1.4821
201707010340, 0.995009
201707010350, 1.24468
201707010400, 1.36838
201707010410, 1.08192
201707010420, 0.651042
201707010430, 0.965386
201707010440, 1.12923
201707010450, 0.370877
201707010500, 0.267795
201707010510, 0.178928
201707010520, 0.232856
201707010530, 0.267253
201707010540, 1.28939
201707010550, 1.07617
201707010600, 0.976129
201707010610, 0.780816
201707010620, 1.83236
201707010630, 1.41764
201707010640, 1.00922
201707010650, 2.02528
201707010700, 1.61198
201707010710, 1.06478
201707010720, 1.40148
201707010730, 1.76172
201707010740, 1.90495
201707010750, 1.98427
201707010800, 2.22819
201707010810, 2.3929
201707010820, 1.7245
201707010830, 1.85796
201707010840, 1.6735
201707010850, 1.47917
201707010900, 2.7015
201707010910, 3.46256
201707010920, 2.17904
201707010930, 2.74718
201707010940, 1.85286
201707010950, 1.85471
201707011000, 1.64236
201707011010, 2.10145
201707011020, 1.64887
201707011030, 2.10004
201707011040, 1.87229
201707011050, 1.95204
201707011100, 2.84028
201707011110, 2.18012
201707011120, 2.36838
201707011130, 2.00391
201707011140, 3.44531
201707011150, 2.86133
201707011200, 2.54731
201707011210, 1.53429
201707011220, 1.82118
201707011230, 1.69119
201707011240, 1.6123
201707011250, 2.53624
201707011300, 1.47721
201707011310, 1.01248
201707011320, 0.897569
201707011330, 1.02094
201707011340, 1.51671
201707011350, 1.46224
201707011400, 1.61882
201707011410, 1.61003
201707011420, 1.71289
201707011430, 1.32509
201707011440, 1.40256
201707011450, 1.34549
201707011500, 1.05686
201707011510, 2.05393
201707011520, 2.08084
201707011530, 2.00803
201707011540, 2.55914
201707011550, 1.97667
201707011600, 1.45996
201707011610, 1.08594
201707011620, 0.758681
201707011630, 0.296441
201707011640, 0.332574
201707011650, 0.396159
201707011700, 0.50803
201707011710, 0.719184
201707011720, 0.600369
201707011730, 0.784722
201707011740, 0.799371
201707011750, 0.664171
201707011800, 0.442817
201707011810, 0.411458
201707011820, 1.01053
201707011830, 0.473741
201707011840, 0.994683
201707011850, 2.03082
201707011900, 2.29796
201707011910, 2.40755
201707011920, 1.61903
201707011930, 1.76291
201707011940, 1.51562
201707011950, 0.985786
201707012000, 1.94998
201707012010, 2.38108
201707012020, 2.551
201707012030, 2.72407
201707012040, 4.02593
201707012050, 4.45215
201707012100, 4.61317
201707012110, 5.29167
201707012120, 4.97602
201707012130, 4.27398
201707012140, 4.28136
201707012150, 4.93023
201707012200, 4.3597
201707012210, 4.11089
201707012220, 3.38336
201707012230, 2.74805
201707012240, 2.40701
201707012250, 2.29384
201707012300, 2.7028
201707012310, 2.69325
201707012320, 1.89041
201707012330, 2.60145
201707012340, 3.10406
201707012350, 3.2564
201707020000, 2.79405
201707020010, 2.43891
201707020020, 3.08529
201707020030, 2.92882
201707020040, 1.60905
201707020050, 0.976562
201707020100, 1.36285
201707020110, 2.32563
201707020120, 2.10872
201707020130, 1.56912
201707020140, 1.15365
201707020150, 0.517144
201707020200, 1.12066
201707020210, 0.284505
201707020220, 1.53092
201707020230, 0.871636
201707020240, 1.46246
201707020250, 1.31641
201707020300, 2.44868
201707020310, 1.72917
201707020320, 1.92546
201707020330, 1.17231
201707020340, 2.16623
201707020350, 2.65126
201707020400, 2.12576
201707020410, 2.69444
201707020420, 1.84115
201707020430, 1.54688
201707020440, 1.75901
201707020450, 1.78212
201707020500, 2.35916
201707020510, 1.19379
201707020520, 2.02322
201707020530, 1.61035
201707020540, 2.68142
201707020550, 2.87413
201707020600, 2.84918
201707020610, 2.89334
201707020620, 3.23969
201707020630, 2.72884
201707020640, 3.84028
201707020650, 3.59082
201707020700, 5.23318
201707020710, 5.65506
201707020720, 6.07585
201707020730, 6.57476
201707020740, 5.8087
201707020750, 5.11447
201707020800, 5.01845
201707020810, 5.36263
201707020820, 6.00098
201707020830, 5.91059
201707020840, 5.01443
201707020850, 5.52474
201707020900, 5.55838
201707020910, 6.80957
201707020920, 7.77561
201707020930, 8.64334
201707020940, 8.27973
201707020950, 9.11838
201707021000, 9.14811
201707021010, 8.63661
201707021020, 6.95931
201707021030, 6.69954
201707021040, 5.80208
201707021050, 6.57682
201707021100, 7.03841
201707021110, 6.3763
201707021120, 6.76367
201707021130, 5.76606
201707021140, 5.20497
201707021150, 5.00694
201707021200, 4.31315
201707021210, 3.50987
201707021220, 2.25521
201707021230, 1.63086
201707021240, 0.977865
201707021250, 0.73763
201707021300, 0.195855
201707021310, 0.232856
201707021320, 0.167318
201707021330, 0.0361328
201707021340, 0
201707021350, 0.0494792
201707021400, 0
201707021410, 0.00390625
201707021420, 0.00108507
201707021430, 0.00748698
201707021440, 0.0138889
201707021450, 0.0167101
201707021500, 0.00900608
201707021510, 0.016059
201707021520, 0.0202908
201707021530, 0.0221354
201707021540, 0.022678
201707021550, 0.000434028
201707021600, 0
201707021610, 0.015191
201707021620, 0.000542535
201707021630, 0.0455729
201707021640, 0
201707021650, 0
201707021700, 0
201707021710, 0
201707021720, 0.031467
201707021730, 0.0335286
201707021740, 0.00987413
201707021750, 0
201707021800, 0.0130208
201707021810, 0.0189887
201707021820, 0.0721571
201707021830, 0.0615234
201707021840, 0.146376
201707021850, 0.0171441
201707021900, 0.00726997
201707021910, 0.103841
201707021920, 0.12793
201707021930, 0.0148655
201707021940, 0.0252821
201707021950, 0.00271267
201707022000, 0.0914714
201707022010, 0.0297309
201707022020, 0.000651042
201707022030, 0.0103082
201707022040, 0.00455729
201707022050, 0.0172526
201707022100, 0.000108507
201707022110, 0.00792101
201707022120, 0.000759549
201707022130, 0.0135634
201707022140, 0
201707022150, 0.00173611
201707022200, 0.0141059
201707022210, 0.00488281
201707022220, 0.0108507
201707022230, 0.00303819
201707022240, 0.00531684
201707022250, 0.00499132
201707022300, 0.00488281
201707022310, 0.00206163
201707022320, 0.0046658
201707022330, 0.0031467
201707022340, 0.000976562
201707022350, 0.00292969
201707030000, 0.00412326
201707030010, 0.00347222
201707030020, 0.0423177
201707030030, 0.0209418
201707030040, 0.016059
201707030050, 0.00184462
201707030100, 0.00531684
201707030110, 0.00509983
201707030120, 0.000976562
201707030130, 0.0957031
201707030140, 0.14681
201707030150, 0.126736
201707030200, 0.117839
201707030210, 0.282552
201707030220, 0.285156
201707030230, 0.110569
201707030240, 0.039171
201707030250, 0.336806
201707030300, 0.189453
201707030310, 0.289714
201707030320, 0.21365
201707030330, 0.229709
201707030340, 0.227756
201707030350, 0.472548
201707030400, 0.461914
201707030410, 0.254015
201707030420, 0.456489
201707030430, 0.093316
201707030440, 0.512695
201707030450, 0.572266
201707030500, 0.024197
201707030510, 0.0978733
201707030520, 0.0558811
201707030530, 0.00488281
201707030540, 0.532227
201707030550, 0.00857205
201707030600, 0.00770399
201707030610, 0.0078125
201707030620, 0.015625
201707030630, 0.000434028
201707030640, 0.0101997
201707030650, 0.00868056
201707030700, 0.00227865
201707030710, 0.254991
201707030720, 0.310221
201707030730, 0.176649
201707030740, 0.180122
201707030750, 0.125
201707030800, 0.0190972
201707030810, 0.00575087
201707030820, 0.0205078
201707030830, 0.00303819
201707030840, 0.0146484
201707030850, 0.0126953
201707030900, 0.00857205
201707030910, 0.00292969
201707030920, 0.0296224
201707030930, 0.0209418
201707030940, 0.00900608
201707030950, 0.00173611
201707031000, 0.00108507
201707031010, 0.0148655
201707031020, 0.00922309
201707031030, 0.0168186
201707031040, 0.0571832
201707031050, 0.0094401
201707031100, 0.00661892
201707031110, 0.00184462
201707031120, 0.00726997
201707031130, 0.00358073
201707031140, 0.0078125
201707031150, 0.00434028
201707031200, 0.00857205
201707031210, 0.00705295
201707031220, 0.00792101
201707031230, 0.0120443
201707031240, 0.023763
201707031250, 0.0324436
201707031300, 0.00227865
201707031310, 0.0262587
201707031320, 0.0173611
201707031330, 0.0190972
201707031340, 0.00347222
201707031350, 0.0256076
201707031400, 0.0168186
201707031410, 0.0307075
201707031420, 0.0371094
201707031430, 0.0732422
201707031440, 0.0444878
201707031450, 0.0302734
201707031500, 0.0476345
201707031510, 0.0810547
201707031520, 0.0246311
201707031530, 0.0224609
201707031540, 0.014974
201707031550, 0.0147569
201707031600, 0.0443793
201707031610, 0.118924
201707031620, 0.0372179
201707031630, 0.023112
201707031640, 0.0712891
201707031650, 0.00564236
201707031700, 0.00292969
201707031710, 0.0112847
201707031720, 0.00282118
201707031730, 0
201707031740, 0.00292969
201707031750, 0.000325521
201707031800, 0.0444878
201707031810, 0.000868056
201707031820, 0.0258247
201707031830, 0.0807292
201707031840, 0.0850694
201707031850, 0.121202
201707031900, 0.0887587
201707031910, 0.323025
201707031920, 0.288194
201707031930, 0.354818
201707031940, 0.100911
201707031950, 0.18826
201707032000, 0.127062
201707032010, 0.634549
201707032020, 0.224392
201707032030, 0
201707032040, 0.00303819
201707032050, 0.00173611
201707032100, 0
201707032110, 0.434787
201707032120, 0.508572
201707032130, 0.47678
201707032140, 0.992947
201707032150, 1.28418
201707032200, 1.10048
201707032210, 1.40202
201707032220, 0.367188
201707032230, 0.582031
201707032240, 0.451823
201707032250, 0.177843
201707032300, 0.0674913
201707032310, 0.00651042
201707032320, 0.00238715
201707032330, 0.00336372
201707032340, 0.000542535
201707032350, 0.144531
201707040000, 0.000217014
201707040010, 0.0503472
201707040020, 0.00108507
201707040030, 0.0299479
201707040040, 0.00705295
201707040050, 0.0147569
201707040100, 0.105469
201707040110, 0.134549
201707040120, 0.269314
201707040130, 0.263455
201707040140, 0.169705
201707040150, 0.350586
201707040200, 0.0666233
201707040210, 0.344835
201707040220, 0.228082
201707040230, 0.274089
201707040240, 0.260308
201707040250, 0.391276
201707040300, 0.574002
201707040310, 0.109701
201707040320, 0.260634
201707040330, 0.054362
201707040340, 0.00716146
201707040350, 0.0117188
201707040400, 0.00683594
201707040410, 0.0078125
201707040420, 0.00585938
201707040430, 0.0105252
201707040440, 0.00737847
201707040450, 0.00835503
201707040500, 0.00173611
201707040510, 0.00748698
201707040520, 0.0131293
201707040530, 0.00651042
201707040540, 0.0103082
201707040550, 0.00726997
201707040600, 0.00401476
201707040610, 0.0110677
201707040620, 0.00759549
201707040630, 0.00520833
201707040640, 0.0184462
201707040650, 0.00585938
201707040700, 0.00835503
201707040710, 0.0148655
201707040720, 0.0366753
201707040730, 0.0413411
201707040740, 0.0359158
201707040750, 0.0205078
201707040800, 0.00802951
201707040810, 0.0478516
201707040820, 0.0194227
201707040830, 0.0553385
201707040840, 0.016059
201707040850, 0.0303819
201707040900, 0.191406
201707040910, 0.0100911
201707040920, 0.0126953
201707040930, 0.0401476
201707040940, 0.015625
201707040950, 0
201707041000, 0.000108507
201707041010, 0.0311415
201707041020, 0.015408
201707041030, 0.00303819
201707041040, 0.0031467
201707041050, 0.00325521
201707041100, 0.0062934
201707041110, 0.0016276
201707041120, 0.00878906
201707041130, 0.00227865
201707041140, 0.000542535
201707041150, 0.000325521
201707041200, 0
201707041210, 0.00325521
201707041220, 0.00195312
201707041230, 0.00390625
201707041240, 0.0108507
201707041250, 0.0378689
201707041300, 0.0428602
201707041310, 0.0218099
201707041320, 0.107313
201707041330, 0.111437
201707041340, 0.136068
201707041350, 0.110569
201707041400, 0.134874
201707041410, 0.309896
201707041420, 0.347114
201707041430, 0.0730252
201707041440, 0.182183
201707041450, 0.0921224
201707041500, 0.17372
201707041510, 0.288737
201707041520, 0.0625
201707041530, 0.0176866
201707041540, 0.0254991
201707041550, 0.182292
201707041600, 0.114041
201707041610, 0.00358073
201707041620, 0.137153
201707041630, 0.0112847
201707041640, 0.0957031
201707041650, 0.0469835
201707041700, 0.129232
201707041710, 0.0294054
201707041720, 0.0832248
201707041730, 0.016276
201707041740, 0.0889757
201707041750, 0.0989583
201707041800, 0.086046
201707041810, 0.0906033
201707041820, 0.150282
201707041830, 0.439887
201707041840, 0.476671
201707041850, 0.130859
201707041900, 0.599826
201707041910, 0.621094
201707041920, 0.564128
201707041930, 0.143555
201707041940, 0.15549
201707041950, 0.106445
201707042000, 0.0449219
201707042010, 0.0136719
201707042020, 0.0674913
201707042030, 0.0143229
201707042040, 0.0243056
201707042050, 0.0282118
201707042100, 0.0738932
201707042110, 0.0174696
201707042120, 0.0186632
201707042130, 0.0298394
201707042140, 0.0205078
201707042150, 0.0515408
201707042200, 0.0136719
201707042210, 0.0128038
201707042220, 0.131727
201707042230, 0.136936
201707042240, 0.161241
201707042250, 0.078776
201707042300, 0.183268
201707042310, 0.134874
201707042320, 0.161784
201707042330, 0.266819
201707042340, 0.235894
201707042350, 0.323459
201707050000, 0.395399
201707050010, 0.366102
201707050020, 0.263672
201707050030, 0.33214
201707050040, 0.263455
201707050050, 0.44184
201707050100, 0.320855
201707050110, 0.324436
201707050120, 0.172526
201707050130, 0.483941
201707050140, 0.459852
201707050150, 0.592339
201707050200, 0.586046
201707050210, 0.558811
201707050220, 0.473199
201707050230, 0.589627
201707050240, 0.611871
201707050250, 0.876519
201707050300, 0.878906
201707050310, 0.832031
201707050320, 1.03993
201707050330, 0.904514
201707050340, 0.862196
201707050350, 0.811957
201707050400, 0.719401
201707050410, 0.633138
201707050420, 0.551432
201707050430, 0.514431
201707050440, 0.482964
201707050450, 0.500108
201707050500, 0.822266
201707050510, 0.921115
201707050520, 0.972982
201707050530, 1.07791
201707050540, 1.29199
201707050550, 1.56977
201707050600, 1.70833
201707050610, 1.82086
201707050620, 1.88477
201707050630, 1.80187
201707050640, 1.73969
201707050650, 1.74457
201707050700, 1.49468
201707050710, 1.14855
201707050720, 0.70128
201707050730, 0.24197
201707050740, 0.12283
201707050750, 0.0336372
201707050800, 0.0136719
201707050810, 0.00824653
201707050820, 0.00585938
201707050830, 0.00434028
201707050840, 0.00119358
201707050850, 0.000434028
201707050900, 0
201707050910, 0.0016276
201707050920, 0.00108507
201707050930, 0.00477431
201707050940, 0.00119358
201707050950, 0.000976562
201707051000, 0.0015191
201707051010, 0.00130208
201707051020, 0.000868056
201707051030, 0.00141059
201707051040, 0.031901
201707051050, 0.0817057
201707051100, 0.00900608
201707051110, 0.000108507
201707051120, 0
201707051130, 0
201707051140, 0
201707051150, 0.000217014
201707051200, 0.0128038
201707051210, 0.180556
201707051220, 0.069987
201707051230, 0.157118
201707051240, 0.690864
201707051250, 0.772027
201707051300, 0.505534
201707051310, 0.652235
201707051320, 0.641493
201707051330, 0.627279
201707051340, 0.612739
201707051350, 0.418294
201707051400, 0.301107
201707051410, 0.311415
201707051420, 0.270399
201707051430, 0.0988498
201707051440, 0.158854
201707051450, 0.109701
201707051500, 0.153646
201707051510, 0.22168
201707051520, 0.0633681
201707051530, 0.0639106
201707051540, 0.0794271
201707051550, 0.112956
201707051600, 0.100043
201707051610, 0.255425
201707051620, 0.111871
201707051630, 0.144748
201707051640, 0.0840929
201707051650, 0.0973307
201707051700, 0.00347222
201707051710, 0.000651042
201707051720, 0.0134549
201707051730, 0.0303819
201707051740, 0.0206163
201707051750, 0.0540365
201707051800, 0.00141059
201707051810, 0.0131293
201707051820, 0.0292969
201707051830, 0.0777995
201707051840, 0.174913
201707051850, 0.126953
201707051900, 0.0865885
201707051910, 0.166124
201707051920, 0.172635
201707051930, 0.200087
201707051940, 0.216471
201707051950, 0.233507
201707052000, 0.13954
201707052010, 0.124132
201707052020, 0.132704
201707052030, 0.0822483
201707052040, 0.0523003
201707052050, 0.0238715
201707052100, 0.0244141
201707052110, 0.0309245
201707052120, 0.0384115
201707052130, 0.0521918
201707052140, 0.0225694
201707052150, 0.024197
201707052200, 0.0078125
201707052210, 0.0271267
201707052220, 0.00130208
201707052230, 0.0266927
201707052240, 0.0173611
201707052250, 0.0207248
201707052300, 0.0224609
201707052310, 0.0298394
201707052320, 0.0257161
201707052330, 0.0365668
201707052340, 0.0145399
201707052350, 0.0430773
201707060000, 0.0435113
201707060010, 0.136719
201707060020, 0.432617
201707060030, 0.70714
201707060040, 0.608181
201707060050, 0.436849
201707060100, 0.1301
201707060110, 0.0111762
201707060120, 0.156793
201707060130, 0.400065
201707060140, 0.290907
201707060150, 0.546115
201707060200, 0.840712
201707060210, 0.997721
201707060220, 1.82661
201707060230, 1.75098
201707060240, 1.82769
201707060250, 2.38444
201707060300, 2.67144
201707060310, 3.17632
201707060320, 3.28537
201707060330, 3.28027
201707060340, 3.50857
201707060350, 3.46571
201707060400, 3.39996
201707060410, 3.22721
201707060420, 3.36523
201707060430, 3.44
201707060440, 3.90549
201707060450, 4.12305
201707060500, 4.27724
201707060510, 4.03385
201707060520, 3.99132
201707060530, 3.72656
201707060540, 3.07704
201707060550, 2.77724
201707060600, 3.25076
201707060610, 3.19781
201707060620, 2.67166
201707060630, 2.51975
201707060640, 2.10406
201707060650, 2.17524
201707060700, 1.77919
201707060710, 1.45052
201707060720, 1.7092
201707060730, 0.87283
201707060740, 0.348199
201707060750, 0.00564236
201707060800, 0.00824653
201707060810, 0.00434028
201707060820, 0.0196398
201707060830, 0.0273438
201707060840, 0.11339
201707060850, 0.158312
201707060900, 0.176324
201707060910, 0.039171
201707060920, 0.0429688
201707060930, 0.0486111
201707060940, 0.0152995
201707060950, 0.00954861
201707061000, 0.0287543
201707061010, 0.0250651
201707061020, 0.0366753
201707061030, 0.0411241
201707061040, 0.0402561
201707061050, 0.000434028
201707061100, 0.0451389
201707061110, 0.0295139
201707061120, 0.0246311
201707061130, 0.0449219
201707061140, 0.0792101
201707061150, 0.325195
201707061200, 0.458116
201707061210, 0.607313
201707061220, 0.526042
201707061230, 0.101237
201707061240, 0.265408
201707061250, 0.0172526
201707061300, 0.0815972
201707061310, 0.00260417
201707061320, 0.0108507
201707061330, 0.0456814
201707061340, 0.0225694
201707061350, 0
201707061400, 0.0437283
201707061410, 0.0762804
201707061420, 0.02398
201707061430, 0.00119358
201707061440, 0.0553385
201707061450, 0
201707061500, 0.0467665
201707061510, 0
201707061520, 0.0234375
201707061530, 0.0104167
201707061540, 0.00434028
201707061550, 0.0193142
201707061600, 0.0136719
201707061610, 0.0301649
201707061620, 0.000217014
201707061630, 0.000976562
201707061640, 0.0315755
201707061650, 0.0248481
201707061700, 0.0245226
201707061710, 0.0553385
201707061720, 0.0132378
201707061730, 0.030599
201707061740, 0.0292969
201707061750, 0.0450304
201707061800, 0.0538194
201707061810, 0.0349392
201707061820, 0.0413411
201707061830, 0.0150825
201707061840, 0.0294054
201707061850, 0.0161675
201707061900, 0.0223524
201707061910, 0.0404731
201707061920, 0.024197
201707061930, 0.0263672
201707061940, 0.022678
201707061950, 0.00683594
201707062000, 0.110135
201707062010, 0.0196398
201707062020, 0.0193142
201707062030, 0.0266927
201707062040, 0.0325521
201707062050, 0.0189887
201707062100, 0.0277778
201707062110, 0.0184462
201707062120, 0.015842
201707062130, 0.00716146
201707062140, 0.0166016
201707062150, 0.0180122
201707062200, 0.00683594
201707062210, 0.0223524
201707062220, 0.0761719
201707062230, 0.115234
201707062240, 0.0381944
201707062250, 0.0295139
201707062300, 0.09375
201707062310, 0.0520833
201707062320, 0.117622
201707062330, 0.279188
201707062340, 0.185221
201707062350, 0.19401
201707070000, 0.267795
201707070010, 0.298069
201707070020, 0.357096
201707070030, 0.204536
201707070040, 0.00651042
201707070050, 0.200521
201707070100, 0.00792101
201707070110, 0.0664062
201707070120, 0.000434028
201707070130, 0
201707070140, 0.0194227
201707070150, 0.0670573
201707070200, 0.0283203
201707070210, 0.000434028
201707070220, 0.38151
201707070230, 0.269423
201707070240, 1.21691
201707070250, 1.26356
201707070300, 0.85829
201707070310, 0.936632
201707070320, 1.52691
201707070330, 1.47016
201707070340, 1.18414
201707070350, 1.66786
201707070400, 2.23145
201707070410, 3.04796
201707070420, 3.50564
201707070430, 3.85341
201707070440, 3.6416
201707070450, 3.79416
201707070500, 3.65961
201707070510, 3.65419
201707070520, 3.36317
201707070530, 3.56803
201707070540, 3.50618
201707070550, 3.54091
201707070600, 3.32997
201707070610, 3.33941
201707070620, 3.44759
201707070630, 3.66146
201707070640, 3.65202
201707070650, 4.31771
201707070700, 3.34256
201707070710, 2.9885
201707070720, 3.68251
201707070730, 3.63954
201707070740, 3.42904
201707070750, 3.6173
201707070800, 3.68251
201707070810, 3.67025
201707070820, 3.08127
201707070830, 3.32878
201707070840, 3.81738
201707070850, 2.42101
201707070900, 1.64855
201707070910, 1.61133
201707070920, 0.719835
201707070930, 0.789822
201707070940, 0.760851
201707070950, 0.0820312
201707071000, 0.031684
201707071010, 0.0183377
201707071020, 0.0249566
201707071030, 0.063151
201707071040, 0.0270182
201707071050, 0.0211589
201707071100, 0.016276
201707071110, 0.0303819
201707071120, 0.0143229
201707071130, 0.0711806
201707071140, 0.0275608
201707071150, 0.0754123
201707071200, 0.0849609
201707071210, 0.00553385
201707071220, 0.0959201
201707071230, 0.0780165
201707071240, 0.0947266
201707071250, 0.00368924
201707071300, 0.0128038
201707071310, 0.00911458
201707071320, 0.00868056
201707071330, 0.00716146
201707071340, 0.00379774
201707071350, 0.00347222
201707071400, 0.00401476
201707071410, 0.0061849
201707071420, 0.0061849
201707071430, 0.0578342
201707071440, 0.00868056
201707071450, 0.298286
201707071500, 0.0520833
201707071510, 0.332031
201707071520, 0.271159
201707071530, 1.00673
201707071540, 1.2436
201707071550, 1.73242
201707071600, 1.49327
201707071610, 1.47428
201707071620, 1.27539
201707071630, 0.447917
201707071640, 0
201707071650, 0.0580512
201707071700, 0.0108507
201707071710, 0.0176866
201707071720, 0
201707071730, 0.336914
201707071740, 0.110894
201707071750, 0.375217
201707071800, 0.954753
201707071810, 0.191949
201707071820, 0.981445
201707071830, 0.975477
201707071840, 1.63097
201707071850, 0.487305
201707071900, 1.03451
201707071910, 0.39898
201707071920, 0.000108507
201707071930, 0
201707071940, 0.20931
201707071950, 0.449761
201707072000, 0.330078
201707072010, 0.0793186
201707072020, 0.468424
201707072030, 0.148329
201707072040, 0.0217014
201707072050, 0.000108507
201707072100, 0.0317925
201707072110, 0.00531684
201707072120, 0.0122613
201707072130, 0.0125868
201707072140, 0.00303819
201707072150, 0.00434028
201707072200, 0.236545
201707072210, 0.0840929
201707072220, 0.286675
201707072230, 0.391927
201707072240, 0.698242
201707072250, 0.54145
201707072300, 0.299262
201707072310, 0.4949
201707072320, 0.375109
201707072330, 0.727322
201707072340, 0.396267
201707072350, 0.0948351
201707080000, 0.195964
201707080010, 0.156684
201707080020, 0.481879
201707080030, 0.172526
201707080040, 0.267795
201707080050, 0.204319
201707080100, 0.476454
201707080110, 0.272786
201707080120, 0.520833
201707080130, 1.43891
201707080140, 2.44531
201707080150, 2.63422
201707080200, 1.77387
201707080210, 1.97797
201707080220, 1.29058
201707080230, 1.30762
201707080240, 1.74316
201707080250, 1.78722
201707080300, 1.5421
201707080310, 2.14518
201707080320, 1.76454
201707080330, 2.23177
201707080340, 2.37793
201707080350, 2.03255
201707080400, 1.27658
201707080410, 1.73937
201707080420, 1.62109
201707080430, 1.18262
201707080440, 1.47428
201707080450, 1.65994
201707080500, 1.55903
201707080510, 2.20204
201707080520, 1.99121
201707080530, 2.00412
201707080540, 1.48036
201707080550, 1.2462
201707080600, 1.37055
201707080610, 1.64724
201707080620, 2.24371
201707080630, 1.80024
201707080640, 1.85699
201707080650, 2.08702
201707080700, 2.31934
201707080710, 2.40527
201707080720, 2.46463
201707080730, 2.34299
201707080740, 2.60004
201707080750, 3.19737
201707080800, 2.6862
201707080810, 2.18392
201707080820, 2.21788
201707080830, 2.01877
201707080840, 1.98969
201707080850, 1.96387
201707080900, 1.91309
201707080910, 2.02029
201707080920, 1.98307
201707080930, 1.92763
201707080940, 1.84505
201707080950, 1.78396
201707081000, 2.07237
201707081010, 1.95095
201707081020, 1.93566
201707081030, 2.15245
201707081040, 1.83453
201707081050, 1.88802
201707081100, 1.83887
201707081110, 1.94596
201707081120, 1.91634
201707081130, 1.53266
201707081140, 1.61621
201707081150, 1.40191
201707081200, 1.57552
201707081210, 1.64421
201707081220, 1.36914
201707081230, 1.03147
201707081240, 0.927517
201707081250, 0.873698
201707081300, 0.416884
201707081310, 0.476128
201707081320, 0.253689
201707081330, 0.128798
201707081340, 0.10612
201707081350, 0.131727
201707081400, 0.173177
201707081410, 0.189019
201707081420, 0.0173611
201707081430, 0.109158
201707081440, 0.0016276
201707081450, 0.00531684
201707081500, 0.0094401
201707081510, 0.260851
201707081520, 0.432943
201707081530, 0.269965
201707081540, 0.522895
201707081550, 0.716471
201707081600, 0.643989
201707081610, 0.782878
201707081620, 0.780165
201707081630, 1.05523
201707081640, 1.19303
201707081650, 0.729275
201707081700, 0.71582
201707081710, 0.826823
201707081720, 0.779622
201707081730, 0.677951
201707081740, 0.421441
201707081750, 0.47602
201707081800, 0.357639
201707081810, 0.752496
201707081820, 0.627496
201707081830, 0.903646
201707081840, 1.28526
201707081850, 0.988932
201707081900, 0.847548
201707081910, 0.51747
201707081920, 0.465061
201707081930, 0.434787
201707081940, 0.000651042
201707081950, 0.0202908
201707082000, 0.078559
201707082010, 0.000217014
201707082020, 0
201707082030, 0.0368924
201707082040, 0.00379774
201707082050, 0.0380859
201707082100, 0
201707082110, 0.113173
201707082120, 0.193685
201707082130, 0.104275
201707082140, 0.208116
201707082150, 0.0745443
201707082200, 0.157769
201707082210, 0.0313585
201707082220, 0
201707082230, 0.00108507
201707082240, 0
201707082250, 0.00575087
201707082300, 0.0478516
201707082310, 0
201707082320, 0
201707082330, 0.00900608
201707082340, 0.00412326
201707082350, 0.00954861
201707090000, 0
201707090010, 0.0155165
201707090020, 0.00802951
201707090030, 0
201707090040, 0.03852
201707090050, 0.00358073
201707090100, 0.0514323
201707090110, 0.473633
201707090120, 0.871202
201707090130, 1.10362
201707090140, 1.4898
201707090150, 1.3584
201707090200, 1.91243
201707090210, 1.13639
201707090220, 0.901259
201707090230, 1.16667
201707090240, 1.04134
201707090250, 1.71311
201707090300, 1.47005
201707090310, 1.29275
201707090320, 1.3992
201707090330, 1.75814
201707090340, 1.83149
201707090350, 1.51747
201707090400, 1.65647
201707090410, 2.0013
201707090420, 2.21126
201707090430, 2.37619
201707090440, 2.73014
201707090450, 3.11144
201707090500, 3.31348
201707090510, 2.85764
201707090520, 3.01997
201707090530, 3.23655
201707090540, 3.15918
201707090550, 3.54698
201707090600, 4.04156
201707090610, 4.28809
201707090620, 4.15126
201707090630, 4.12912
201707090640, 3.79492
201707090650, 3.34147
201707090700, 2.98416
201707090710, 2.78483
201707090720, 2.57237
201707090730, 2.3571
201707090740, 2.40842
201707090750, 2.08409
201707090800, 1.86079
201707090810, 1.58192
201707090820, 1.44021
201707090830, 1.15582
201707090840, 1.12901
201707090850, 1.2168
201707090900, 0.721029
201707090910, 0.0583767
201707090920, 0.0332031
201707090930, 0.0170356
201707090940, 0.0243056
201707090950, 0.000217014
201707091000, 0.000108507
201707091010, 0.0016276
201707091020, 0
201707091030, 0.000759549
201707091040, 0.000325521
201707091050, 0.00108507
201707091100, 0.00260417
201707091110, 0.00184462
201707091120, 0.00130208
201707091130, 0
201707091140, 0.000976562
201707091150, 0.00238715
201707091200, 0.000868056
201707091210, 0.00227865
201707091220, 0.000868056
201707091230, 0.00477431
201707091240, 0.000976562
201707091250, 0.00726997
201707091300, 0.00206163
201707091310, 0.00802951
201707091320, 0.00401476
201707091330, 0.00401476
201707091340, 0.00260417
201707091350, 0.00640191
201707091400, 0.00455729
201707091410, 0.00585938
201707091420, 0.00607639
201707091430, 0.0121528
201707091440, 0.0167101
201707091450, 0.0250651
201707091500, 0.0046658
201707091510, 0.00878906
201707091520, 0.00694444
201707091530, 0.00640191
201707091540, 0.00976562
201707091550, 0.0136719
201707091600, 0.0174696
201707091610, 0.00358073
201707091620, 0.0141059
201707091630, 0.0197483
201707091640, 0.0342882
201707091650, 0.047309
201707091700, 0.0270182
201707091710, 0.0214844
201707091720, 0.00857205
201707091730, 0.00672743
201707091740, 0.00130208
201707091750, 0.015191
201707091800, 0.0259332
201707091810, 0.00390625
201707091820, 0.0421007
201707091830, 0.0403646
201707091840, 0.0062934
201707091850, 0.000651042
201707091900, 0.00954861
201707091910, 0.0031467
201707091920, 0.00954861
201707091930, 0.0200738
201707091940, 0.0100911
201707091950, 0.0136719
201707092000, 0.054362
201707092010, 0.00726997
201707092020, 0.00965712
201707092030, 0.015191
201707092040, 0.0123698
201707092050, 0.0279948
201707092100, 0.0148655
201707092110, 0
201707092120, 0.196289
201707092130, 0.00184462
201707092140, 0.531033
201707092150, 0.0677083
201707092200, 0.0152995
201707092210, 0.0837674
201707092220, 0.0643446
201707092230, 0.306424
201707092240, 0.145616
201707092250, 0.176649
201707092300, 0.246311
201707092310, 1.01704
201707092320, 1.10341
201707092330, 1.96311
201707092340, 1.79666
201707092350, 2.60189
201707100000, 3.72602
201707100010, 3.37717
201707100020, 2.10308
201707100030, 2.94965
201707100040, 3.70378
201707100050, 4.06641
201707100100, 4.23351
201707100110, 4.14789
201707100120, 4.82845
201707100130, 5.09559
201707100140, 5.75955
201707100150, 5.84939
201707100200, 5.9452
201707100210, 5.64334
201707100220, 5.82259
201707100230, 5.90788
201707100240, 5.76313
201707100250, 6.00141
201707100300, 5.57769
201707100310, 5.41667
201707100320, 5.32899
201707100330, 4.99002
201707100340, 4.78744
201707100350, 4.8367
201707100400, 4.16558
201707100410, 4.00933
201707100420, 4.01042
201707100430, 3.81717
201707100440, 3.49891
201707100450, 3.47559
201707100500, 2.99685
201707100510, 2.73242
201707100520, 2.63184
201707100530, 2.4771
201707100540, 2.35004
201707100550, 2.1913
201707100600, 2.21766
201707100610, 1.82997
201707100620, 1.56532
201707100630, 1.16178
201707100640, 1.17925
201707100650, 0.814453
201707100700, 0.468316
201707100710, 0.311632
201707100720, 0.0142144
201707100730, 0.158312
201707100740, 0.144531
201707100750, 0.0123698
201707100800, 0.0818142
201707100810, 0.0698785
201707100820, 0.0279948
201707100830, 0.0341797
201707100840, 0.0179036
201707100850, 0.0290799
201707100900, 0.00748698
201707100910, 0.0596788
201707100920, 0.00238715
201707100930, 0.0132378
201707100940, 0.0551215
201707100950, 0.160916
201707101000, 0.016059
201707101010, 0
201707101020, 0.0078125
201707101030, 0.0104167
201707101040, 0.0117188
201707101050, 0.0046658
201707101100, 0.0323351
201707101110, 0.0152995
201707101120, 0.121853
201707101130, 0.000108507
201707101140, 0.0313585
201707101150, 0.117405
201707101200, 0.0798611
201707101210, 0.113498
201707101220, 0.0794271
201707101230, 0.0516493
201707101240, 0.106554
201707101250, 0.146918
201707101300, 0.157769
201707101310, 0.0751953
201707101320, 0.0112847
201707101330, 0.0189887
201707101340, 0.0690104
201707101350, 0.00358073
201707101400, 0.0212674
201707101410, 0.0983073
201707101420, 0.0142144
201707101430, 0.235894
201707101440, 0.415256
201707101450, 0.400825
201707101500, 0.506619
201707101510, 0.577582
201707101520, 0.612413
201707101530, 0.531793
201707101540, 0.374566
201707101550, 0.424154
201707101600, 0.510742
201707101610, 0.448568
201707101620, 0.342448
201707101630, 0.309679
201707101640, 0.167969
201707101650, 0.0284288
201707101700, 0.0289714
201707101710, 0.0891927
201707101720, 0.0782335
201707101730, 0.0373264
201707101740, 0.0144314
201707101750, 0.0303819
201707101800, 0.1148
201707101810, 0.118924
201707101820, 0.173394
201707101830, 0.0113932
201707101840, 0.0031467
201707101850, 0.0155165
201707101900, 0.00282118
201707101910, 0.0434028
201707101920, 0.030599
201707101930, 0.0195312
201707101940, 0.0145399
201707101950, 0.0311415
201707102000, 0.0173611
201707102010, 0.0123698
201707102020, 0.00694444
201707102030, 0.0283203
201707102040, 0.0123698
201707102050, 0.0349392
201707102100, 0.0415582
201707102110, 0.117405
201707102120, 0.0264757
201707102130, 0.0287543
201707102140, 0.0232205
201707102150, 0.0544705
201707102200, 0.0508898
201707102210, 0.0415582
201707102220, 0.0431858
201707102230, 0.124023
201707102240, 0.151584
201707102250, 0.198351
201707102300, 0.439453
201707102310, 0.572157
201707102320, 0.728299
201707102330, 1.0051
201707102340, 1.40028
201707102350, 1.63498
201707110000, 1.42491
201707110010, 2.4898
201707110020, 2.99186
201707110030, 3.67187
201707110040, 3.57498
201707110050, 3.91612
201707110100, 3.96994
201707110110, 3.86816
201707110120, 4.01172
201707110130, 4.83116
201707110140, 5.04438
201707110150, 4.86144
201707110200, 4.87511
201707110210, 4.63021
201707110220, 4.26107
201707110230, 4.44043
201707110240, 4.72233
201707110250, 4.63542
201707110300, 4.31912
201707110310, 4.40961
201707110320, 4.41026
201707110330, 4.56934
201707110340, 4.03429
201707110350, 3.59592
201707110400, 3.39746
201707110410, 3.4745
201707110420, 3.50076
201707110430, 3.29601
201707110440, 3.2245
201707110450, 3.1097
201707110500, 2.63563
201707110510, 2.43924
201707110520, 2.50011
201707110530, 2.57737
201707110540, 2.51063
201707110550, 2.33301
201707110600, 2.18902
201707110610, 2.03581
201707110620, 1.9018
201707110630, 1.88346
201707110640, 1.55632
201707110650, 1.31402
201707110700, 1.05957
201707110710, 0.889106
201707110720, 0.731771
201707110730, 0.602105
201707110740, 0.463976
201707110750, 0.421766
201707110800, 0.328668
201707110810, 0.420898
201707110820, 0.654297
201707110830, 0.449544
201707110840, 0.484701
201707110850, 0.258681
201707110900, 0.298069
201707110910, 0.107964
201707110920, 0.101888
201707110930, 0.0601128
201707110940, 0.0189887
201707110950, 0.00922309
201707111000, 0.014974
201707111010, 0.00271267
201707111020, 0.0167101
201707111030, 0.0177951
201707111040, 0.0183377
201707111050, 0.0179036
201707111100, 0.0219184
201707111110, 0.0134549
201707111120, 0.0155165
201707111130, 0.00488281
201707111140, 0.0078125
201707111150, 0.0138889
201707111200, 0.00585938
201707111210, 0.0320095
201707111220, 0.0275608
201707111230, 0.105469
201707111240, 0
201707111250, 0.0563151
201707111300, 0.557509
201707111310, 0.0139974
201707111320, 0.165256
201707111330, 0.197157
201707111340, 0.0723741
201707111350, 0.456272
201707111400, 0.062934
201707111410, 0.302517
201707111420, 0.0882161
201707111430, 0.267361
201707111440, 0.0388455
201707111450, 0.140516
201707111500, 0.00987413
201707111510, 0.120985
201707111520, 0.0838759
201707111530, 0.0592448
201707111540, 0.0103082
201707111550, 0.00965712
201707111600, 0.00206163
201707111610, 0.00640191
201707111620, 0.0137804
201707111630, 0.0132378
201707111640, 0.0113932
201707111650, 0.0333116
201707111700, 0.0164931
201707111710, 0.00282118
201707111720, 0.0218099
201707111730, 0.023112
201707111740, 0.00868056
201707111750, 0.0283203
201707111800, 0.0452474
201707111810, 0.00813802
201707111820, 0.169596
201707111830, 0.0946181
201707111840, 0.0487196
201707111850, 0.0252821
201707111900, 0.0133464
201707111910, 0.114692
201707111920, 0.0286458
201707111930, 0.156141
201707111940, 0.0865885
201707111950, 0
201707112000, 0
201707112010, 0.000217014
201707112020, 0.00336372
201707112030, 0.0207248
201707112040, 0
201707112050, 0
201707112100, 0
201707112110, 0.0827908
201707112120, 0.00553385
201707112130, 0.000976562
201707112140, 0.182292
201707112150, 0.456597
201707112200, 0.536567
201707112210, 0.25217
201707112220, 0.247179
201707112230, 0.810113
201707112240, 0.982422
201707112250, 1.37055
201707112300, 0.744466
201707112310, 1.54785
201707112320, 3.34212
201707112330, 1.98926
201707112340, 2.04178
201707112350, 3.7322
201707120000, 3.08333
201707120010, 2.20964
201707120020, 3.53038
201707120030, 3.62109
201707120040, 4.5995
201707120050, 4.42274
201707120100, 4.66363
201707120110, 5.34787
201707120120, 5.50944
201707120130, 5.88498
201707120140, 6.07758
201707120150, 6.22125
201707120200, 6.57205
201707120210, 6.37218
201707120220, 5.86957
201707120230, 5.14442
201707120240, 5.3648
201707120250, 4.29829
201707120300, 4.38596
201707120310, 3.82856
201707120320, 3.74794
201707120330, 4.20974
201707120340, 4.25347
201707120350, 3.09028
201707120400, 2.47233
201707120410, 3.98774
201707120420, 3.73893
201707120430, 3.41992
201707120440, 3.00727
201707120450, 1.5893
201707120500, 2.24805
201707120510, 0.537652
201707120520, 0.0521918
201707120530, 0.0963542
201707120540, 0.189996
201707120550, 0.03125
201707120600, 0.0272352
201707120610, 0.0806207
201707120620, 0.0370009
201707120630, 0.0187717
201707120640, 0.0971137
201707120650, 0.161458
201707120700, 0.1824
201707120710, 0.344727
201707120720, 0.427083
201707120730, 0.336914
201707120740, 0.37066
201707120750, 0.327474
201707121020, 0.00173611
201707121030, 0.000108507
201707121040, 0.000868056
201707121050, 0.000651042
201707121100, 0.000759549
201707121110, 0.00336372
201707121120, 0.0016276
201707121130, 0.0016276
201707121140, 0.000108507
201707121150, 0.000651042
201707121200, 0.00130208
201707121210, 0.000434028
201707121220, 0.000217014
201707121230, 0
201707121240, 0
201707121250, 0.000325521
201707121300, 0.00347222
201707121310, 0
201707121320, 0.00227865
201707121330, 0
201707121340, 0.00249566
201707121350, 0
201707121400, 0.000108507
201707121410, 0.000434028
201707121420, 0.000108507
201707121430, 0.000759549
201707121440, 0.000542535
201707121450, 0.000759549
201707121500, 0.0101997
201707121510, 0.00184462
201707121520, 0.00292969
201707121530, 0.000651042
201707121540, 0.0276693
201707121550, 0
201707121600, 0.000108507
201707121610, 0.0328776
201707121620, 0.000325521
201707121630, 0.0015191
201707121640, 0.0249566
201707121650, 0.0287543
201707121700, 0.000217014
201707121710, 0.00596788
201707121720, 0.024197
201707121730, 0.000434028
201707121740, 0.000759549
201707121750, 0.000542535
201707121800, 0.070855
201707121810, 0.00390625
201707121820, 0.0961372
201707121830, 0.00173611
201707121840, 0.118707
201707121850, 0.535699
201707121900, 0.32194
201707121910, 0.0110677
201707121920, 0.00651042
201707121930, 0.206706
201707121940, 0.00477431
201707121950, 0.0262587
201707122000, 0.513672
201707122010, 0.419922
201707122020, 0.764106
201707122030, 0.446723
201707122040, 0.000434028
201707122050, 0.156901
201707122100, 0.477756
201707122110, 0.32411
201707122120, 1.25955
201707122130, 1.30501
201707122140, 0.635525
201707122150, 0.521484
201707122200, 0.698676
201707122210, 0.983181
201707122220, 0.9273
201707122230, 0.932292
201707122240, 0.703342
201707122250, 1.21007
201707122300, 0.883789
201707122310, 1.31196
201707122320, 1.89204
201707122330, 2.1964
201707122340, 2.23926
201707122350, 2.14247
201707130000, 1.88162
201707130010, 2.03613
201707130020, 1.88976
201707130030, 2.32888
201707130040, 2.46604
201707130050, 2.78906
201707130100, 2.63889
201707130110, 2.56673
201707130120, 2.73416
201707130130, 2.73915
201707130140, 3.16016
201707130150, 3.22244
201707130200, 3.25586
201707130210, 2.97613
201707130220, 2.6901
201707130230, 2.72949
201707130240, 2.84201
201707130250, 2.44184
201707130300, 2.42177
201707130310, 2.30859
201707130320, 2.26877
201707130330, 2.04286
201707130340, 1.81467
201707130350, 1.71267
201707130400, 1.65278
201707130410, 1.63683
201707130420, 1.7449
201707130430, 1.58181
201707130440, 1.44293
201707130450, 1.3112
201707130500, 0.6773
201707130510, 0.426215
201707130520, 0.263997
201707130530, 0.160807
201707130540, 0.0207248
201707130550, 0.0405816
201707130600, 0.0245226
201707130610, 0.0110677
201707130620, 0.0113932
201707130630, 0.0101997
201707130640, 0.0197483
201707130650, 0.0355903
201707130700, 0.00585938
201707130710, 0.00651042
201707130720, 0.00759549
201707130730, 0.0046658
201707130740, 0
201707130750, 0.00130208
201707130800, 0.0179036
201707130810, 0.000108507
201707130820, 0.0078125
201707130830, 0.00173611
201707130840, 0.00347222
201707130850, 0.00184462
201707130900, 0.129123
201707130910, 0.0260417
201707130920, 0
201707130930, 0.0163845
201707130940, 0.000108507
201707130950, 0.0220269
201707131000, 0.000108507
201707131010, 0.0016276
201707131020, 0.000108507
201707131030, 0.00130208
201707131040, 0.00141059
201707131050, 0.00119358
201707131100, 0
201707131110, 0
201707131120, 0
201707131130, 0
201707131140, 0.00379774
201707131150, 0.00108507
201707131200, 0.00227865
201707131210, 0.00444878
201707131220, 0.000759549
201707131230, 0.0101997
201707131240, 0.0580512
201707131250, 0.0268012
201707131300, 0.0810547
201707131310, 0.0426432
201707131320, 0.08648
201707131330, 0.085612
201707131340, 0.0815972
201707131350, 0.0373264
201707131400, 0.0919054
201707131410, 0.0176866
201707131420, 0.000434028
201707131430, 0.0915799
201707131440, 0.0871311
201707131450, 0.0888672
201707131500, 0.140625
201707131510, 0.125434
201707131520, 0.192057
201707131530, 0.240017
201707131540, 0.171332
201707131550, 0.175239
201707131600, 0.0847439
201707131610, 0.119249
201707131620, 0.0681424
201707131630, 0.0540365
201707131640, 0.0297309
201707131650, 0.0557726
201707131700, 0.0288628
201707131710, 0.111111
201707131720, 0.112088
201707131730, 0.354709
201707131740, 0.262261
201707131750, 0.249566
201707131800, 0.216254
201707131810, 0.254774
201707131820, 0.251411
201707131830, 0.13661
201707131840, 0.240994
201707131850, 0.26964
201707131900, 0.226237
201707131910, 0.266385
201707131920, 0.352105
201707131930, 0.232747
201707131940, 0.218967
201707131950, 0.227973
201707132000, 0.147027
201707132010, 0.055013
201707132020, 0.15549
201707132030, 0.109701
201707132040, 0.0564236
201707132050, 0.0978733
201707132100, 0.190864
201707132110, 0.135742
201707132120, 0.111654
201707132130, 0.0276693
201707132140, 0.0978733
201707132150, 0.14388
201707132200, 0.0307075
201707132210, 0.233615
201707132220, 0.219618
201707132230, 0.305122
201707132240, 0.917969
201707132250, 1.6275
201707132300, 2.19173
201707132310, 3.43338
201707132320, 4.15647
201707132330, 5.14095
201707132340, 5.52702
201707132350, 6.45182
201707140000, 6.71832
201707140010, 6.93967
201707140020, 7.39963
201707140030, 7.45844
201707140040, 7.75141
201707140050, 7.69173
201707140100, 7.74164
201707140110, 7.87891
201707140120, 8.54243
201707140130, 8.64171
201707140140, 8.59093
201707140150, 8.24989
201707140200, 8.20844
201707140210, 7.62793
201707140220, 7.32303
201707140230, 7.09408
201707140240, 6.78624
201707140250, 6.23763
201707140300, 5.76671
201707140310, 5.7054
201707140320, 5.51997
201707140330, 5.63553
201707140340, 5.7704
201707140350, 5.68989
201707140400, 5.78798
201707140410, 5.69661
201707140420, 5.63997
201707140430, 5.60221
201707140440, 5.80317
201707140450, 5.57205
201707140500, 5.54839
201707140510, 4.99349
201707140520, 5.12695
201707140530, 5.1135
201707140540, 5.16677
201707140550, 5.0702
201707140600, 4.99501
201707140610, 4.56315
201707140620, 4.46105
201707140630, 4.3559
201707140640, 4.16417
201707140650, 3.90788
201707140700, 3.5013
201707140710, 2.73568
201707140720, 2.16102
201707140730, 1.74902
201707140740, 1.6492
201707140750, 1.55914
201707140800, 1.2028
201707140810, 0.736979
201707140820, 0.185221
201707140830, 0.150608
201707140840, 0.0394965
201707140850, 0.0652127
201707140900, 0.0317925
201707140910, 0.0333116
201707140920, 0.0358073
201707140930, 0.0325521
201707140940, 0.0254991
201707140950, 0.189779
201707141000, 0.0189887
201707141010, 0.0203993
201707141020, 0.0238715
201707141030, 0.00531684
201707141040, 0.101345
201707141050, 0.00802951
201707141100, 0.0186632
201707141110, 0.00292969
201707141120, 0.00238715
201707141130, 0.000217014
201707141140, 0.00499132
201707141150, 0.0138889
201707141200, 0.0786675
201707141210, 0.121528
201707141220, 0.0712891
201707141230, 0.0479601
201707141240, 0.0538194
201707141250, 0.151801
201707141300, 0.251845
201707141310, 0.424805
201707141320, 0.512044
201707141330, 0.417209
201707141340, 0.295247
201707141350, 0.387261
201707141400, 0.0270182
201707141410, 0.23622
201707141420, 0.347005
201707141430, 0.260308
201707141440, 0.602648
201707141450, 0.443359
201707141500, 0.625326
201707141510, 0.476671
201707141520, 0.1301
201707141530, 0.0221354
201707141540, 0.0307075
201707141550, 0.177843
201707141600, 0.105686
201707141610, 0.0826823
201707141620, 0.0764974
201707141630, 0.0250651
201707141640, 0.406576
201707141650, 0.12424
201707141700, 0.398654
201707141710, 0.415148
201707141720, 0.269097
201707141730, 0.416233
201707141740, 0.592773
201707141750, 0.571506
201707141800, 0.162869
201707141810, 0.139648
201707141820, 0.174696
201707141830, 0.371311
201707141840, 0.265625
201707141850, 0.0869141
201707141900, 0.106879
201707141910, 0.0253906
201707141920, 0.272027
201707141930, 0.224826
201707141940, 0.183702
201707141950, 0.427843
201707142000, 0.133681
201707142010, 0.349501
201707142020, 0.0597873
201707142030, 0.234375
201707142040, 0.0488281
201707142050, 0.114692
201707142100, 0.0594618
201707142110, 0.0198568
201707142120, 0.453776
201707142130, 0.601562
201707142140, 0.635851
201707142150, 0.954861
201707142200, 0.78418
201707142210, 1.02789
201707142220, 1.24566
201707142230, 1.37305
201707142240, 1.95085
201707142250, 2.25098
201707142300, 2.74805
201707142310, 3.20475
201707142320, 3.64323
201707142330, 4.20215
201707142340, 4.77517
201707142350, 4.78852
201707150000, 5.03613
201707150010, 5.33594
201707150020, 5.46723
201707150030, 5.50293
201707150040, 5.27919
201707150050, 4.91829
201707150100, 4.96061
201707150110, 6.1097
201707150120, 6.59082
201707150130, 7.29872
201707150140, 7.95736
201707150150, 8.22743
201707150200, 8.55729
201707150210, 8.61903
201707150220, 8.63542
201707150230, 8.99544
201707150240, 9.02615
201707150250, 8.85319
201707150300, 9.29557
201707150310, 9.62088
201707150320, 9.78494
201707150330, 9.58464
201707150340, 10.0501
201707150350, 9.3776
201707150400, 8.89236
201707150410, 8.95942
201707150420, 8.31261
201707150430, 7.60677
201707150440, 7.03993
201707150450, 6.185
201707150500, 5.53353
201707150510, 5.41439
201707150520, 4.77919
201707150530, 4.36437
201707150540, 4.42415
201707150550, 4.70486
201707150600, 4.3725
201707150610, 4.35449
201707150620, 4.09581
201707150630, 4.16992
201707150640, 3.7526
201707150650, 2.69369
201707150700, 3.32107
201707150710, 2.52539
201707150720, 1.83388
201707150730, 1.16721
201707150740, 1.73741
201707150750, 1.55556
201707150800, 0.885851
201707150810, 0.730035
201707150820, 1.54123
201707150830, 1.58485
201707150840, 1.20595
201707150850, 0.786567
201707150900, 0.895508
201707150910, 0.293403
201707150920, 0.142904
201707150930, 0.0859375
201707150940, 0.286024
201707150950, 0.431424
201707151000, 0.54503
201707151010, 0.545139
201707151020, 0.465169
201707151030, 0.531793
201707151040, 0.403212
201707151050, 0.254123
201707151100, 0.34158
201707151110, 0.262153
201707151120, 0.0345052
201707151130, 0.266819
201707151140, 0.193359
201707151150, 0.196615
201707151200, 0.214084
201707151210, 0.0677083
201707151220, 0.015842
201707151230, 0.0169271
201707151240, 0.0125868
201707151250, 0.0256076
201707151300, 0.0811632
201707151310, 0.125543
201707151320, 0.0909288
201707151330, 0.0806207
201707151340, 0.0896267
201707151350, 0.148438
201707151400, 0.106879
201707151410, 0.0924479
201707151420, 0.304905
201707151430, 0.0421007
201707151440, 0.0636936
201707151450, 0.046875
201707151500, 0.0315755
201707151510, 0.00672743
201707151520, 0.0581597
201707151530, 0.0521918
201707151540, 0.11122
201707151550, 0.0672743
201707151600, 0.0812717
201707151610, 0.0825738
201707151620, 0.0597873
201707151630, 0.0762804
201707151640, 0.153754
201707151650, 0.117622
201707151700, 0.0696615
201707151710, 0.06977
201707151720, 0.0741102
201707151730, 0.122179
201707151740, 0.0837674
201707151750, 0.209527
201707151800, 0.175564
201707151810, 0.135091
201707151820, 0.0450304
201707151830, 0.110677
201707151840, 0.140842
201707151850, 0.130642
201707151900, 0.138021
201707151910, 0.0760634
201707151920, 0.140516
201707151930, 0.140625
201707151940, 0.162977
201707151950, 0.167426
201707152000, 0.152778
201707152010, 0.104384
201707152020, 0.170681
201707152030, 0.267361
201707152040, 0.217882
201707152050, 0.185547
201707152100, 0.377713
201707152110, 0.274848
201707152120, 0.206814
201707152130, 0.069553
201707152140, 0.268663
201707152150, 0.277995
201707152200, 0.236871
201707152210, 0.242513
201707152220, 0.134874
201707152230, 0.180773
201707152240, 0.435004
201707152250, 0.954644
201707152300, 1.26866
201707152310, 1.49447
201707152320, 1.96962
201707152330, 2.75966
201707152340, 3.15668
201707152350, 3.7551
201707160000, 4.65082
201707160010, 6.11838
201707160020, 6.71441
201707160030, 7.5803
201707160040, 8.57845
201707160050, 9.67958
201707160100, 11.3218
201707160110, 12.6861
201707160120, 14.0767
201707160130, 14.334
201707160140, 15.0063
201707160150, 15.2469
201707160200, 15.8242
201707160210, 15.9782
201707160220, 15.0409
201707160230, 15.0005
201707160240, 13.6455
201707160250, 13.5738
201707160300, 13.2046
201707160310, 13.3432
201707160320, 12.691
201707160330, 12.6495
201707160340, 11.867
201707160350, 12.0586
201707160400, 11.2084
201707160410, 10.4692
201707160420, 9.11198
201707160430, 10.3877
201707160440, 9.28776
201707160450, 9.27268
201707160500, 8.49718
201707160510, 10.0129
201707160520, 8.93012
201707160530, 9.24783
201707160540, 9.57899
201707160550, 11.2931
201707160600, 10.7485
201707160610, 9.93685
201707160620, 10.3302
201707160630, 10.2516
201707160640, 10.9724
201707160650, 10.1829
201707160700, 10.7692
201707160710, 9.74457
201707160720, 10.8643
201707160730, 10.3666
201707160740, 9.8928
201707160750, 9.75977
201707160800, 10.4642
201707160810, 10.3653
201707160820, 12.0098
201707160830, 10.6457
201707160840, 11.1753
201707160850, 10.2527
201707160900, 10.8193
201707160910, 10.4206
201707160920, 9.52897
201707160930, 9.43761
201707160940, 8.92177
201707160950, 7.99957
201707161000, 7.40809
201707161010, 6.89898
201707161020, 7.19271
201707161030, 6.60113
201707161040, 7.10059
201707161050, 7.37023
201707161100, 7.70378
201707161110, 7.11491
201707161120, 6.5166
201707161130, 7.88097
201707161140, 7.24219
201707161150, 7.59972
201707161200, 7.88694
201707161210, 8.59017
201707161220, 7.57823
201707161230, 7.76986
201707161240, 7.43978
201707161250, 4.70974
201707161300, 5.67567
201707161310, 6.13097
201707161320, 5.15028
201707161330, 4.54677
201707161340, 4.22298
201707161350, 3.99349
201707161400, 3.80436
201707161410, 3.11871
201707161420, 2.87923
201707161430, 2.14019
201707161440, 1.65495
201707161450, 1.25825
201707161500, 2.13694
201707161510, 1.61306
201707161520, 0.924045
201707161530, 1.12316
201707161540, 1.09993
201707161550, 1.20356
201707161600, 2.08084
201707161610, 1.16178
201707161620, 1.17437
201707161630, 1.95432
201707161640, 1.29948
201707161650, 1.21126
201707161700, 1.5498
201707161710, 1.50879
201707161720, 1.09212
201707161730, 0.999457
201707161740, 0.958333
201707161750, 0.634657
201707161800, 0.738064
201707161810, 0.341254
201707161820, 0.438477
201707161830, 0.612847
201707161840, 0.714844
201707161850, 0.3648
201707161900, 0.440213
201707161910, 0.161024
201707161920, 0.244032
201707161930, 0.502713
201707161940, 0.388021
201707161950, 0.0879991
201707162000, 0.148003
201707162010, 0.0634766
201707162020, 0.0518663
201707162030, 0.33572
201707162040, 0.465386
201707162050, 0.693576
201707162100, 1.24523
201707162110, 1.23438
201707162120, 1.84776
201707162130, 2.45996
201707162140, 2.30838
201707162150, 2.95747
201707162200, 3.77148
201707162210, 4.05653
201707162220, 4.39638
201707162230, 4.8903
201707162240, 5.71474
201707162250, 6.37739
201707162300, 7.23568
201707162310, 8.07129
201707162320, 8.90614
201707162330, 9.42936
201707162340, 9.99002
201707162350, 10.2266
201707170000, 11.1243
201707170010, 11.3826
201707170020, 11.2572
201707170030, 11.9319
201707170040, 12.0292
201707170050, 12.2389
201707170100, 12.7293
201707170110, 13.3671
201707170120, 14.0359
201707170130, 14.6861
201707170140, 15.0474
201707170150, 15.1161
201707170200, 15.2502
201707170210, 15.5384
201707170220, 15.4628
201707170230, 15.2141
201707170240, 15.8271
201707170250, 17.1354
201707170300, 16.3839
201707170310, 16.4136
201707170320, 16.822
201707170330, 16.5584
201707170340, 17.4298
201707170350, 16.2861
201707170400, 16.3435
201707170410, 15.9021
201707170420, 15.736
201707170430, 15.9567
201707170440, 15.9863
201707170450, 15.7862
201707170500, 15.1074
201707170510, 14.8375
201707170520, 15.45
201707170530, 15.3417
201707170540, 14.6246
201707170550, 14.4633
201707170600, 14.0648
201707170610, 13.2189
201707170620, 13.0601
201707170630, 13.068
201707170640, 12.1079
201707170650, 12.3112
201707170700, 11.4127
201707170710, 11.3683
201707170720, 11.2368
201707170730, 10.6546
201707170740, 9.14399
201707170750, 9.77897
201707170800, 10.2877
201707170810, 9.50543
201707170820, 10.1699
201707170830, 11.1686
201707170840, 10.9684
201707170850, 10.3653
201707170900, 10.3724
201707170910, 9.67361
201707170920, 8.7219
201707170930, 8.023
201707170940, 9.03939
201707170950, 8.03548
201707171000, 8.03103
201707171010, 8.39431
201707171020, 9.82671
201707171030, 8.60796
201707171040, 9.03809
201707171050, 7.68945
201707171100, 7.53841
201707171110, 8.16244
201707171120, 8.13162
201707171130, 8.31066
201707171140, 9.20041
201707171150, 9.41482
201707171200, 8.82541
201707171210, 9.7946
201707171220, 10.5483
201707171230, 10.2617
201707171240, 9.10362
201707171250, 8.9158
201707171300, 10.393
201707171310, 10.1261
201707171320, 9.7538
201707171330, 9.21224
201707171340, 8.99729
201707171350, 9.74208
201707171400, 8.62283
201707171410, 8.5293
201707171420, 7.70812
201707171430, 8.57237
201707171440, 7.98134
201707171450, 7.3176
201707171500, 7.03451
201707171510, 6.52051
201707171520, 5.02561
201707171530, 5.43066
201707171540, 5.53689
201707171550, 4.34408
201707171600, 4.22201
201707171610, 4.54872
201707171620, 4.13835
201707171630, 3.10764
201707171640, 3.09375
201707171650, 3.19542
201707171700, 3.3023
201707171710, 3.07237
201707171720, 3.56651
201707171730, 3.22678
201707171740, 2.82476
201707171750, 2.35775
201707171800, 2.35004
201707171810, 2.09516
201707171820, 1.95161
201707171830, 1.80675
201707171840, 1.80773
201707171850, 1.85645
201707171900, 1.54829
201707171910, 1.68349
201707171920, 2.34429
201707171930, 1.83963
201707171940, 1.85796
201707171950, 1.93077
201707172000, 2.58322
201707172010, 2.39193
201707172020, 2.26964
201707172030, 2.8469
201707172040, 2.57867
201707172050, 2.74479
201707172100, 2.58746
201707172110, 2.56868
201707172120, 3.08539
201707172130, 3.44737
201707172140, 3.77713
201707172150, 4.10742
201707172200, 4.31131
201707172210, 5.49089
201707172220, 5.98579
201707172230, 6.42274
201707172240, 6.91157
201707172250, 7.08832
201707172300, 7.23025
201707172310, 7.07574
201707172320, 7.19141
201707172330, 7.6097
201707172340, 7.46756
201707172350, 7.96767
201707180000, 8.13889
201707180010, 8.57346
201707180020, 8.71072
201707180030, 9.34776
201707180040, 9.35894
201707180050, 9.84918
201707180100, 10.4849
201707180110, 11.8534
201707180120, 13.0554
201707180130, 13.9693
201707180140, 14.4046
201707180150, 14.4346
201707180200, 13.9957
201707180210, 13.4482
201707180220, 13.2166
201707180230, 12.4944
201707180240, 13.0324
201707180250, 12.6949
201707180300, 12.8817
201707180310, 12.4891
201707180320, 12.3183
201707180330, 12.321
201707180340, 12.3371
201707180350, 13.0834
201707180400, 12.8836
201707180410, 12.3852
201707180420, 12.8219
201707180430, 13.2924
201707180440, 13.2572
201707180450, 12.9307
201707180500, 12.1115
201707180510, 11.7413
201707180520, 11.605
201707180530, 10.8381
201707180540, 10.6883
201707180550, 10.5675
201707180600, 10.5194
201707180610, 10.3398
201707180620, 10.364
201707180630, 10.897
201707180640, 9.74306
201707180650, 9.68099
201707180700, 9.44716
201707180710, 9.95193
201707180720, 9.07086
201707180730, 9.07964
201707180740, 9.37598
201707180750, 10.448
201707180800, 10.1773
201707180810, 9.41688
201707180820, 10.112
201707180830, 10.2408
201707180840, 9.20247
201707180850, 8.56717
201707180900, 7.12489
201707180910, 6.58583
201707180920, 6.7908
201707180930, 6.97938
201707180940, 6.5472
201707180950, 6.01649
201707181000, 6.0625
201707181010, 5.69976
201707181020, 5.75152
201707181030, 5.37316
201707181040, 4.6748
201707181050, 4.87641
201707181100, 4.42426
201707181110, 4.22786
201707181120, 3.67665
201707181130, 3.30577
201707181140, 3.30469
201707181150, 3.49371
201707181200, 3.02745
201707181210, 3.04102
201707181220, 2.76704
201707181230, 2.49913
201707181240, 2.08474
201707181250, 2.56977
201707181300, 2.46788
201707181310, 2.38216
201707181320, 2.32715
201707181330, 1.48958
201707181340, 1.7819
201707181350, 1.41461
201707181400, 1.01736
201707181410, 1.06836
201707181420, 0.494358
201707181430, 0.983832
201707181440, 0.798937
201707181450, 1.11176
201707181500, 0.889323
201707181510, 1.02268
201707181520, 1.08171
201707181530, 1.02691
201707181540, 1.03885
201707181550, 0.831706
201707181600, 0.849609
201707181610, 0.305773
201707181620, 0.429253
201707181630, 0.750977
201707181640, 0.790148
201707181650, 0.83355
201707181700, 0.977756
201707181710, 0.874457
201707181720, 0.635851
201707181730, 0.678819
201707181740, 0.797092
201707181750, 0.85319
201707181800, 1.1033
201707181810, 1.10634
201707181820, 1.11654
201707181830, 0.8176
201707181840, 0.902452
201707181850, 0.640951
201707181900, 0.540907
201707181910, 0.292643
201707181920, 0.13878
201707181930, 0.0496962
201707181940, 0.0301649
201707181950, 0.0328776
201707182000, 0.216471
201707182010, 0.226345
201707182020, 0.381836
201707182030, 0.435221
201707182040, 0.584093
201707182050, 0.459635
201707182100, 0.708767
201707182110, 0.974175
201707182120, 1.12066
201707182130, 1.00597
201707182140, 1.1352
201707182150, 0.631293
201707182200, 0.512261
201707182210, 0.708225
201707182220, 0.777778
201707182230, 0.837457
201707182240, 0.910482
201707182250, 1.26487
201707182300, 1.09071
201707182310, 1.13791
201707182320, 1.64497
201707182330, 2.03809
201707182340, 3.02843
201707182350, 3.56391
201707190000, 3.46853
201707190010, 4.17285
201707190020, 5.58778
201707190030, 5.60981
201707190040, 6.98839
201707190050, 7.78364
201707190100, 9.07964
201707190110, 10.5635
201707190120, 11.016
201707190130, 11.5051
201707190140, 12.5382
201707190150, 12.7131
201707190200, 13.6585
201707190210, 13.9575
201707190220, 14.2394
201707190230, 14.7222
201707190240, 14.4899
201707190250, 14.8989
201707190300, 14.7359
201707190310, 14.7837
201707190320, 14.1415
201707190330, 14.1481
201707190340, 13.8607
201707190350, 12.6898
201707190400, 13.9045
201707190410, 12.5138
201707190420, 12.2912
201707190430, 11.436
201707190440, 11.2728
201707190450, 10.9197
201707190500, 10.4143
201707190510, 10.5639
201707190520, 9.95171
201707190530, 10.0312
201707190540, 10.412
201707190550, 10.1357
201707190600, 10.3719
201707190610, 9.94737
201707190620, 9.73155
201707190630, 9.44488
201707190640, 9.52355
201707190650, 9.43837
201707190700, 9.31434
201707190710, 9.25977
201707190720, 9.63238
201707190730, 8.94141
201707190740, 9.39041
201707190750, 9.60764
201707190800, 9.75401
201707190810, 8.97038
201707190820, 8.68359
201707190830, 7.85503
201707190840, 7.67741
201707190850, 7.52528
201707190900, 7.11393
201707190910, 7.01964
201707190920, 6.08225
201707190930, 5.82183
201707190940, 5.43728
201707190950, 4.47201
201707191000, 4.39952
201707191010, 3.33941
201707191020, 2.88791
201707191030, 2.56814
201707191040, 2.34256
201707191050, 2.2717
201707191100, 2.18045
201707191110, 1.92014
201707191120, 1.80404
201707191130, 2.44086
201707191140, 2.10265
201707191150, 2.36241
201707191200, 2.22917
201707191210, 1.8214
201707191220, 1.77572
201707191230, 1.29991
201707191240, 1.25065
201707191250, 1.06
201707191300, 0.809028
201707191310, 0.555664
201707191320, 0.339193
201707191330, 0.279839
201707191340, 0.143338
201707191350, 0.275391
201707191400, 0.220161
201707191410, 0.241428
201707191420, 0.312934
201707191430, 0.375326
201707191440, 0.440104
201707191450, 0.429362
201707191500, 0.078776
201707191510, 0.0145399
201707191520, 0.0266927
201707191530, 0.031033
201707191540, 0.0362413
201707191550, 0.0415582
201707191600, 0.0401476
201707191610, 0.0221354
201707191620, 0.0268012
201707191630, 0.0517578
201707191640, 0.0174696
201707191650, 0.0370009
201707191700, 0.016059
201707191710, 0.235677
201707191720, 0.0679253
201707191730, 0.0335286
201707191740, 0.0324436
201707191750, 0.000217014
201707191800, 0.0202908
201707191810, 0.32053
201707191820, 0.0105252
201707191830, 0.0568576
201707191840, 0.0483941
201707191850, 0.189128
201707191900, 0.149957
201707191910, 0.425022
201707191920, 0.0289714
201707191930, 0.0343967
201707191940, 0.455838
201707191950, 0.237956
201707192000, 0.0682509
201707192010, 1.20378
201707192020, 1.53548
201707192030, 1.58724
201707192040, 1.95681
201707192050, 2.02398
201707192100, 0.983181
201707192110, 1.77344
201707192120, 1.60634
201707192130, 3.49501
201707192140, 5.23069
201707192150, 4.61589
201707192200, 4.39345
201707192210, 5.11925
201707192220, 6.09245
201707192230, 5.6684
201707192240, 5.89703
201707192250, 5.7296
201707192300, 6.51942
201707192310, 6.89247
201707192320, 7.21148
201707192330, 7.90137
201707192340, 8.06413
201707192350, 8.19878
201707200000, 8.49848
201707200010, 9.37999
201707200020, 9.61393
201707200030, 10.0917
201707200040, 10.6236
201707200050, 11.7348
201707200100, 12.787
201707200110, 13.9804
201707200120, 15.2066
201707200130, 15.5366
201707200140, 16.5522
201707200150, 16.1603
201707200200, 16.0756
201707200210, 15.0959
201707200220, 15.0724
201707200230, 13.9089
201707200240, 13.6836
201707200250, 13.4038
201707200300, 11.5081
201707200310, 10.5552
201707200320, 9.92546
201707200330, 9.77376
201707200340, 8.5089
201707200350, 7.83984
201707200400, 7.50087
201707200410, 7.91504
201707200420, 7.72884
201707200430, 8.88412
201707200440, 8.96441
201707200450, 8.44173
201707200500, 9.66493
201707200510, 9.88184
201707200520, 9.08073
201707200530, 9.63292
201707200540, 9.59939
201707200550, 8.67665
201707200600, 7.84603
201707200610, 7.98231
201707200620, 8.32357
201707200630, 8.48557
201707200640, 8.10276
201707200650, 8.25326
201707200700, 8.07064
201707200710, 7.91157
201707200720, 8.4694
201707200730, 8.37652
201707200740, 8.46159
201707200750, 8.24946
201707200800, 8.04959
201707200810, 8.5638
201707200820, 8.40115
201707200830, 7.9222
201707200840, 8.3457
201707200850, 8.75488
201707200900, 8.42708
201707200910, 7.46691
201707200920, 7.33051
201707200930, 7.07227
201707200940, 6.30122
201707200950, 5.86957
201707201000, 5.84701
201707201010, 5.63585
201707201020, 5.35525
201707201030, 5.60569
201707201040, 5.96224
201707201050, 5.56847
201707201100, 4.79004
201707201110, 4.23839
201707201120, 4.58366
201707201130, 4.40375
201707201140, 4.40668
201707201150, 4.02279
201707201200, 3.97016
201707201210, 3.90061
201707201220, 4.21159
201707201230, 4.72765
201707201240, 4.83659
201707201250, 4.85037
201707201300, 4.45898
201707201310, 4.40625
201707201320, 4.02995
201707201330, 2.90365
201707201340, 2.5179
201707201350, 2.04058
201707201400, 1.64724
201707201410, 1.42415
201707201420, 1.19499
201707201430, 0.794162
201707201440, 0.34592
201707201450, 0.297635
201707201500, 0.130968
201707201510, 0.0922309
201707201520, 0.00911458
201707201530, 0.0198568
201707201540, 0.0615234
201707201550, 0.0508898
201707201600, 0.0353733
201707201610, 0.0689019
201707201620, 0.0759549
201707201630, 0.0118273
201707201640, 0.00477431
201707201650, 0.0147569
201707201700, 0.0113932
201707201710, 0.00401476
201707201720, 0.0203993
201707201730, 0.0287543
201707201740, 0.159397
201707201750, 0.150933
201707201800, 0.0754123
201707201810, 0.100586
201707201820, 0.0304905
201707201830, 0.0259332
201707201840, 0.129666
201707201850, 0.310981
201707201900, 0.300347
201707201910, 0.413411
201707201920, 0.307726
201707201930, 0.499349
201707201940, 0.00672743
201707201950, 0.0172526
201707202000, 0.0249566
201707202010, 0.000759549
201707202020, 0.0221354
201707202030, 0.185438
201707202040, 0.0355903
201707202050, 0.0788845
201707202100, 0.115017
201707202110, 0.094184
201707202120, 0.0814887
201707202130, 0.166884
201707202140, 0.114366
201707202150, 0.240885
201707202200, 0.743056
201707202210, 1.03787
201707202220, 1.49067
201707202230, 1.61122
201707202240, 1.95638
201707202250, 2.41667
201707202300, 2.80284
201707202310, 3.68566
201707202320, 4.6951
201707202330, 5.08822
201707202340, 5.64703
201707202350, 6.54731
201707210000, 7.11654
201707210010, 7.18186
201707210020, 7.68674
201707210030, 8.35178
201707210040, 9.2538
201707210050, 10.2039
201707210100, 11.6388
201707210110, 12.57
201707210120, 13.951
201707210130, 14.4706
201707210140, 14.9065
201707210150, 15.1202
201707210200, 14.5922
201707210210, 14.3316
201707210220, 14.2503
201707210230, 14.1824
201707210240, 13.8506
201707210250, 13.6837
201707210300, 13.547
201707210310, 13.3954
201707210320, 14.082
201707210330, 12.9153
201707210340, 11.9361
201707210350, 12.0148
201707210400, 12.4584
201707210410, 11.5166
201707210420, 11.6247
201707210430, 10.6311
201707210440, 10.6862
201707210450, 11.3984
201707210500, 11.1899
201707210510, 10.7819
201707210520, 10.4219
201707210530, 10.0949
201707210540, 9.04698
201707210550, 8.20877
201707210600, 8.60666
201707210610, 8.65636
201707210620, 8.85167
201707210630, 7.98459
201707210640, 7.59516
201707210650, 6.05751
201707210700, 5.74479
201707210710, 5.29915
201707210720, 5.4872
201707210730, 5.57194
201707210740, 5.05425
201707210750, 4.50564
201707210800, 4.27441
201707210810, 3.77572
201707210820, 4.35243
201707210830, 3.62663
201707210840, 3.64648
201707210850, 3.16168
201707210900, 2.32205
201707210910, 2.5293
201707210920, 1.66699
201707210930, 0.881944
201707210940, 0.782661
201707210950, 1.02691
201707211000, 1.45833
201707211010, 1.0102
201707211020, 1.41287
201707211030, 1.18934
201707211040, 1.07476
201707211050, 1.29449
201707211100, 0.453125
201707211110, 0.388672
201707211120, 0.38151
201707211130, 0.422743
201707211140, 0.267687
201707211150, 0.290256
201707211200, 0.183594
201707211210, 0.201823
201707211220, 0.20638
201707211230, 0.280707
201707211240, 0.246094
201707211250, 0.38737
201707211300, 0.31684
201707211310, 0.340386
201707211320, 0.361871
201707211330, 0.156684
201707211340, 0.22526
201707211350, 0.366645
201707211400, 0.365777
201707211410, 0.472331
201707211420, 0.505859
201707211430, 0.63878
201707211440, 0.490234
201707211450, 0.457357
201707211500, 0.485569
201707211510, 0.342773
201707211520, 0.403537
201707211530, 0.152561
201707211540, 0.0922309
201707211550, 0.00792101
201707211600, 0.00325521
201707211610, 0.00900608
201707211620, 0.00347222
201707211630, 0.00477431
201707211640, 0.00792101
201707211650, 0.039388
201707211700, 0.0145399
201707211710, 0.00282118
201707211720, 0.00705295
201707211730, 0.00651042
201707211740, 0.00651042
201707211750, 0.00965712
201707211800, 0.00911458
201707211810, 0.0016276
201707211820, 0.0136719
201707211830, 0.000976562
201707211840, 0.0289714
201707211850, 0.0218099
201707211900, 0.00238715
201707211910, 0.00922309
201707211920, 0.00759549
201707211930, 0.0123698
201707211940, 0.00282118
201707211950, 0.00292969
201707212000, 0.0078125
201707212010, 0.0116102
201707212020, 0.00726997
201707212030, 0.000976562
201707212040, 0.0110677
201707212050, 0.0896267
201707212100, 0.0479601
201707212110, 0.891168
201707212120, 0.9324
201707212130, 1.36589
201707212140, 2.0803
201707212150, 3.57107
201707212200, 4.39247
201707212210, 4.74685
201707212220, 5.28819
201707212230, 6.32064
201707212240, 7.49642
201707212250, 8.07216
201707212300, 8.71474
201707212310, 9.20584
201707212320, 8.95801
201707212330, 8.65365
201707212340, 8.66536
201707212350, 9.3151
201707220000, 9.87001
201707220010, 9.79091
201707220020, 9.48123
201707220030, 9.60015
201707220040, 10.4951
201707220050, 11.4659
201707220100, 12.5254
201707220110, 12.797
201707220120, 12.8829
201707220130, 12.3483
201707220140, 12.2788
201707220150, 11.1458
201707220200, 10.4925
201707220210, 9.89865
201707220220, 9.12901
201707220230, 8.76194
201707220240, 8.52322
201707220250, 7.97168
201707220300, 7.7156
201707220310, 6.92936
201707220320, 6.79405
201707220330, 5.78678
201707220340, 5.78885
201707220350, 5.30859
201707220400, 4.96039
201707220410, 4.31793
201707220420, 4.02474
201707220430, 3.19976
201707220440, 1.56597
201707220450, 1.48861
201707220500, 0.495768
201707220510, 0.282769
201707220520, 0.181315
201707220530, 0.031033
201707220540, 0.00868056
201707220550, 0.00998264
201707220600, 0.0230035
201707220610, 0.0392795
201707220620, 0.0365668
201707220630, 0.0709635
201707220640, 0.0757378
201707220650, 0.0212674
201707220700, 0.0105252
201707220710, 0.0120443
201707220720, 0.00911458
201707220730, 0.00325521
201707220740, 0.00553385
201707220750, 0.0221354
201707220800, 0.0190972
201707220810, 0.00878906
201707220820, 0.000434028
201707220830, 0.0103082
201707220840, 0
201707220850, 0
201707220900, 0
201707220910, 0
201707220920, 0
201707220930, 0
201707220940, 0.00347222
201707220950, 0.00965712
201707221000, 0.00412326
201707221010, 0.000325521
201707221020, 0
201707221030, 0
201707221040, 0.00260417
201707221050, 0.000542535
201707221100, 0.00141059
201707221110, 0
201707221120, 0
201707221130, 0
201707221140, 0.000542535
201707221150, 0.00108507
201707221200, 0.000325521
201707221210, 0.000325521
201707221220, 0.000325521
201707221230, 0.0202908
201707221240, 0.000108507
201707221250, 0.000108507
201707221300, 0.0123698
201707221310, 0
201707221320, 0
201707221330, 0.000542535
201707221340, 0.00358073
201707221350, 0.00206163
201707221400, 0.000217014
201707221410, 0.000759549
201707221420, 0
201707221430, 0.000217014
201707221440, 0.00130208
201707221450, 0.000434028
201707221500, 0.0132378
201707221510, 0.00672743
201707221520, 0.00716146
201707221530, 0.00477431
201707221540, 0.00672743
201707221550, 0.00336372
201707221600, 0.00141059
201707221610, 0.00325521
201707221620, 0.00802951
201707221630, 0.00108507
201707221640, 0.0122613
201707221650, 0.000108507
201707221700, 0.00640191
201707221710, 0.00607639
201707221720, 0.00661892
201707221730, 0.000325521
201707221740, 0.0423177
201707221750, 0.00368924
201707221800, 0.00509983
201707221810, 0.00835503
201707221820, 0.416233
201707221830, 0.00401476
201707221840, 0.00412326
201707221850, 0.00130208
201707221900, 0.0015191
201707221910, 0.00585938
201707221920, 0.0046658
201707221930, 0.15115
201707221940, 0.000542535
201707221950, 0.142253
201707222000, 0.0424262
201707222010, 0.00737847
201707222020, 0.00824653
201707222030, 0.161784
201707222040, 0.00564236
201707222050, 0.351345
201707222100, 0.139757
201707222110, 0.393772
201707222120, 0.266927
201707222130, 0.742079
201707222140, 0.00640191
201707222150, 0.0207248
201707222200, 0.0251736
201707222210, 1.17383
201707222220, 0.708116
201707222230, 1.60699
201707222240, 1.97385
201707222250, 1.74164
201707222300, 2.00543
201707222310, 1.79959
201707222320, 2.7168
201707222330, 3.43641
201707222340, 3.53212
201707222350, 4.28277
201707230000, 3.72982
201707230010, 3.56228
201707230020, 2.45714
201707230030, 2.80566
201707230040, 2.16298
201707230050, 2.17969
201707230100, 2.11697
201707230110, 3.28147
201707230120, 3.37446
201707230130, 3.41981
201707230140, 3.05935
201707230150, 3.70085
201707230200, 3.64366
201707230210, 3.53277
201707230220, 2.6314
201707230230, 2.89844
201707230240, 2.3355
201707230250, 2.59408
201707230300, 2.39323
201707230310, 2.20117
201707230320, 2.09158
201707230330, 1.22852
201707230340, 0.903863
201707230350, 0.937283
201707230400, 1.00206
201707230410, 0.925998
201707230420, 0.98253
201707230430, 0.935981
201707230440, 0.369683
201707230450, 0.213976
201707230500, 0.131727
201707230510, 0.0194227
201707230520, 0.0380859
201707230530, 0.0118273
201707230540, 0.00911458
201707230550, 0
201707230600, 0.000759549
201707230610, 0.000217014
201707230620, 0.00390625
201707230640, 0.00227865
201707230650, 0.00868056
201707230700, 0.000108507
201707230710, 0.00477431
201707230720, 0.00542535
201707230730, 0.000108507
201707230740, 0.000325521
201707230750, 0
201707230800, 0.00260417
201707230810, 0
201707230820, 0.00737847
201707230830, 0.00922309
201707230840, 0.00640191
201707230850, 0.00173611
201707230900, 0.00564236
201707230910, 0
201707230920, 0.000542535
201707230930, 0.00509983
201707230940, 0.00585938
201707231000, 0.0660807
201707231010, 0.000325521
201707231030, 0.0061849
201707231040, 0.00661892
201707231050, 0.0105252
201707231100, 0.00260417
201707231110, 0.0116102
201707231120, 0
201707231130, 0.00227865
201707231140, 0.0159505
201707231150, 0.0015191
201707231200, 0.00596788
201707231210, 0.00130208
201707231220, 0.00412326
201707231230, 0.00998264
201707231240, 0.00119358
201707231250, 0.00325521
201707231300, 0.00119358
201707231310, 0.000434028
201707231320, 0.00292969
201707231330, 0
201707231340, 0.000108507
201707231350, 0
201707231400, 0.000108507
201707231410, 0.000434028
201707231420, 0.000434028
201707231430, 0.00108507
201707231440, 0.0015191
201707231450, 0.00835503
201707231500, 0.0136719
201707231510, 0.0120443
201707231520, 0.00227865
201707231530, 0.000651042
201707231540, 0.00531684
201707231550, 0.0116102
201707231600, 0.0438368
201707231610, 0.00976562
201707231620, 0.0133464
201707231630, 0.023329
201707231640, 0.0167101
201707231650, 0.0349392
201707231700, 0.00434028
201707231710, 0.0031467
201707231720, 0.00553385
201707231730, 0.0093316
201707231740, 0.00911458
201707231750, 0.0016276
201707231800, 0.0103082
201707231810, 0.00260417
201707231820, 0.000868056
201707231830, 0.0118273
201707231840, 0.0443793
201707231850, 0.0575087
201707231900, 0.0117188
201707231910, 0.00585938
201707231920, 0.0155165
201707231930, 0.128255
201707231940, 0.0686849
201707231950, 0.0925564
201707232000, 0.325629
201707232010, 0.398654
201707232020, 0.484918
201707232030, 1.33073
201707232040, 0.986003
201707232050, 1.4783
201707232100, 2.12901
201707232110, 2.10449
201707232120, 2.34635
201707232130, 2.62044
201707232140, 3.05935
201707232150, 3.41938
201707232200, 3.44803
201707232210, 3.75543
201707232220, 4.04959
201707232230, 4.0753
201707232240, 4.28385
201707232250, 4.49967
201707232300, 4.93956
201707232310, 5.29275
201707232320, 5.62858
201707232330, 6.54156
201707232340, 6.58192
201707232350, 6.77973
201707240000, 7.23785
201707240010, 6.84201
201707240020, 7.29069
201707240030, 7.05935
201707240040, 7.28136
201707240050, 7.37923
201707240100, 7.3304
201707240110, 7.36708
201707240120, 7.0549
201707240130, 7.01204
201707240140, 6.88487
201707240150, 6.57075
201707240200, 6.47678
201707240210, 5.78678
201707240220, 5.25521
201707240230, 4.94108
201707240240, 4.79145
201707240250, 4.73535
201707240300, 4.2602
201707240310, 3.82476
201707240320, 3.15072
201707240330, 2.22841
201707240340, 1.64507
201707240350, 1.37012
201707240400, 1.02724
201707240410, 0.758355
201707240420, 0.693902
201707240430, 0.485026
201707240440, 0.432075
201707240450, 0.350043
201707240500, 0.324436
201707240510, 0.349392
201707240520, 0.30013
201707240530, 0.17003
201707240540, 0.0698785
201707240550, 0.213867
201707240600, 0.0808377
201707240610, 0.0171441
201707240620, 0.0179036
201707240630, 0.0123698
201707240640, 0.0311415
201707240650, 0.0124783
201707240700, 0.0109592
201707240710, 0.00108507
201707240720, 0.00141059
201707240730, 0
201707240740, 0.00206163
201707240750, 0
201707240800, 0.00227865
201707240810, 0.000434028
201707240820, 0
201707240830, 0.0031467
201707240840, 0
201707240850, 0.00130208
201707240900, 0.00553385
201707240910, 0.00553385
201707240920, 0.000542535
201707240930, 0.0129123
201707240940, 0.000108507
201707240950, 0.00130208
201707241000, 0.000868056
201707241010, 0.000217014
201707241020, 0.0379774
201707241030, 0.000651042
201707241040, 0.0016276
201707241050, 0
201707241100, 0.000108507
201707241110, 0.0133464
201707241120, 0.000108507
201707241130, 0.208442
201707241140, 0.187391
201707241150, 0.232422
201707241200, 0.325955
201707241210, 0.347982
201707241220, 0.366862
201707241230, 0.298286
201707241240, 0.218207
201707241250, 0.144097
201707241300, 0.0266927
201707241310, 0.0258247
201707241320, 0.0569661
201707241330, 0.0307075
201707241340, 0.0516493
201707241350, 0.0292969
201707241400, 0.0262587
201707241410, 0.0198568
201707241420, 0.0641276
201707241430, 0.0680339
201707241440, 0.0608724
201707241450, 0.0595703
201707241500, 0.0617405
201707241510, 0.0304905
201707241520, 0.0448134
201707241530, 0.0192057
201707241540, 0.0592448
201707241550, 0.125651
201707241600, 0.0427517
201707241610, 0.0567491
201707241620, 0.132704
201707241630, 0.0615234
201707241640, 0.0898438
201707241650, 0.130208
201707241700, 0.108724
201707241710, 0.0977648
201707241720, 0.0830078
201707241730, 0.0649957
201707241740, 0.0755208
201707241750, 0.0478516
201707241800, 0.062934
201707241810, 0.0340712
201707241820, 0.0190972
201707241830, 0.337565
201707241840, 0.0948351
201707241850, 0.343967
201707241900, 0.0480686
201707241910, 0.0394965
201707241920, 0.260959
201707241930, 0.497613
201707241940, 0.892795
201707241950, 0.816732
201707242000, 1.15007
201707242010, 1.2347
201707242020, 1.52724
201707242030, 2.09972
201707242040, 2.72602
201707242050, 2.62587
201707242100, 3.80914
201707242110, 4.60384
201707242120, 5.273
201707242130, 6.4771
201707242140, 5.95725
201707242150, 6.56369
201707242200, 7.17947
201707242210, 8.08974
201707242220, 8.60547
201707242230, 8.70812
201707242240, 9.07227
201707242250, 10.089
201707242300, 10.676
201707242310, 10.9258
201707242320, 10.992
201707242330, 11.9923
201707242340, 11.8326
201707242350, 11.8305
201707250000, 11.6826
201707250010, 11.4244
201707250020, 11.3459
201707250030, 10.9304
201707250040, 9.38129
201707250050, 9.01443
201707250100, 9.16612
201707250110, 9.57704
201707250120, 9.57791
201707250130, 10.2333
201707250140, 10.4064
201707250150, 9.52246
201707250200, 9.75315
201707250210, 9.35319
201707250220, 10.164
201707250230, 10.1668
201707250240, 10.4051
201707250250, 9.49013
201707250300, 9.26975
201707250310, 8.40408
201707250320, 8.40864
201707250330, 8.2423
201707250340, 7.34256
201707250350, 6.98709
201707250400, 6.89974
201707250410, 6.62554
201707250420, 6.31196
201707250430, 5.95063
201707250440, 5.49284
201707250450, 4.74251
201707250500, 4.98372
201707250510, 5.75814
201707250520, 5.17914
201707250530, 5.4311
201707250540, 4.77832
201707250550, 4.68815
201707250600, 4.16374
201707250610, 4.22374
201707250620, 3.81022
201707250630, 4.16493
201707250640, 4.61339
201707250650, 4.17405
201707250700, 3.01335
201707250710, 2.7793
201707250720, 3.52496
201707250730, 2.91374
201707250740, 2.87174
201707250750, 2.96864
201707250800, 3.02485
201707250810, 3.25326
201707250820, 2.80306
201707250830, 2.34288
201707250840, 3.02116
201707250850, 3.25163
201707250900, 3.47146
201707250910, 3.30067
201707250920, 2.54221
201707250930, 2.54232
201707250940, 1.83735
201707250950, 1.7015
201707251000, 0.615777
201707251010, 0.676975
201707251020, 0.318685
201707251030, 0.631076
201707251040, 1.04492
201707251050, 1.68045
201707251100, 1.70432
201707251110, 1.92318
201707251120, 1.99826
201707251130, 2.41938
201707251140, 2.94488
201707251150, 3.41081
201707251200, 3.37164
201707251210, 4.05718
201707251220, 5.11599
201707251230, 6.58702
201707251240, 8.78852
201707251250, 9.11089
201707251300, 9.99805
201707251310, 10.8665
201707251320, 11.9976
201707251330, 11.1599
201707251340, 11.6465
201707251350, 11.9231
201707251400, 11.4858
201707251410, 10.9882
201707251420, 10.6276
201707251430, 9.49208
201707251440, 8.67188
201707251450, 8.47526
201707251500, 8.23253
201707251510, 8.14128
201707251520, 7.60851
201707251530, 7.62543
201707251540, 7.26085
201707251550, 6.41178
201707251600, 6.74067
201707251610, 6.21029
201707251620, 6.79177
201707251630, 7.37706
201707251640, 6.88694
201707251650, 5.96777
201707251700, 6.25922
201707251710, 6.14974
201707251720, 5.33247
201707251730, 5.20312
201707251740, 4.83746
201707251750, 4.58594
201707251800, 4.42242
201707251810, 4.15755
201707251820, 3.36534
201707251830, 3.81641
201707251840, 3.85254
201707251850, 3.61317
201707251900, 4.00738
201707251910, 3.30794
201707251920, 2.56597
201707251930, 2.01107
201707251940, 1.83822
201707251950, 1.07617
201707252000, 1.20388
201707252010, 0.701172
201707252020, 0.77832
201707252030, 0.364258
201707252040, 0.222331
201707252050, 0.297743
201707252100, 0.95855
201707252110, 0.978733
201707252120, 0.901584
201707252130, 0.926215
201707252140, 1.12815
201707252150, 1.25857
201707252200, 1.24219
201707252210, 1.07888
201707252220, 0.821289
201707252230, 1.54253
201707252240, 2.11773
201707252250, 2.28581
201707252300, 2.80631
201707252310, 4.59668
201707252320, 5.889
201707252330, 7.5013
201707252340, 8.8763
201707252350, 9.18207
201707260000, 10.2485
201707260010, 10.7734
201707260020, 11.4226
201707260030, 11.1678
201707260040, 10.0782
201707260050, 10.029
201707260100, 11.728
201707260110, 12.6093
201707260120, 13.5302
201707260130, 13.8337
201707260140, 13.7475
201707260150, 13.6515
201707260200, 13.459
201707260210, 12.4676
201707260220, 11.7163
201707260230, 11.4877
201707260240, 10.5951
201707260250, 10.2076
201707260300, 10.3777
201707260310, 9.63422
201707260320, 9.72993
201707260330, 9.9503
201707260340, 9.95117
201707260350, 9.83605
201707260400, 9.21842
201707260410, 9.05773
201707260420, 8.84776
201707260430, 9.26508
201707260440, 8.83919
201707260450, 8.7844
201707260500, 8.70627
201707260510, 8.23405
201707260520, 7.34538
201707260530, 7.52875
201707260540, 7.19379
201707260550, 7.20692
201707260600, 6.89106
201707260610, 6.29438
201707260620, 6.10938
201707260630, 5.7219
201707260640, 5.48188
201707260650, 5.82335
201707260700, 5.47624
201707260710, 5.21007
201707260720, 5.28201
201707260730, 5.5242
201707260740, 5.73123
201707260750, 5.78874
201707260800, 5.56402
201707260810, 5.51834
201707260820, 5.03581
201707260830, 4.4082
201707260840, 4.00792
201707260850, 4.15017
201707260900, 3.83539
201707260910, 2.93826
201707260920, 3.10135
201707260930, 3.35829
201707260940, 3.24566
201707260950, 3.02615
201707261000, 2.86252
201707261010, 2.81434
201707261020, 2.31445
201707261030, 1.68305
201707261040, 1.29818
201707261050, 1.72537
201707261100, 1.13628
201707261110, 1.26009
201707261120, 1.34668
201707261130, 0.542101
201707261140, 0.611111
201707261150, 0.0900608
201707261200, 0.266927
201707261210, 0.311849
201707261220, 0.171441
201707261230, 0.533095
201707261240, 0.706055
201707261250, 1.39757
201707261300, 1.25087
201707261310, 1.82954
201707261320, 1.72103
201707261330, 1.93533
201707261340, 1.44
201707261350, 1.20345
201707261400, 0.891276
201707261410, 1.03375
201707261420, 1.48687
201707261430, 1.14638
201707261440, 0.672526
201707261450, 0.533637
201707261500, 0.0380859
201707261510, 0.0256076
201707261520, 0.0182292
201707261530, 0.0376519
201707261540, 0.0623915
201707261550, 0.00846354
201707261600, 0.0219184
201707261610, 0
201707261620, 0.0472005
201707261630, 0.023329
201707261640, 0.0142144
201707261650, 0.0126953
201707261700, 0.0251736
201707261710, 0.0948351
201707261720, 0.00813802
201707261730, 0.301649
201707261740, 0.0513238
201707261750, 0.0641276
201707261800, 0.0557726
201707261810, 0.0409071
201707261820, 0.135851
201707261830, 0.11122
201707261840, 0.113281
201707261850, 0.175347
201707261900, 0.199219
201707261910, 0.150065
201707261920, 0.14681
201707261930, 0.201172
201707261940, 0.197266
201707261950, 0.289171
201707262000, 0.110243
201707262010, 0.219076
201707262020, 0.140516
201707262030, 0.146484
201707262040, 0.0537109
201707262050, 0.18316
201707262100, 0.0902778
201707262110, 0.107096
201707262120, 0.122504
201707262130, 0.102648
201707262140, 0.0288628
201707262150, 0.046875
201707262200, 0.023763
201707262210, 0.153212
201707262220, 0.039605
201707262230, 0
201707262240, 0
201707262250, 0.212891
201707262300, 0.537218
201707262310, 0.378147
201707262320, 1.07042
201707262330, 1.64345
201707262340, 2.2602
201707262350, 3.03809
201707270000, 2.93088
201707270010, 3.39421
201707270020, 3.90647
201707270030, 4.37207
201707270040, 7.81782
201707270050, 9.58984
201707270100, 10.8222
201707270110, 11.9239
201707270120, 12.3
201707270130, 12.4652
201707270140, 12.2573
201707270150, 11.2587
201707270200, 9.9936
201707270210, 8.34863
201707270220, 6.97125
201707270230, 6.95757
201707270240, 6.32259
201707270250, 5.69119
201707270300, 5.98947
201707270310, 6.21387
201707270320, 6.19694
201707270330, 5.98242
201707270340, 5.77539
201707270350, 5.99403
201707270400, 5.92101
201707270410, 5.60688
201707270420, 5.71929
201707270430, 6.15495
201707270440, 6.09592
201707270450, 6.22244
201707270500, 5.59766
201707270510, 5.4796
201707270520, 5.74924
201707270530, 5.20486
201707270540, 4.75836
201707270550, 4.68023
201707270600, 3.99045
201707270610, 4.41493
201707270620, 4.69227
201707270630, 4.63368
201707270640, 4.38889
201707270650, 4.19434
201707270700, 3.76443
201707270710, 3.55197
201707270720, 2.88498
201707270730, 3.28114
201707270740, 2.63867
201707270750, 2.39583
201707270800, 2.32216
201707270810, 2.98231
201707270820, 3.12967
201707270830, 2.21756
201707270840, 1.92144
201707270850, 1.69379
201707270900, 1.21832
201707270910, 0.68316
201707270920, 0.439887
201707270930, 0.279622
201707270940, 0.391927
201707270950, 0.249132
201707271000, 0.173177
201707271010, 0.0590278
201707271020, 0.00249566
201707271030, 0
201707271040, 0.00358073
201707271050, 0.00444878
201707271100, 0.0690104
201707271110, 0.100152
201707271120, 0.229818
201707271130, 0.278754
201707271140, 0.289931
201707271150, 0.386068
201707271200, 0.202582
201707271210, 0.00423177
201707271220, 0.0093316
201707271230, 0.25651
201707271240, 0.752062
201707271250, 0.390516
201707271300, 0.442817
201707271310, 0.321615
201707271320, 0
201707271330, 0.000217014
201707271340, 0.213542
201707271350, 0.0128038
201707271400, 0.320312
201707271410, 0.419488
201707271420, 0.022678
201707271430, 0.0460069
201707271440, 0.25293
201707271450, 0.45931
201707271500, 0.655056
201707271510, 0.91569
201707271520, 0.976454
201707271530, 0.322917
201707271540, 0.927734
201707271550, 1.01617
201707271600, 0.246636
201707271610, 0.472114
201707271620, 0.590386
201707271630, 0.91276
201707271640, 1.1748
201707271650, 1.30599
201707271700, 0.999023
201707271710, 0.291992
201707271720, 0.522244
201707271730, 0.828885
201707271740, 0.844076
201707271750, 0.531467
201707271800, 1.39008
201707271810, 1.08388
201707271820, 1.31706
201707271830, 1.27051
201707271840, 1.94336
201707271850, 2.12359
201707271900, 1.89497
201707271910, 1.60503
201707271920, 1.78451
201707271930, 1.85927
201707271940, 1.87229
201707271950, 1.32324
201707272000, 1.81912
201707272010, 1.55632
201707272020, 1.40462
201707272030, 1.01194
201707272040, 0.772027
201707272050, 0.394857
201707272100, 0.407769
201707272110, 0.156901
201707272120, 0.00401476
201707272130, 0.000325521
201707272140, 0.0716146
201707272150, 0
201707272200, 0.000542535
201707272210, 0.015842
201707272220, 0.351128
201707272230, 0.016276
201707272240, 0.00759549
201707272250, 0.101562
201707272300, 0.139106
201707272310, 0.209527
201707272320, 0.384549
201707272330, 0.288737
201707272340, 0.37793
201707272350, 0.370334
201707280000, 0.764214
201707280010, 0.704102
201707280020, 0.782227
201707280030, 0.926866
201707280040, 0.83941
201707280050, 1.15994
201707280100, 1.84679
201707280110, 3.14692
201707280120, 4.69249
201707280130, 5.23817
201707280140, 5.89106
201707280150, 5.80371
201707280200, 6.9885
201707280210, 7.12402
201707280220, 7.78364
201707280230, 7.63162
201707280240, 7.74436
201707280250, 7.60786
201707280300, 7.27865
201707280310, 7.09581
201707280320, 7.09896
201707280330, 7.28136
201707280340, 7.06434
201707280350, 7.35688
201707280400, 7.11578
201707280410, 6.76671
201707280420, 6.50662
201707280430, 6.35395
201707280440, 6.43717
201707280450, 6.09961
201707280500, 6.05132
201707280510, 5.98351
201707280520, 5.66862
201707280530, 4.99143
201707280540, 4.68945
201707280550, 4.18641
201707280600, 3.64312
201707280610, 3.52973
201707280620, 3.45649
201707280630, 3.17578
201707280640, 3.28993
201707280650, 2.47396
201707280700, 1.93772
201707280710, 1.50336
201707280720, 0.929145
201707280730, 0.479709
201707280740, 0.317274
201707280750, 0.574653
201707280800, 0.400282
201707280810, 0.538954
201707280820, 0.233615
201707280830, 0.453451
201707280840, 0.120334
201707280850, 0.0538194
201707280900, 0.00987413
201707280910, 0.0656467
201707280920, 0.0399306
201707280930, 0.0299479
201707280940, 0.0721571
201707280950, 0.279188
201707281000, 0.0828993
201707281010, 0.37576
201707281020, 0.410373
201707281030, 0.263889
201707281040, 0.17947
201707281050, 0.185872
201707281100, 0.290582
201707281110, 0.363173
201707281120, 0.0899523
201707281130, 0.0929905
201707281140, 0.106988
201707281150, 0.0130208
201707281200, 0.0276693
201707281210, 0.0062934
201707281220, 0.00651042
201707281230, 0.0647786
201707281240, 0.0352648
201707281250, 0.030816
201707281300, 0.0648872
201707281310, 0.0349392
201707281320, 0.0717231
201707281330, 0.196506
201707281340, 0.0848524
201707281350, 0.0266927
201707281400, 0.0265842
201707281410, 0.0218099
201707281420, 0.00802951
201707281430, 0.0287543
201707281440, 0.0265842
201707281450, 0.00596788
201707281500, 0.0016276
201707281510, 0.00987413
201707281520, 0
201707281530, 0.000542535
201707281540, 0.0015191
201707281550, 0
201707281600, 0.0175781
201707281610, 0
201707281620, 0
201707281630, 0.000325521
201707281640, 0.000325521
201707281650, 0.0109592
201707281700, 0
201707281710, 0.000868056
201707281720, 0.00520833
201707281730, 0.00184462
201707281740, 0.00325521
201707281750, 0.00499132
201707281800, 0
201707281810, 0.00184462
201707281820, 0.0016276
201707281830, 0.0567491
201707281840, 0
201707281850, 0.00607639
201707281900, 0.0323351
201707281910, 0.113932
201707281920, 0.152127
201707281930, 0.114258
201707281940, 0.0200738
201707281950, 0.0163845
201707282000, 0.000434028
201707282010, 0.338216
201707282020, 0.643663
201707282030, 0.765191
201707282040, 0.486979
201707282050, 0.403212
201707282100, 1.01107
201707282110, 0.98329
201707282120, 1.0268
201707282130, 0.939345
201707282140, 0.852322
201707282150, 1.12554
201707282200, 1.00846
201707282210, 1.20302
201707282220, 1.30534
201707282230, 1.71484
201707282240, 1.70161
201707282250, 2.12674
201707282300, 2.43045
201707282310, 1.94629
201707282320, 2.7156
201707282330, 3.14301
201707282340, 2.97331
201707282350, 2.83019
201707290000, 2.62912
201707290010, 2.85677
201707290020, 3.28136
201707290030, 3.41102
201707290040, 3.31272
201707290050, 3.84364
201707290100, 4.98003
201707290110, 5.54134
201707290120, 6.87261
201707290130, 6.75987
201707290140, 6.64724
201707290150, 7.05404
201707290200, 6.79818
201707290210, 6.99696
201707290220, 7.23513
201707290230, 7.33908
201707290240, 7.29948
201707290250, 7.13422
201707290300, 6.93153
201707290310, 6.58453
201707290320, 6.56988
201707290330, 6.25727
201707290340, 6.41927
201707290350, 6.46007
201707290400, 6.02127
201707290410, 5.88314
201707290420, 4.89898
201707290430, 4.80382
201707290440, 4.71441
201707290450, 4.46354
201707290500, 3.87196
201707290510, 3.68121
201707290520, 3.08008
201707290530, 2.55046
201707290540, 1.98882
201707290550, 1.46311
201707290600, 1.22743
201707290610, 0.937717
201707290620, 0.904405
201707290630, 0.757487
201707290640, 0.909614
201707290650, 0.586806
201707290700, 0.682509
201707290710, 0.47678
201707290720, 0.415365
201707290730, 0.47602
201707290740, 0.240017
201707290750, 0.124566
201707290800, 0.153971
201707290810, 0.217448
201707290820, 0.0732422
201707290830, 0.0272352
201707290840, 0.00683594
201707290850, 0.00922309
201707290900, 0.00575087
201707290910, 0.00336372
201707290920, 0.00282118
201707290930, 0.00303819
201707290940, 0
201707290950, 0
201707291000, 0.000217014
201707291010, 0
201707291020, 0.00119358
201707291030, 0
201707291040, 0.00575087
201707291050, 0.0243056
201707291100, 0.0145399
201707291110, 0.00542535
201707291120, 0.00553385
201707291130, 0.0016276
201707291140, 0.000217014
201707291150, 0
201707291200, 0.000217014
201707291210, 0.0016276
201707291220, 0.00455729
201707291230, 0.00748698
201707291240, 0.0259332
201707291250, 0.00488281
201707291300, 0.00444878
201707291310, 0.00347222
201707291320, 0.000434028
201707291330, 0
201707291340, 0.000651042
201707291350, 0.0146484
201707291400, 0
201707291410, 0.00488281
201707291420, 0.00640191
201707291430, 0
201707291440, 0.00705295
201707291450, 0.000976562
201707291500, 0.00423177
201707291510, 0.00282118
201707291520, 0.0061849
201707291530, 0.062066
201707291540, 0.00585938
201707291550, 0.0142144
201707291600, 0.124349
201707291610, 0.0750868
201707291620, 0.024197
201707291630, 0.114149
201707291640, 0.226888
201707291650, 0.178928
201707291700, 0.0320095
201707291710, 0.0278863
201707291720, 0.0499132
201707291730, 0.00238715
201707291740, 0.00292969
201707291750, 0.00694444
201707291800, 0
201707291810, 0.000651042
201707291820, 0.00705295
201707291830, 0.0320095
201707291840, 0.00455729
201707291850, 0
201707291900, 0.00108507
201707291910, 0.00173611
201707291920, 0.00792101
201707291930, 0.00412326
201707291940, 0.030599
201707291950, 0.0206163
201707292000, 0.0265842
201707292010, 0.0390625
201707292020, 0.0762804
201707292030, 0.046224
201707292040, 0.160373
201707292050, 0.031033
201707292100, 0.038303
201707292110, 0.0806207
201707292120, 0.16276
201707292130, 0.521159
201707292140, 0.374457
201707292150, 0.68826
201707292200, 0.650065
201707292210, 1.04774
201707292220, 1.27007
201707292230, 1.08615
201707292240, 0.934353
201707292250, 1.28266
201707292300, 1.81304
201707292310, 1.0026
201707292320, 1.4553
201707292330, 1.82053
201707292340, 1.82096
201707292350, 2.43945
201707300000, 2.90668
201707300010, 3.75206
201707300020, 3.83637
201707300030, 4.43674
201707300040, 4.80642
201707300050, 5.81304
201707300100, 7.05143
201707300110, 7.7526
201707300120, 8.72428
201707300130, 8.48242
201707300140, 8.79221
201707300150, 8.8827
201707300200, 9.06456
201707300210, 9.5255
201707300220, 9.71094
201707300230, 9.71918
201707300240, 9.44086
201707300250, 9.14713
201707300300, 8.86252
201707300310, 8.91721
201707300320, 8.85666
201707300330, 9.47841
201707300340, 9.22461
201707300350, 9.03483
201707300400, 9.24848
201707300410, 8.68826
201707300420, 8.70627
201707300430, 8.49978
201707300440, 8.26215
201707300450, 8.54883
201707300500, 8.56228
201707300510, 8.64768
201707300520, 8.28092
201707300530, 8.01931
201707300540, 7.90115
201707300550, 8.09614
201707300600, 7.63704
201707300610, 7.50119
201707300620, 7.07943
201707300630, 6.93164
201707300640, 6.98709
201708010000, 1.49794
201708010010, 1.98926
201708010020, 2.47743
201708010030, 3.23644
201708010040, 4.2959
201708010050, 5.36447
201708010100, 6.85048
201708010110, 8.72613
201708010120, 9.77962
201708010130, 11.3524
201708010140, 12.3304
201708010150, 12.4094
201708010200, 13.5747
201708010210, 13.1519
201708010220, 12.5257
201708010230, 13.1392
201708010240, 12.5541
201708010250, 12.9417
201708010300, 13.1721
201708010310, 12.3748
201708010320, 13.2246
201708010330, 13.812
201708010340, 13.666
201708010350, 13.9947
201708010400, 13.7733
201708010410, 13.357
201708010420, 13.9372
201708010430, 13.939
201708010440, 13.6015
201708010450, 13.1503
201708010500, 12.4704
201708010510, 12.2056
201708010520, 11.5939
201708010530, 11.0767
201708010540, 10.8995
201708010550, 10.4097
201708010600, 10.156
201708010610, 10.378
201708010620, 10.0214
201708010630, 9.5548
201708010640, 9.39724
201708010650, 9.1276
201708010700, 9.05176
201708010710, 9.15538
201708010720, 8.28852
201708010730, 8.01866
201708010740, 7.25868
201708010750, 6.54753
201708010800, 6.45052
201708010810, 5.73036
201708010820, 4.99577
201708010830, 4.12988
201708010840, 3.5893
201708010850, 3.11589
201708010900, 3.08138
201708010910, 2.60742
201708010920, 2.27072
201708010930, 1.64562
201708010940, 1.50879
201708010950, 1.37142
201708011000, 1.21094
201708011010, 0.89605
201708011020, 0.328993
201708011030, 0.127387
201708011040, 0.0246311
201708011050, 0.0733507
201708011100, 0.10395
201708011110, 0.0175781
201708011120, 0.00347222
201708011130, 0.0016276
201708011140, 0.015408
201708011150, 0.0460069
201708011200, 0.0474175
201708011210, 0.0442708
201708011220, 0.00911458
201708011230, 0.0370009
201708011240, 0.0249566
201708011250, 0.0298394
201708011300, 0.00911458
201708011310, 0.0200738
201708011320, 0.00813802
201708011330, 0.0031467
201708011340, 0
201708011350, 0.000217014
201708011400, 0.00368924
201708011410, 0.0094401
201708011420, 0.00748698
201708011430, 0.00130208
201708011440, 0.000434028
201708011450, 0.00965712
201708011500, 0.00303819
201708011510, 0.00726997
201708011520, 0.000868056
201708011530, 0.0016276
201708011540, 0
201708011550, 0.00607639
201708011600, 0.0144314
201708011610, 0.0125868
201708011620, 0.0161675
201708011630, 0.014974
201708011640, 0.00748698
201708011650, 0.0115017
201708011700, 0.015625
201708011710, 0.0603299
201708011720, 0.0359158
201708011730, 0.0444878
201708011740, 0.023112
201708011750, 0.0938585
201708011800, 0.0668403
201708011810, 0.02398
201708011820, 0.0482856
201708011830, 0.0407986
201708011840, 0.0583767
201708011850, 0.379015
201708011900, 0.161892
201708011910, 0.279297
201708011920, 0.2551
201708011930, 0.341146
201708011940, 0.210612
201708011950, 0.202582
201708012000, 0.0671658
201708012010, 0.0061849
201708012020, 0.039822
201708012030, 0.023546
201708012040, 0.282227
201708012050, 0.559136
201708012100, 0.738064
201708012110, 0.992513
201708012120, 1.2487
201708012130, 1.49175
201708012140, 1.41775
201708012150, 1.60438
201708012200, 1.60894
201708012210, 2.04221
201708012220, 2.12261
201708012230, 1.66981
201708012240, 1.87446
201708012250, 2.6148
201708012300, 2.4209
201708012310, 2.3444
201708012320, 3.24002
201708012330, 3.89431
201708012340, 4.15625
201708012350, 4.78299
201708020000, 5.03581
201708020010, 4.94141
201708020020, 5.41569
201708020030, 4.99197
201708020040, 4.91515
201708020050, 6.3763
201708020100, 6.93381
201708020110, 8.0804
201708020120, 8.31261
201708020130, 8.59776
201708020140, 8.8253
201708020150, 9.04384
201708020200, 8.77235
201708020210, 8.48947
201708020220, 9.22765
201708020230, 9.11925
201708020240, 9.35221
201708020250, 8.61751
201708020300, 7.95139
201708020310, 7.20117
201708020320, 6.84136
201708020330, 5.60438
201708020340, 5.40658
201708020350, 4.46289
201708020400, 4.64073
201708020410, 3.75738
201708020420, 2.95855
201708020430, 3.61849
201708020440, 3.76834
201708020450, 3.85927
201708020500, 2.68034
201708020510, 2.09321
201708020520, 1.77984
201708020530, 1.15039
201708020540, 1.35569
201708020550, 1.29546
201708020600, 0.798503
201708020610, 0.950412
201708020620, 0.90408
201708020630, 1.2385
201708020640, 1.31456
201708020650, 0.60395
201708020700, 0.533746
201708020710, 0.0374349
201708020720, 0.0240885
201708020730, 0.0196398
201708020740, 0.0743273
201708020750, 0.17513
201708020800, 0.100369
201708020810, 0.272895
201708020820, 0.334744
201708020830, 0.290148
201708020840, 0.220378
201708020850, 0.129449
201708020900, 0.10753
201708020910, 0.154731
201708020920, 0.349067
201708020930, 0.231011
201708020940, 0.228516
201708020950, 0.164714
201708021000, 0.115234
201708021010, 0.433594
201708021020, 0.463759
201708021030, 0.482964
201708021040, 0.376085
201708021050, 0.573459
201708021100, 0.621745
201708021110, 0.708876
201708021120, 0.659071
201708021130, 0.901259
201708021140, 1.11751
201708021150, 1.34223
201708021200, 1.0076
201708021210, 1.22721
201708021220, 1.13531
201708021230, 1.52517
201708021240, 1.72244
201708021250, 1.59028
201708021300, 2.14909
201708021310, 2.13021
201708021320, 2.22222
201708021330, 1.97222
201708021340, 2.01714
201708021350, 1.99512
201708021400, 1.94206
201708021410, 1.86806
201708021420, 1.14931
201708021430, 1.28244
201708021440, 1.29633
201708021450, 1.14627
201708021500, 1.10927
201708021510, 1.16558
201708021520, 1.20681
201708021530, 1.23296
201708021540, 1.00987
201708021550, 1.14887
201708021600, 1.15289
201708021610, 1.24501
201708021620, 0.986003
201708021630, 1.17871
201708021640, 1.34147
201708021650, 1.18522
201708021700, 1.34494
201708021710, 1.2564
201708021720, 1.43424
201708021730, 1.52561
201708021740, 1.34484
201708021750, 1.49718
201708021800, 1.46029
201708021810, 1.51975
201708021820, 1.40289
201708021830, 1.00836
201708021840, 1.25597
201708021850, 1.54395
201708021900, 1.30534
201708021910, 1.66992
201708021920, 1.07172
201708021930, 1.46951
201708021940, 1.56413
201708021950, 2.0549
201708022000, 1.78559
201708022010, 2.49154
201708022020, 2.34863
201708022030, 2.52517
201708022040, 2.32509
201708022050, 2.24631
201708022100, 2.19596
201708022110, 2.47146
201708022120, 2.36306
201708022130, 3.04058
201708022140, 3.03027
201708022150, 2.86686
201708022200, 2.45085
201708022210, 2.14149
201708022220, 2.02951
201708022230, 2.55263
201708022240, 2.24197
201708022250, 2.11285
201708022300, 2.5651
201708022310, 2.61751
201708022320, 2.102
201708022330, 1.93956
201708022340, 2.45508
201708022350, 2.02615
201708030000, 2.57422
201708030010, 3.26953
201708030020, 2.92253
201708030030, 2.67079
201708030040, 4.07292
201708030050, 6.35124
201708030100, 7.19466
201708030110, 9.31261
201708030120, 9.83659
201708030130, 11.0727
201708030140, 10.4069
201708030150, 9.63932
201708030200, 9.10276
201708030210, 9.39149
201708030220, 9.04145
201708030230, 8.62185
201708030240, 7.99381
201708030250, 7.61827
201708030300, 7.06955
201708030310, 6.35102
201708030320, 6.37945
201708030330, 5.91862
201708030340, 5.62012
201708030350, 5.31228
201708030400, 4.9401
201708030410, 4.7615
201708030420, 5.50325
201708030430, 5.5128
201708030440, 5.71398
201708030450, 5.29731
201708030500, 5.16786
201708030510, 5.16895
201708030520, 4.91178
201708030530, 4.69499
201708030540, 4.44564
201708030550, 3.45898
201708030600, 3.47407
201708030610, 3.87565
201708030620, 3.64692
201708030630, 3.51704
201708030640, 3.57769
201708030650, 3.04948
201708030700, 2.76031
201708030710, 2.2679
201708030720, 2.16092
201708030730, 1.77582
201708030740, 2.26573
201708030750, 2.48969
201708030800, 2.94401
201708030810, 2.08377
201708030820, 2.70128
201708030830, 2.01096
201708030840, 1.4694
201708030850, 1.56239
201708030900, 1.62424
201708030910, 2.64497
201708030920, 2.59136
201708030930, 2.54796
201708030940, 2.86567
201708030950, 2.48872
201708031000, 1.18338
201708031010, 0.89681
201708031020, 0.966254
201708031030, 0.885525
201708031040, 0.419271
201708031050, 0.401584
201708031100, 0.59158
201708031110, 0.40625
201708031120, 0.436632
201708031130, 0.286784
201708031140, 0.23329
201708031150, 0.0601128
201708031200, 0.390408
201708031210, 0.0109592
201708031220, 0.265734
201708031230, 0.00878906
201708031240, 0.119466
201708031250, 0.190104
201708031300, 0.47385
201708031310, 0.6199
201708031320, 0.608398
201708031330, 0.75
201708031340, 0.771484
201708031350, 0.789388
201708031400, 0.800456
201708031410, 1.17079
201708031420, 1.13368
201708031430, 1.04481
201708031440, 0.92947
201708031450, 0.761719
201708031500, 1.14594
201708031510, 1.00836
201708031520, 0.359375
201708031530, 0.190104
201708031540, 0.038303
201708031550, 0.0600043
201708031600, 0.0288628
201708031610, 0.282878
201708031620, 0.163845
201708031630, 0.129449
201708031640, 0.0738932
201708031650, 0.258247
201708031700, 0.142036
201708031710, 0.105794
201708031720, 0.242188
201708031730, 0.119466
201708031740, 0.0830078
201708031750, 0.24707
201708031800, 0.205512
201708031810, 0.166667
201708031820, 0.0534939
201708031830, 0.284288
201708031840, 0.361545
201708031850, 0.234484
201708031900, 0.272461
201708031910, 0.192708
201708031920, 0.147352
201708031930, 0.485026
201708031940, 0.985026
201708031950, 0.913845
201708032000, 0.412435
201708032010, 1.06033
201708032020, 0.560004
201708032030, 1.34104
201708032040, 1.60221
201708032050, 1.52159
201708032100, 1.21799
201708032110, 1.23253
201708032120, 1.389
201708032130, 1.81337
201708032140, 1.74349
201708032150, 1.72917
201708032200, 1.99414
201708032210, 1.86773
201708032220, 2.3457
201708032230, 2.65842
201708032240, 2.53071
201708032250, 3.30002
201708032300, 3.36751
201708032310, 3.83518
201708032320, 3.58366
201708032330, 3.45399
201708032340, 3.52875
201708032350, 3.42752
201708040000, 3.73264
201708040010, 2.89149
201708040020, 2.92014
201708040030, 1.82281
201708040040, 2.10569
201708040050, 2.3979
201708040100, 4.26443
201708040110, 5.58127
201708040120, 6.67231
201708040130, 6.38921
201708040140, 6.06988
201708040150, 6.3163
201708040200, 5.52908
201708040210, 5.34939
201708040220, 4.74349
201708040230, 5.01834
201708040240, 4.68848
201708040250, 4.46137
201708040300, 5.63715
201708040310, 5.14507
201708040320, 5.20964
201708040330, 5.12066
201708040340, 4.73806
201708040350, 4.95052
201708040400, 4.80339
201708040410, 4.81597
201708040420, 4.70378
201708040430, 4.78602
201708040440, 4.71398
201708040450, 4.91699
201708040500, 4.97602
201708040510, 4.96495
201708040520, 5.26421
201708040530, 5.16819
201708040540, 5.23796
201708040550, 4.89193
201708040600, 4.57107
201708040610, 5.25282
201708040620, 5.21756
201708040630, 5.05718
201708040640, 4.98872
201708040650, 5.1543
201708040700, 4.7717
201708040710, 4.8928
201708040720, 4.74523
201708040730, 4.53548
201708040740, 4.55935
201708040750, 4.24772
201708040800, 4.88618
201708040810, 5.33301
201708040820, 4.93663
201708040830, 4.5421
201708040840, 3.64507
201708040850, 3.23763
201708040900, 4.03179
201708040910, 4.56858
201708040920, 4.70844
201708040930, 5.12402
201708040940, 4.82378
201708040950, 4.09017
201708041000, 3.86361
201708041010, 4.08637
201708041020, 3.69358
201708041030, 3.5752
201708041040, 4.38607
201708041050, 4.04036
201708041100, 3.99089
201708041110, 3.90788
201708041120, 4.78841
201708041130, 4.38249
201708041140, 4.23231
201708041150, 4.36534
201708041200, 4.49544
201708041210, 4.88075
201708041220, 4.77333
201708041230, 4.16417
201708041240, 3.90603
201708041250, 4.43153
201708041300, 4.46636
201708041310, 3.44434
201708041320, 3.81445
201708041330, 4.36111
201708041340, 4.3367
201708041350, 4.10742
201708041400, 4.21289
201708041410, 4.33865
201708041420, 3.66374
201708041430, 4.09223
201708041440, 4.20139
201708041450, 4.04503
201708041500, 4.17057
201708041510, 3.73003
201708041520, 3.54112
201708041530, 3.63835
201708041540, 3.88401
201708041550, 3.53787
201708041600, 3.47222
201708041610, 3.2156
201708041620, 3.58236
201708041630, 2.72255
201708041640, 2.66385
201708041650, 2.13162
201708041700, 1.87945
201708041710, 1.87977
201708041720, 1.96278
201708041730, 1.78125
201708041740, 1.87359
201708041750, 1.83247
201708041800, 1.85894
201708041810, 1.72135
201708041820, 1.80458
201708041830, 1.9502
201708041840, 1.82932
201708041850, 1.96571
201708041900, 1.83572
201708041910, 1.84234
201708041920, 1.73524
201708041930, 1.74588
201708041940, 1.77821
201708041950, 1.66743
201708042000, 1.55111
201708042010, 1.56239
201708042020, 1.10905
201708042030, 0.719618
201708042040, 0.839518
201708042050, 0.970378
201708042100, 0.948568
201708042110, 1.02539
201708042120, 1.10623
201708042130, 1.24197
201708042140, 0.938477
201708042150, 0.311632
201708042200, 0.413194
201708042210, 0.594184
201708042220, 0.131727
201708042230, 0.0485026
201708042240, 0.481445
201708042250, 1.01226
201708042300, 0.640082
201708042310, 0.390191
201708042320, 0.446289
201708042330, 0.26378
201708042340, 0.563802
201708050000, 0.0954861
201708050010, 0.06977
201708050020, 0.0246311
201708050030, 0.184787
201708050040, 0.786675
201708050050, 2.25922
201708050100, 3.36665
201708050110, 3.07096
201708050120, 2.75911
201708050130, 2.29677
201708050140, 2.14008
201708050150, 2.16037
201708050200, 1.65842
201708050210, 2.06109
201708050220, 2.16135
201708050230, 1.95193
201708050240, 1.12641
201708050250, 0.989366
201708050300, 0.619141
201708050310, 0.704319
201708050320, 0.223199
201708050330, 0.269314
201708050340, 0.0711806
201708050350, 0.157986
201708050400, 0.0743273
201708050410, 0.0689019
201708050420, 0.0175781
201708050430, 0.0350477
201708050440, 0.114149
201708050450, 0.0605469
201708050500, 0.0738932
201708050510, 0.0103082
201708050520, 0.0287543
201708050530, 0.0438368
201708050540, 0.00575087
201708050600, 0.00249566
201708050610, 0.00141059
201708050620, 0.00607639
201708050630, 0
201708050640, 0.00227865
201708050650, 0
201708050700, 0
201708050710, 0
201708050720, 0
201708050730, 0
201708050740, 0.00358073
201708050750, 0
201708050800, 0
201708050810, 0
201708050820, 0.00303819
201708050830, 0.00271267
201708050840, 0.0163845
201708050850, 0.0517578
201708050900, 0.00282118
201708050910, 0.015842
201708050920, 0.0194227
201708050930, 0.0194227
201708050940, 0
201708050950, 0.00184462
201708051000, 0.00108507
201708051010, 0.00737847
201708051020, 0.00260417
201708051030, 0.00119358
201708051040, 0.00119358
201708051050, 0.00390625
201708051100, 0.0170356
201708051110, 0.000108507
201708051120, 0.00303819
201708051130, 0.00227865
201708051140, 0.031033
201708051150, 0.000759549
201708051200, 0.0288628
201708051210, 0.0061849
201708051220, 0.00325521
201708051230, 0.00509983
201708051240, 0.0117188
201708051250, 0.00249566
201708051300, 0.0120443
201708051310, 0.00206163
201708051320, 0.00477431
201708051330, 0
201708051340, 0
201708051350, 0.00195312
201708051400, 0.00998264
201708051410, 0.00759549
201708051420, 0.00390625
201708051430, 0.0277778
201708051440, 0.00184462
201708051450, 0.00846354
201708051500, 0.0105252
201708051510, 0.0031467
201708051520, 0.00922309
201708051530, 0.0125868
201708051540, 0.00260417
201708051550, 0.0105252
201708051600, 0.00423177
201708051610, 0.0046658
201708051620, 0.00282118
201708051630, 0
201708051640, 0.000976562
201708051650, 0.00119358
201708051700, 0.00325521
201708051710, 0.00282118
201708051720, 0.000434028
201708051730, 0.00716146
201708051740, 0.00488281
201708051750, 0.00336372
201708051800, 0.000759549
201708051810, 0.00238715
201708051820, 0.000108507
201708051830, 0.00802951
201708051840, 0.00759549
201708051850, 0.00987413
201708051900, 0.015842
201708051910, 0.0046658
201708051920, 0.00368924
201708051930, 0.000759549
201708051940, 0.00965712
201708051950, 0.00520833
201708052000, 0.00206163
201708052010, 0.0682509
201708052020, 0.00737847
201708052030, 0.0380859
201708052040, 0.0674913
201708052050, 0.103624
201708052100, 0.00705295
201708052110, 0.00672743
201708052120, 0.00640191
201708052130, 0.0628255
201708052140, 0.0256076
201708052150, 0.00238715
201708052200, 0.0954861
201708052210, 0.125109
201708052220, 0.047309
201708052230, 0.00292969
201708052240, 0.0258247
201708052250, 0.0016276
201708052300, 0.000976562
201708052310, 0.0687934
201708052320, 0.00499132
201708052330, 0.367405
201708052340, 0.0215929
201708052350, 0.0326606
201708060000, 0.000976562
201708060010, 0.070638
201708060020, 0.0210503
201708060030, 0.0227865
201708060040, 0.544922
201708060050, 0.0247396
201708060100, 0.0610894
201708060110, 0.000868056
201708060120, 0.229384
201708060130, 0.589301
201708060140, 1.13433
201708060150, 1.28809
201708060200, 1.61708
201708060210, 0.979601
201708060220, 1.28082
201708060230, 0.294488
201708060240, 0.247938
201708060250, 0.169379
201708060300, 0.730686
201708060310, 0.0832248
201708060320, 0.502387
201708060330, 0.377387
201708060340, 0.11339
201708060350, 0.664822
201708060400, 0.150608
201708060410, 0.00184462
201708060420, 0.00488281
201708060430, 0.0144314
201708060440, 0.157878
201708060450, 0
201708060500, 0.0103082
201708060510, 0.0426432
201708060520, 0.00737847
201708060530, 0.0132378
201708060540, 0.0330946
201708060550, 0.0700955
201708060600, 0.0974392
201708060610, 0.0955946
201708060620, 0.000976562
201708060630, 0.0317925
201708060640, 0.000542535
201708060650, 0.0100911
201708060700, 0.00954861
201708060710, 0
201708060720, 0.0182292
201708060730, 0.000108507
201708060740, 0.00651042
201708060750, 0.274306
201708060800, 0.22819
201708060810, 0.173394
201708060820, 0.0888672
201708060830, 0.111762
201708060850, 0.18023
201708060900, 0.129557
201708060910, 0.0738932
201708060920, 0.00878906
201708060930, 0.0665148
201708060940, 0.0565321
201708061000, 0.0120443
201708061010, 0.0961372
201708061030, 0.0909288
201708061040, 0.0253906
201708061050, 0.413845
201708061100, 0.470486
201708061110, 0.196289
201708061120, 0.127496
201708061130, 0.131076
201708061140, 0.554796
201708061150, 0.121419
201708061200, 0.339844
201708061210, 0.350477
201708061220, 0.00119358
201708061230, 0.329753
201708061240, 0.0488281
201708061250, 0.0525174
201708061300, 0.241211
201708061310, 0.00271267
201708061320, 0.00325521
201708061330, 0.101237
201708061340, 0.0750868
201708061350, 0.161675
201708061400, 0.0250651
201708061410, 0.0556641
201708061420, 0.047309
201708061430, 0.349175
201708061440, 0.113715
201708061450, 0.404948
201708061500, 0.337457
201708061510, 0.232856
201708061520, 0.252279
201708061530, 0.382161
201708061540, 0.209635
201708061550, 0.137044
201708061600, 0.0274523
201708061610, 0.332465
201708061620, 0.0670573
201708061630, 0.138997
201708061640, 0.317491
201708061650, 0.321181
201708061700, 0.591146
201708061710, 0.45497
201708061720, 0.492839
201708061730, 0.624457
201708061740, 0.587131
201708061750, 0.632053
201708061800, 0.692166
201708061810, 0.785265
201708061820, 0.74566
201708061830, 0.80957
201708061840, 0.630208
201708061850, 0.654188
201708061900, 0.495877
201708061910, 0.00575087
201708061920, 0.275174
201708070610, 1.39497
201708070620, 0.114909
201708070630, 0.0549045
201708070640, 0.163303
201708070650, 0.683702
201708070700, 0.00108507
201708070710, 0.57997
201708071550, 0.0132378
201708071600, 0.0159505
201708071610, 0.00792101
201708071620, 0.0159505
201708071630, 0.0134549
201708071640, 0.00499132
201708071650, 0.00227865
201708071700, 0.0116102
201708071710, 0.313043
201708071720, 0.305339
201708071730, 0.000434028
201708071740, 0.126302
201708071750, 0.0182292
201708071800, 0.0078125
201708071810, 0.0279948
201708071820, 0.319661
201708071830, 0.086697
201708071840, 0.975152
201708071850, 0.120985
201708071900, 0.255859
201708071910, 0.00726997
201708071920, 0.127713
201708071930, 0.00412326
201708071940, 0.0256076
201708071950, 0.197157
201708072000, 0.00694444
201708072010, 0.00141059
201708072020, 0.160916
201708072030, 0.00108507
201708072040, 0.000542535
201708072050, 0.00585938
201708072100, 0.00325521
201708072110, 0.0167101
201708072120, 0.00347222
201708072130, 0.00206163
201708072140, 0.000217014
201708072150, 0.000108507
201708072200, 0.00227865
201708072210, 0.0046658
201708072220, 0.000217014
201708072230, 0.000434028
201708072240, 0.00130208
201708072250, 0.00705295
201708072300, 0.00716146
201708072310, 0.0119358
201708072320, 0.00477431
201708072330, 0.0115017
201708072340, 0
201708072350, 0
201708080000, 0
201708080010, 0.039822
201708080020, 0
201708080030, 0.00347222
201708080040, 0.0061849
201708080050, 0.00217014
201708080100, 0.00325521
201708080110, 0
201708080120, 0.00141059
201708080130, 0.0179036
201708080140, 0.117188
201708080150, 0.0031467
201708080200, 0.00379774
201708080210, 0.00303819
201708080220, 0
201708080230, 0.0741102
201708080240, 0.10102
201708080250, 0.159071
201708080300, 0.397027
201708080310, 0.242839
201708080320, 0.151801
201708080330, 0.0188802
201708080340, 0.000651042
201708080350, 0.0292969
201708080400, 0.00748698
201708080410, 0.0139974
201708080420, 0.00184462
201708080430, 0.00130208
201708080440, 0.0664062
201708080450, 0.022895
201708080500, 0.0390625
201708080510, 0.0405816
201708080520, 0.0897352
201708080530, 0.0351562
201708080540, 0.0101997
201708080550, 0
201708080600, 0.00108507
201708080610, 0.00119358
201708080620, 0.000108507
201708080630, 0.00434028
201708080640, 0.00368924
201708080650, 0.000325521
201708080700, 0.0016276
201708080710, 0
201708080720, 0.000651042
201708080730, 0.000325521
201708080740, 0
201708080750, 0
201708080800, 0
201708080810, 0.000108507
201708080820, 0
201708080830, 0.0061849
201708080840, 0.0139974
201708080850, 0.00792101
201708080900, 0.000325521
201708080920, 0.00998264
201708080930, 0.00488281
201708080940, 0.000108507
201708080950, 0.00813802
201708081000, 0.00509983
201708081010, 0.00282118
201708081020, 0.000108507
201708081030, 0.00108507
201708081040, 0
201708081050, 0.00705295
201708081100, 0.00716146
201708081110, 0.00108507
201708081120, 0.00282118
201708081130, 0.000108507
201708081140, 0.000542535
201708081150, 0
201708081200, 0.000217014
201708081210, 0.00271267
201708081220, 0.00108507
201708081300, 0
201708081310, 0
201708081320, 0.00488281
201708081330, 0.00477431
201708081340, 0
201708081350, 0.0046658
201708081400, 0.00303819
201708081410, 0.000651042
201708081420, 0.000434028
201708081430, 0.00217014
201708081440, 0.00195312
201708081450, 0.00206163
201708081500, 0.0093316
201708081510, 0
201708081520, 0.0016276
201708081530, 0.00651042
201708081540, 0.00759549
201708081550, 0.00423177
201708081600, 0.00607639
201708081610, 0.0339627
201708081620, 0.00141059
201708081630, 0.00672743
201708081640, 0.0015191
201708081650, 0.0281033
201708081700, 0.00412326
201708081710, 0.0100911
201708081720, 0.00585938
201708081730, 0.00195312
201708081740, 0.000217014
201708081750, 0.00119358
201708081800, 0.000434028
201708081810, 0.0112847
201708081820, 0.000325521
201708081830, 0.000434028
201708081840, 0.00325521
201708081850, 0
201708081900, 0.000434028
201708081910, 0
201708081920, 0
201708081930, 0
201708081940, 0.000434028
201708081950, 0
201708082000, 0.0144314
201708082010, 0.0185547
201708082020, 0.00260417
201708082030, 0.0245226
201708082040, 0.086046
201708082050, 0.0248481
201708082100, 0.00130208
201708082110, 0.0404731
201708082120, 0.00141059
201708082130, 0.0146484
201708082140, 0.0240885
201708082150, 0.0046658
201708082200, 0.0238715
201708082210, 0.00792101
201708082220, 0.00412326
201708082230, 0.00227865
201708082240, 0.0113932
201708082250, 0.0195312
201708082300, 0.0109592
201708082310, 0.000759549
201708082320, 0.0100911
201708082330, 0.00412326
201708082340, 0.00390625
201708082350, 0.000976562
201708090000, 0.00141059
201708090010, 0.000759549
201708090020, 0
201708090030, 0.00130208
201708090040, 0.000759549
201708090050, 0.000108507
201708090100, 0.0078125
201708090110, 0
201708090120, 0.000434028
201708090130, 0
201708090140, 0.00108507
201708090150, 0.000434028
201708090200, 0.00954861
201708090210, 0.0179036
201708090220, 0.0094401
201708090230, 0.00379774
201708090240, 0.000976562
201708090250, 0.000542535
201708090300, 0.031901
201708090310, 0.406141
201708090320, 0.479058
201708090330, 0.493056
201708090340, 0.621962
201708090350, 0.701823
201708090400, 0.785265
201708090500, 0.556858
201708090510, 0.859267
201708090520, 0.737739
201708090530, 0.232964
201708090540, 0.45931
201708090550, 0.245985
201708090600, 0.187283
201708090610, 0.194444
201708090620, 0.398329
201708090630, 0.12576
201708090640, 0.165799
201708090650, 0.106879
201708090700, 0.0753038
201708090710, 0.0496962
201708090720, 0.0496962
201708090730, 0.00770399
201708090740, 0.0205078
201708090750, 0.0432943
201708090800, 0.0346137
201708090810, 0.0325521
201708090830, 0.0311415
201708090840, 0.00976562
201708090850, 0.0170356
201708090900, 0.00217014
201708090910, 0.24707
201708090920, 0.365668
201708090930, 0.351128
201708090950, 0.687283
201708091000, 0.805664
201708091010, 0.816189
201708091020, 0.910482
201708091030, 0.43967
201708091040, 0.260091
201708091050, 0.197591
201708091100, 0.880642
201708091110, 0.0209418
201708091120, 0.0299479
201708091130, 0.104926
201708091140, 0.340929
201708091150, 0.403646
201708091200, 0.0722656
201708091210, 0.464735
201708091220, 0.346897
201708091230, 0.327908
201708091240, 0.314345
201708091250, 0.608615
201708091300, 0.0619575
201708091310, 0.0275608
201708091320, 0.340712
201708091330, 0.286675
201708091340, 0.306966
201708091350, 0.51378
201708091400, 0.589844
201708091410, 0.419922
201708091420, 0.0898438
201708091430, 0.233181
201708091440, 0.0768229
201708091450, 0.422201
201708091500, 0.260742
201708091510, 0.257595
201708091520, 0.303494
201708091530, 0.109049
201708091540, 0.140951
201708091550, 0.212891
201708091600, 0.123915
201708091610, 0.315538
201708091620, 0.100477
201708091630, 0.0504557
201708091640, 0.0728082
201708091650, 0.00672743
201708091700, 0.0201823
201708091710, 0.00358073
201708091720, 0.000868056
201708091730, 0.0188802
201708091740, 0.00412326
201708091750, 0.00585938
201708091800, 0.0103082
201708091810, 0.0220269
201708091820, 0.0195312
201708091830, 0.103299
201708091840, 0.0100911
201708091850, 0.113281
201708091900, 0.0368924
201708091910, 0.0329861
201708091920, 0.0112847
201708091930, 0.0368924
201708091940, 0.0251736
201708091950, 0.0560981
201708092000, 0.0139974
201708092010, 0.0093316
201708092020, 0.00260417
201708092030, 0.0181207
201708092040, 0
201708092050, 0.258898
201708092100, 0.0117188
201708092110, 0
201708092120, 0.0352648
201708092130, 0.261068
201708092140, 0.451497
201708092150, 0.227648
201708092200, 0.0350477
201708092210, 0.000108507
201708092220, 0.0457899
201708092230, 0.143446
201708092240, 0.129232
201708092250, 0.0100911
201708092300, 0.00238715
201708092310, 0.00922309
201708092320, 0.00130208
201708092330, 0.00119358
201708092340, 0.00141059
201708092350, 0.000434028
201708100000, 0
201708100010, 0
201708100020, 0
201708100030, 0.016276
201708100040, 0.0169271
201708100050, 0.00585938
201708100100, 0.0304905
201708100110, 0.0401476
201708100120, 0.0130208
201708100130, 0.0485026
201708100140, 0.176541
201708100150, 0.651476
201708100200, 0.768772
201708100210, 0.663628
201708100220, 1.35384
201708100230, 0.995226
201708100240, 0.388563
201708100250, 1.22808
201708100300, 1.4273
201708100310, 1.61111
201708100320, 1.67372
201708100330, 1.54872
201708100340, 2.08854
201708100350, 2.98752
201708100400, 3.23698
201708100410, 3.5714
201708100420, 3.55013
201708100430, 3.88043
201708100440, 3.38845
201708100450, 3.14757
201708100500, 2.89833
201708100510, 3.02648
201708100520, 3.01747
201708100530, 3.27365
201708100540, 3.37923
201708100550, 3.89789
201708100600, 3.01063
201708100610, 3.04633
201708100620, 2.65516
201708100630, 2.73622
201708100640, 2.25814
201708100650, 1.77539
201708100700, 1.63303
201708100710, 1.09972
201708100720, 1.50488
201708100730, 1.38238
201708100740, 0.505751
201708100750, 0.270074
201708100800, 0.187066
201708100810, 0.0273438
201708100820, 0.0755208
201708100830, 0.000868056
201708100840, 0.0171441
201708100850, 0.0100911
201708100900, 0.00227865
201708100910, 0
201708100920, 0.000217014
201708100930, 0
201708100940, 0.000217014
201708101000, 0
201708101020, 0.00217014
201708101030, 0
201708101040, 0
201708101050, 0
201708101100, 0.000868056
201708101110, 0.000108507
201708101120, 0.00173611
201708101130, 0.0031467
201708101140, 0.0691189
201708101150, 0.0106337
201708101200, 0.000325521
201708101210, 0.030599
201708101220, 0.228841
201708101230, 0.0826823
201708101240, 0.0906033
201708101250, 0.0613064
201708101300, 0.0748698
201708101310, 0.0604384
201708101320, 0.0426432
201708101330, 0.00672743
201708101340, 0.0458984
201708101350, 0.0236545
201708101400, 0.0665148
201708101410, 0.0608724
201708101420, 0.0493707
201708101430, 0.00868056
201708101440, 0.000108507
201708101450, 0.0062934
201708101500, 0.0481771
201708101510, 0.046875
201708101520, 0.0300564
201708101530, 0.0351562
201708101540, 0.0219184
201708101550, 0.0274523
201708101600, 0.0407986
201708101610, 0.0303819
201708101620, 0.03125
201708101630, 0.0414497
201708101640, 0.0273438
201708101650, 0.0443793
201708101700, 0.0724826
201708101710, 0.038737
201708101720, 0.0113932
201708101730, 0.0812717
201708101740, 0.0174696
201708101750, 0.0431858
201708101800, 0.0531684
201708101810, 0.00271267
201708101820, 0.0112847
201708101830, 0.0078125
201708101840, 0.0276693
201708101850, 0.0062934
201708101900, 0.0498047
201708101910, 0.0588108
201708101920, 0.0251736
201708101930, 0.0224609
201708101940, 0
201708101950, 0.000976562
201708102000, 0.00824653
201708102010, 0.0243056
201708102020, 0.00423177
201708102030, 0.015625
201708102040, 0.02398
201708102050, 0.0046658
201708102100, 0.00499132
201708102110, 0.00238715
201708102120, 0.00596788
201708102130, 0.0105252
201708102140, 0.0119358
201708102150, 0.0094401
201708102200, 0.0198568
201708102210, 0.00520833
201708102220, 0.000651042
201708102230, 0.00217014
201708102240, 0.0338542
201708102250, 0.00998264
201708102300, 0.0297309
201708102310, 0.0245226
201708102320, 0.00878906
201708102330, 0.00868056
201708102340, 0.00661892
201708102350, 0.000651042
201708110000, 0.00542535
201708110010, 0.00737847
201708110020, 0.00922309
201708110030, 0.246202
201708110040, 0.388672
201708110050, 0.381402
201708110100, 0.389323
201708110110, 0.331489
201708110120, 0.362413
201708110130, 0.0734592
201708110140, 0.134983
201708110150, 0.182726
201708110200, 0.265951
201708110210, 0.485352
201708110220, 0.684462
201708110230, 0.254774
201708110240, 0.0693359
201708110250, 0.17296
201708110300, 0.632487
201708110310, 0.134657
201708110320, 0.227322
201708110330, 0.58724
201708110340, 0.942708
201708110350, 0.665582
201708110400, 1.27789
201708110410, 0.96148
201708110420, 1.38249
201708110430, 1.72081
201708110440, 2.29351
201708110450, 1.84158
201708110500, 2.236
201708110510, 2.435
201708110520, 2.84093
201708110530, 2.38509
201708110540, 1.85503
201708110550, 2.75109
201708110600, 2.51204
201708110610, 2.8227
201708110620, 2.77604
201708110630, 2.4324
201708110640, 2.44759
201708110650, 2.30132
201708110700, 2.40907
201708110710, 2.22993
201708110720, 2.16927
201708110730, 2.0625
201708110740, 2.22157
201708110750, 1.99978
201708110800, 1.7322
201708110810, 1.7666
201708110820, 1.64431
201708110830, 1.62977
201708110840, 1.58496
201708110850, 1.20085
201708110900, 1.03234
201708110910, 1.17448
201708110920, 0.582248
201708110930, 0
201708110940, 0
201708110950, 0
201708111000, 0.000651042
201708111010, 0.000217014
201708111020, 0.0148655
201708111030, 0.0915799
201708111040, 0.273221
201708111050, 0.316189
201708111100, 0.757053
201708111110, 0.864366
201708111120, 1.21604
201708111130, 1.04829
201708111140, 1.61404
201708111150, 2.60232
201708111200, 3.22027
201708111210, 3.46072
201708111220, 3.69976
201708111230, 3.61556
201708111240, 3.52778
201708111250, 3.41124
201708111300, 3.26432
201708111310, 3.3776
201708111320, 2.85601
201708111330, 2.66819
201708111340, 2.63553
201708111350, 2.47114
201708111400, 2.47407
201708111410, 2.18696
201708111420, 2.05762
201708111430, 1.73698
201708111440, 1.43262
201708111450, 1.39171
201708111500, 1.63433
201708111510, 1.27159
201708111520, 1.26487
201708111530, 1.16732
201708111540, 1.35341
201708111550, 1.24588
201708111600, 1.32378
201708111610, 1.56836
201708111620, 1.27105
201708111630, 1.60471
201708111640, 1.13672
201708111650, 1.02951
201708111700, 1.0995
201708111710, 1.12164
201708111720, 1.03678
201708111730, 1.04047
201708111740, 0.783637
201708111750, 0.835395
201708111800, 0.743056
201708111810, 0.689996
201708111820, 1.17133
201708111830, 0.998589
201708111840, 1.53993
201708111850, 1.80219
201708111900, 1.67676
201708111910, 1.75944
201708111920, 1.95247
201708111930, 2.02941
201708111940, 1.93544
201708111950, 1.8801
201708112000, 1.98199
201708112010, 2.01986
201708112020, 1.8827
201708112030, 1.96463
201708112040, 1.83832
201708112050, 1.87977
201708112100, 1.86491
201708112110, 1.90462
201708112120, 1.93522
201708112130, 1.84136
201708112140, 1.87771
201708112150, 1.8189
201708112200, 1.9656
201708112210, 1.93142
201708112220, 2.01638
201708112230, 1.91461
201708112240, 1.90278
201708112250, 1.83681
201708112300, 1.52094
201708112310, 1.37771
201708112320, 1.28353
201708112330, 1.27984
201708112340, 1.19173
201708112350, 1.14128
201708120000, 1.01443
201708120010, 0.805447
201708120020, 0.465169
201708120030, 0.679796
201708120040, 0.992621
201708120050, 1.31131
201708120100, 1.58529
201708120110, 1.90451
201708120120, 2.09701
201708120130, 1.42036
201708120140, 1.73589
201708120150, 2.20681
201708120200, 2.08485
201708120210, 1.02951
201708120220, 1.77669
201708120230, 0.184679
201708120240, 1.74023
201708120250, 1.94401
201708120300, 2.05393
201708120310, 1.21495
201708120320, 1.7092
201708120330, 1.3444
201708120340, 2.37511
201708120350, 1.30957
201708120400, 1.72428
201708120410, 1.42567
201708120420, 2.73166
201708120430, 2.22135
201708120440, 1.35352
201708120450, 0.858073
201708120500, 1.61046
201708120510, 0.71875
201708120520, 0.574436
201708120530, 0.230903
201708120540, 0.479058
201708120550, 0.158203
201708120600, 0.0211589
201708120610, 0.0530599
201708120620, 0.234809
201708120630, 0.14171
201708120640, 0.121745
201708120650, 0.177734
201708120700, 0.0491536
201708120710, 0.05523
201708120720, 0.0309245
201708120740, 0.031467
201708120750, 0.0515408
201708120800, 0.0251736
201708120810, 0.0015191
201708120820, 0.0587023
201708120830, 0.0885417
201708120840, 0.0277778
201708120850, 0.351454
201708120900, 0.168294
201708120910, 0.620009
201708120920, 0.22819
201708120930, 0.54286
201708120940, 0.692817
201708120950, 0.499566
201708121000, 0.461806
201708121010, 0.836372
201708121020, 0.912109
201708121030, 0.990451
201708121040, 0.75803
201708121050, 1.21994
201708121100, 0.912001
201708121110, 0.56326
201708121120, 0.13954
201708121130, 0.0297309
201708121140, 0.031684
201708121150, 0.696615
201708121200, 0.210829
201708121210, 0.276476
201708121220, 0.0893012
201708121230, 0.491862
201708121240, 0.426324
201708121250, 0.783095
201708121300, 1.07151
201708121310, 1.64355
201708121320, 0.887478
201708121330, 1.0242
201708121340, 1.23665
201708121350, 1.09852
201708121400, 1.51714
201708121410, 1.59093
201708121420, 1.52875
201708121430, 1.47526
201708121440, 1.3252
201708121450, 0.761393
201708121500, 0.739041
201708121510, 0.320964
201708121520, 0.168728
201708121530, 0.0883247
201708121540, 0.413086
201708121550, 0.433051
201708121600, 0.468099
201708121610, 0.2602
201708121620, 0.310981
201708121630, 0.601128
201708121640, 0.209635
201708121650, 0.244466
201708121700, 0.172418
201708121710, 0.449436
201708121720, 0.039388
201708121730, 0.326823
201708121740, 0.039822
201708121750, 0.0244141
201708121800, 0.0133464
201708121810, 0.0159505
201708121820, 0.0247396
201708121830, 0.0517578
201708121840, 0.0126953
201708121850, 0.127279
201708121900, 0
201708121910, 0.0304905
201708121920, 0
201708121930, 0
201708121940, 0.00499132
201708121950, 0.0238715
201708122000, 0.151476
201708122010, 0.0174696
201708122020, 0.0719401
201708122030, 0.0119358
201708122040, 0.00184462
201708122050, 0.0147569
201708122100, 0.0428602
201708122110, 0.0422092
201708122120, 0
201708122130, 0
201708122140, 0.260851
201708122150, 0.439128
201708122200, 0.427517
201708122210, 0.0428602
201708122220, 0.0763889
201708122230, 0.139214
201708122240, 0.0984158
201708122250, 0.181641
201708122300, 0.35612
201708122310, 0.0805122
201708122320, 0.0093316
201708122330, 0.162218
201708122340, 0.000108507
201708122350, 0
201708130000, 0.00748698
201708130010, 0.0899523
201708130020, 0
201708130030, 0.000651042
201708130040, 0.235894
201708130050, 0.039171
201708130100, 0.264865
201708130110, 0.145399
201708130120, 0.504123
201708130130, 0.16276
201708130140, 0.785482
201708130150, 0.117405
201708130200, 0.233507
201708130210, 0.284071
201708130220, 0.179796
201708130230, 0.0835503
201708130240, 0.0402561
201708130250, 0.304796
201708130300, 0.23036
201708130310, 0.130208
201708130320, 0.0587023
201708130330, 0.0798611
201708130340, 0.00965712
201708130350, 0.00889757
201708130400, 0.0402561
201708130410, 0.0355903
201708130420, 0.134766
201708130430, 0.0692274
201708130440, 0
201708130450, 0.00683594
201708130500, 0.0881076
201708130510, 0.339301
201708130520, 0.675564
201708130530, 0.753364
201708130540, 0.553819
201708130550, 0.548503
201708130600, 0.333984
201708130610, 0.444336
201708130620, 0.0489366
201708130630, 0.142361
201708130640, 0.304579
201708130650, 0.261827
201708130700, 0.198893
201708130710, 0.000325521
201708130720, 0.104058
201708130730, 0.208225
201708130740, 0.665039
201708130750, 0.421441
201708130800, 0.467448
201708130810, 0.455078
201708130820, 0.292209
201708130830, 0.815755
201708130840, 0.294922
201708130850, 0.00813802
201708130900, 0.128906
201708130910, 0.0576172
201708130920, 0.244683
201708130930, 0.177409
201708130940, 0.231988
201708130950, 0.304253
201708131000, 0.419379
201708131010, 0.396701
201708131020, 0.439453
201708131040, 0.185438
201708131050, 0.0110677
201708131100, 0.0062934
201708131110, 0.000217014
201708131120, 0.0353733
201708131130, 0.02398
201708131140, 0
201708131150, 0.00249566
201708131200, 0
201708131210, 0.000976562
201708131220, 0.0199653
201708131230, 0.0609809
201708131240, 0.0336372
201708131250, 0.186198
201708131300, 0.0193142
201708131310, 0
201708131320, 0.28201
201708131330, 0
201708131340, 0.022895
201708131350, 0.00726997
201708131400, 0.0209418
201708131410, 0.00336372
201708131420, 0.00705295
201708131430, 0.000434028
201708131440, 0.248806
201708131450, 0.0403646
201708131500, 0.00195312
201708131510, 0.00520833
201708131520, 0.000651042
201708131530, 0.046658
201708131540, 0.0452474
201708131550, 0.0046658
201708131600, 0.0717231
201708131610, 0.0817057
201708131620, 0.0117188
201708131630, 0.0155165
201708131640, 0.0487196
201708131650, 0.0183377
201708131700, 0.00108507
201708131740, 0.139214
201708131750, 0.0506727
201708131800, 0.0328776
201708131810, 0.0742188
201708131820, 0.0899523
201708131830, 0.0100911
201708131840, 0.0159505
201708131850, 0.17947
201708131900, 0.636936
201708131910, 0.556207
201708131920, 0.336697
201708131930, 0.219835
201708131940, 0.371636
201708131950, 0.756185
201708132000, 0.424479
201708132010, 0.229601
201708132020, 0.600043
201708132030, 0.157227
201708132040, 0.127604
201708132050, 0.0179036
201708132100, 0.0116102
201708132110, 0.000108507
201708132120, 0.000542535
201708132130, 0.118273
201708132140, 0.00206163
201708132150, 0.00911458
201708132200, 0.0762804
201708132210, 0.0249566
201708132220, 0.00368924
201708132230, 0.030599
201708132240, 0.00206163
201708132250, 0.0141059
201708132300, 0
201708132310, 0
201708132320, 0
201708132330, 0
201708132340, 0
201708132350, 0
201708140000, 0.00206163
201708140010, 0.00303819
201708140020, 0.00998264
201708140030, 0.0297309
201708140040, 0.0546875
201708140050, 0.237956
201708140100, 0.128364
201708140110, 0.198025
201708140120, 0.589301
201708140130, 0.528971
201708140140, 1.25727
201708140150, 1.48828
201708140200, 2.47895
201708140210, 2.76866
201708140220, 2.90701
201708140230, 1.89898
201708140240, 1.97982
201708140250, 2.24165
201708140300, 2.27691
201708140310, 2.48014
201708140320, 2.90506
201708140330, 3.19868
201708140340, 3.30675
201708140350, 3.41667
201708140400, 3.51562
201708140410, 3.89865
201708140420, 3.92936
201708140430, 3.79861
201708140440, 4.1135
201708140450, 3.80816
201708140500, 4.0523
201708140510, 3.44379
201708140520, 3.24707
201708140530, 2.71539
201708140540, 2.18793
201708140550, 2.36372
201708140600, 1.51248
201708140610, 1.8648
201708140620, 1.91873
201708140630, 1.1123
201708140640, 1.46495
201708140650, 1.48698
201708140700, 0.156684
201708140710, 0.37793
201708140720, 0.864041
201708140730, 0.0202908
201708140740, 0.232422
201708140750, 0.0108507
201708140800, 0.0634766
201708140810, 0.0483941
201708140820, 0.046224
201708140830, 0.00954861
201708140840, 0.0016276
201708140850, 0.0245226
201708140900, 0.0616319
201708140910, 0.023112
201708140920, 0.00282118
201708140930, 0.000759549
201708140940, 0.00965712
201708140950, 0
201708141000, 0
201708141010, 0
201708141020, 0.00195312
201708141030, 0.00119358
201708141040, 0.00434028
201708141050, 0.0133464
201708141100, 0.00553385
201708141110, 0.0264757
201708141120, 0.0094401
201708141130, 0.00444878
201708141140, 0.00889757
201708141150, 0.0112847
201708141200, 0.149523
201708141210, 0.0146484
201708141220, 0.0161675
201708141230, 0.00379774
201708141240, 0.00444878
201708141250, 0.0120443
201708141300, 0.00271267
201708141310, 0.0850694
201708141320, 0
201708141330, 0.0128038
201708141340, 0.0177951
201708141350, 0.00965712
201708141400, 0.0589193
201708141410, 0.0180122
201708141420, 0.106337
201708141430, 0.231337
201708141440, 0.00900608
201708141450, 0.00585938
201708141500, 0.00585938
201708141510, 0
201708141520, 0
201708141530, 0.000217014
201708141540, 0
201708141550, 0.0262587
201708141600, 0.0093316
201708141610, 0.00585938
201708141620, 0.0782335
201708141630, 0.0655382
201708141640, 0.304905
201708141650, 0.0915799
201708141700, 0.495877
201708141710, 0
201708141720, 0.144423
201708141730, 0.0680339
201708141740, 0.296658
201708141750, 0.0423177
201708141800, 0.390842
201708141810, 0.0414497
201708141820, 0.0190972
201708141830, 0.0973307
201708141840, 0.062717
201708141850, 0.338325
201708141900, 0.137261
201708141910, 0.0225694
201708141920, 0.115994
201708141930, 0.0652127
201708141940, 0.16862
201708141950, 0.0193142
201708142000, 0.125326
201708142010, 0.128038
201708142020, 0.0909288
201708142030, 0.102105
201708142040, 0.0526259
201708142050, 0.165799
201708142100, 0.03852
201708142110, 0.0436198
201708142120, 0.0193142
201708142130, 0.0358073
201708142140, 0.00607639
201708142150, 0.0224609
201708142200, 0.00303819
201708142210, 0.0146484
201708142220, 0.00726997
201708142230, 0.016276
201708142240, 0.0113932
201708142250, 0.0113932
201708142300, 0.0046658
201708142310, 0.00217014
201708142320, 0.0180122
201708142330, 0.00119358
201708142340, 0.000434028
201708142350, 0
201708150000, 0.00260417
201708150010, 0.00553385
201708150020, 0.000108507
201708150030, 0.267036
201708150040, 0.369575
201708150050, 0.511719
201708150100, 0.67296
201708150110, 0.583225
201708150120, 1.05013
201708150130, 1.35992
201708150140, 0.977105
201708150150, 1.5918
201708150200, 1.27279
201708150210, 0.902452
201708150220, 1.26421
201708150230, 1.45909
201708150240, 2.45193
201708150250, 1.83247
201708150300, 2.31098
201708150310, 2.0229
201708150320, 1.94976
201708150330, 2.46723
201708150340, 2.20855
201708150350, 2.13791
201708150400, 2.11838
201708150410, 2.7526
201708150420, 2.27452
201708150430, 3.11198
201708150440, 2.47721
201708150450, 2.46376
201708150500, 2.199
201708150510, 2.38129
201708150520, 2.95931
201708150530, 2.54915
201708150540, 2.35883
201708150550, 2.07357
201708150600, 2.0995
201708150610, 1.83398
201708150620, 1.662
201708150630, 1.68631
201708150640, 1.81782
201708150650, 1.14865
201708150700, 1.64041
201708150710, 1.42112
201708150720, 1.22537
201708150730, 0.60829
201708150740, 0.638238
201708150750, 0.0820312
201708150800, 0.283963
201708150820, 0.516385
201708150830, 0.313477
201708150840, 1.57335
201708150900, 0.175564
201708150910, 0.0712891
201708150920, 0.0666233
201708150930, 0.00813802
201708150940, 0.00184462
201708150950, 0.00900608
201708151000, 0.0368924
201708151010, 0.0174696
201708151020, 0.00336372
201708151030, 0.0243056
201708151040, 0.00770399
201708151050, 0.00108507
201708151100, 0.0117188
201708151110, 0.00292969
201708151120, 0.0031467
201708151130, 0.00683594
201708151140, 0.0046658
201708151150, 0.00423177
201708151200, 0.00878906
201708151210, 0.0123698
201708151220, 0.00499132
201708151230, 0.0261502
201708151240, 0
201708151250, 0.0115017
201708151300, 0.0243056
201708151310, 0.0694444
201708151320, 0.187934
201708151330, 0.196181
201708151340, 0.681532
201708151350, 0.610894
201708151400, 0.725369
201708151410, 0.9477
201708151420, 0.830729
201708151430, 0.85102
201708151440, 0.965278
201708151450, 0.972656
201708151500, 0.695855
201708151510, 0.8023
201708151520, 0.383355
201708151530, 0.560981
201708151540, 0.525825
201708151550, 0.340929
201708151600, 0.0296224
201708151610, 0.00347222
201708151620, 0.023763
201708151630, 0.217665
201708151640, 0.113498
201708151650, 0
201708151700, 0
201708151710, 0
201708151720, 0.0015191
201708151730, 0.0225694
201708151740, 0
201708151750, 0.000217014
201708151800, 0.00857205
201708151810, 0.125434
201708151820, 0.000217014
201708151830, 0.141059
201708151840, 0.00868056
201708151850, 0.200412
201708151900, 0.0236545
201708151910, 0.132161
201708151920, 0.0755208
201708151930, 0.291558
201708151940, 0.56543
201708151950, 0.479167
201708152000, 0.158637
201708152010, 0.443685
201708152020, 0.292535
201708152030, 0.578993
201708152040, 0.455187
201708152050, 0.0334201
201708152100, 0.0823568
201708152110, 0
201708152120, 0.0977648
201708152130, 0.00770399
201708152140, 0
201708152150, 0
201708152200, 0
201708152210, 0.000651042
201708152220, 0
201708152240, 0.101454
201708152250, 0.449327
201708152300, 0.00911458
201708152310, 0.0172526
201708152320, 0.0528429
201708152330, 0.293511
201708152340, 0.168077
201708152350, 0.00238715
201708160000, 0.0957031
201708160010, 0.503581
201708160020, 0
201708160030, 0.296983
201708160040, 0.0373264
201708160050, 0.229167
201708160100, 0.587565
201708160110, 0.0796441
201708160120, 0.0898438
201708160130, 0.441298
201708160140, 0.115668
201708160150, 0.22526
201708160200, 0.199761
201708160210, 0.117405
201708160220, 0.0844184
201708160230, 0.0671658
201708160240, 0.0166016
201708160250, 0.267578
201708160300, 0.195855
201708160310, 0.0252821
201708160320, 0
201708160330, 0.224175
201708160340, 0.151801
201708160350, 0.439562
201708160400, 0.15332
201708160410, 0.366211
201708160420, 0.15408
201708160430, 0
201708160440, 0.00813802
201708160450, 0.61697
201708160500, 0
201708160510, 0.339952
201708160520, 0.446289
201708160530, 0.484158
201708160540, 0.229818
201708160550, 0.142253
201708160600, 0.0529514
201708160610, 0.481445
201708160620, 0.525499
201708160630, 0.181207
201708160640, 0.0390625
201708160650, 0.263455
201708160700, 0.130208
201708160710, 0.131402
201708160720, 0.215169
201708160730, 0.0141059
201708160740, 0.110786
201708160750, 0.0983073
201708160800, 0.323568
201708160810, 0.00585938
201708160820, 0.0482856
201708160830, 0.00390625
201708160840, 0.0463325
201708160850, 0.0307075
201708160900, 0.0815972
201708160910, 0.234809
201708160920, 0.0600043
201708160930, 0.104818
201708160940, 0.158746
201708160950, 0.150499
201708161000, 0.00292969
201708161010, 0.0537109
201708161020, 0.0244141
201708161030, 0.0452474
201708161040, 0.145074
201708161050, 0.0463325
201708161100, 0.259874
201708161110, 0.351888
201708161120, 0.195095
201708161130, 0.0981988
201708161150, 0.0185547
201708161200, 0.0847439
201708161210, 0.552626
201708161220, 0.0489366
201708161230, 0.21441
201708161240, 0.0793186
201708161250, 0.0046658
201708161300, 0.015625
201708161310, 0.0119358
201708161320, 0
201708161330, 0.00173611
201708161340, 0.00412326
201708161350, 0.0217014
201708161400, 0.0222439
201708161410, 0.0352648
201708161420, 0.0542535
201708161430, 0.0456814
201708161440, 0.0481771
201708161450, 0.0277778
201708161500, 0.0325521
201708161510, 0.0170356
201708161520, 0.0101997
201708161530, 0.0238715
201708161540, 0.0193142
201708161550, 0.000108507
201708161600, 0.000325521
201708161610, 0.00368924
201708161620, 0.0129123
201708161630, 0.00206163
201708161640, 0.281467
201708161650, 0.00325521
201708161700, 0.00303819
201708161710, 0.0203993
201708161720, 0.0203993
201708161730, 0.0323351
201708161740, 0
201708161750, 0.00336372
201708161800, 0.00347222
201708161810, 0.0016276
201708161820, 0.0142144
201708161830, 0.00347222
201708161840, 0
201708161850, 0.00119358
201708161900, 0.000108507
201708161910, 0.00520833
201708161920, 0.0078125
201708161930, 0
201708161940, 0
201708161950, 0.000434028
201708162000, 0.000108507
201708162010, 0.000651042
201708162020, 0
201708162030, 0.0176866
201708162040, 0.000976562
201708162050, 0.00694444
201708162100, 0.166016
201708162110, 0.00379774
201708162120, 0.110786
201708162130, 0.00998264
201708162140, 0
201708162150, 0
201708162200, 0.000108507
201708162210, 0
201708162220, 0
201708162230, 0
201708162240, 0
201708162250, 0
201708162300, 0.191189
201708162310, 0.120985
201708162320, 0.106554
201708162330, 0.00368924
201708162340, 0.00336372
201708162350, 0.00282118
201708170000, 0.0646701
201708170010, 0.00119358
201708170020, 0.0136719
201708170030, 0.023112
201708170040, 0.000108507
201708170050, 0.00141059
201708170100, 0.271376
201708170110, 0.0903863
201708170120, 0.00227865
201708170130, 0.0404731
201708170140, 0.681641
201708170150, 0.0444878
201708170200, 1.2844
201708170210, 0.145074
201708170220, 0.252604
201708170230, 0.802083
201708170240, 0.0928819
201708170250, 0.0509983
201708170300, 0.279731
201708170310, 0.0143229
201708170320, 0.0230035
201708170330, 0.128472
201708170340, 0.137044
201708170350, 0.0265842
201708170400, 0.0685764
201708170410, 0.0147569
201708170420, 0.0763889
201708170430, 0.000542535
201708170440, 0.0122613
201708170450, 0.00564236
201708170500, 0
201708170510, 0.639431
201708170520, 0.69184
201708170530, 0.727756
201708170540, 0.59809
201708170550, 1.62023
201708170600, 0.460178
201708170610, 0.263997
201708170620, 0.288194
201708170630, 0.0707465
201708170640, 0.0284288
201708170650, 0.21582
201708170700, 0.100586
201708170710, 0.693576
201708170720, 0.823893
201708170730, 0.363715
201708170740, 1.25141
201708170750, 0.90701
201708170800, 2.4388
201708170810, 1.87218
201708170820, 1.93663
201708170830, 2.04753
201708170840, 1.51942
201708170850, 1.75608
201708170900, 1.31445
201708170910, 1.46343
201708170920, 2.36773
201708170930, 2.90788
201708170940, 3.05783
201708170950, 3.20009
201708171000, 2.50109
201708171010, 2.52029
201708171020, 3.2423
201708171030, 3.64214
201708171040, 4.13704
201708171050, 4.33496
201708171100, 3.47428
201708171110, 2.46007
201708171120, 1.91916
201708171130, 1.69748
201708171140, 1.01118
201708171150, 1.02962
201708171200, 0.967014
201708171210, 0.696506
201708171220, 0.457791
201708171230, 0.33941
201708171240, 0.288411
201708171250, 0.3125
201708171300, 0.124349
201708171310, 0.0173611
201708171320, 0.116211
201708171330, 0.0266927
201708171340, 0.00596788
201708171350, 0.213433
201708171400, 0.0912543
201708171410, 0.259549
201708171420, 0.22168
201708171430, 0.430664
201708171440, 0.379774
201708171450, 0.616102
201708171500, 0.523112
201708171510, 0.396484
201708171520, 0.461046
201708171530, 0.143663
201708171540, 0.543294
201708171550, 0.176107
201708171600, 0.0253906
201708171610, 0.039605
201708171620, 0.00249566
201708171630, 0.141602
201708171640, 0.14681
201708171650, 0.131402
201708171700, 0.0762804
201708171710, 0.0291884
201708171720, 0.00358073
201708171730, 0.0364583
201708171740, 0.0252821
201708171750, 0.120443
201708171800, 0.135851
201708171810, 0.0991753
201708171820, 0.0985243
201708171830, 0.100152
201708171840, 0.375434
201708171850, 0.127713
201708171900, 0.172092
201708171910, 0.540582
201708171920, 0.556641
201708171930, 0.160916
201708171940, 0.229709
201708171950, 0.374674
201708172000, 0.196723
201708172010, 0.122287
201708172020, 0.328885
201708172030, 0.225586
201708172040, 0.333442
201708172050, 0.198785
201708172100, 0.303711
201708172110, 0.236871
201708172120, 0.571832
201708172130, 0.251085
201708172140, 0.304036
201708172150, 0.318034
201708172200, 0.287652
201708172210, 0.331814
201708172220, 0.328885
201708172230, 0.246745
201708172240, 0.212131
201708172250, 0.228841
201708172300, 0.138346
201708172310, 0.0763889
201708172320, 0.0180122
201708172330, 0.000434028
201708172340, 0.00542535
201708172350, 0.00303819
201708180000, 0.00260417
201708180010, 0.00390625
201708180020, 0.0227865
201708180030, 0.253255
201708180040, 0.919922
201708180050, 1.5752
201708180100, 1.82574
201708180110, 2.43099
201708180120, 3.1671
201708180130, 3.78092
201708180140, 4.00868
201708180150, 4.24316
201708180200, 4.59321
201708180210, 4.94607
201708180220, 5.05469
201708180230, 5.35406
201708180240, 5.65365
201708180250, 5.57823
201708180300, 5.61089
201708180310, 5.4031
201708180320, 5.16309
201708180330, 4.889
201708180340, 4.54774
201708180350, 4.38856
201708180400, 3.49555
201708180410, 3.46354
201708180420, 3.33247
201708180430, 3.61328
201708180440, 3.02626
201708180450, 2.38325
201708180500, 2.46636
201708180510, 1.88357
201708180520, 1.4719
201708180530, 1.29362
201708180540, 1.59429
201708180550, 0.160156
201708180600, 0.297309
201708180610, 0.612956
201708180620, 0.704861
201708180630, 0.984701
201708180640, 0.459852
201708180650, 1.07921
201708180700, 1.0179
201708180710, 0.157227
201708180720, 0.234592
201708180730, 0.535916
201708180740, 0.295139
201708180750, 0.159288
201708180800, 0.155707
201708180810, 0.387804
201708180820, 1.22928
201708180830, 1.7474
201708180840, 1.34701
201708180850, 0.481771
201708180900, 0.0177951
201708180910, 0.000217014
201708180920, 0
201708180930, 0
201708180940, 0.0203993
201708180950, 0.304145
201708181000, 0
201708181010, 0
201708181020, 0
201708181030, 0.000434028
201708181040, 0
201708181050, 0.00130208
201708181100, 0.269531
201708181110, 0.160373
201708181120, 0.473633
201708181130, 0.458442
201708181140, 0.785048
201708181150, 1.09234
201708181200, 1.25977
201708181210, 1.69846
201708181220, 1.81771
201708181230, 2.99338
201708181240, 3.78516
201708181250, 4.2474
201708181300, 4.53819
201708181310, 4.6173
201708181320, 4.62695
201708181330, 5.46799
201708181340, 6.09592
201708181350, 6.69206
201708181400, 6.71984
201708181410, 6.21452
201708181420, 6.19727
201708181430, 6.13336
201708181440, 5.09527
201708181450, 5.39909
201708181500, 5.58691
201708181510, 5.90658
201708181520, 5.77626
201708181530, 5.71235
201708181540, 5.64095
201708181550, 5.8214
201708181600, 5.56521
201708181610, 5.22613
201708181620, 5.37858
201708181630, 5.18338
201708181640, 5.42871
201708181650, 5.19716
201708181700, 5.31532
201708181710, 5.18685
201708181720, 5.48622
201708181730, 5.09766
201708181740, 4.90723
201708181750, 4.93077
201708181800, 4.48904
201708181810, 4.93153
201708181820, 4.80436
201708181830, 5.11491
201708181840, 4.66243
201708181850, 4.62088
201708181900, 4.49425
201708181910, 4.18316
201708181920, 3.95497
201708181930, 4.07183
201708181940, 3.50836
201708181950, 3.72895
201708182000, 3.21257
201708182010, 2.97255
201708182020, 2.66189
201708182030, 2.89779
201708182040, 2.97125
201708182050, 3.04438
201708182100, 3.11947
201708182110, 3.07389
201708182120, 2.56619
201708182130, 2.42101
201708182140, 2.56293
201708182150, 2.14247
201708182200, 2.1671
201708182210, 1.88173
201708182220, 1.83605
201708182230, 1.37457
201708182240, 1.27745
201708182250, 1.36599
201708182300, 1.10069
201708182310, 1.0701
201708182320, 0.317274
201708182330, 0.219944
201708182340, 0.189236
201708182350, 0.399957
201708190000, 0.11697
201708190010, 0.108507
201708190020, 0.282986
201708190030, 0.426541
201708190040, 0.306315
201708190050, 0.13954
201708190100, 0.247287
201708190110, 0.0251736
201708190120, 0.224392
201708190130, 0.166341
201708190140, 0.0883247
201708190150, 0.754123
201708190200, 0.363281
201708190210, 0.484701
201708190220, 1.37565
201708190230, 1.51042
201708190240, 1.47548
201708190250, 0.692057
201708190300, 0.987739
201708190310, 0.849935
201708190320, 1.65712
201708190330, 2.73025
201708190340, 2.56934
201708190350, 2.56662
201708190400, 3.30816
201708190410, 2.43251
201708190420, 2.48188
201708190430, 2.69716
201708190440, 2.72298
201708190450, 2.59462
201708190500, 2.5013
201708190510, 2.96235
201708190520, 2.68251
201708190530, 3.35514
201708190540, 3.14952
201708190550, 3.67253
201708190600, 2.60471
201708190610, 2.57422
201708190620, 2.27474
201708190630, 2.47559
201708190640, 1.76183
201708190650, 2.21821
201708190700, 1.87467
201708190710, 2.96007
201708190720, 2.51964
201708190730, 1.93414
201708190740, 1.98969
201708190750, 2.20432
201708190800, 1.42144
201708190810, 1.5931
201708190820, 1.68392
201708190830, 2.46213
201708190840, 2.06944
201708190850, 1.71875
201708190900, 1.81923
201708190910, 1.83854
201708190920, 1.47797
201708190930, 1.36133
201708190940, 1.53125
201708190950, 1.58529
201708191000, 1.94358
201708191010, 1.58279
201708191020, 1.2194
201708191030, 1.25543
201708191040, 0.901259
201708191050, 0.586372
201708191100, 0.874783
201708191110, 1.0651
201708191120, 1.1084
201708191130, 0.823785
201708191140, 1.4541
201708191150, 1.31098
201708191200, 1.17773
201708191210, 1.0497
201708191220, 0.652235
201708191230, 0.360352
201708191240, 0.342231
201708191250, 0.691189
201708191300, 0.660156
201708191310, 0.418403
201708191320, 0.758464
201708191330, 0.598958
201708191340, 1.07031
201708191350, 1.09646
201708191400, 1.36957
201708191410, 1.39442
201708191420, 2.08301
201708191430, 1.98264
201708191440, 2.15809
201708191450, 2.01964
201708191500, 1.98991
201708191510, 1.7908
201708191520, 1.9464
201708191530, 1.29253
201708191540, 1.18913
201708191550, 1.3074
201708191600, 1.45074
201708191610, 1.59212
201708191620, 2.04633
201708191630, 2.07802
201708191640, 2.3074
201708191650, 2.37771
201708191700, 2.4617
201708191710, 2.12402
201708191720, 2.05914
201708191730, 2.43696
201708191740, 2.83995
201708191750, 2.55816
201708191800, 1.90386
201708191810, 2.29536
201708191820, 2.00022
201708191830, 1.56651
201708191840, 1.82585
201708191850, 1.63292
201708191900, 1.50684
201708191910, 1.23069
201708191920, 1.57932
201708191930, 1.79351
201708191940, 1.15115
201708191950, 1.23058
201708192000, 1.31597
201708192010, 1.83984
201708192020, 1.41764
201708192030, 1.33084
201708192040, 1.22982
201708192050, 1.11263
201708192100, 0.989909
201708192110, 0.760308
201708192120, 0.867188
201708192130, 0.335286
201708192140, 0.450195
201708192150, 0.362196
201708192200, 0.686089
201708192210, 0.822157
201708192220, 0.48546
201708192230, 0.722331
201708192240, 0.758898
201708192250, 0.829102
201708192300, 0.728516
201708192310, 0.703342
201708192320, 0.76671
201708192330, 0.880317
201708192340, 0.633464
201708192350, 0.363173
201708200000, 0.362847
201708200010, 0.39605
201708200020, 0.00651042
201708200030, 0.0890842
201708200040, 0.0639106
201708200050, 0.0800781
201708200100, 0.0182292
201708200110, 0.0093316
201708200120, 0.0108507
201708200130, 0.000542535
201708200140, 0.00206163
201708200150, 0.00737847
201708200200, 0.000434028
201708200210, 0.00292969
201708200220, 0.0139974
201708200230, 0.0276693
201708200240, 0.106662
201708200250, 0.116645
201708200300, 0.000325521
201708200310, 0.0218099
201708200320, 0.135417
201708200330, 0.25727
201708200340, 0.374783
201708200350, 0.117296
201708200400, 0.00488281
201708200410, 0.00716146
201708200420, 0.0103082
201708200430, 0
201708200440, 0.118056
201708200450, 0.014974
201708200500, 0.166341
201708200510, 0.0360243
201708200520, 0.046441
201708200530, 0.0221354
201708200540, 0
201708200550, 0.0745443
201708200600, 0.0915799
201708200610, 0.0889757
201708200620, 0
201708200630, 0.000325521
201708200640, 0.0016276
201708200650, 0.00238715
201708200700, 0.000108507
201708200710, 0
201708200720, 0.000434028
201708200730, 0.00173611
201708200740, 0.00260417
201708200750, 0.00683594
201708200800, 0.00379774
201708200810, 0.00141059
201708200820, 0.0489366
201708200830, 0.186632
201708200840, 0.802843
201708200850, 0.532769
201708200900, 0
201708200910, 0.336589
201708200920, 0.174371
201708200930, 0.485786
201708200940, 0.0133464
201708200950, 0.0175781
201708201000, 0.0016276
201708201010, 0.00596788
201708201020, 0.237956
201708201030, 0.104384
201708201040, 0.199002
201708201050, 0.156033
201708201100, 0.243056
201708201110, 0.0291884
201708201120, 0.0528429
201708201130, 0.0109592
201708201140, 0.00868056
201708201150, 0.0152995
201708201210, 0.707465
201708201220, 0.645942
201708201230, 0.463976
201708201240, 0.425456
201708201250, 0.456814
201708201300, 0.33941
201708201310, 0.00835503
201708201320, 0.125651
201708201330, 0.0630425
201708201340, 0.120768
201708201350, 0.00737847
201708201400, 0.0536024
201708201410, 0.0569661
201708201420, 0
201708201430, 0.014974
201708201440, 0
201708201450, 0.104709
201708201500, 0.0061849
201708201510, 0.0786675
201708201520, 0.250977
201708201530, 0.100043
201708201540, 0.223741
201708201550, 0.390734
201708201600, 0.501085
201708201610, 0.0823568
201708201620, 0.150065
201708201630, 0.464952
201708201640, 0.526476
201708201650, 0.181966
201708201700, 0.457357
201708201710, 0.112739
201708201720, 0.00499132
201708201730, 0.0401476
201708201740, 0.0108507
201708201750, 0.0225694
201708201800, 0.0094401
201708201810, 0.00217014
201708201820, 0.015625
201708201830, 0.039171
201708201840, 0.024197
201708201850, 0.0046658
201708201900, 0.00195312
201708201910, 0.00596788
201708201920, 0.00292969
201708201930, 0.0653212
201708201940, 0.0202908
201708201950, 0.00336372
201708202000, 0.0922309
201708202010, 0.00683594
201708202020, 0.00694444
201708202030, 0.0360243
201708202040, 0.0209418
201708202050, 0.337131
201708202100, 0.00824653
201708202110, 0.367622
201708202120, 0.350152
201708202130, 0.383789
201708202140, 0.421875
201708202150, 0.3023
201708202200, 0.0217014
201708202210, 0.202148
201708202220, 0.140951
201708202230, 0.00661892
201708202240, 0
201708202250, 0.00130208
201708202300, 0.0294054
201708202310, 0.00726997
201708202320, 0.00227865
201708202330, 0.00412326
201708202340, 0.00509983
201708202350, 0.00217014
201708210000, 0.00499132
201708210010, 0.0164931
201708210020, 0.0341797
201708210030, 0.817491
201708210040, 0.735569
201708210050, 0.390082
201708210100, 0.13303
201708210110, 1.28505
201708210120, 1.52246
201708210130, 2.04058
201708210140, 2.3597
201708210150, 2.52572
201708210200, 2.31565
201708210210, 2.3941
201708210220, 2.49696
201708210230, 2.72624
201708210240, 2.65658
201708210250, 2.73622
201708210300, 2.95747
201708210310, 2.81825
201708210320, 2.49653
201708210330, 2.71246
201708210340, 2.62348
201708210350, 2.1148
201708210400, 3.05599
201708210410, 2.42415
201708210420, 2.34028
201708210430, 2.1939
201708210440, 1.65527
201708210450, 1.95757
201708210500, 2.02669
201708210510, 1.60927
201708210520, 1.16667
201708210530, 0.149631
201708210540, 0.660699
201708210550, 0.741428
201708210600, 0.82628
201708210610, 0.242188
201708210620, 0.264106
201708210630, 0.301215
201708210640, 0.0207248
201708210650, 0.0505642
201708210700, 0
201708210710, 0.00217014
201708210720, 0.00379774
201708210730, 0.00238715
201708210740, 0.00499132
201708210750, 0.00227865
201708210800, 0.0170356
201708210810, 0.000108507
201708210820, 0.132595
201708210830, 0.116211
201708210840, 0.0439453
201708210850, 0.000976562
201708210900, 0.000976562
201708210910, 0.000217014
201708210920, 0.000976562
201708210930, 0.00868056
201708210940, 0.00130208
201708210950, 0.0188802
201708211000, 0.0368924
201708211010, 0.00423177
201708211030, 0
201708211040, 0
201708211050, 0.00726997
201708211100, 0
201708211110, 0.00108507
201708211120, 0.0124783
201708211130, 0.0031467
201708211140, 0.0031467
201708211150, 0.00759549
201708211200, 0.00249566
201708211210, 0.00217014
201708211220, 0.000325521
201708211230, 0.0123698
201708211240, 0.00792101
201708211250, 0.00499132
201708211300, 0.00998264
201708211310, 0.00238715
201708211320, 0.0132378
201708211330, 0.0190972
201708211340, 0.0103082
201708211350, 0.0190972
201708211400, 0.0136719
201708211410, 0.0222439
201708211420, 0.0754123
201708211430, 0.279731
201708211440, 0.230903
201708211450, 0.289714
201708211500, 0.350586
201708211510, 0.491536
201708211520, 0.563585
201708211530, 0.645725
201708211540, 0.682617
201708211550, 0.599067
201708211600, 0.471354
201708211610, 0.318685
201708211620, 0.338433
201708211630, 0.22092
201708211640, 0.0883247
201708211650, 0.176866
201708211700, 0.12283
201708211710, 0.0198568
201708211720, 0.038954
201708211730, 0.0286458
201708211740, 0.0367839
201708211750, 0.123589
201708211800, 0.00737847
201708211810, 0.0104167
201708211820, 0.0211589
201708211830, 0.00401476
201708211840, 0.0201823
201708211850, 0.0157335
201708211900, 0.0249566
201708211910, 0.00998264
201708211920, 0.00477431
201708211930, 0.0345052
201708211940, 0.440647
201708212000, 0.0444878
201708212010, 0.00184462
201708212020, 0.0271267
201708212030, 0.177517
201708212040, 0.00303819
201708212050, 0.00195312
201708212100, 0.00759549
201708212110, 0.00217014
201708212120, 0.0124783
201708212130, 0.00748698
201708212140, 0.0147569
201708212150, 0.0157335
201708212200, 0.015408
201708212210, 0.00358073
201708212220, 0.0107422
201708212230, 0.0170356
201708212240, 0
201708212250, 0
201708212300, 0
201708212310, 0.000108507
201708212320, 0
201708212330, 0
201708212340, 0
201708212350, 0.153971
201708220000, 0.00813802
201708220010, 0.0166016
201708220020, 0.0236545
201708220030, 0.00379774
201708220040, 0.0112847
201708220050, 0.0282118
201708220100, 0.0143229
201708220110, 0.00987413
201708220120, 0.162435
201708220130, 0.181749
201708220140, 0.175456
201708220150, 0.0273438
201708220200, 0
201708220210, 0.18099
201708220220, 0
201708220230, 0.0364583
201708220240, 0.0562066
201708220250, 0.0749783
201708220300, 0.910156
201708220310, 0.974826
201708220320, 0.559136
201708220330, 0.503472
201708220340, 0.187283
201708220350, 1.38531
201708220400, 0.683485
201708220410, 1.15668
201708220420, 1.35894
201708220430, 0.806532
201708220440, 0.56977
201708220450, 0.818359
201708220500, 0.792752
201708220510, 1.70681
201708220520, 2.66569
201708220530, 2.13921
201708220540, 2.2576
201708220550, 1.51042
201708220600, 1.00933
201708220610, 0.726345
201708220620, 1.62652
201708220630, 1.31684
201708220640, 1.14616
201708220650, 1.52062
201708220700, 0.729167
201708220710, 1.08615
201708220720, 1.09223
201708220730, 0.240017
201708220740, 0.226562
201708220750, 0.586806
201708220800, 0.172526
201708220810, 0.332031
201708220820, 0.760525
201708220830, 3.00586
201708220840, 4.15321
201708220850, 2.49132
201708220900, 0.614366
201708220910, 0.163737
201708220920, 0.055013
201708220930, 0.00347222
201708220940, 0.0891927
201708220950, 0.210286
201708221000, 0.296115
201708221010, 0.400716
201708221020, 0.443034
201708221030, 0.382161
201708221040, 0.665582
201708221050, 0.589301
201708221100, 0.230577
201708221110, 0.14681
201708221120, 0.234918
201708221130, 0.345812
201708221140, 0.310113
201708221150, 0.733724
201708221200, 0.97385
201708221210, 0.243815
201708221220, 0.65332
201708221230, 0.941406
201708221240, 1.41808
201708221250, 1.79199
201708221300, 1.95388
201708221310, 1.9796
201708221320, 1.89193
201708221330, 1.81955
201708221340, 1.4171
201708221350, 0.515842
201708221400, 0.862088
201708221410, 0.307726
201708221420, 0.0633681
201708221430, 0.216688
201708221440, 0.140408
201708221450, 0.205729
201708221500, 0.200195
201708221510, 0.0642361
201708221520, 0.193685
201708221530, 0.448568
201708221540, 0.800998
201708221550, 0.841037
201708221600, 0.872721
201708221610, 0.570421
201708221620, 0.643555
201708221630, 0.750977
201708221640, 0.525391
201708221650, 0.686523
201708221700, 0.684896
201708221710, 0.689996
201708221720, 0.795247
201708221730, 0.977973
201708221740, 0.86849
201708221750, 0.6773
201708221800, 0.949761
201708221810, 0.853841
201708221820, 0.865234
201708221830, 0.62717
201708221840, 0.357964
201708221850, 0.273872
201708221900, 0.246636
201708221910, 0.400608
201708221920, 0.389648
201708221930, 0.361654
201708221940, 0.28201
201708221950, 0.500543
201708222000, 0.408746
201708222010, 0.310872
201708222020, 0.293945
201708222030, 0.347331
201708222040, 0.571832
201708222050, 0.362739
201708222100, 0.490017
201708222110, 0.578451
201708222120, 0.832791
201708222130, 0.740343
201708222140, 0.64974
201708222150, 0.430013
201708222200, 0.237413
201708222210, 0.00564236
201708222220, 0.0192057
201708222230, 0.0669488
201708222240, 0.0443793
201708222250, 0.0333116
201708222300, 0.000325521
201708222310, 0.427951
201708222320, 0.416016
201708222330, 1.38118
201708222340, 2.20812
201708222350, 1.87674
201708230000, 2.29883
201708230010, 2.46517
201708230020, 2.96495
201708230030, 2.33908
201708230040, 1.05187
201708230050, 1.18088
201708230100, 1.5102
201708230110, 0.600694
201708230120, 1.65017
201708230130, 1.80306
201708230140, 1.85352
201708230150, 2.85655
201708230200, 2.83843
201708230210, 2.65495
201708230220, 3.82368
201708230230, 4.06283
201708230240, 3.57227
201708230250, 2.67719
201708230300, 1.98763
201708230310, 2.24154
201708230320, 1.53928
201708230330, 2.92958
201708230340, 2.01128
201708230350, 1.49002
201708230400, 2.92459
201708230410, 5.50184
201708230420, 5.21278
201708230430, 4.986
201708230440, 4.69911
201708230450, 4.35189
201708230500, 4.35167
201708230510, 2.32368
201708230520, 2.58963
201708230530, 2.47125
201708230540, 2.12923
201708230550, 1.77279
201708230600, 1.21387
201708230610, 1.34874
201708230620, 1.20822
201708230630, 0.373047
201708230640, 0.0157335
201708230650, 0
201708230700, 0.00271267
201708230710, 0.0157335
201708230720, 0
201708230730, 0.000651042
201708230740, 0.0804036
201708230750, 0
201708230800, 0.224935
201708230810, 0.0132378
201708230820, 0.116753
201708230830, 0.238173
201708230840, 0.192274
201708230850, 0.475694
201708230900, 0.0655382
201708230910, 0.078559
201708230920, 0.00184462
201708230930, 0.000434028
201708230940, 0.00184462
201708230950, 0.00379774
201708231000, 0
201708231010, 0
201708231020, 0
201708231030, 0
201708231040, 0.00705295
201708231050, 0.070204
201708231100, 0.00423177
201708231110, 0.0139974
201708231120, 0.000108507
201708231130, 0.000108507
201708231140, 0
201708231150, 0
201708231200, 0
201708231210, 0.000108507
201708231220, 0.000759549
201708231230, 0.0202908
201708231240, 0
201708231250, 0.0118273
201708231300, 0.0161675
201708231310, 0.00358073
201708231320, 0
201708231330, 0.00336372
201708231340, 0.00596788
201708231350, 0.000759549
201708231400, 0.00217014
201708231410, 0
201708231420, 0.0031467
201708231430, 0.00564236
201708231440, 0.00965712
201708231450, 0.0416667
201708231500, 0.0384115
201708231510, 0.0150825
201708231520, 0.0247396
201708231530, 0.0341797
201708231540, 0.0291884
201708231550, 0.0167101
201708231600, 0.0211589
201708231610, 0.0661892
201708231620, 0.0341797
201708231630, 0.0100911
201708231640, 0.128798
201708231650, 0.0108507
201708231700, 0.00499132
201708231710, 0.0792101
201708231720, 0.0477431
201708231730, 0.0326606
201708231740, 0.062934
201708231750, 0.0157335
201708231800, 0.0078125
201708231810, 0.00651042
201708231820, 0.00553385
201708231830, 0.0117188
201708231840, 0.0330946
201708231850, 0.00509983
201708231900, 0.00737847
201708231910, 0.0251736
201708231920, 0.00509983
201708231930, 0.00607639
201708231940, 0.0046658
201708231950, 0.00922309
201708232000, 0.0169271
201708232010, 0.00412326
201708232020, 0.00108507
201708232030, 0.0108507
201708232040, 0.000976562
201708232050, 0.0031467
201708232100, 0.0201823
201708232110, 0.0046658
201708232120, 0.00900608
201708232130, 0.0504557
201708232140, 0
201708232150, 0.00672743
201708232200, 0.022895
201708232210, 0.0555556
201708232220, 0.580187
201708232230, 0.0273438
201708232240, 0.0212674
201708232250, 0.635959
201708232300, 0.123806
201708232310, 0.000108507
201708232320, 0
201708232330, 0.00846354
201708232340, 0
201708232350, 0.000108507
201708240000, 0.0113932
201708240010, 0.00542535
201708240020, 0.0168186
201708240030, 0.0343967
201708240040, 0.00716146
201708240050, 0.00672743
201708240100, 0
201708240110, 0.000759549
201708240120, 0.0131293
201708240130, 0.00531684
201708240140, 0.00119358
201708240150, 0
201708240200, 0.00748698
201708240210, 0.0250651
201708240220, 0.0196398
201708240230, 0.0199653
201708240240, 0.00499132
201708240250, 0.0276693
201708240300, 0.0155165
201708240310, 0.0212674
201708240320, 0.0445964
201708240330, 0.0143229
201708240340, 0.0243056
201708240350, 0.0469835
201708240400, 0.000542535
201708240410, 0.0200738
201708240420, 0.148872
201708240430, 0.0167101
201708240440, 0
201708240450, 0.00694444
201708240500, 0
201708240510, 0.00509983
201708240520, 0.00759549
201708240530, 0.00434028
201708240540, 0.0061849
201708240550, 0.00770399
201708240600, 0.00303819
201708240610, 0.00347222
201708240620, 0.00282118
201708240630, 0.00379774
201708240640, 0.047526
201708240650, 0.0195312
201708240700, 0
201708240710, 0.00195312
201708240720, 0.0227865
201708240730, 0.014974
201708240740, 0.0142144
201708240750, 0
201708240800, 0.00509983
201708240810, 0.0282118
201708240820, 0.0175781
201708240830, 0.0642361
201708240840, 0.311198
201708240850, 0.0611979
201708240900, 0.000108507
201708240910, 0.304796
201708240920, 0.0093316
201708240930, 0.0560981
201708240940, 0.0016276
201708240950, 0.00661892
201708241000, 0.000976562
201708241020, 0.0015191
201708241030, 0.00423177
201708241040, 0.00878906
201708241050, 0
201708241100, 0.0175781
201708241110, 0
201708241120, 0.0172526
201708241130, 0.0670573
201708241140, 0.0595703
201708241150, 0.0898438
201708241200, 0.00748698
201708241210, 0.00260417
201708241220, 0.0046658
201708241230, 0.0352648
201708241240, 0.0133464
201708241250, 0.0257161
201708241300, 0.00683594
201708241310, 0.0138889
201708241320, 0.0438368
201708241330, 0.0129123
201708241340, 0.00141059
201708241350, 0.0164931
201708241400, 0.0205078
201708241410, 0.0122613
201708241420, 0.00813802
201708241430, 0.0159505
201708241440, 0.113281
201708241450, 0.000651042
201708241500, 0.0136719
201708241510, 0.0276693
201708241520, 0.112088
201708241530, 0.0633681
201708241540, 0.0163845
201708241550, 0.00292969
201708241600, 0.0139974
201708241610, 0.0974392
201708241620, 0.0957031
201708241630, 0
201708241640, 0.000325521
201708241650, 0.0122613
201708241700, 0.00520833
201708241710, 0.00509983
201708241720, 0.00379774
201708241730, 0.0834418
201708241740, 0.00325521
201708241750, 0.00130208
201708241800, 0.00292969
201708241810, 0.0735677
201708241820, 0.0142144
201708241830, 0.00499132
201708241840, 0.00531684
201708241850, 0.00206163
201708241900, 0.0126953
201708241910, 0.00748698
201708241920, 0.0342882
201708241930, 0.0250651
201708241940, 0.0061849
201708241950, 0.00531684
201708242000, 0.0061849
201708242010, 0.00683594
201708242020, 0.00423177
201708242030, 0.00141059
201708242040, 0.0193142
201708242050, 0.022678
201708242100, 0.00585938
201708242110, 0.0107422
201708242120, 0.0263672
201708242130, 0.038737
201708242140, 0.0374349
201708242150, 0.000542535
201708242200, 0.0163845
201708242210, 0.0159505
201708242220, 0.00195312
201708242230, 0.00911458
201708242240, 0.00477431
201708242250, 0.00217014
201708242300, 0.0529514
201708242310, 0
201708242320, 0
201708242330, 0.0205078
201708242340, 0.00325521
201708242350, 0.0203993
201708250000, 0.0245226
201708250010, 0.0106337
201708250020, 0.0700955
201708250030, 0.319119
201708250040, 0.178277
201708250050, 0.281684
201708250100, 1.09527
201708250110, 1.41981
201708250120, 0.99197
201708250130, 1.88498
201708250140, 2.41851
201708250150, 2.85655
201708250200, 2.57563
201708250210, 3.39019
201708250220, 3.78016
201708250230, 4.02203
201708250240, 3.57183
201708250250, 4.05284
201708250300, 3.84809
201708250310, 4.31706
201708250320, 4.60135
201708250330, 5.00315
201708250340, 4.97982
201708250350, 4.77734
201708250400, 4.84332
201708250410, 4.60612
201708250420, 4.58659
201708250430, 4.57823
201708250440, 4.79731
201708250450, 4.51487
201708250500, 4.30534
201708250510, 3.60297
201708250520, 3.16569
201708250530, 3.11686
201708250540, 2.68446
201708250550, 2.50445
201708250600, 2.58344
201708250610, 2.84896
201708250620, 2.78798
201708250630, 2.74197
201708250640, 2.70649
201708250650, 2.09082
201708250700, 2.30697
201708250710, 2.53711
201708250720, 2.33626
201708250730, 2.57172
201708250740, 2.79167
201708250750, 2.39572
201708250800, 2.04416
201708250810, 1.71137
201708250820, 1.46484
201708250830, 0.922852
201708250840, 2.72146
201708250850, 2.37109
201708250950, 0.115017
201708251000, 0.304796
201708251010, 0.148112
201708251020, 0.0658637
201708251030, 0.103733
201708251040, 0.0603299
201708251050, 0.038303
201708251100, 0.00726997
201708251110, 0.039822
201708251120, 0.0447049
201708251130, 0.0221354
201708251140, 0.000542535
201708251150, 0.00455729
201708251200, 0.0190972
201708251210, 0.0840929
201708251220, 0.0869141
201708251230, 0.031684
201708251240, 0.155924
201708251250, 0.154948
201708251300, 0.00792101
201708251310, 0.105794
201708251320, 0.0648872
201708251330, 0.00792101
201708251340, 0.0205078
201708251350, 0.0353733
201708251400, 0.00336372
201708251410, 0.0142144
201708251420, 0.270182
201708251430, 0.0749783
201708251440, 0.0958116
201708251450, 0.397461
201708251500, 0.452908
201708251510, 0.0804036
201708251520, 0.248264
201708251530, 0.271376
201708251540, 0.391276
201708251550, 0.164605
201708251600, 0.48546
201708251610, 0.47168
201708251620, 0.396593
201708251630, 0.121202
201708251640, 0.128364
201708251650, 0.330729
201708251700, 0.224392
201708251710, 0.151693
201708251720, 0.210829
201708251730, 0.262478
201708251740, 0.504883
201708251750, 0.503798
201708251800, 0.680664
201708251810, 0.653863
201708251820, 0.284939
201708251830, 0.225043
201708251840, 0.172309
201708251850, 0.398872
201708251900, 0.656684
201708251910, 0.53342
201708251920, 0.525499
201708251930, 0.532661
201708251940, 0.727322
201708251950, 0.605686
201708252000, 0.437717
201708252010, 0.509549
201708252020, 0.206272
201708252030, 0.160916
201708252040, 0.062934
201708252050, 0.0692274
201708252100, 0.0196398
201708252110, 0.270074
201708252120, 0.0685764
201708252130, 0.00726997
201708252140, 0.0170356
201708252150, 0.054579
201708252200, 0.039605
201708252210, 0.0682509
201708252220, 0.0170356
201708252230, 0.000542535
201708252240, 0.000434028
201708252250, 0.0181207
201708252300, 0.000325521
201708252310, 0.00282118
201708252320, 0.0384115
201708252330, 0.0258247
201708252340, 0
201708252350, 0
201708260000, 0.015191
201708260010, 0.03125
201708260020, 0.238281
201708260030, 0.21875
201708260040, 0.038737
201708260050, 0.0819227
201708260100, 0.0463325
201708260110, 0.174154
201708260120, 0.265082
201708260130, 0.236545
201708260140, 0.310438
201708260150, 0.262695
201708260200, 0.450195
201708260210, 1.00553
201708260220, 0.849718
201708260230, 0.966471
201708260240, 1.19499
201708260250, 0.567491
201708260300, 0.998481
201708260310, 0.879015
201708260320, 0.933485
201708260330, 1.23806
201708260340, 1.2615
201708260350, 1.17708
201708260400, 1.37565
201708260410, 1.64876
201708260420, 0.733724
201708260430, 0.552734
201708260440, 1.63444
201708260450, 1.56934
201708260500, 1.51552
201708260510, 1.92025
201708260520, 2.2423
201708260530, 2.77376
201708260540, 3.41515
201708260550, 2.3457
201708260600, 1.83116
201708260610, 2.12207
201708260620, 2.09386
201708260630, 2.44065
201708260640, 1.64529
201708260650, 2.35167
201708260700, 2.05849
201708260710, 1.70226
201708260720, 1.30599
201708260730, 1.78602
201708260740, 1.36523
201708260750, 1.75857
201708260800, 1.94911
201708260810, 1.64659
201708260820, 1.80328
201708260830, 1.80241
201708260840, 2.46137
201708260850, 1.43989
201708260900, 2.83116
201708260910, 1.38531
201708260920, 1.20877
201708260930, 1.0676
201708260940, 0.837348
201708260950, 0.573676
201708261000, 0.891493
201708261010, 0.387912
201708261020, 0.392144
201708261030, 0.222005
201708261040, 0.39681
201708261050, 0.424696
201708261100, 0.0118273
201708261110, 0.224718
201708261120, 0.209961
201708261130, 0.115343
201708261140, 0.00227865
201708261150, 0
201708261200, 0.240994
201708261210, 0.205078
201708261220, 0
201708261230, 0.0836589
201708261240, 0.078342
201708261250, 0
201708261300, 0
201708261310, 0
201708261320, 0.0413411
201708261330, 0.00585938
201708261340, 0.0467665
201708261350, 0.0222439
201708261400, 0.0596788
201708261410, 0.0442708
201708261420, 0.276801
201708261430, 0.529405
201708261440, 0.437391
201708261450, 0.363715
201708261500, 0.672526
201708261510, 0.6926
201708261520, 0.593424
201708261530, 0.702365
201708261540, 0.607747
201708261550, 1.09299
201708261600, 0.990126
201708261610, 1.5549
201708261620, 0.840495
201708261630, 1.81825
201708261640, 1.63672
201708261650, 1.33474
201708261700, 1.5153
201708261710, 1.93696
201708261720, 2.04427
201708261730, 1.71799
201708261740, 1.81011
201708261750, 1.60254
201708261800, 1.50933
201708261810, 2.30773
201708261820, 2.06706
201708261830, 2.28548
201708261840, 2.29275
201708261850, 1.9579
201708261900, 2.62109
201708261910, 0.989041
201708261920, 1.68815
201708261930, 1.27995
201708261940, 1.19781
201708261950, 1.16385
201708262000, 1.23025
201708262010, 0.997938
201708262020, 0.783963
201708262030, 1.01519
201708262040, 0.920573
201708262050, 0.95497
201708262100, 0.499783
201708262110, 0.770399
201708262120, 0.328342
201708262130, 0.946181
201708262140, 0.669596
201708262150, 0.136285
201708262200, 0.12793
201708262210, 0.490017
201708262220, 0.528754
201708262230, 0.427626
201708262240, 0.0171441
201708262250, 0.0202908
201708262300, 0.167752
201708262310, 0.030816
201708262320, 0.0109592
201708262330, 0.0190972
201708262340, 0.0093316
201708262350, 0.0130208
201708270000, 0.140191
201708270010, 1.1403
201708270020, 4.52463
201708270030, 4.73025
201708270040, 4.82498
201708270050, 5.73709
201708270100, 5.05469
201708270110, 5.33832
201708270120, 5.40321
201708270130, 5.56944
201708270140, 6.05046
201708270150, 5.23155
201708270200, 4.42144
201708270210, 4.61849
201708270220, 3.87088
201708270230, 3.73524
201708270240, 3.81825
201708270250, 3.97439
201708270300, 4.18902
201708270310, 3.96756
201708270320, 4.75228
201708270330, 4.73459
201708270340, 4.09483
201708270350, 3.54058
201708270400, 3.18403
201708270410, 2.5791
201708270420, 3.15408
201708270430, 3.07053
201708270440, 2.14659
201708270450, 2.10221
201708270500, 1.52897
201708270510, 1.74674
201708270520, 1.06771
201708270530, 1.38184
201708270540, 0.181641
201708270550, 0.180447
201708270600, 0.0659722
201708270610, 0.241102
201708270620, 0.0558811
201708270630, 0.0577257
201708270640, 0.420898
201708270650, 0.0980903
201708270700, 0.760091
201708270710, 0.51454
201708270720, 0.540907
201708270730, 0.233507
201708270740, 0.627496
201708270750, 0.380968
201708270800, 0.615343
201708270810, 0.348307
201708270820, 0.473958
201708270830, 0.494466
201708270840, 2.96908
201708270850, 3.38672
201708270900, 0.675456
201708270910, 0.269314
201708270920, 0.210503
201708270930, 0.0839844
201708270940, 0.000434028
201708270950, 0.000217014
201708271000, 0
201708271020, 0
201708271030, 0.000108507
201708271040, 0.00119358
201708271050, 0
201708271100, 0.122396
201708271110, 0.00119358
201708271120, 0.000976562
201708271130, 0
201708271140, 0.00368924
201708271150, 0.00368924
201708271200, 0.0500217
201708271210, 0.0775825
201708271220, 0.196506
201708271230, 0.114475
201708271240, 0.140082
201708271250, 0.0430773
201708271300, 0.250651
201708271310, 0.108398
201708271320, 0.35102
201708271330, 0.524848
201708271340, 1.05404
201708271350, 1.20703
201708271400, 1.23806
201708271410, 1.31348
201708271420, 1.61654
201708271430, 1.43414
201708271440, 1.6671
201708271450, 1.96408
201708271500, 1.56576
201708271510, 0.618815
201708271520, 0.850043
201708271530, 0.72678
201708271540, 0.767687
201708271550, 0.516602
201708271600, 0.640951
201708271610, 0.52832
201708271620, 0.745443
201708271630, 0.52615
201708271640, 0.463216
201708271650, 0.747287
201708271700, 0.685113
201708271710, 0.713108
201708271720, 0.508681
201708271730, 0.543837
201708271740, 0.318359
201708271750, 0.362413
201708271800, 0.641927
201708271810, 0.645942
201708271820, 1.43533
201708271830, 1.44368
201708271840, 2.20996
201708271850, 1.71973
201708271900, 1.66395
201708271910, 0.946181
201708271920, 0.939996
201708271930, 0.745551
201708271940, 0.708008
201708271950, 0.690104
201708272000, 0.856771
201708272010, 0.412218
201708272020, 0.17513
201708272030, 0.357096
201708272040, 0.162109
201708272050, 0.144314
201708272100, 0.135634
201708272110, 0.226128
201708272120, 0.0979818
201708272130, 0.0350477
201708272140, 0.0501302
201708272150, 0.162001
201708272200, 0.101671
201708272210, 0.078776
201708272220, 0.141927
201708272230, 0.14898
201708272240, 0.25803
201708272250, 0.177083
201708272300, 0.130425
201708272310, 0.144857
201708272320, 0.0600043
201708272330, 0.0345052
201708272340, 0.000976562
201708272350, 0.00922309
201708280000, 0.00911458
201708280010, 0.030816
201708280020, 0.0963542
201708280030, 0.0177951
201708280040, 0.000542535
201708280050, 0.0141059
201708280100, 0.0031467
201708280110, 0.189128
201708280120, 0.352973
201708280130, 0.402452
201708280140, 0.377387
201708280150, 0.716146
201708280200, 0.725803
201708280210, 1.1684
201708280220, 1.02203
201708280230, 1.03255
201708280240, 0.992079
201708280250, 0.909397
201708280300, 0.365885
201708280310, 0.937717
201708280320, 1.29221
201708280330, 1.26161
201708280340, 1.67969
201708280350, 1.75087
201708280400, 1.08659
201708280410, 1.47342
201708280420, 1.21853
201708280430, 1.27507
201708280440, 1.14073
201708280450, 0.613281
201708280500, 0.61773
201708280510, 0.386719
201708280520, 0.612956
201708280530, 0.511502
201708280540, 0.0281033
201708280550, 0.0960286
201708280600, 0.0517578
201708280610, 0.0282118
201708280620, 0.055447
201708280630, 0.00509983
201708280640, 0
201708280650, 0.00119358
201708280700, 0.00282118
201708280710, 0
201708280720, 0.000976562
201708280730, 0.00282118
201708280740, 0
201708280750, 0.00564236
201708280800, 0.00292969
201708280810, 0.00455729
201708280820, 0.0148655
201708280830, 1.02203
201708280840, 3.19488
201708280850, 3.48481
201708280900, 0.408637
201708280910, 0
201708280920, 0.000542535
201708280930, 0.000759549
201708280940, 0.0133464
201708280950, 0.00889757
201708281000, 0.000108507
201708281020, 0.000434028
201708281030, 0
201708281040, 0.00130208
201708281050, 0.00987413
201708281100, 0.00423177
201708281110, 0.0190972
201708281120, 0.0487196
201708281130, 0.319444
201708281140, 0.0416667
201708281200, 0.102539
201708281210, 0.167101
201708281220, 0.200412
201708281230, 0.167209
201708281240, 0.00477431
201708281250, 0.0826823
201708281300, 0.0648872
201708281310, 0.0313585
201708281320, 0.0698785
201708281330, 0.0330946
201708281340, 0.409505
201708281350, 0.408529
201708281400, 0.631076
201708281410, 0.693034
201708281420, 0.956597
201708281430, 0.964735
201708281440, 0.642361
201708281450, 0.494032
201708281500, 0.491971
201708281510, 0.620877
201708281520, 0.288845
201708281530, 0.753255
201708281540, 1.0536
201708281550, 0.807183
201708281600, 0.788954
201708281610, 0.714844
201708281620, 1.08279
201708281630, 1.06424
201708281640, 1.36415
201708281650, 1.34809
201708281700, 1.38357
201708281710, 1.17112
201708281720, 1.13368
201708281730, 0.952148
201708281740, 0.782118
201708281750, 0.691623
201708281800, 0.20204
201708281810, 0.327582
201708281820, 0.269097
201708281830, 0.42806
201708281840, 0.00217014
201708281850, 0.00206163
201708281900, 0.0062934
201708281910, 0.015842
201708281920, 0.0131293
201708281930, 0.00423177
201708281940, 0.00303819
201708281950, 0.00347222
201708282000, 0.000434028
201708282010, 0.0119358
201708282020, 0.00195312
201708282030, 0.00141059
201708282040, 0.00564236
201708282050, 0.00694444
201708282100, 0.00260417
201708282110, 0
201708282120, 0.00553385
201708282130, 0.00683594
201708282140, 0.0145399
201708282150, 0.00336372
201708282200, 0.00282118
201708282210, 0.00509983
201708282220, 0.0046658
201708282230, 0.00726997
201708282240, 0.0108507
201708282250, 0.00282118
201708282300, 0.00238715
201708282310, 0.0016276
201708282320, 0.0015191
201708282330, 0.00206163
201708282340, 0.000217014
201708282350, 0.00206163
201708290000, 0.0215929
201708290010, 0.00184462
201708290020, 0.0282118
201708290030, 0.000651042
201708290040, 0.0031467
201708290050, 0
201708290100, 0.0031467
201708290110, 0.0061849
201708290120, 0.000976562
201708290130, 0.000325521
201708290140, 0.0174696
201708290150, 0.0405816
201708290200, 0.0122613
201708290210, 0.03852
201708290220, 0.047092
201708290230, 0.101454
201708290240, 0.132161
201708290250, 0.179579
201708290300, 0.270725
201708290310, 0.250109
201708290320, 0.418511
201708290330, 0.278537
201708290340, 0.360026
201708290350, 0.274848
201708290400, 0.364366
201708290410, 0.276693
201708290420, 0.273872
201708290430, 0.350477
201708290440, 0.309896
201708290450, 0.243598
201708290500, 0.275499
201708290510, 0.46441
201708290520, 0.315104
201708290530, 0.17947
201708290540, 0.245226
201708290550, 0.573893
201708290600, 0.182183
201708290620, 0.131402
201708290630, 0.157227
201708290640, 0.106011
201708290650, 0.140734
201708290700, 0.0429688
201708290710, 0.367947
201708290720, 0.0845269
201708290730, 0.149848
201708290740, 0.122287
201708290750, 0.316406
201708290800, 0.00976562
201708290810, 0.334093
201708290820, 0.0745443
201708290830, 1.09646
201708290840, 2.29134
201708290850, 4.18967
201708290900, 1.6161
201708290910, 0.000759549
201708290920, 0.000217014
201708290930, 0.022678
201708290940, 0.00173611
201708290950, 0.00423177
201708291000, 0.00998264
201708291010, 0.000108507
201708291020, 0.000434028
201708291030, 0.0015191
201708291040, 0
201708291050, 0.000217014
201708291110, 0.000217014
201708291120, 0.023112
201708291140, 0.115451
201708291150, 0.00412326
201708291200, 0.196289
201708291210, 0.0171441
201708291220, 0
201708291230, 0.000108507
201708291240, 0.000108507
201708291250, 0
201708291300, 0.00195312
201708291310, 0.000108507
201708291320, 0.00792101
201708291330, 0.0078125
201708291340, 0.00857205
201708291350, 0.0192057
201708291400, 0.00889757
201708291410, 0.0212674
201708291420, 0.114149
201708291430, 0.226562
201708291440, 0.275825
201708291450, 0.243381
201708291500, 0.525825
201708291510, 0.758572
201708291520, 0.833442
201708291530, 0.941298
201708291540, 0.92513
201708291550, 0.902344
201708291600, 0.846788
201708291610, 0.942925
201708291620, 0.851671
201708291630, 0.6352
201708291640, 0.350152
201708291650, 0.433594
201708291700, 0.254774
201708291710, 0.263129
201708291720, 0.309136
201708291730, 0.314779
201708291740, 0.230577
201708291750, 0.219184
201708291800, 0.0203993
201708291810, 0.129557
201708291820, 0.00130208
201708291830, 0.000542535
201708291840, 0.00889757
201708291850, 0.00368924
201708291900, 0.0131293
201708291910, 0.00954861
201708291920, 0.00531684
201708291930, 0.00792101
201708291940, 0.0230035
201708291950, 0.00651042
201708292000, 0.0258247
201708292010, 0.0262587
201708292020, 0.0134549
201708292030, 0.0277778
201708292040, 0.0336372
201708292050, 0.015625
201708292100, 0.0175781
201708292110, 0.00184462
201708292120, 0.00661892
201708292130, 0.00813802
201708292140, 0.00325521
201708292150, 0.00542535
201708292200, 0.00802951
201708292210, 0.00509983
201708292220, 0.00900608
201708292230, 0.00184462
201708292240, 0.00358073
201708292250, 0.00206163
201708292300, 0.00303819
201708292310, 0.00141059
201708292320, 0.00358073
201708292330, 0.00108507
201708292340, 0.00509983
201708300000, 0.00694444
201708300010, 0.0031467
201708300020, 0.0078125
201708300030, 0.0111762
201708300040, 0
201708300050, 0
201708300100, 0
201708300110, 0.00119358
201708300120, 0
201708300130, 0.000651042
201708300140, 0.000976562
201708300150, 0.000434028
201708300200, 0.00119358
201708300220, 0.000868056
201708300240, 0.487088
201708300250, 0.00726997
201708300300, 0.00509983
201708300310, 0.0380859
201708300320, 0.216146
201708300330, 0.0450304
201708300350, 0.362413
201708300400, 0.74566
201708300410, 0.743707
201708300420, 0.513455
201708300430, 0.436523
201708300440, 0.584961
201708300450, 0.527669
201708300510, 0.503689
201708300520, 0.59158
201708300530, 0.59885
201708300540, 0.561632
201708300600, 0.0493707
201708300610, 0.208225
201708300620, 0.0703125
201708300630, 0.208333
201708300640, 0.105252
201708300700, 0.0439453
201708300710, 0.157661
201708300720, 0.00173611
201708300730, 0.0224609
201708300740, 0.00672743
201708300750, 0.0061849
201708300800, 0.00726997
201708300810, 0.0589193
201708300820, 0.316515
201708300830, 0.647027
201708300840, 1.58702
201708300850, 2.97765
201708300900, 0.386502
201708300910, 0.0207248
201708300920, 0.000434028
201708300930, 0
201708300940, 0.00282118
201708300950, 0.000542535
201708301000, 0
201708301010, 0.00271267
201708301020, 0.0193142
201708301040, 0
201708301100, 0.00271267
201708301110, 0.00694444
201708301120, 0.00271267
201708301130, 0.000217014
201708301140, 0
201708301150, 0.023546
201708301200, 0.0602214
201708301210, 0.00217014
201708301220, 0.0166016
201708301230, 0.0407986
201708301240, 0.0430773
201708301250, 0.00737847
201708301300, 0.0167101
201708301310, 0.0302734
201708301320, 0.0206163
201708301330, 0.0801866
201708301340, 0.0626085
201708301350, 0.141819
201708301400, 0.0619575
201708301410, 0.0273438
201708301420, 0.0617405
201708301430, 0.0412326
201708301440, 0.0109592
201708301450, 0.0118273
201708301500, 0.00434028
201708301510, 0.00770399
201708301520, 0.00585938
201708301530, 0.046224
201708301540, 0.077474
201708301550, 0.20855
201708301600, 0.378906
201708301610, 0.21658
201708301620, 0.413628
201708301630, 0.750651
201708301640, 0.455838
201708301650, 0.613715
201708301700, 0.438694
201708301710, 0.520074
201708301720, 0.382161
201708301730, 0.501302
201708301740, 0.335503
201708301750, 0.36046
201708301800, 0.0016276
201708301810, 0.111762
201708301820, 0.00726997
201708301830, 0.0124783
201708301840, 0.0093316
201708301850, 0.00499132
201708301900, 0.00390625
201708301910, 0.00509983
201708301920, 0.0189887
201708301930, 0.00488281
201708301940, 0.000542535
201708301950, 0.00227865
201708302000, 0.00835503
201708302010, 0.00542535
201708302020, 0.00368924
201708302030, 0.00694444
201708302040, 0.00694444
201708302050, 0.0210503
201708302100, 0.02398
201708302110, 0.0221354
201708302120, 0.00976562
201708302130, 0.00911458
201708302140, 0.0176866
201708302150, 0.022678
201708302200, 0.0256076
201708302210, 0.0557726
201708302220, 0.0244141
201708302230, 0.0330946
201708302240, 0.0148655
201708302250, 0.0276693
201708302300, 0.0155165
201708302310, 0.0979818
201708302320, 0.0190972
201708302330, 0.00976562
201708302340, 0.0141059
201708302350, 0.0422092
201708310000, 0.185872
201708310010, 0.21582
201708310020, 0.0410156
