201506010000, 0.0397135
201506010010, 0.0425347
201506010020, 0.105794
201506010030, 0.0594618
201506010040, 0.0458984
201506010050, 0.0983073
201506010100, 0.168945
201506010110, 0.0530599
201506010120, 0.190972
201506010130, 0.232964
201506010140, 0.301649
201506010150, 0.162977
201506010200, 0.333333
201506010210, 0.492839
201506010220, 0.876411
201506010230, 0.615343
201506010240, 0.965495
201506010250, 0.81901
201506010300, 1.0434
201506010310, 0.93457
201506010320, 0.875326
201506010330, 0.794054
201506010340, 1.27289
201506010350, 0.915582
201506010400, 0.707791
201506010410, 0.465169
201506010420, 0.68826
201506010430, 0.44911
201506010440, 0.597439
201506010450, 0.556207
201506010500, 0.468967
201506010510, 0.884983
201506010520, 0.302626
201506010530, 0.259332
201506010540, 0.0197483
201506010550, 0.0394965
201506010600, 0.0381944
201506010620, 0.217339
201506010630, 0.00379774
201506010640, 0.0929905
201506010650, 0.0144314
201506010700, 0
201506010710, 0.00108507
201506010720, 0.000651042
201506010730, 0.0106337
201506010740, 0.0172526
201506010750, 0.0376519
201506010800, 0.7551
201506010810, 0.174262
201506010820, 0.0186632
201506010830, 0.108073
201506010840, 0.0201823
201506010900, 0.00108507
201506010910, 0.000217014
201506010930, 0.138563
201506010940, 0.40332
201506010950, 0.181532
201506011000, 0.256836
201506011020, 0.742839
201506011040, 0.154297
201506011050, 0.386827
201506011120, 0.0889757
201506011130, 0.000108507
201506011140, 0.0477431
201506011150, 0.164605
201506011200, 0.000434028
201506011210, 0.0764974
201506011220, 0.340278
201506011230, 0
201506011240, 0.111111
201506011250, 0.0719401
201506011300, 0.176975
201506011310, 0.0881076
201506011320, 0.0418837
201506011330, 0.0118273
201506011340, 0.0061849
201506011350, 0
201506011400, 0.0208333
201506011410, 0.000434028
201506011420, 0.178494
201506011430, 0.0399306
201506011440, 0.0157335
201506011450, 0.0227865
201506011500, 0.141927
201506011510, 0.564453
201506011520, 0.212999
201506011530, 0.237413
201506011540, 0.227648
201506011550, 0.467773
201506011600, 0.695855
201506011610, 0.0798611
201506011620, 0.18099
201506011630, 0.0046658
201506011640, 0.0212674
201506011650, 0.0764974
201506011700, 0.0444878
201506011710, 0.0282118
201506011720, 0.0379774
201506011730, 0.0270182
201506011740, 0.0170356
201506011750, 0.0159505
201506011800, 0.0202908
201506011810, 0.0632595
201506011820, 0.0248481
201506011830, 0.0988498
201506011840, 0.12717
201506011850, 0.0205078
201506011900, 0.0988498
201506011910, 0
201506011920, 0.0016276
201506011930, 0
201506011940, 0
201506011950, 0
201506012000, 0.00661892
201506012010, 0.00954861
201506012020, 0.0346137
201506012030, 0.0509983
201506012040, 0.0113932
201506012050, 0.0362413
201506012100, 0.0437283
201506012110, 0.0526259
201506012120, 0.0987413
201506012130, 0.0234375
201506012140, 0.0759549
201506012150, 0.00499132
201506012200, 0.0534939
201506012210, 0.0157335
201506012220, 0.00868056
201506012230, 0.00911458
201506012240, 0
201506012250, 0.201606
201506012300, 0.17003
201506012310, 0.10753
201506012320, 0.190647
201506012330, 0.115017
201506012340, 0.1824
201506012350, 0.105143
201506020000, 0.277561
201506020010, 0.166667
201506020020, 0.126736
201506020030, 0.387587
201506020040, 0.536784
201506020050, 0.128581
201506020100, 0.564887
201506020110, 0.843533
201506020120, 0.86339
201506020130, 0.716797
201506020140, 0.44987
201506020150, 0.518446
201506020200, 0.463325
201506020210, 0.27615
201506020220, 0.391819
201506020230, 0.302192
201506020240, 0.817383
201506020250, 0.32411
201506020300, 0.976562
201506020310, 0.499566
201506020320, 0.496962
201506020330, 0.912869
201506020340, 0.691406
201506020350, 0.90918
201506020400, 0.783637
201506020410, 0.827799
201506020420, 0.768446
201506020430, 0.979058
201506020440, 0.424805
201506020450, 0.699978
201506020500, 0.629666
201506020510, 0.654405
201506020520, 0.494032
201506020530, 0.52322
201506020540, 0.268663
201506020550, 0.342014
201506020600, 0.267795
201506020610, 0.157227
201506020620, 0.0917969
201506020630, 0.369466
201506020640, 0.0863715
201506020650, 0.0721571
201506020700, 0.0553385
201506020710, 0.00238715
201506020720, 0.00802951
201506020730, 0.0247396
201506020740, 0.0589193
201506020750, 0.0648872
201506020810, 0.288411
201506020850, 0.0876736
201506020910, 0.0670573
201506020920, 0.0347222
201506020930, 0.0646701
201506020950, 0.0217014
201506021010, 0.0828993
201506021020, 0.023763
201506021030, 0.000108507
201506021040, 0.135959
201506021050, 0.0247396
201506021100, 0
201506021110, 0.0125868
201506021120, 0.00737847
201506021130, 0.00260417
201506021140, 0.0016276
201506021200, 0.0601128
201506021210, 0.00531684
201506021230, 0.0455729
201506021240, 0.0613064
201506021250, 0.0571832
201506021300, 0.0507812
201506021310, 0.0103082
201506021330, 0.00195312
201506021340, 0
201506021350, 0.0016276
201506021400, 0
201506021410, 0.000108507
201506021420, 0
201506021440, 0.0062934
201506021450, 0.0093316
201506021500, 0.00195312
201506021510, 0
201506021520, 0.000217014
201506021530, 0.000325521
201506021540, 0.0268012
201506021550, 0.0821398
201506021600, 0.023546
201506021610, 0.445638
201506021620, 0.331706
201506021630, 1.14334
201506021640, 2.34874
201506021650, 2.89898
201506021700, 3.25499
201506021710, 2.13759
201506021720, 1.815
201506021740, 2.15408
201506021750, 1.68142
201506021800, 0.881727
201506021810, 1.30664
201506021820, 2.2998
201506021830, 1.61035
201506021840, 0.728082
201506021850, 0.800239
201506021900, 1.53103
201506021910, 1.83648
201506021920, 1.35493
201506021930, 0.707899
201506021940, 0.372721
201506021950, 0.134657
201506022000, 0.597656
201506022010, 1.4949
201506022020, 1.24826
201506022030, 1.31304
201506022040, 1.50119
201506022050, 0.770942
201506022100, 1.34266
201506022110, 1.62522
201506022120, 1.14334
201506022130, 1.51758
201506022140, 0.602431
201506022150, 0.367188
201506022200, 0.417969
201506022210, 0.743815
201506022220, 0.787543
201506022230, 0.0590278
201506022240, 0.647569
201506022250, 0.0405816
201506022300, 0.262804
201506022310, 0.000759549
201506022320, 0.508138
201506022330, 0.215386
201506022340, 0.371311
201506022350, 0.114583
201506030000, 0.224609
201506030010, 0.000759549
201506030020, 0.000325521
201506030030, 0.351345
201506030040, 0.0712891
201506030050, 0.0421007
201506030100, 0.046658
201506030110, 0.078776
201506030120, 0.145725
201506030130, 0.0413411
201506030140, 0.160699
201506030150, 0.157878
201506030200, 0.0294054
201506030210, 0.241862
201506030220, 0.512261
201506030230, 0.92513
201506030240, 0.541775
201506030250, 0.359158
201506030300, 0.150499
201506030310, 0.217231
201506030320, 0.347114
201506030330, 0.0966797
201506030340, 0.0998264
201506030350, 0.0990668
201506030400, 0.777127
201506030410, 0.662326
201506030420, 0.093316
201506030430, 0.0220269
201506030440, 0.0355903
201506030450, 0.277669
201506030500, 0.291233
201506030510, 0.39464
201506030520, 0.0365668
201506030530, 0.0146484
201506030540, 0
201506030550, 0.0109592
201506030600, 0.272352
201506030610, 0.384874
201506030620, 0.581489
201506030630, 1.37739
201506030640, 2.04818
201506030650, 1.51335
201506030700, 1.48459
201506030710, 0.893012
201506030720, 0.596463
201506030730, 0.468533
201506030740, 0.41135
201506030750, 0.231662
201506030800, 0.732747
201506030810, 1.53201
201506030820, 2.32216
201506030830, 2.27593
201506030840, 1.61415
201506030850, 1.64301
201506030900, 1.44922
201506030910, 1.66591
201506030920, 1.95703
201506030930, 2.43717
201506030940, 3.0268
201506030950, 3.92839
201506031000, 3.47331
201506031010, 2.67459
201506031020, 3.40527
201506031030, 2.53657
201506031040, 2.4758
201506031050, 2.3457
201506031100, 1.93837
201506031110, 1.86361
201506031130, 2.71571
201506031140, 2.77235
201506031150, 2.54698
201506031200, 1.69596
201506031210, 1.59701
201506031220, 1.36122
201506031230, 0.953451
201506031240, 0.671224
201506031250, 0.528863
201506031310, 0.110677
201506031330, 0.114258
201506031340, 0.0313585
201506031350, 0.115668
201506031400, 0.0206163
201506031410, 0.0537109
201506031420, 0.329102
201506031430, 0.0386285
201506031440, 0
201506031450, 0.000108507
201506031500, 0.00347222
201506031510, 0.000976562
201506031520, 0.0350477
201506031530, 0.000217014
201506031540, 0.0200738
201506031550, 0.0474175
201506031600, 0.00141059
201506031610, 0.000651042
201506031620, 0.00108507
201506031630, 0
201506031640, 0.000108507
201506031650, 0.00835503
201506031700, 0.000542535
201506031710, 0.00824653
201506031720, 0.03125
201506031730, 0.00434028
201506031740, 0.00260417
201506031800, 0.0428602
201506031810, 0.00661892
201506031820, 0.00434028
201506031830, 0.0323351
201506031840, 0.0460069
201506031850, 0.023329
201506031900, 0.039605
201506031910, 0.0182292
201506031920, 0.0163845
201506031930, 0.0936415
201506031940, 0.0441623
201506031950, 0.0698785
201506032000, 0.0729167
201506032010, 0.0238715
201506032020, 0.0674913
201506032030, 0.0320095
201506032040, 0.227648
201506032050, 0.385417
201506032100, 0.189128
201506032110, 0.201497
201506032120, 0.0666233
201506032130, 0.0572917
201506032140, 0.0120443
201506032150, 0.130751
201506032200, 0.135634
201506032210, 0.262695
201506032220, 0.111545
201506032230, 0.0623915
201506032240, 0.054579
201506032250, 0.0179036
201506032300, 0.114475
201506032310, 0.00444878
201506032320, 0.115126
201506032330, 0.000217014
201506032340, 0.143446
201506032350, 0.117513
201506040000, 0.00889757
201506040010, 0.11122
201506040020, 0.000868056
201506040030, 0.0998264
201506040040, 0.00412326
201506040050, 0.141493
201506040100, 0.219293
201506040110, 0.618707
201506040120, 0.690538
201506040130, 0.592014
201506040140, 0.551541
201506040150, 0.219401
201506040200, 0.0350477
201506040210, 0.0171441
201506040220, 0.241211
201506040230, 0.0440538
201506040240, 0.0252821
201506040250, 0.519423
201506040300, 0.596571
201506040310, 0.541016
201506040320, 0.120117
201506040330, 0.695964
201506040340, 0.880208
201506040350, 1.0548
201506040400, 1.00033
201506040410, 0.456163
201506040420, 0.323134
201506040430, 0.168077
201506040440, 0.149197
201506040450, 0.275825
201506040500, 0.196181
201506040510, 0.12934
201506040520, 0.161892
201506040530, 0.122179
201506040550, 0.122287
201506040600, 0.0577257
201506040610, 0.0360243
201506040620, 0.0120443
201506040630, 0.0674913
201506040640, 0.222222
201506040650, 0.226345
201506040700, 0.0832248
201506040710, 0.270833
201506040720, 0.0104167
201506040730, 0.0123698
201506040740, 0.00705295
201506040750, 0.0182292
201506040800, 0.00130208
201506040810, 0.015191
201506040820, 0.00520833
201506040830, 0.408529
201506040840, 0.162652
201506040850, 0.296658
201506040900, 0.56977
201506040920, 0.563368
201506040930, 0.426107
201506040940, 0.305339
201506041000, 0.20204
201506041020, 0
201506041030,
201506041040, 0.0031467
201506041050, 0.031684
201506041100, 0.0664062
201506041110, 0.0643446
201506041120, 0.000976562
201506041130, 0.00564236
201506041140, 0.112196
201506041150, 0
201506041210, 0.205078
201506041220, 0.0384115
201506041230, 0.039605
201506041240, 0.228733
201506041250, 0.0348307
201506041300, 0.0320095
201506041310, 0.208876
201506041330, 0.321289
201506041340, 0.0304905
201506041350, 0.0645616
201506041400, 0.0973307
201506041410, 0.0129123
201506041420, 0.229058
201506041430, 0.238932
201506041440, 0.233832
201506041450, 0.06977
201506041500, 0.136068
201506041510, 0.186632
201506041520, 0.269965
201506041530, 0.0666233
201506041540, 0.00509983
201506041550, 0.349609
201506041600, 0.14974
201506041610, 0.0495877
201506041620, 0.0819227
201506041630, 0.174371
201506041640, 0.231445
201506041650, 0.305881
201506041700, 0.0519748
201506041710, 0.0926649
201506041720, 0.48036
201506041730, 0.346029
201506041740, 0.101888
201506041750, 0.31174
201506041800, 0.290148
201506041810, 0.332791
201506041820, 0.250868
201506041830, 0.659722
201506041840, 0.561415
201506041850, 0.587023
201506041900, 0.709527
201506041910, 0.723416
201506041920, 0.624783
201506041930, 0.681315
201506041940, 0.763672
201506041950, 0.693793
201506042000, 0.80599
201506042010, 1.35048
201506042020, 1.62706
201506042030, 1.1263
201506042040, 0.640951
201506042050, 1.32921
201506042100, 1.5013
201506042110, 1.5319
201506042120, 1.93978
201506042130, 1.90061
201506042140, 1.9401
201506042150, 2.19618
201506042200, 1.92339
201506042210, 1.76161
201506042220, 1.46788
201506042230, 0.814128
201506042240, 0.892578
201506042250, 1.08518
201506042300, 1.06413
201506042310, 0.952474
201506042320, 0.779297
201506042330, 0.344293
201506042340, 0.231879
201506042350, 0.16276
201506050000, 0.046875
201506050010, 0.0031467
201506050020, 0.0144314
201506050030, 0.0251736
201506050040, 0.00292969
201506050050, 0.0400391
201506050100, 1.27192
201506050110, 2.18739
201506050120, 2.11806
201506050130, 2.11534
201506050140, 1.62413
201506050150, 0.847331
201506050200, 0.792318
201506050210, 1.40603
201506050220, 1.11404
201506050230, 1.01812
201506050240, 1.02626
201506050250, 0.997287
201506050300, 0.759332
201506050310, 0.738932
201506050320, 0.0746528
201506050330, 0.154188
201506050340, 0.829644
201506050350, 0.732313
201506050400, 0.791233
201506050410, 1.69282
201506050420, 1.3163
201506050430, 0.573568
201506050440, 0.698459
201506050450, 0.337674
201506050500, 0.633464
201506050510, 1.01877
201506050520, 1.22667
201506050530, 0.491862
201506050540, 0.0735677
201506050550, 0.273872
201506050600, 0.448785
201506050610, 0.623589
201506050620, 0.518229
201506050630, 0.123047
201506050640, 0.29069
201506050650, 0.568251
201506050700, 0.490126
201506050710, 0.34158
201506050720, 0.352973
201506050730, 0.435655
201506050740, 0.197157
201506050750, 0.147786
201506050800, 0.00640191
201506050810, 0.139431
201506050820, 0.238607
201506050830, 0.132704
201506050840, 0.187391
201506050850, 0.00564236
201506050900, 0.269206
201506050910, 0.278212
201506050920, 0.308702
201506050930, 0.111437
201506050940, 0
201506050950, 0.119792
201506051000, 0.0197483
201506051010, 0.00130208
201506051020, 0.00423177
201506051030, 0.00553385
201506051040, 0
201506051050, 0.00217014
201506051100, 0.0203993
201506051110, 0.00868056
201506051120, 0.031467
201506051130, 0.0093316
201506051140, 0.0131293
201506051150, 0.00271267
201506051200, 0.168728
201506051210, 0.0842014
201506051220, 0.0537109
201506051230, 0.0111762
201506051240, 0.0427517
201506051250, 0.00434028
201506051300, 0.0531684
201506051310, 0.0447049
201506051320, 0.0350477
201506051330, 0.00477431
201506051340, 0.0563151
201506051350, 0.000325521
201506051400, 0.0544705
201506051410, 0.211263
201506051420, 0.0608724
201506051430, 0.0881076
201506051440, 0.103407
201506051450, 0.276476
201506051500, 0.285048
201506051510, 0.414497
201506051520, 0.269965
201506051530, 0.287001
201506051540, 0.435981
201506051550, 0.536458
201506051600, 0.586263
201506051610, 0.662977
201506051620, 0.676758
201506051630, 0.352539
201506051640, 1.21962
201506051650, 1.02854
201506051700, 0.891385
201506051710, 0.27832
201506051720, 0.182834
201506051730, 0.304796
201506051740, 0.365126
201506051750, 0.245768
201506051800, 0.609266
201506051810, 1.03364
201506051820, 0.574653
201506051830, 0.962348
201506051840, 0.991428
201506051850, 1.40224
201506051900, 0.971246
201506051910, 0.956055
201506051920, 0.086263
201506051930, 0.454536
201506051940, 0.498589
201506051950, 0.194661
201506052000, 0.995226
201506052010, 1.88878
201506052020, 1.36936
201506052030, 2.49761
201506052040, 1.93739
201506052050, 2.22352
201506052100, 2.04058
201506052110, 1.96289
201506052120, 1.36513
201506052130, 2.61968
201506052140, 2.39019
201506052150, 1.95573
201506052200, 2.24371
201506052210, 2.87684
201506052220, 0.974826
201506052230, 1.52724
201506052240, 0.726454
201506052250, 0.791884
201506052300, 0.293837
201506052310, 0.740994
201506052320, 1.24273
201506052330, 1.66113
201506052340, 0.664605
201506052350, 0.916667
201506060000, 1.31977
201506060010, 0.994683
201506060020, 1.34885
201506060030, 1.14095
201506060040, 1.11068
201506060050, 0.783963
201506060100, 0.407335
201506060110, 0.653754
201506060120, 0.506619
201506060130, 0.293728
201506060140, 0.0654297
201506060150, 0.311523
201506060200, 0.304362
201506060210, 1.01313
201506060220, 1.19846
201506060230, 1.49577
201506060240, 2.26823
201506060250, 1.46994
201506060300, 1.68186
201506060310, 1.92198
201506060320, 2.26649
201506060330, 2.37424
201506060340, 2.04774
201506060350, 2.08247
201506060400, 2.4668
201506060410, 1.29221
201506060420, 1.62012
201506060430, 0.502604
201506060440, 0.660156
201506060450, 0.259657
201506060500, 0.948568
201506060510, 0.109809
201506060520, 0.0161675
201506060530, 0.199544
201506060540, 0.194227
201506060550, 0.0130208
201506060600, 0.05523
201506060610, 0.00694444
201506060620, 0.0405816
201506060630, 0.00195312
201506060640, 0.291016
201506060650, 0.0118273
201506060700, 0.0179036
201506060710, 0.0476345
201506060720, 0.0223524
201506060730, 0.0413411
201506060740, 0.00531684
201506060750, 0.125977
201506060800, 0.132921
201506060810, 0.200087
201506060820, 0.185655
201506060830, 0.0323351
201506060840, 0.0128038
201506060850, 0.242839
201506060900, 0.0476345
201506060910, 0.0291884
201506060920, 0.0284288
201506060930, 0.0261502
201506060940, 0.023763
201506060950, 0.00737847
201506061000, 0.201606
201506061010, 0.038737
201506061020, 0.0388455
201506061030, 0.206706
201506061040, 0.404188
201506061050, 0.203342
201506061100, 0.261502
201506061110, 0.0683594
201506061120, 0.199219
201506061130, 0.23839
201506061140, 0.136827
201506061150, 0.0899523
201506061200, 0.0660807
201506061210, 0.0920139
201506061220, 0.144965
201506061230, 0.0495877
201506061240, 0.133247
201506061250, 0.0577257
201506061300, 0.000434028
201506061310, 0.11556
201506061320, 0.122721
201506061330, 0.139974
201506061340, 0.0593533
201506061350, 0.000108507
201506061400, 0.104492
201506061410, 0.163628
201506061420, 0.175347
201506061430, 0.111654
201506061440, 0.120334
201506061450, 0.0299479
201506061500, 0.0432943
201506061510, 0.0528429
201506061520, 0.0144314
201506061530, 0.0337457
201506061540, 0.182509
201506061550, 0.0184462
201506061600, 0.0108507
201506061610, 0.0175781
201506061620, 0.176324
201506061630, 0.0317925
201506061640, 0.0946181
201506061650, 0.0322266
201506061700, 0.122613
201506061710, 0
201506061720, 0.024197
201506061730, 0.00759549
201506061740, 0.188151
201506061750, 0.0093316
201506061800, 0.360026
201506061810, 0.0621745
201506061820, 0.0279948
201506061830, 0.0617405
201506061840, 0.0673828
201506061850, 0.0243056
201506061900, 0.148112
201506061910, 0.0869141
201506061920, 0.0118273
201506061930, 0.11849
201506061940, 0.0343967
201506061950, 0.086046
201506062000, 0.197266
201506062010, 0.196398
201506062020, 0.00488281
201506062030, 0.0115017
201506062040, 0.0188802
201506062050, 0.0326606
201506062100, 0.129666
201506062110, 0.0512153
201506062120, 0.0920139
201506062130, 0.0258247
201506062140, 0.198568
201506062150, 0.0129123
201506062200, 0.152127
201506062210, 0.119141
201506062220, 0.0571832
201506062230, 0.126194
201506062240, 0.140734
201506062250, 0.0129123
201506062300, 0.0985243
201506062310, 0.0373264
201506062320, 0.0481771
201506062330, 0.140625
201506062340, 0.158312
201506062350, 0.0800781
201506070000, 0.150825
201506070010, 0.191732
201506070020, 0.0846354
201506070030, 0.173937
201506070040, 0.293403
201506070050, 0.242839
201506070100, 0.10829
201506070110, 0.123372
201506070120, 0.150716
201506070130, 0.23622
201506070140, 0.184896
201506070150, 0.161133
201506070200, 0.0782335
201506070210, 0.0350477
201506070220, 0.0230035
201506070230, 0.0454644
201506070240, 0.0793186
201506070250, 0.0443793
201506070300, 0.0139974
201506070310, 0.0258247
201506070320, 0.0648872
201506070330, 0.086697
201506070340, 0.122287
201506070410, 0.00390625
201506070420, 0.00488281
201506070430, 0.00130208
201506070440, 0.00726997
201506070450, 0.000542535
201506070500, 0.00119358
201506070510, 0.00520833
201506070520, 0.00358073
201506070540, 0
201506070550, 0.849826
201506070600, 0.0138889
201506070630, 0.00206163
201506070640, 0.0123698
201506070650, 0.0633681
201506070700, 0.000217014
201506070710, 0.0244141
201506070730, 0.161024
201506070750, 0
201506070800, 0.0298394
201506070830, 0.0577257
201506070840, 0.198893
201506070850, 0.023112
201506070900, 0.0564236
201506070910, 0.0995009
201506070920, 0.0984158
201506070930, 0.0107422
201506070940, 0.0500217
201506070950, 0.00868056
201506071010, 0.0171441
201506071020, 0.015625
201506071030, 0.0107422
201506071100, 0.000976562
201506071120, 0.164062
201506071140, 0.0220269
201506071200, 0.00455729
201506071210, 0
201506071220, 0.000217014
201506071240, 0.0747613
201506071250, 0
201506071300, 0
201506071310, 0.0645616
201506071320, 0
201506071330, 0.00292969
201506071340, 0.00857205
201506071350, 0.0268012
201506071400, 0.00108507
201506071410, 0.022678
201506071420, 0.038737
201506071430, 0
201506071440, 0.0225694
201506071450, 0.0209418
201506071500, 0.00922309
201506071510, 0.0105252
201506071520, 0
201506071530, 0.00325521
201506071540, 0
201506071550, 0.0138889
201506071600, 0.00726997
201506071610, 0.00119358
201506071620, 0.0116102
201506071630, 0.00585938
201506071640, 0.000434028
201506071650, 0.0139974
201506071700, 0.0174696
201506071710, 0
201506071720, 0.00998264
201506071730, 0.137478
201506071740, 0.178819
201506071750, 0.241862
201506071800, 0.340495
201506071810, 0.187934
201506071820, 0.441406
201506071830, 0.250434
201506071840, 0.289497
201506071850, 0.197483
201506071900, 0.369141
201506071910, 0.0811632
201506071920, 0.265842
201506071930, 0.237196
201506071940, 0.0536024
201506071950, 0.312066
201506072000, 0.401042
201506072010, 0.339735
201506072020, 0.434462
201506072030, 0.365234
201506072040, 0.349392
201506072050, 0.00509983
201506072100, 0.287326
201506072110, 0.307183
201506072120, 0.0873481
201506072130, 0.428928
201506072140, 0.334852
201506072150, 0.394965
201506072200, 0.50434
201506072210, 0.527452
201506072220, 0.579536
201506072230, 0.5102
201506072240, 0.407118
201506072250, 0.453776
201506072300, 0.164497
201506072310, 0.085395
201506072320, 0.0489366
201506072330, 0.0736762
201506072340, 0.0189887
201506072350, 0.0685764
201506080000, 0.0130208
201506080010, 0.234484
201506080020, 0.19987
201506080030, 0.0378689
201506080040, 0.0805122
201506080050, 0.0170356
201506080100, 0.164062
201506080110, 0.424045
201506080120, 0.578342
201506080130, 0.370551
201506080140, 0.148546
201506080150, 0.0202908
201506080200, 0.0105252
201506080210, 0.195421
201506080220, 0.00217014
201506080230, 0.03852
201506080240, 0.0275608
201506080250, 0.0490451
201506080300, 0.030599
201506080310, 0.0175781
201506080320, 0.0349392
201506080330, 0.00651042
201506080340, 0
201506080350, 0.000217014
201506080400, 0.0147569
201506080410, 0
201506080420, 0.00347222
201506080440, 0
201506080450, 0.0169271
201506080500, 0.000217014
201506080510, 0.0016276
201506080520, 0.0626085
201506080530, 0.10178
201506080540, 0.0362413
201506080550, 0.0894097
201506080600, 0.00282118
201506080610, 0.000651042
201506080620, 0.000325521
201506080630, 0.00292969
201506080640, 0.038954
201506080650, 0.000976562
201506080700, 0.00336372
201506080710, 0.0297309
201506080720, 0.00965712
201506080730, 0.105143
201506080750, 0.257161
201506080800, 0.205946
201506080810, 0.486762
201506080820, 0.0394965
201506080830, 0.431424
201506080840, 0.155924
201506080850, 0.303711
201506080900, 0.286458
201506080910, 0.217882
201506080920, 0.0286458
201506080930, 0.217122
201506080940, 0.0322266
201506080950, 0.109592
201506081000, 0.0301649
201506081010, 0
201506081020, 0.0120443
201506081030, 0.00878906
201506081040, 0.125109
201506081050, 0.150608
201506081100, 0.267144
201506081110, 0.0335286
201506081120, 0.174805
201506081130, 0.0324436
201506081140, 0.0973307
201506081150, 0.00119358
201506081200, 0.111979
201506081210, 0.386719
201506081220, 0.314345
201506081230, 0.396593
201506081240, 0.784722
201506081250, 0.477756
201506081300, 0.698459
201506081310, 0.168403
201506081320, 0.136393
201506081330, 0.239475
201506081340, 0.184896
201506081350, 0.338976
201506081400, 0.174696
201506081410, 0.142687
201506081420, 0.0908203
201506081430, 1.32574
201506081440, 1.16851
201506081450, 1.45953
201506081500, 1.4273
201506081510, 1.90875
201506081520, 1.662
201506081530, 1.78657
201506081540, 1.80349
201506081550, 1.88748
201506081600, 1.89128
201506081610, 1.82552
201506081620, 1.86654
201506081630, 2.38325
201506081640, 2.6696
201506081650, 3.74902
201506081700, 4.18717
201506081710, 4.48535
201506081720, 5.37717
201506081730, 5.27528
201506081740, 6.46376
201506081750, 6.68566
201506081800, 5.41829
201506081810, 6.21734
201506081820, 5.84766
201506081830, 6.65419
201506081840, 7.83268
201506081850, 8.03885
201506081900, 7.79905
201506081910, 6.09766
201506081920, 6.50868
201506081930, 6.85069
201506081940, 6.0268
201506081950, 6.58225
201506082000, 5.77094
201506082010, 4.21148
201506082020, 5.41113
201506082030, 4.12511
201506082040, 3.52431
201506082050, 3.04253
201506082100, 3.53624
201506082110, 2.92741
201506082120, 3.98199
201506082130, 3.38444
201506082140, 2.80447
201506082150, 3.03288
201506082200, 2.36361
201506082210, 1.4094
201506082220, 1.96506
201506082230, 3.06858
201506082240, 2.70822
201506082250, 3.16374
201506082300, 2.73568
201506082310, 2.30132
201506082320, 2.02214
201506082330, 3.98166
201506082340, 4.8623
201506082350, 4.24816
201506090000, 4.90647
201506090010, 4.12543
201506090020, 5.6582
201506090030, 5.49957
201506090040, 5.87652
201506090050, 5.7245
201506090100, 5.83691
201506090110, 4.31717
201506090120, 5.39149
201506090130, 4.52572
201506090140, 3.99262
201506090150, 3.26074
201506090200, 4.12684
201506090210, 2.95237
201506090220, 2.01899
201506090230, 1.57737
201506090240, 2.16428
201506090250, 3.09831
201506090300, 4.56597
201506090310, 4.82867
201506090320, 3.42296
201506090330, 4.08485
201506090340, 4.48166
201506090350, 3.25434
201506090400, 3.60449
201506090410, 3.48275
201506090420, 4.12457
201506090430, 4.80263
201506090440, 3.90365
201506090450, 5.51335
201506090500, 6.41819
201506090510, 5.79709
201506090520, 5.23416
201506090530, 5.54926
201506090540, 5.91753
201506090550, 6.89648
201506090600, 5.39041
201506090610, 3.6722
201506090620, 3.22049
201506090630, 2.95519
201506090640, 2.93728
201506090650, 3.44542
201506090700, 3.24078
201506090710, 3.06196
201506090720, 2.79937
201506090730, 2.92296
201506090740, 2.69629
201506090750, 2.69857
201506090800, 3.73427
201506090810, 2.92524
201506090820, 3.26367
201506090830, 3.07747
201506090840, 2.5651
201506090850, 2.10872
201506090900, 2.435
201506090910, 2.5268
201506090920, 2.22059
201506090930, 1.6275
201506090940, 1.94987
201506090950, 2.35417
201506091000, 1.99284
201506091010, 1.97342
201506091020, 1.91829
201506091030, 2.08453
201506091040, 2.00336
201506091050, 2.32454
201506091100, 2.58279
201506091110, 2.412
201506091120, 2.40896
201506091130, 2.04796
201506091140, 3.21094
201506091150, 2.96777
201506091200, 2.57661
201506091210, 2.1658
201506091220, 2.30707
201506091230, 2.13976
201506091240, 1.90929
201506091250, 2.30849
201506091300, 2.18631
201506091310, 1.95692
201506091320, 2.24772
201506091330, 2.56803
201506091340, 2.59863
201506091350, 3.10612
201506091400, 3.19065
201506091410, 3.9082
201506091420, 3.287
201506091430, 3.02496
201506091440, 1.74664
201506091450, 1.75195
201506091500, 0.848416
201506091510, 1.4732
201506091520, 1.31066
201506091530, 1.73394
201506091540, 1.7219
201506091550, 1.57357
201506091600, 1.95931
201506091610, 2.20388
201506091620, 3.28266
201506091630, 3.38531
201506091640, 3.98969
201506091650, 4.42697
201506091700, 4.02496
201506091710, 5.56044
201506091720, 5.74718
201506091730, 5.74251
201506091740, 5.84093
201506091750, 5.45822
201506091800, 5.61578
201506091810, 6.56651
201506091820, 6.00141
201506091830, 5.93099
201506091840, 3.22635
201506091850, 4.49707
201506091900, 3.58952
201506091910, 2.71322
201506091920, 1.76975
201506091930, 1.48796
201506091940, 2.73394
201506091950, 3.76508
201506092000, 3.62967
201506092010, 2.92839
201506092020, 3.46018
201506092030, 3.58735
201506092040, 2.86024
201506092050, 2.3865
201506092100, 3.00434
201506092110, 3.12109
201506092120, 5.31597
201506092130, 4.40321
201506092140, 3.66428
201506092150, 0.980686
201506092200, 0.7398
201506092210, 1.4656
201506092220, 1.84375
201506092230, 3.09809
201506092240, 1.91851
201506092250, 3.20985
201506092300, 3.19434
201506092310, 4.09223
201506092320, 3.48188
201506092330, 4.02506
201506092340, 4.29069
201506092350, 5.15516
201506100000, 4.85558
201506100010, 4.04427
201506100020, 4.64149
201506100030, 3.87229
201506100040, 3.31098
201506100050, 4.70258
201506100100, 3.8967
201506100110, 3.98817
201506100120, 2.08832
201506100130, 1.65625
201506100140, 1.2385
201506100150, 0.971029
201506100200, 0.746528
201506100210, 0.315213
201506100220, 0.18023
201506100230, 0.0745443
201506100240, 0.0309245
201506100250, 0.0537109
201506100300, 0.153754
201506100310, 0.0662977
201506100320, 0.168837
201506100330, 0.216471
201506100340, 0.0397135
201506100350, 0.00423177
201506100400, 0.015408
201506100410, 0.0174696
201506100420, 0.0271267
201506100430, 0.219293
201506100440, 0.25803
201506100450, 0.592122
201506100500, 0.582791
201506100510, 0.906141
201506100520, 0.988607
201506100530, 1.48036
201506100540, 1.65289
201506100550, 2.11578
201506100600, 2.11762
201506100610, 2.21408
201506100620, 2.47439
201506100630, 2.47971
201506100640, 2.46647
201506100650, 1.99023
201506100700, 2.13216
201506100710, 0.900499
201506100720, 1.38737
201506100730, 0.51454
201506100740, 0.62576
201506100750, 0.0715061
201506100800, 0.163845
201506100810, 0.512478
201506100820, 0.558485
201506100830, 0.225911
201506100840, 0.245551
201506100850, 0.677517
201506100900, 0.427517
201506100910, 0.592665
201506100920, 0.552517
201506100930, 0.945747
201506100940, 0.511068
201506100950, 0.528646
201506101000, 0.459201
201506101010, 0.26161
201506101020, 0.063151
201506101030, 0.25944
201506101040, 0.0454644
201506101050, 0.270182
201506101100, 0.610569
201506101110, 0.881076
201506101120, 0.72526
201506101130, 1.31608
201506101140, 1.0242
201506101150, 0.345812
201506101200, 0.603841
201506101210, 0.536567
201506101220, 0.60395
201506101230, 0.443576
201506101240, 0.387804
201506101250, 0.479384
201506101300, 0.456163
201506101310, 0.746745
201506101320, 0.960395
201506101330, 0.797092
201506101340, 1.02962
201506101350, 2.00293
201506101400, 1.91385
201506101410, 0.768555
201506101420, 1.23698
201506101430, 1.2462
201506101440, 1.3635
201506101450, 1.42339
201506101500, 1.33008
201506101510, 1.45367
201506101520, 1.98145
201506101530, 1.58474
201506101540, 1.72591
201506101550, 2.35037
201506101600, 2.43262
201506101610, 1.42524
201506101620, 1.47125
201506101630, 0.897678
201506101640, 0.87066
201506101650, 0.597439
201506101700, 0.793511
201506101710, 0.667643
201506101720, 0.313694
201506101730, 0.663303
201506101740, 0.644206
201506101750, 0.721354
201506101800, 0.614692
201506101810, 0.522027
201506101820, 0.198676
201506101830, 0.372504
201506101840, 0.265842
201506101850, 0.33941
201506101900, 0.181641
201506101910, 0.10753
201506101920, 0.206706
201506101930, 0.21072
201506101940, 0.324219
201506101950, 0.14388
201506102000, 0.0078125
201506102010, 0.121419
201506102020, 0.235786
201506102030, 0.126519
201506102040, 0.0424262
201506102050, 0.147569
201506102100, 0.0322266
201506102110, 0.0326606
201506102120, 0.157552
201506102130, 0.062066
201506102140, 0.124783
201506102150, 0.0461155
201506102200, 0.0192057
201506102210, 0.0268012
201506102220, 0.118598
201506102230, 0.231228
201506102240, 0.0724826
201506102250, 0.0926649
201506102300, 0.0689019
201506102310, 0.45855
201506102330, 0.00412326
201506102350, 0.00325521
201506110000, 0.00325521
201506110010, 0.000217014
201506110020, 0.00499132
201506110030, 0.0167101
201506110040, 0.0110677
201506110050, 0.0016276
201506110100, 0.00141059
201506110110, 0.022895
201506110120, 0.0651042
201506110130, 0.122938
201506110140, 0.000868056
201506110150, 0.00802951
201506110200, 0.0104167
201506110210, 0.0365668
201506110220, 0.1199
201506110230, 0.152995
201506110240, 0.102214
201506110250, 0.0846354
201506110300, 0.030816
201506110310, 0.00249566
201506110320, 0.0337457
201506110330, 0.15918
201506110340, 0.154622
201506110350, 0.111437
201506110400, 0.187609
201506110410, 0.165365
201506110420, 0.132812
201506110430, 0.153863
201506110440, 0.0782335
201506110450, 0.186306
201506110500, 0.134766
201506110510, 0.124349
201506110530, 0.112305
201506110540, 0.00358073
201506110600, 0.00173611
201506110610, 0.00651042
201506110620, 0.00575087
201506110630, 0.039388
201506110640, 0.00857205
201506110650, 0.0707465
201506110700, 0.0855035
201506110710, 0.00379774
201506110720, 0.0121528
201506110730, 0.121745
201506110740, 0.093316
201506110750, 0.0472005
201506110800, 0.0120443
201506110810, 0.0668403
201506110820, 0.0487196
201506110830, 0.0736762
201506110840, 0.0246311
201506110900, 0.0813802
201506110910, 0.0579427
201506110920, 0.101888
201506110930, 0.0830078
201506110940, 0.262044
201506110950, 0.0425347
201506111000, 0.0936415
201506111010, 0.511502
201506111020, 0.222331
201506111030, 0.261285
201506111040, 0
201506111050, 0
201506111100, 0
201506111110, 0
201506111120, 0.142904
201506111130, 0.194227
201506111140, 0.0483941
201506111150, 0.0757378
201506111200, 0.227865
201506111210, 0.0161675
201506111220, 0
201506111230, 0
201506111240, 0
201506111250, 0
201506111300, 0
201506111310, 0
201506111320, 0
201506111330, 0
201506111340, 0
201506111350, 0.00173611
201506111400, 0.0364583
201506111410, 0.0494792
201506111420, 0.0278863
201506111430, 0
201506111440, 0
201506111450, 0
201506111500, 0.151042
201506111510, 0.00282118
201506111520, 0.00705295
201506111530, 0
201506111540, 0.125109
201506111550, 0.000868056
201506111600, 0.0499132
201506111610, 0.0245226
201506111620, 0.00238715
201506111630, 0.0657552
201506111640, 0.138997
201506111650, 0.0532769
201506111700, 0.0278863
201506111710, 0.142578
201506111720, 0.151584
201506111730, 0.0542535
201506111740, 0.21582
201506111750, 0.0506727
201506111800, 0.122504
201506111810, 0.0453559
201506111820, 0.252279
201506111840, 0.315755
201506111850, 0.0978733
201506111900, 0.0831163
201506111910, 0.0646701
201506111920, 0.05523
201506111930, 0.0957031
201506111940, 0.0093316
201506111950, 0.0300564
201506112000, 0.0135634
201506112010, 0.0441623
201506112020, 0.120226
201506112030, 0.129883
201506112040, 0.0477431
201506112050, 0
201506112100, 0.031467
201506112110, 0.0456814
201506112120, 0.046875
201506112130, 0
201506112140, 0.00694444
201506112150, 0.00716146
201506112200, 0.00922309
201506112210, 0.255425
201506112220, 0.13954
201506112230, 0.0365668
201506112240, 0
201506112250, 0.00130208
201506112300, 0.145616
201506112310, 0.0313585
201506112320, 0.0493707
201506112330, 0.00282118
201506112340, 0.00260417
201506112350, 0
201506120000, 0.00108507
201506120010, 0.0132378
201506120020, 0.107422
201506120030, 0.0555556
201506120040, 0.150391
201506120050, 0.250326
201506120100, 0.106445
201506120110, 0.256619
201506120120, 0.0562066
201506120130, 0.245334
201506120140, 0.000217014
201506120150, 0.0031467
201506120200, 0.102648
201506120210, 0.022678
201506120220, 0.00846354
201506120230, 0.0313585
201506120240, 0.302626
201506120250, 0.100152
201506120300, 0.143555
201506120310, 0.294922
201506120320, 0.41059
201506120330, 0.13878
201506120340, 0.107639
201506120350, 0.0580512
201506120400, 0.031467
201506120410, 0.386719
201506120420, 0.281359
201506120430, 0.199219
201506120440, 0.0176866
201506120450, 0.106011
201506120500, 0.220269
201506120510, 0.29796
201506120520, 0.0150825
201506120530, 0.00271267
201506120540, 0.00358073
201506120550, 0.0724826
201506120600, 0
201506120610, 0.163628
201506120620, 0.25803
201506120630, 0.238173
201506120640, 0.0830078
201506120650, 0.000217014
201506120700, 0.425781
201506120710, 0.680447
201506120720, 0.269423
201506120730, 0.216797
201506120740, 0.436198
201506120800, 0.199978
201506120810, 0.0611979
201506120820, 0.0869141
201506120830, 0.150716
201506120840, 0.00260417
201506120850, 0.00195312
201506120900, 0
201506120910, 0.0364583
201506120920, 0.193142
201506120930, 0.00434028
201506120940, 0.129666
201506120950, 0.387695
201506121000, 0.382378
201506121010, 0.586155
201506121020, 0.503472
201506121030, 0.208659
201506121040, 0.214735
201506121050, 0.0737847
201506121100, 0.566298
201506121110, 0.477431
201506121120, 0.924045
201506121130, 0.400825
201506121140, 0.416667
201506121150, 1.02995
201506121200, 0.840278
201506121210, 1.13075
201506121220, 0.633247
201506121230, 0.546875
201506121240, 0.561198
201506121250, 0.79579
201506121300, 0.771159
201506121310, 0.578342
201506121320, 0.601128
201506121330, 0.337999
201506121340, 0.0870226
201506121350, 0.29872
201506121400, 0.477214
201506121410, 0.447266
201506121420, 0.40191
201506121430, 0.409831
201506121440, 0.331163
201506121450, 0.504232
201506121500, 0.375434
201506121510, 0.433377
201506121520, 0.13661
201506121530, 0.242947
201506121540, 0.0799696
201506121550, 0.246202
201506121600, 0.148546
201506121610, 0.000759549
201506121620, 0.0130208
201506121630, 0.0078125
201506121640, 0.00173611
201506121650, 0.0016276
201506121700, 0.0109592
201506121710, 0.0835503
201506121720, 0.0094401
201506121730, 0.0339627
201506121740, 0.0984158
201506121750, 0.0583767
201506121800, 0.0906033
201506121810, 0.189019
201506121820, 0.374457
201506121830, 0.779622
201506121840, 0.493164
201506121850, 0.37576
201506121900, 0.353733
201506121910, 0.229818
201506121920, 0.340712
201506121930, 0.375977
201506121940, 0.466363
201506121950, 0.550347
201506122000, 0.565755
201506122010, 0.850911
201506122020, 0.626085
201506122030, 1.22678
201506122040, 1.47472
201506122050, 1.49555
201506122100, 1.4834
201506122110, 1.52745
201506122120, 2.39681
201506122130, 2.27658
201506122140, 2.14095
201506122150, 3.9898
201506122200, 4.44553
201506122210, 5.54405
201506122220, 4.9286
201506122230, 5.00543
201506122240, 4.85699
201506122250, 4.62229
201506122300, 4.60384
201506122310, 3.39193
201506122320, 3.70866
201506122340, 2.99392
201506122350, 3.18793
201506130000, 3.08941
201506130010, 1.60286
201506130020, 0.756185
201506130030, 1.18229
201506130040, 0.976237
201506130050, 0.88444
201506130100, 0.688477
201506130110, 0.602756
201506130120, 0.749566
201506130130, 0.583116
201506130140, 0.596463
201506130150, 0.733073
201506130200, 0.301649
201506130210, 0.0224609
201506130220, 0.0161675
201506130230, 0.677626
201506130240, 0.262261
201506130250, 0.54069
201506130300, 0.425456
201506130310, 0.520833
201506130320, 0.212999
201506130330, 0.534071
201506130340, 0.0257161
201506130350, 0
201506130400, 0.102322
201506130410, 0.0256076
201506130420, 0.0432943
201506130430, 0.00596788
201506130440, 0.131727
201506130450, 0.039605
201506130500, 0.0414497
201506130510, 0.046224
201506130520, 0.146267
201506130530, 0
201506130540, 0.0356988
201506130550, 0.000868056
201506130600, 0.0100911
201506130610, 0.000434028
201506130620, 0.00976562
201506130630, 0.0145399
201506130640, 0.00998264
201506130650, 0.00694444
201506130700, 0.10536
201506130710, 0.0289714
201506130720, 0.00108507
201506130730, 0.0197483
201506130740, 0.000868056
201506130750, 0
201506130800, 0.0296224
201506130810, 0.0260417
201506130820, 0.0260417
201506130830, 0.0101997
201506130840, 0.078776
201506130850, 0.0170356
201506130900, 0.0287543
201506130910, 0.0400391
201506130920, 0.016059
201506130930, 0.0200738
201506130940, 0.0211589
201506130950, 0.0249566
201506131000, 0.0183377
201506131010, 0.00260417
201506131020, 0.00759549
201506131030, 0.00195312
201506131040, 0.000108507
201506131050, 0.0244141
201506131100, 0.0189887
201506131110, 0.000759549
201506131120, 0.0220269
201506131130, 0.0427517
201506131140, 0.0173611
201506131150, 0.164931
201506131200, 0.00542535
201506131210, 0.129232
201506131220, 0
201506131230, 0.18023
201506131240, 0.00802951
201506131250, 0.00195312
201506131300, 0.176975
201506131310, 0.0452474
201506131320, 0.000325521
201506131330, 0.0762804
201506131340, 0.443902
201506131350, 0.441189
201506131400, 0.213976
201506131410, 0.334744
201506131420, 0.00271267
201506131430, 0.122396
201506131440, 0.0111762
201506131450, 0.282661
201506131500, 0.164714
201506131510, 0.00846354
201506131520, 0.216471
201506131530, 0.115234
201506131540, 0.114692
201506131550, 0.000542535
201506131600, 0.00911458
201506131610, 0.0104167
201506131620, 0.282878
201506131630, 0.11556
201506131640, 0.252062
201506131650, 0.181641
201506131700, 0.107422
201506131710, 0.155273
201506131720, 0.0694444
201506131730, 0.0139974
201506131740, 0.00987413
201506131750, 0.0330946
201506131800, 0.0431858
201506131810, 0.00206163
201506131820, 0.140842
201506131830, 0.00607639
201506131840, 0.11122
201506131850, 0.0549045
201506131900, 0.00651042
201506131910, 0.0810547
201506131920, 0.0593533
201506131930, 0.249023
201506131940, 0.238498
201506131950, 0.0317925
201506132000, 0.180339
201506132010, 0.194553
201506132020, 0.0254991
201507010000, 0.161133
201507010010, 0.441515
201507010020, 0.128798
201507010030, 0.0635851
201507010040, 0.17589
201507010050, 0.0205078
201507010100, 0.0094401
201507010110, 0.466037
201507010120, 0
201507010130, 0.334961
201507010140, 0.0441623
201507010150, 0.302843
201507010200, 0.244032
201507010210, 0.0750868
201507010220, 0.0489366
201507010230, 0.0260417
201507010240, 0.00889757
201507010250, 0.0247396
201507010300, 0.0394965
201507010310, 0.334744
201507010320, 0.175564
201507010330, 0.443359
201507010340, 0.250434
201507010350, 0.399523
201507010400, 0.428277
201507010410, 0.0750868
201507010420, 0.126845
201507010430, 0.188802
201507010440, 0.000542535
201507010450, 0.0334201
201507010500, 0.00184462
201507010510, 0.0313585
201507010520, 0.140082
201507010530, 0.256619
201507010540, 0.272352
201507010550, 0.237956
201507010600, 0.252713
201507010610, 0.155382
201507010620, 0.178168
201507010630, 0.206163
201507010640, 0.166775
201507010650, 0.0984158
201507010700, 0.152018
201507010710, 0.101345
201507010720, 0.0479601
201507010730, 0.15115
201507010740, 0.109266
201507010750, 0.0187717
201507010800, 0.00271267
201507010810, 0.0171441
201507010820, 0.0234375
201507010830, 0.120985
201507010840, 0.00726997
201507010850, 0.023329
201507010900, 0.085829
201507010910, 0.0720486
201507010920, 0.00488281
201507010930, 0.0753038
201507010940, 0.139323
201507010950, 0.0322266
201507011000, 0.0577257
201507011010, 0.121853
201507011020, 0.0123698
201507011030, 0.0215929
201507011040, 0.0108507
201507011050, 0.0444878
201507011100, 0.122721
201507011110, 0.0897352
201507011120, 0.280165
201507011130, 0.392144
201507011140, 0.286675
201507011150, 0.438477
201507011200, 0.573459
201507011210, 0.795247
201507011220, 1.0025
201507011230, 1.82476
201507011240, 2.3355
201507011250, 2.82248
201507011300, 3.12489
201507011310, 2.54763
201507011320, 2.53255
201507011330, 2.24392
201507011340, 2.02626
201507011350, 1.41862
201507011400, 1.85959
201507011410, 2.2411
201507011420, 2.34462
201507011430, 1.68587
201507011440, 2.10645
201507011450, 1.61827
201507011500, 1.64128
201507011510, 1.28451
201507011520, 1.14106
201507011530, 1.32541
201507011540, 1.11176
201507011550, 1.11664
201507011600, 0.937283
201507011610, 0.476128
201507011620, 0.559353
201507011630, 0.248806
201507011640, 0.304796
201507011650, 0.296441
201507011700, 0.360894
201507011710, 0.232856
201507011720, 0.0218099
201507011730, 0.0136719
201507011740, 0.14822
201507011750, 0.199002
201507011800, 0.047309
201507011810, 0.0407986
201507011820, 0.221897
201507011830, 0.964518
201507011840, 0.125868
201507011850, 0.650608
201507011900, 0.977648
201507011910, 1.08811
201507011920, 1.21278
201507011930, 1.13346
201507011940, 0.627279
201507011950, 1.01465
201507012000, 1.57498
201507012010, 1.02398
201507012020, 0.588108
201507012030, 4.78201
201507012040, 3.6594
201507012050, 3.16102
201507012100, 2.58854
201507012110, 3.47222
201507012120, 3.77094
201507012130, 3.75684
201507012140, 3.06315
201507012150, 3.30447
201507012200, 1.69824
201507012210, 2.79536
201507012220, 1.27127
201507012230, 2.1161
201507012240, 1.66721
201507012250, 1.99251
201507012300, 2.28342
201507012310, 1.90777
201507012320, 1.59321
201507012330, 1.75792
201507012340, 1.17003
201507012350, 0.824761
201507020000, 0.541341
201507020010, 0.522895
201507020020, 0.224609
201507020030, 0.127496
201507020040, 0.0328776
201507020050, 0.14171
201507020100, 0
201507020110, 0.00173611
201507020120, 0
201507020130, 0.0683594
201507020140, 0.0287543
201507020150, 1.20931
201507020200, 1.42339
201507020210, 2.35764
201507020220, 1.83887
201507020230, 1.64876
201507020240, 2.34386
201507020250, 1.70779
201507020300, 1.68707
201507020310, 1.88075
201507020320, 1.70215
201507020330, 1.42448
201507020340, 1.34993
201507020350, 1.33051
201507020400, 1.54243
201507020410, 1.38477
201507020420, 1.5332
201507020430, 0.713433
201507020440, 1.14974
201507020450, 1.55935
201507020500, 1.05143
201507020510, 1.57368
201507020520, 1.19065
201507020530, 1.49132
201507020540, 0.524523
201507020550, 1.22428
201507020600, 1.41992
201507020610, 0.604818
201507020620, 1.05621
201507020630, 1.54829
201507020640, 0.993815
201507020650, 1.50011
201507020700, 0.962674
201507020710, 0.577691
201507020720, 0.753581
201507020730, 0.892904
201507020740, 1.20909
201507020750, 1.13683
201507020800, 1.01335
201507020810, 1.38943
201507020820, 1.08898
201507020830, 1.34516
201507020840, 1.64551
201507020850, 1.13216
201507020900, 1.33062
201507020910, 1.34603
201507020920, 1.70432
201507020930, 2.17459
201507020940, 0.86046
201507020950, 1.94108
201507021000, 1.69618
201507021010, 1.50879
201507021020, 1.13672
201507021030, 1.03939
201507021040, 0.774306
201507021050, 0.751519
201507021100, 0.254774
201507021110, 0.494575
201507021120, 0.583333
201507021130, 0.918837
201507021140, 1.2053
201507021150, 1.20519
201507021200, 1.15842
201507021210, 2.01921
201507021220, 1.44314
201507021230, 0.720486
201507021240, 0.33355
201507021250, 0.434136
201507021300, 0.158963
201507021310, 0.32704
201507021320, 0.265842
201507021330, 0.169705
201507021340, 0.155273
201507021350, 0.00813802
201507021400, 0.0559896
201507021410, 0.0015191
201507021420, 0.0614149
201507021430, 0.187283
201507021440, 0.0266927
201507021450, 0.206272
201507021500, 0.0848524
201507021510, 0.72309
201507021520, 0.409614
201507021530, 0.620443
201507021540, 0.678385
201507021550, 0.648872
201507021600, 0.490777
201507021610, 0.460069
201507021620, 0.655816
201507021630, 1.23655
201507021640, 1.3469
201507021650, 0.808268
201507021700, 0.423611
201507021710, 0.658095
201507021720, 0.671549
201507021730, 0.321723
201507021740, 0.420139
201507021750, 0.989583
201507021800, 1.33919
201507021810, 1.17491
201507021820, 0.860352
201507021830, 1.20063
201507021840, 1.46647
201507021850, 2.15115
201507021900, 1.72526
201507021910, 2.65658
201507021920, 2.2742
201507021930, 1.30914
201507021940, 3.08388
201507021950, 1.86133
201507022000, 2.43891
201507022010, 1.76443
201507022020, 2.64659
201507022030, 1.39214
201507022040, 1.2525
201507022050, 2.44857
201507022100, 2.26877
201507022110, 1.12988
201507022120, 0.978299
201507022130, 2.08084
201507022140, 1.99848
201507022150, 1.97157
201507022200, 1.56793
201507022210, 1.39909
201507022220, 2.13889
201507022230, 1.39171
201507022240, 1.24045
201507022250, 1.43728
201507022300, 1.56727
201507022310, 1.03483
201507022320, 0.934028
201507022330, 0.693468
201507022340, 0.705404
201507022350, 0.424371
201507030000, 0.545139
201507030010, 0.904839
201507030020, 0.406901
201507030030, 1.01432
201507030040, 0.424371
201507030050, 0.573785
201507030100, 0.89464
201507030110, 1.2526
201507030120, 1.24295
201507030130, 1.33702
201507030140, 1.44151
201507030150, 1.13813
201507030200, 1.35677
201507030210, 1.13509
201507030220, 0.894097
201507030230, 1.09299
201507030240, 1.34429
201507030250, 1.14844
201507030300, 1.00618
201507030310, 0.879666
201507030320, 0.498481
201507030330, 0.820964
201507030340, 0.938911
201507030350, 0.893338
201507030400, 1.0077
201507030410, 0.840061
201507030420, 0.80447
201507030430, 0.909722
201507030440, 0.793186
201507030450, 0.669379
201507030500, 1.07986
201507030510, 0.796441
201507030520, 1.70367
201507030530, 0.780056
201507030540, 2.29221
201507030550, 1.85916
201507030600, 1.51063
201507030610, 2.11372
201507030620, 2.24316
201507030630, 1.57758
201507030640, 1.97157
201507030650, 3.00423
201507030700, 3.70605
201507030710, 3.83084
201507030720, 4.60699
201507030730, 4.61404
201507030740, 3.94086
201507030750, 4.10243
201507030800, 3.44727
201507030810, 4.35612
201507030820, 4.84744
201507030830, 4.60004
201507030840, 5.0076
201507030850, 4.02821
201507030900, 4.50087
201507030910, 2.88477
201507030920, 3.63422
201507030930, 4.00033
201507030940, 4.22721
201507030950, 2.8572
201507031000, 2.12912
201507031010, 2.70139
201507031020, 3.16677
201507031030, 3.56782
201507031040, 3.05903
201507031050, 2.59722
201507031100, 2.8201
201507031110, 1.86491
201507031120, 1.4783
201507031130, 1.48926
201507031140, 1.67339
201507031150, 1.79416
201507031200, 1.1352
201507031210, 1.69846
201507031220, 1.87359
201507031230, 1.96918
201507031240, 2.19444
201507031250, 2.11252
201507031300, 2.39431
201507031310, 2.6888
201507031320, 2.98134
201507031330, 3.02615
201507031340, 3.54579
201507031350, 1.92253
201507031400, 2.79438
201507031410, 4.14182
201507031420, 3.28016
201507031430, 2.75803
201507031440, 2.65224
201507031450, 2.81782
201507031500, 1.87587
201507031510, 1.62533
201507031520, 1.42828
201507031530, 2.57899
201507031540, 2.50499
201507031550, 3.08691
201507031600, 2.04286
201507031610, 2.56196
201507031620, 2.68685
201507031630, 2.34907
201507031640, 2.19444
201507031650, 1.9923
201507031700, 2.18077
201507031710, 2.20247
201507031720, 2.56174
201507031730, 2.39941
201507031740, 2.07476
201507031750, 1.73481
201507031800, 1.30089
201507031810, 0.997613
201507031820, 1.00228
201507031830, 0.932943
201507031840, 0.512587
201507031850, 0.322917
201507031900, 0.0450304
201507031910, 0.665039
201507031920, 0.978841
201507031930, 1.04112
201507031940, 0.910916
201507031950, 0.214301
201507032000, 0.539931
201507032010, 1.32357
201507032020, 1.13357
201507032030, 0.45855
201507032040, 0.84451
201507032050, 0.835395
201507032100, 1.11871
201507032110, 0.868056
201507032120, 0.940538
201507032130, 0.571723
201507032140, 0.65191
201507032150, 0.539931
201507032200, 0.601671
201507032210, 0.143989
201507032220, 0.43533
201507032230, 0.572808
201507032240, 0.704861
201507032250, 0.774631
201507032300, 0.727973
201507032310, 0.436632
201507032320, 0.301866
201507032330, 0.275174
201507032340, 0.023112
201507032350, 0.0474175
201507040000, 0.0207248
201507040010, 0.015842
201507040020, 0.0150825
201507040030, 0.0141059
201507040040, 0.00770399
201507040050, 0.0200738
201507040100, 0.0159505
201507040110, 0.0133464
201507040120, 0.0061849
201507040130, 0.00737847
201507040140, 0.0182292
201507040150, 0.0113932
201507040200, 0.0144314
201507040210, 0.00922309
201507040220, 0.00705295
201507040230, 0.0124783
201507040240, 0.00444878
201507040250, 0.00336372
201507040300, 0.00227865
201507040310, 0.00499132
201507040320, 0.00119358
201507040330, 0.0078125
201507040340, 0.0642361
201507040350, 0.0275608
201507040400, 0.000434028
201507040410, 0.00531684
201507040420, 0.0184462
201507040430, 0.0124783
201507040440, 0.00119358
201507040450, 0.00922309
201507040500, 0.0136719
201507040510, 0.00499132
201507040520, 0
201507040530, 0.0218099
201507040540, 0.0323351
201507040550, 0.0384115
201507040600, 0.136936
201507040610, 0.0430773
201507040620, 0.0078125
201507040630, 0.0809462
201507040640, 0.000108507
201507040650, 0.0123698
201507040700, 0.000651042
201507040710, 0.00184462
201507040720, 0.0337457
201507040730, 0.000868056
201507040740, 0.00271267
201507040750, 0.00217014
201507040800, 0.000651042
201507040810, 0.132378
201507040820, 0.0273438
201507040830, 0.0078125
201507040840, 0.000108507
201507040850, 0.00868056
201507040900, 0.210178
201507040910, 0.0124783
201507040920, 0.122287
201507040930, 0.129883
201507040940, 0.139323
201507040950, 0.00249566
201507041000, 0.167643
201507041010, 0.0524089
201507041020, 0.182834
201507041030, 0.0644531
201507041040, 0.0683594
201507041050, 0.0583767
201507041100, 0.0381944
201507041110, 0.138238
201507041120, 0.0301649
201507041130, 0.124023
201507041140, 0.00868056
201507041150, 0.0479601
201507041200, 0.00661892
201507041210, 0.0282118
201507041220, 0.0213759
201507041230, 0.0490451
201507041240, 0.0469835
201507041250, 0.053928
201507041300, 0.0348307
201507041310, 0.0360243
201507041320, 0.0338542
201507041330, 0.0549045
201507041340, 0.150499
201507041350, 0.03125
201507041400, 0.0975477
201507041410, 0.0921224
201507041420, 0.134332
201507041430, 0.109158
201507041440, 0.239909
201507041450, 0.334852
201507041500, 0.622504
201507041510, 0.00227865
201507041520, 0.0197483
201507041530, 0.0613064
201507041540, 0.0283203
201507041550, 0.0225694
201507041600, 0.274848
201507041610, 0.039388
201507041620, 0.0171441
201507041630, 0.0746528
201507041640, 0.0119358
201507041650, 0.0176866
201507041700, 0.0117188
201507041710, 0.00911458
201507041720, 0.0209418
201507041730, 0.0244141
201507041740, 0.0460069
201507041750, 0.0262587
201507041800, 0.00911458
201507041810, 0.0224609
201507041820, 0.312934
201507041830, 0.0390625
201507041840, 0.626628
201507041850, 0.614692
201507041900, 1.15842
201507041910, 0.942166
201507041920, 0.761285
201507041930, 0.963542
201507041940, 0.951714
201507041950, 1.01345
201507042000, 0.819553
201507042010, 0.888455
201507042020, 0.800564
201507042030, 1.4094
201507042040, 1.39789
201507042050, 1.39594
201507042100, 0.737739
201507042110, 1.36827
201507042120, 1.33626
201507042130, 1.35243
201507042140, 1.31055
201507042150, 1.32823
201507042200, 1.14421
201507042210, 1.20605
201507042220, 1.42611
201507042230, 1.05881
201507042240, 1.42133
201507042250, 1.63238
201507042300, 1.22016
201507042310, 0.88878
201507042320, 1.20388
201507042330, 1.51617
201507042340, 1.72656
201507042350, 1.8954
201507050000, 2.55284
201507050010, 2.40842
201507050020, 2.28016
201507050030, 2.26573
201507050040, 1.12695
201507050050, 1.86632
201507050100, 1.17025
201507050110, 1.13357
201507050120, 1.03885
201507050130, 0.956272
201507050140, 0.615343
201507050150, 0.194227
201507050200, 0.343099
201507050210, 0.140408
201507050220, 0.34451
201507050230, 0.411024
201507050240, 0.121311
201507050250, 0.321723
201507050300, 0.3074
201507050310, 0.305773
201507050320, 0.268012
201507050330, 0.0507812
201507050340, 0.290907
201507050350, 0.276042
201507050400, 0.281684
201507050410, 0.120985
201507050420, 0.244683
201507050430, 0.106445
201507050440, 0.140299
201507050450, 0.0381944
201507050500, 0.0909288
201507050510, 0.0272352
201507050520, 0.00868056
201507050530, 0.117188
201507050540, 0.00998264
201507050550, 0.022895
201507050600, 0.0198568
201507050610, 0.00520833
201507050620, 0.000542535
201507050630, 0.000759549
201507050640, 0.000434028
201507050650, 0.0061849
201507050700, 0.0062934
201507050710, 0
201507050720, 0
201507050730, 0.105903
201507050740, 0.0104167
201507050750, 0.00531684
201507050800, 0
201507050810, 0
201507050820, 0.0407986
201507050830, 0.00564236
201507050840, 0.038737
201507050850, 0.375434
201507050900, 0.024197
201507050910, 0.0123698
201507050920, 0.016059
201507050930, 0.054145
201507050940, 0.00379774
201507050950, 0.0187717
201507051000, 0
201507051010, 0.0413411
201507051020, 0.00444878
201507051030, 0
201507051040, 0
201507051050, 0.000108507
201507051100, 0.000651042
201507051110, 0
201507051120, 0
201507051130, 0.000651042
201507051140, 0.00195312
201507051150, 0.0142144
201507051200, 0.00217014
201507051210, 0.0734592
201507051220, 0.0560981
201507051230, 0.255642
201507051240, 0.015842
201507051250, 0.0617405
201507051300, 0.121419
201507051310, 0.0844184
201507051320, 0.0263672
201507051330, 0.0224609
201507051340, 0.00661892
201507051350, 0.00531684
201507051400, 0.00737847
201507051410, 0.00119358
201507051420, 0.153863
201507051430, 0.171224
201507051440, 0.220269
201507051450, 0.342882
201507051500, 0.00336372
201507051510, 0.131402
201507051520, 0.242405
201507051530, 0.0376519
201507051540, 0.274306
201507051550, 0.485786
201507051600, 0.59299
201507051610, 0.00651042
201507051620, 0.0315755
201507051630, 0.0296224
201507051640, 0.0110677
201507051650, 0.062934
201507051700, 0.0664062
201507051710, 0.0150825
201507051720, 0
201507051730, 0.00976562
201507051740, 0.0168186
201507051750, 0.0031467
201507051800, 0.0062934
201507051810, 0
201507051820, 0.38303
201507051830, 0.108832
201507051840, 0.101237
201507051850, 0.134874
201507051900, 0.0152995
201507051910, 0.109266
201507051920, 0.0209418
201507051930, 0.0031467
201507051940, 0.121419
201507051950, 0.217339
201507052000, 0.0758464
201507052010, 0.0753038
201507052020, 0.0570747
201507052030, 0.023763
201507052040, 0.023763
201507052050, 0.0474175
201507052100, 0.145616
201507052110, 0.149848
201507052120, 0.20128
201507052130, 0.154297
201507052140, 0.0518663
201507052150, 0.0236545
201507052200, 0.0109592
201507052210, 0.0247396
201507052220, 0.534071
201507052230, 0.0438368
201507052240, 0.154514
201507052250, 0.038954
201507052300, 0.168728
201507052310, 0.0531684
201507052320, 0
201507052330, 0.0403646
201507052340, 0.085395
201507052350, 0.047092
201507060000, 0
201507060010, 0.130859
201507060020, 0.125977
201507060030, 0.20714
201507060040, 0.286241
201507060050, 0.160373
201507060100, 0.320855
201507060110, 0.789171
201507060120, 0.349175
201507060130, 0.287977
201507060140, 0.230794
201507060150, 0.199436
201507060200, 0.0498047
201507060210, 0.0499132
201507060220, 0.0742188
201507060230, 0.0989583
201507060240, 0.131402
201507060250, 0.0110677
201507060300, 0.0291884
201507060310, 0.131293
201507060320, 0.193685
201507060330, 0.363932
201507060340, 0.534831
201507060350, 0.23546
201507060400, 0.23112
201507060410, 0.469293
201507060420, 0.464844
201507060430, 0.560004
201507060440, 0.565213
201507060450, 0.160807
201507060500, 0.212131
201507060510, 0.138238
201507060520, 0.100043
201507060530, 0.121202
201507060540, 0.0679253
201507060550, 0.171224
201507060600, 0.201823
201507060610, 0.114692
201507060620, 0.0732422
201507060630, 0.0602214
201507060640, 0.10395
201507060650, 0.0352648
201507060700, 0.194444
201507060710, 0.169162
201507060720, 0.101562
201507060730, 0.0416667
201507060740, 0.0326606
201507060750, 0.0225694
201507060800, 0.0159505
201507060810, 0.00748698
201507060820, 0.0422092
201507060830, 0.0136719
201507060840, 0.0120443
201507060850, 0.00390625
201507060900, 0.000759549
201507060910, 0.000217014
201507060920, 0
201507060930, 0.0614149
201507060940, 0.038303
201507060950, 0.00227865
201507061000, 0.0646701
201507061010, 0.0531684
201507061020, 0.0449219
201507061030, 0.0412326
201507061040, 0.0170356
201507061050, 0.0263672
201507061100, 0.0430773
201507061110, 0.0494792
201507061120, 0.0422092
201507061130, 0.0659722
201507061140, 0.0798611
201507061150, 0.17947
201507061200, 0.112413
201507061210, 0.119466
201507061220, 0.239475
201507061230, 0.217556
201507061240, 0.137044
201507061250, 0.502713
201507061300, 0.512912
201507061310, 0.552192
201507061320, 0.324002
201507061330, 0.0873481
201507061340, 0.308811
201507061350, 0.233615
201507061400, 0.0438368
201507061410, 0.00705295
201507061420, 0.12424
201507061430, 0.292209
201507061440, 0.241753
201507061450, 0.000976562
201507061500, 0.434245
201507061510, 0.0145399
201507061520, 0.330729
201507061530, 0.459852
201507061540, 0.255642
201507061550, 0.245551
201507061600, 0.214193
201507061610, 0.047526
201507061620, 0.198568
201507061630, 0.233181
201507061640, 0.127279
201507061650, 0.51888
201507061700, 0.0371094
201507061710, 0.780273
201507061720, 1.33138
201507061730, 1.63227
201507061740, 1.49089
201507061750, 0.856771
201507061800, 0.798611
201507061810, 1.76118
201507061820, 2.35308
201507061830, 1.22917
201507061840, 0.65332
201507061850, 1.05632
201507061900, 2.70074
201507061910, 2.26226
201507061920, 2.08214
201507061930, 1.03016
201507061940, 1.50109
201507061950, 2.62001
201507062000, 1.64084
201507062010, 0.760091
201507062020, 1.47982
201507062030, 1.63053
201507062040, 1.6722
201507062050, 1.76356
201507062100, 1.50358
201507062110, 1.83171
201507062120, 1.82411
201507062130, 1.75955
201507062140, 1.04047
201507062150, 0.910265
201507062200, 0.411458
201507062210, 0.996853
201507062220, 1.00553
201507062230, 0.951714
201507062240, 1.11013
201507062250, 0.932183
201507062300, 1.29948
201507062310, 1.0332
201507062320, 1.85851
201507062330, 1.89789
201507062340, 1.23492
201507062350, 2.88802
201507070000, 2.59896
201507070010, 2.64225
201507070020, 2.19803
201507070030, 2.91222
201507070040, 1.01476
201507070050, 0.818576
201507070100, 0.543837
201507070110, 0.996311
201507070120, 0.930013
201507070130, 0.551649
201507070140, 0.841254
201507070150, 0.602214
201507070200, 0.603733
201507070210, 0.457791
201507070220, 0.549479
201507070230, 0.389757
201507070240, 0.6926
201507070250, 0.499891
201507070300, 0.409288
201507070310, 0.437826
201507070320, 0.281033
201507070330, 0.332682
201507070340, 0.392687
201507070350, 0.340495
201507070400, 0.250326
201507070410, 0.405056
201507070420, 0.372721
201507070430, 0.258464
201507070440, 0.334744
201507070450, 0.289714
201507070500, 0.42372
201507070510, 0.573351
201507070520, 0.689779
201507070530, 0.88151
201507070540, 0.803711
201507070550, 1.10124
201507070600, 0.848307
201507070610, 0.531467
201507070620, 0.419054
201507070630, 0.465603
201507070640, 0.702257
201507070650, 1.7806
201507070700, 1.17253
201507070710, 1.41905
201507070720, 1.31717
201507070730, 0.422092
201507070740, 0.121636
201507070750, 0.961372
201507070800, 1.0051
201507070810, 0.527018
201507070820, 1.01877
201507070830, 1.22005
201507070840, 0.6773
201507070850, 0.932617
201507070900, 0.644857
201507070910, 0.312826
201507070920, 0.21951
201507070930, 0.206272
201507070940, 0.195964
201507070950, 0.211589
201507071000, 0.254557
201507071010, 0.108941
201507071020, 0.0758464
201507071030, 0.0533854
201507071040, 0.0139974
201507071050, 0.139757
201507071100, 0.0107422
201507071110, 0.10026
201507071120, 0.154405
201507071130, 0.294596
201507071140, 0.00173611
201507071150, 0.0334201
201507071200, 0.0498047
201507071210, 0.0171441
201507071220, 0.230035
201507071230, 0.214844
201507071240, 0.291667
201507071250, 0.156901
201507071300, 0.256076
201507071310, 0.376953
201507071320, 0.336806
201507071330, 0.520725
201507071340, 0.391819
201507071350, 0.159505
201507071400, 0.234049
201507071410, 0.291016
201507071420, 0.303494
201507071430, 0.191949
201507071440, 0.647027
201507071450, 0.536784
201507071500, 0.0432943
201507071510, 0.321832
201507071520, 0.726562
201507071530, 0.524414
201507071540, 0.356771
201507071550, 0.350477
201507071600, 0.414822
201507071610, 0.770508
201507071620, 0.480794
201507071630, 0.67003
201507071640, 0.45714
201507071650, 0.443251
201507071700, 0.272678
201507071710, 0.121528
201507071720, 0.16276
201507071730, 0.291016
201507071740, 0.346463
201507071750, 0.459527
201507071800, 0.323568
201507071810, 0.36046
201507071820, 0.571072
201507071830, 0.28125
201507071840, 0.536024
201507071850, 0.26964
201507071900, 0.257704
201507071910, 0.261936
201507071920, 0.023112
201507071930, 0.00108507
201507071940, 0.0519748
201507071950, 0.265408
201507072000, 0.338325
201507072010, 0.349826
201507072020, 0.503798
201507072030, 0.245768
201507072040, 0.0414497
201507072050, 0.0375434
201507072100, 0.27908
201507072110, 0.0155165
201507072120, 0.0337457
201507072130, 0.0427517
201507072140, 0.0514323
201507072150, 0.0372179
201507072200, 0.0690104
201507072210, 0.014974
201507072220, 0.209527
201507072230, 0.00206163
201507072240, 0.00358073
201507072250, 0.125217
201507072300, 0.00607639
201507072310, 0.0416667
201507072320, 0.0517578
201507072330, 0.113607
201507072340, 0.0665148
201507072350, 0.0646701
201507080000, 0.047526
201507080010, 0.0478516
201507080020, 0.0348307
201507080030, 0.00846354
201507080040, 0.0791016
201507080050, 0.133138
201507080100, 0.115343
201507080110, 0.221354
201507080120, 0.138238
201507080130, 0.12283
201507080140, 0.0374349
201507080150, 0.376845
201507080200, 0.399523
201507080210, 0.314887
201507080220, 0.361979
201507080230, 0.844835
201507080240, 0.898546
201507080250, 0.894314
201507080300, 0.688151
201507080310, 0.82997
201507080320, 0.679253
201507080330, 0.621311
201507080340, 0.592231
201507080350, 0.779188
201507080400, 0.869792
201507080410, 0.121094
201507080420, 0.31174
201507080430, 0.244683
201507080440, 0.170898
201507080450, 0.0227865
201507080500, 0.183268
201507080510, 0.0425347
201507080520, 0.161675
201507080530, 0.0919054
201507080540, 0.135851
201507080550, 0.191081
201507080600, 0.155273
201507080610, 0
201507080630, 0.483181
201507080640, 0.119358
201507080650, 0.0447049
201507080700, 0.0207248
201507080710, 0.0600043
201507080720, 0.106337
201507080730, 0.110894
201507080740, 0.00889757
201507080750, 0.0251736
201507080800, 0.0735677
201507080810, 0.182726
201507080820, 0.0144314
201507080830, 0.17372
201507080840, 0.172309
201507080850, 0.364149
201507080900, 0.12066
201507080910, 0.489149
201507080920, 0.00249566
201507080930, 0.862956
201507080940, 0.866102
201507080950, 0.559787
201507081000, 0.390516
201507081010, 0.225043
201507081020, 0.192491
201507081030, 0.194444
201507081040, 0.227539
201507081050, 0.187609
201507081100, 0.790799
201507081110, 0.645616
201507081120, 1.18164
201507081130, 0.529622
201507081140, 0.650716
201507081150, 0.253364
201507081200, 0.358073
201507081210, 0.263889
201507081220, 0.706706
201507081230, 0.15701
201507081240, 0.850043
201507081250, 0.560221
201507081300, 0.859592
201507081310, 0.551649
201507081320, 0.248698
201507081330, 0.204861
201507081340, 0.186957
201507081350, 0.0430773
201507081400, 0.128038
201507081410, 0.246636
201507081420, 0.141168
201507081430, 0.741319
201507081440, 0.726454
201507081450, 0.648655
201507081500, 0.948242
201507081510, 0.83648
201507081520, 0.83724
201507081530, 0.83214
201507081540, 0.748915
201507081550, 0.575955
201507081600, 0.785373
201507081610, 0.348416
201507081620, 0.376953
201507081630, 0.556966
201507081640, 0.226237
201507081650, 0.275499
201507081700, 0.39464
201507081710, 0.52691
201507081720, 0.342014
201507081730, 0.438585
201507081740, 0.464844
201507081750, 0.356228
201507081800, 0.26237
201507081810, 0.00520833
201507081820, 0.0329861
201507081830, 0.0871311
201507081840, 0.0110677
201507081850, 0.0279948
201507081900, 0.0016276
201507081910, 0.00716146
201507081920, 0.00303819
201507081930, 0.0401476
201507081940, 0.162869
201507081950, 0.81977
201507082000, 1.17784
201507082010, 1.28136
201507082020, 1.53396
201507082030, 1.55762
201507082040, 1.48372
201507082050, 1.5319
201507082100, 1.44586
201507082110, 1.53613
201507082120, 1.30707
201507082130, 1.18891
201507082140, 0.800456
201507082150, 0.429253
201507082200, 0.37934
201507082210, 0.0996094
201507082220, 0.244792
201507082230, 0.047526
201507082240, 0.246419
201507082250, 0.427517
201507082300, 0.524414
201507082310, 0.609484
201507082320, 0.513889
201507082330, 0.418945
201507082340, 0.274414
201507082350, 0.234266
201507090000, 0.0232205
201507090010, 0.00922309
201507090020, 0.0261502
201507090030, 0.0529514
201507090040, 0.0259332
201507090050, 0.0796441
201507090100, 0.0377604
201507090110, 0.0434028
201507090120, 0.132161
201507090130, 0.0467665
201507090140, 0.0192057
201507090150, 0.127821
201507090200, 0.129557
201507090210, 0.0976562
201507090220, 0.18826
201507090230, 0.0536024
201507090240, 0.127604
201507090250, 0.0656467
201507090300, 0.0452474
201507090310, 0.0150825
201507090320, 0.00640191
201507090330, 0.000651042
201507090340, 0.00607639
201507090350, 0.00336372
201507090400, 0.00347222
201507090410, 0.00813802
201507090420, 0.023546
201507090430, 0.00640191
201507090440, 0.0402561
201507090450, 0
201507090500, 0.000108507
201507090510, 0
201507090520, 0
201507090530, 0.00130208
201507090540, 0.285373
201507090550, 0.437717
201507090600, 0.326389
201507090610, 0.344076
201507090620, 0.519314
201507090630, 0.382053
201507090640, 0.295139
201507090650, 0.0758464
201507090700, 0.200521
201507090710, 0.000325521
201507090720, 0.0143229
201507090730, 0.37066
201507090740, 0.0638021
201507090750, 0.0529514
201507090800, 0.0301649
201507090810, 0.00130208
201507090820, 0.00238715
201507090830, 0.039822
201507090840, 0.0799696
201507090850, 0.00998264
201507090900, 0.000651042
201507090910, 0.0423177
201507090920, 0.0208333
201507090930, 0.102431
201507090940, 0.00227865
201507090950, 0.0691189
201507091000, 0.172526
201507091010, 0.122721
201507091020, 0.0717231
201507091030, 0.0797526
201507091050, 0.167209
201507091100, 0.177951
201507091110, 0.0506727
201507091120, 0.00976562
201507091130, 0.0142144
201507091140, 0.0122613
201507091150, 0.000434028
201507091200, 0.0170356
201507091210, 0.0110677
201507091220, 0.0093316
201507091230, 0.167535
201507091240, 0.00434028
201507091250, 0.00509983
201507091300, 0.0557726
201507091310, 0.000217014
201507091320, 0.00878906
201507091330, 0.0175781
201507091340, 0.00173611
201507091350, 0.157118
201507091400, 0.0451389
201507091410, 0.308051
201507091420, 0.162977
201507091430, 0.243707
201507091440, 0.00488281
201507091450, 0.272461
201507091500, 0.245877
201507091510, 0.126845
201507091520, 0.183594
201507091530, 0.215386
201507091540, 0
201507091550, 0.104167
201507091600, 0.195638
201507091610, 0.120009
201507091620, 0.182617
201507091630, 0.173828
201507091640, 0.0302734
201507091650, 0.21072
201507091700, 0.160916
201507091710, 0.193142
201507091720, 0.117405
201507091730, 0.263563
201507091740, 0.244683
201507091750, 0.0791016
201507091800, 0.292318
201507091810, 0.151042
201507091820, 0.472656
201507091830, 0.0871311
201507091840, 0.0638021
201507091850, 0.547092
201507091900, 0.349826
201507091910, 0.562609
201507091920, 0.740668
201507091930, 0.67947
201507091940, 0.872396
201507091950, 0.782986
201507092000, 0.633464
201507092010, 0.533963
201507092020, 0.0683594
201507092030, 0.327691
201507092040, 0.911458
201507092050, 0.775282
201507092100, 0.869466
201507092110, 0.486545
201507092120, 0.925673
201507092130, 0.828885
201507092140, 0.633247
201507092150, 0.854709
201507092200, 0.842773
201507092210, 0.947483
201507092220, 1.01389
201507092230, 1.34201
201507092240, 0.914497
201507092250, 1.42285
201507092300, 0.782661
201507092310, 1.48676
201507092320, 1.54264
201507092330, 1.57867
201507092340, 1.55577
201507092350, 1.74121
201507100000, 1.12099
201507100010, 0.728082
201507100020, 0.747396
201507100030, 0.58648
201507100040, 0.372504
201507100050, 0.00575087
201507100100, 0.337131
201507100110, 0.816298
201507100120, 0.937392
201507100130, 1.16243
201507100140, 0.836372
201507100150, 1.185
201507100200, 0.992296
201507100210, 0.674805
201507100220, 0.590495
201507100230, 0.492404
201507100240, 0.367513
201507100250, 0.812391
201507100300, 0.160265
201507100310, 0.399197
201507100320, 0.433919
201507100330, 0.341037
201507100340, 0.528537
201507100350, 0.298286
201507100400, 0.410699
201507100410, 0.431098
201507100420, 0.449327
201507100430, 0.489366
201507100440, 0.180013
201507100450, 0.419813
201507100500, 0.356988
201507100510, 0.136393
201507100520, 0.355686
201507100530, 0.34809
201507100540, 0.328993
201507100550, 0.350043
201507100600, 0.450955
201507100610, 0.438043
201507100620, 0.635851
201507100630, 0.602865
201507100640, 1.20139
201507100650, 0.931098
201507100700, 0.870009
201507100710, 0.693034
201507100720, 1.12207
201507100730, 0.862196
201507100740, 0.902235
201507100750, 0.445529
201507100800, 0.908203
201507100810, 1.36751
201507100820, 0.877279
201507100830, 0.940864
201507100840, 1.02289
201507100850, 0.712674
201507100900, 0.707465
201507100910, 1.13607
201507100920, 0.712131
201507100930, 0.815104
201507100940, 0.973633
201507100950, 0.752496
201507101000, 0.200195
201507101010, 0.565213
201507101020, 0.337023
201507101030, 0.440647
201507101040, 0.522461
201507101050, 0.086263
201507101100, 0.0376519
201507101110, 0.201931
201507101120, 0.153537
201507101130, 0.322808
201507101140, 0.129666
201507101150, 0.173177
201507101200, 0.309353
201507101210, 0.139974
201507101220, 0.232313
201507101230, 0.178711
201507101240, 0.263455
201507101250, 0.199002
201507101300, 0.383789
201507101310, 0.542643
201507101320, 0.636827
201507101330, 0.848633
201507101340, 1.06749
201507101350, 0.530056
201507101400, 0.976237
201507101410, 1.19423
201507101420, 0.615343
201507101430, 0.474067
201507101440, 0.779622
201507101450, 0.922743
201507101500, 0.63151
201507101510, 0.706706
201507101520, 0.913737
201507101530, 0.625108
201507101540, 0.658854
201507101550, 0.395725
201507101600, 0.70931
201507101610, 0.821615
201507101620, 0.767795
201507101630, 0.72678
201507101640, 0.698785
201507101650, 0.969293
201507101700, 0.818576
201507101710, 0.628689
201507101720, 0.636285
201507101730, 0.561957
201507101740, 0.536133
201507101750, 0.52691
201507101800, 0.425781
201507101810, 0.446072
201507101820, 0.497179
201507101830, 0.440213
201507101840, 0.987088
201507101850, 0.74056
201507101900, 0.594184
201507101910, 0.0503472
201507101920, 0.554036
201507101930, 0.419813
201507101940, 0.311089
201507101950, 0.531358
201507102000, 0.587131
201507102010, 0.982096
201507102020, 0.750217
201507102030, 1.4439
201507102040, 1.00347
201507102050, 1.0064
201507102100, 1.38487
201507102110, 1.33073
201507102120, 1.88639
201507102130, 1.56207
201507102140, 1.67079
201507102150, 1.7117
201507102200, 2.04807
201507102210, 2.10178
201507102220, 2.13303
201507102230, 2.49382
201507102240, 2.05805
201507102250, 2.10145
201507102300, 2.43381
201507102310, 1.93446
201507102320, 2.46549
201507102330, 2.28407
201507102340, 2.40462
201507102350, 2.76128
201507110000, 2.44455
201507110010, 1.86849
201507110020, 1.67166
201507110030, 1.38737
201507110040, 1.01411
201507110050, 0.633898
201507110100, 0.600586
201507110110, 0.985352
201507110120, 1.64996
201507110130, 1.17177
201507110140, 1.28201
201507110150, 1.71235
201507110200, 1.71007
201507110210, 2.71951
201507110220, 2.35471
201507110230, 1.53765
201507110240, 1.23633
201507110250, 1.36382
201507110300, 1.60286
201507110310, 1.51866
201507110320, 1.22852
201507110330, 1.43804
201507110340, 1.46365
201507110350, 1.19455
201507110400, 0.87793
201507110410, 0.549371
201507110420, 0.549262
201507110430, 0.453776
201507110440, 0.427409
201507110450, 0.399414
201507110500, 0.357964
201507110510, 0.44477
201507110520, 0.480035
201507110530, 0.533637
201507110540, 0.56977
201507110550, 0.603733
201507110600, 0.062934
201507110610, 0.126628
201507110620, 0.0831163
201507110630, 0.0859375
201507110640, 0.280816
201507110650, 0.437934
201507110700, 0.393772
201507110710, 0.515408
201507110720, 0.138997
201507110730, 0.0871311
201507110740, 0.0914714
201507110750, 0.0362413
201507110800, 0.0335286
201507110810, 0.0213759
201507110820, 0.0181207
201507110830, 0.0121528
201507110840, 0.0176866
201507110850, 0.0575087
201507110900, 0.00672743
201507110910, 0.000542535
201507110920, 0.0392795
201507110930, 0.13444
201507110940, 0.094401
201507110950, 0.000108507
201507111000, 0.00716146
201507111010, 0.023112
201507111020, 0.0185547
201507111030, 0.0113932
201507111040, 0.00640191
201507111050, 0.0213759
201507111100, 0.00878906
201507111110, 0.0145399
201507111120, 0.0131293
201507111130, 0.182726
201507111140, 0.184353
201507111150, 0.125868
201507111200, 0.031033
201507111210, 0.0435113
201507111220, 0.0836589
201507111230, 0.0782335
201507111240, 0.0610894
201507111250, 0.157118
201507111300, 0.100043
201507111310, 0.224501
201507111320, 0.0538194
201507111330, 0.160699
201507111340, 0.0524089
201507111350, 0.0194227
201507111400, 0.0846354
201507111410, 0.148763
201507111420, 0.0687934
201507111430, 0.120768
201507111440, 0.150716
201507111450, 0.0214844
201507111500, 0.00716146
201507111510, 0.0675998
201507111520, 0.0902778
201507111530, 0.0961372
201507111540, 0.0686849
201507111550, 0.0327691
201507111600, 0.16786
201507111610, 0.0349392
201507111620, 0.0152995
201507111630, 0.0296224
201507111640, 0.108832
201507111650, 0.00282118
201507111700, 0.000217014
201507111710, 0.105143
201507111720, 0.015408
201507111730, 0.0169271
201507111740, 0.0321181
201507111750, 0.0225694
201507111800, 0.054579
201507111810, 0.0245226
201507111820, 0.0483941
201507111830, 0.0530599
201507111840, 0.0201823
201507111850, 0.0362413
201507111900, 0.0821398
201507111910, 0.0421007
201507111920, 0.0658637
201507111930, 0.361979
201507111940, 0.381619
201507111950, 0.634223
201507112000, 0.434679
201507112010, 0.387044
201507112020, 0.460503
201507112030, 0.744466
201507112040, 0.689345
201507112050, 0.731662
201507112100, 0.911784
201507112110, 0.58355
201507112120, 0.0269097
201507112130, 0.108073
201507112140, 0.0424262
201507112150, 0.722005
201507112200, 0.292426
201507112210, 0.0549045
201507112220, 0.0129123
201507112230, 0.0485026
201507112240, 0.29579
201507112250, 0.419379
201507112300, 0.729926
201507112310, 0.716363
201507112320, 0.948134
201507112330, 1.16536
201507112340, 0.890191
201507112350, 1.15104
201507120000, 1.15234
201507120010, 1.50543
201507120020, 1.17687
201507120030, 1.57313
201507120040, 1.6441
201507120050, 1.49273
201507120100, 2.46864
201507120110, 1.95356
201507120120, 1.63943
201507120130, 1.57964
201507120140, 1.25445
201507120150, 1.11686
201507120200, 0.621094
201507120210, 0.13661
201507120220, 0.657769
201507120230, 0.830512
201507120240, 0.999783
201507120250, 1.99175
201507120300, 2.41764
201507120310, 2.94661
201507120320, 2.87131
201507120330, 2.48568
201507120340, 2.70085
201507120350, 2.60406
201507120400, 3.14789
201507120410, 2.81923
201507120420, 3.43338
201507120430, 3.39833
201507120440, 3.05458
201507120450, 3.15951
201507120500, 2.61773
201507120510, 2.88661
201507120520, 2.96821
201507120530, 2.85135
201507120540, 2.58746
201507120550, 2.43294
201507120600, 2.08431
201507120610, 2.06489
201507120620, 1.66905
201507120630, 1.27181
201507120640, 1.4898
201507120650, 1.30924
201507120700, 1.30675
201507120710, 0.418511
201507120720, 0.0722656
201507120730, 0.0100911
201507120740, 0.0323351
201507120750, 0.0197483
201507120800, 0.0177951
201507120810, 0.000325521
201507120820, 0
201507120830, 0
201507120840, 0.00227865
201507120850, 0
201507120900, 0.0105252
201507120910, 0
201507120920, 0.000542535
201507120930, 0.000108507
201507120940, 0.00596788
201507120950, 0
201507121000, 0
201507121010, 0.000217014
201507121020, 0.0155165
201507121030, 0.0397135
201507121040, 0.00108507
201507121050, 0.0155165
201507121100, 0.00488281
201507121110, 0.00434028
201507121120, 0.00271267
201507121130, 0.0131293
201507121140, 0.0711806
201507121150, 0
201507121200, 0.00130208
201507121210, 0.00499132
201507121220, 0.000325521
201507121230, 0.0587023
201507121240, 0
201507121250, 0.00249566
201507121300, 0.00141059
201507121310, 0.00434028
201507121320, 0.0248481
201507121330, 0
201507121340, 0
201507121350, 0.0062934
201507121400, 0.0105252
201507121410, 0.000108507
201507121420, 0
201507121430, 0
201507121440, 0.0062934
201507121450, 0.0109592
201507121500, 0.0720486
201507121510, 0.0106337
201507121520, 0.00683594
201507121530, 0.0521918
201507121540, 0.0116102
201507121550, 0.0232205
201507121600, 0.00130208
201507121610, 0.000651042
201507121620, 0.00509983
201507121630, 0.00748698
201507121640, 0.00282118
201507121650, 0.00227865
201507121700, 0.00488281
201507121710, 0.0515408
201507121720, 0.00683594
201507121730, 0.00119358
201507121740, 0.00694444
201507121750, 0.00412326
201507121800, 0.000108507
201507121810, 0.00368924
201507121820, 0.00130208
201507121830, 0.142687
201507121840, 0.0252821
201507121850, 0.00705295
201507121900, 0.00358073
201507121910, 0.00282118
201507121920, 0.0244141
201507121930, 0.442166
201507121940, 0.639323
201507121950, 0.471354
201507122000, 0.233181
201507122010, 0.015625
201507122020, 0.0848524
201507122030, 0.00488281
201507122040, 0.0282118
201507122050, 0.0250651
201507122100, 0.00455729
201507122110, 0.0212674
201507122120, 0.00195312
201507122130, 0.00401476
201507122140, 0.00217014
201507122150, 0.0532769
201507122200, 0
201507122210, 0.0533854
201507122220, 0.183377
201507122230, 0.1824
201507122240, 0.616536
201507122250, 0.778754
201507122300, 1.15831
201507122310, 1.39084
201507122320, 1.69162
201507122330, 1.69206
201507122340, 1.84939
201507122350, 1.80577
201507130000, 2.99772
201507130010, 3.18001
201507130020, 3.51042
201507130030, 3.75597
201507130040, 4.16764
201507130050, 4.48774
201507130100, 4.4362
201507130110, 5.2474
201507130120, 5.38118
201507130130, 6.01769
201507130140, 6.7156
201507130150, 7.21984
201507130200, 6.68587
201507130210, 6.19651
201507130220, 5.67253
201507130230, 4.82628
201507130240, 4.23926
201507130250, 3.6952
201507130300, 3.30773
201507130310, 3.10113
201507130320, 3.51128
201507130330, 3.34104
201507130340, 2.66536
201507130350, 1.82378
201507130400, 2.03787
201507130410, 1.66135
201507130420, 1.14204
201507130430, 1.03212
201507130440, 0.768555
201507130450, 0.794596
201507130500, 0.750977
201507130510, 0.787001
201507130520, 0.722439
201507130530, 0.640408
201507130540, 0.610352
201507130550, 0.301324
201507130600, 0.713759
201507130610, 0.500434
201507130620, 0.000651042
201507130630, 0.258464
201507130640, 0.205512
201507130650, 0.327474
201507130700, 0.370226
201507130710, 0.471137
201507130720, 0.251194
201507130730, 0.3176
201507130740, 0.0185547
201507130750, 0.134983
201507130800, 0.0519748
201507130810, 0.023329
201507130820, 0.0326606
201507130830, 0.0365668
201507130840, 0.014974
201507130850, 0.0402561
201507130900, 0.130534
201507130910, 0.0302734
201507130920, 0.0315755
201507130930, 0.0338542
201507130940, 0.0251736
201507130950, 0.000108507
201507131000, 0.000651042
201507131010, 0.000976562
201507131020, 0
201507131030, 0.00813802
201507131040, 0.000868056
201507131050, 0
201507131100, 0
201507131110, 0.0119358
201507131120, 0.0195312
201507131130, 0.000325521
201507131140, 0.000434028
201507131150, 0.00434028
201507131200, 0.0136719
201507131210, 0.00488281
201507131220, 0.0519748
201507131230, 0.00802951
201507131240, 0.0243056
201507131250, 0.00726997
201507131300, 0.0254991
201507131310, 0.0354818
201507131320, 0.0329861
201507131330, 0.031467
201507131340, 0.015408
201507131350, 0.0379774
201507131400, 0.0179036
201507131410, 0.0454644
201507131420, 0.0544705
201507131430, 0.0276693
201507131440, 0.0234375
201507131450, 0.0180122
201507131500, 0.00390625
201507131510, 0.0203993
201507131520, 0.0256076
201507131530, 0.0317925
201507131540, 0.0119358
201507131550, 0
201507131600, 0.0254991
201507131610, 0.000108507
201507131620, 0.00303819
201507131630, 0.146159
201507131640, 0.195638
201507131650, 0.0489366
201507131700, 0.215278
201507131710, 0.159071
201507131720, 0.176649
201507131730, 0.316515
201507131740, 0.0878906
201507131750, 0.288954
201507131800, 0.240126
201507131810, 0.325738
201507131820, 0.414822
201507131830, 0.323242
201507131840, 0.03125
201507131850, 0.389323
201507131900, 0.696832
201507131910, 0.69043
201507131920, 0.243924
201507131930, 0.415039
201507131940, 0.744683
201507131950, 0.505317
201507132000, 0.77691
201507132010, 0.805122
201507132020, 0.579536
201507132030, 0.741102
201507132040, 0.818251
201507132050, 0.932726
201507132100, 0.862956
201507132110, 1.01899
201507132120, 0.747179
201507132130, 0.906141
201507132140, 0.946832
201507132150, 1.05111
201507132200, 0.798937
201507132210, 1.02604
201507132220, 1.06814
201507132230, 1.08659
201507132240, 1.15289
201507132250, 1.26606
201507132300, 1.3099
201507132310, 1.69911
201507132320, 1.91222
201507132330, 2.18989
201507132340, 2.37294
201507132350, 2.75977
201507140000, 3.2156
201507140010, 3.33171
201507140020, 3.59701
201507140030, 3.89594
201507140040, 4.39106
201507140050, 4.98535
201507140100, 5.51736
201507140110, 6.09863
201507140120, 6.49577
201507140130, 6.88487
201507140140, 7.66667
201507140150, 7.84212
201507140200, 7.62956
201507140210, 7.90918
201507140220, 7.86415
201507140230, 8.91341
201507140240, 9.0753
201507140250, 9.06966
201507140300, 9.22765
201507140310, 9.08181
201507140320, 8.85503
201507140330, 8.81424
201507140340, 8.77572
201507140350, 9.34516
201507140400, 9.65788
201507140410, 9.66992
201507140420, 9.82476
201507140430, 9.1747
201507140440, 9.26899
201507140450, 7.78114
201507140510, 7.04416
201507140520, 6.28548
201507140530, 5.99414
201507140540, 5.67773
201507140550, 4.76552
201507140600, 4.60938
201507140610, 4.0944
201507140620, 3.91819
201507140630, 2.8303
201507140640, 3.20247
201507140650, 2.60341
201507140700, 2.55849
201507140710, 2.05035
201507140720, 1.96886
201507140730, 2.72841
201507140740, 1.94379
201507140750, 1.88043
201507140800, 1.90744
201507140810, 1.97027
201507140820, 1.13726
201507140830, 0.331597
201507140840, 0.196615
201507140850, 0.187066
201507140900, 0.431424
201507140910, 0.700955
201507140920, 0.162977
201507140930, 0.0188802
201507140940, 0.0567491
201507140950, 0.0461155
201507141000, 0.0499132
201507141010, 0.00987413
201507141020, 0.121853
201507141030, 0.108941
201507141040, 0.0563151
201507141050, 0.111003
201507141100, 0.0723741
201507141110, 0.152344
201507141120, 0.0603299
201507141130, 0.0254991
201507141140, 0.0467665
201507141150, 0.108507
201507141200, 0.0517578
201507141210, 0.0247396
201507141220, 0.000325521
201507141230, 0.00379774
201507141240, 0.00379774
201507141250, 0.0031467
201507141300, 0.0135634
201507141310, 0.0265842
201507141320, 0.0093316
201507141330, 0.0182292
201507141340, 0.054362
201507141350, 0.0553385
201507141400, 0.000651042
201507141410, 0.0361328
201507141420, 0.0187717
201507141430, 0.0116102
201507141440, 0.0244141
201507141450, 0.0288628
201507141500, 0.0649957
201507141510, 0.204319
201507141520, 0.147135
201507141530, 0.0313585
201507141540, 0.164388
201507141550, 0.0579427
201507141600, 0.0962457
201507141610, 0.00575087
201507141620, 0.116753
201507141630, 0.186415
201507141640, 0.0746528
201507141650, 0.177734
201507141700, 0.207682
201507141710, 0.150716
201507141720, 0.135742
201507141730, 0.103299
201507141740, 0.145399
201507141750, 0.157552
201507141800, 0.148112
201507141810, 0.138563
201507141820, 0.140191
201507141830, 0.0508898
201507141840, 0.145942
201507141850, 0.368815
201507141900, 0.206055
201507141910, 0.28559
201507141920, 0.2398
201507141930, 0.332574
201507141940, 0.225586
201507141950, 0.189453
201507142000, 0.199761
201507142010, 0.154622
201507142020, 0.00173611
201507142030, 0.1148
201507142040, 0.169488
201507142050, 0.0576172
201507142100, 0.13151
201507142110, 0.160156
201507142120, 0.163628
201507142130, 0.184353
201507142140, 0.134549
201507142150, 0.276259
201507142200, 0.227105
201507142210, 0.162543
201507142220, 0.250109
201507142230, 0.635742
201507142240, 0.791667
201507142250, 1.39638
201507142300, 1.71723
201507142310, 1.59201
201507142320, 2.27908
201507142330, 2.4298
201507142340, 2.53049
201507142350, 2.72342
201507150000, 2.55382
201507150010, 3.09462
201507150020, 3.32541
201507150030, 3.83876
201507150040, 4.52582
201507150050, 5.85406
201507150100, 6.9834
201507150110, 7.06283
201507150120, 7.75532
201507150130, 8.40592
201507150140, 8.84852
201507150150, 8.44401
201507150200, 8.15006
201507150210, 8.4247
201507150220, 8.44488
201507150230, 8.21886
201507150240, 8.30089
201507150250, 7.7309
201507150300, 7.65267
201507150310, 7.83181
201507150320, 7.29232
201507150330, 6.6786
201507150340, 6.86806
201507150350, 7.06434
201507150400, 6.43088
201507150410, 5.42101
201507150420, 6.79612
201507150430, 4.9401
201507150440, 4.50043
201507150450, 4.14865
201507150500, 2.75445
201507150510, 2.5102
201507150520, 0.755425
201507150530, 0.595595
201507150540, 0.543294
201507150550, 0.430122
201507150600, 0.0339627
201507150610, 0.525282
201507150620, 0.427083
201507150630, 0.778646
201507150640, 1.05968
201507150650, 0.966471
201507150700, 1.43273
201507150710, 1.47689
201507150720, 1.47396
201507150730, 1.71723
201507150740, 2.27246
201507150750, 2.21994
201507150800, 1.83908
201507150810, 2.36795
201507150820, 2.16981
201507150830, 2.28657
201507150840, 1.76053
201507150850, 1.94803
201507150900, 1.66688
201507150910, 1.21875
201507150920, 1.4822
201507150930, 0.884223
201507150940, 0.558919
201507150950, 0.700846
201507151000, 0.274197
201507151010, 0.131076
201507151020, 0.47678
201507151030, 0.00401476
201507151040, 0.278863
201507151050, 0.0133464
201507151100, 0.356771
201507151110, 0.377821
201507151120, 0.118164
201507151130, 0.00303819
201507151140, 0.723307
201507151150, 0.564996
201507151200, 0.00206163
201507151210, 0.000976562
201507151220, 0
201507151230, 0.0479601
201507151240, 0.00900608
201507151250, 0.427843
201507151300, 0.225911
201507151310, 0.208984
201507151320, 0.0491536
201507151330, 0.0844184
201507151340, 0.0363498
201507151350, 0.0207248
201507151400, 0.105903
201507151410, 0.135634
201507151420, 0.0757378
201507151430, 0.0574002
201507151440, 0.00651042
201507151450, 0.0206163
201507151500, 0.0304905
201507151510, 0.0277778
201507151520, 0.0400391
201507151530, 0.0279948
201507151540, 0.0136719
201507151550, 0.114041
201507151600, 0.0845269
201507151610, 0.00455729
201507151620, 0.0992839
201507151630, 0.100586
201507151640, 0.0339627
201507151650, 0.0297309
201507151700, 0.0489366
201507151710, 0.000868056
201507151720, 0.000542535
201507151730, 0.331489
201507151740, 0.0298394
201507151750, 0.116645
201507151800, 0.055013
201507151810, 0.0301649
201507151820, 0.078776
201507151830, 0.113932
201507151840, 0.0265842
201507151850, 0.0809462
201507151900, 0.0338542
201507151910, 0.0414497
201507151920, 0.0819227
201507151930, 0.0223524
201507151940, 0.0304905
201507151950, 0.0250651
201507152000, 0.152452
201507152010, 0.17372
201507152020, 0.154731
201507152030, 0.085829
201507152040, 0.0556641
201507152050, 0.00434028
201507152100, 0.103624
201507152110, 0.0374349
201507152120, 0.142904
201507152130, 0.129232
201507152140, 0.0551215
201507152150, 0.162435
201507152200, 0.467556
201507152210, 0.417752
201507152220, 0.296332
201507152230, 0.476997
201507152240, 0.078559
201507152250, 0.639757
201507152300, 0.715712
201507152310, 0.492188
201507152320, 0.52322
201507152330, 0.506619
201507152340, 0.418837
201507152350, 0.0603299
201507160000, 0.113715
201507160010, 0.00846354
201507160020, 0.0430773
201507160030, 0.0260417
201507160040, 0.0250651
201507160050, 0.0323351
201507160100, 0.599284
201507160110, 0.541233
201507160120, 0.442057
201507160130, 0.138997
201507160140, 0.0506727
201507160150, 0.0669488
201507160200, 0.030816
201507160210, 1.21181
201507160220, 0.0784505
201507160230, 0.193251
201507160240, 0.148655
201507160250, 0.0489366
201507160300, 0.0372179
201507160310, 0.00792101
201507160320, 0.0062934
201507160330, 0.396484
201507160340, 0.414931
201507160350, 0.365017
201507160400, 0.330621
201507160410, 0.100369
201507160420, 0.425022
201507160430, 0.031901
201507160440, 0.148655
201507160450, 0.0361328
201507160500, 0.0104167
201507160510, 0.349284
201507160520, 0.00368924
201507160530, 0.0290799
201507160540, 0.00119358
201507160550, 0.124891
201507160600, 0.0915799
201507160610, 0.000759549
201507160620, 0.132595
201507160630, 0.0105252
201507160640, 0.117296
201507160650, 0.000542535
201507160700, 0.038954
201507160710, 0.00705295
201507160720, 0.0031467
201507160730, 0.015842
201507160740, 0.0120443
201507160750, 0.00553385
201507160800, 0.0657552
201507160810, 0.194119
201507160820, 0.267036
201507160830, 0.250217
201507160840, 0.241536
201507160850, 0.200412
201507160900, 0.20497
201507160910, 0.158854
201507160920, 0.234484
201507160930, 0.0532769
201507160940, 0.0958116
201507160950, 0.267361
201507161000, 0.177517
201507161010, 0.104601
201507161020, 0.233398
201507161030, 0.0638021
201507161040, 0.0815972
201507161050, 0.00336372
201507161100, 0
201507161110, 0.180556
201507161120, 0.00238715
201507161130, 0.0456814
201507161140, 0.093316
201507161150, 0.442166
201507161200, 0.13878
201507161210, 0.0679253
201507161220, 0.0476345
201507161230, 0.174371
201507161240, 0.251085
201507161250, 0.0525174
201507161300, 0.0465495
201507161310, 0.159505
201507161320, 0.240343
201507161330, 0.220812
201507161340, 0.149523
201507161350, 0.0146484
201507161400, 0.0367839
201507161410, 0.105686
201507161420, 0.093967
201507161430, 0.0296224
201507161440, 0.0885417
201507161450, 0.169813
201507161500, 0.0179036
201507161510, 0.0570747
201507161520, 0.150933
201507161530, 0.0245226
201507161540, 0.0272352
201507161550, 0
201507161600, 0.00227865
201507161610, 0.0351562
201507161620, 0.0015191
201507161630, 0.0174696
201507161640, 0
201507161650, 0.0323351
201507161700, 0.00423177
201507161710, 0
201507161720, 0.000217014
201507161730, 0.000434028
201507161740, 0.00217014
201507161750, 0.00217014
201507161800, 0.00488281
201507161810, 0.00249566
201507161820, 0
201507161830, 0.157335
201507161840, 0.00379774
201507161850, 0.00173611
201507161900, 0.0113932
201507161910, 0.0136719
201507161920, 0.00705295
201507161930, 0.0467665
201507161940, 0.023329
201507161950, 0.132378
201507162000, 0.473524
201507162010, 0.134549
201507162020, 0.0896267
201507162030, 0.0735677
201507162040, 0.0551215
201507162050, 0.144206
201507162100, 0.336806
201507162110, 0.3852
201507162120, 0.412652
201507162130, 0.449653
201507162140, 0.575629
201507162150, 0.777995
201507162200, 1.27973
201507162210, 2.24165
201507162220, 2.55783
201507162230, 3.08605
201507162240, 3.61306
201507162250, 4.24457
201507162300, 4.39497
201507162310, 4.44303
201507162320, 4.54308
201507162330, 4.96398
201507162340, 4.73861
201507162350, 4.85948
201507170000, 4.99132
201507170010, 4.54937
201507170020, 4.76096
201507170030, 4.69065
201507170040, 4.35905
201507170050, 3.86241
201507170100, 3.68164
201507170110, 4.16678
201507170120, 3.53277
201507170130, 3.50781
201507170140, 3.28928
201507170150, 3.16265
201507170200, 3.50955
201507170210, 3.0153
201507170220, 3.6952
201507170230, 3.60601
201507170240, 3.7168
201507170250, 3.81207
201507170300, 3.75228
201507170310, 3.47949
201507170320, 3.01313
201507170330, 3.13173
201507170340, 3.16808
201507170350, 2.87912
201507170400, 2.41016
201507170410, 1.96712
201507170420, 2.05469
201507170430, 1.77593
201507170440, 1.6492
201507170450, 1.32878
201507170500, 1.08843
201507170510, 0.634983
201507170520, 0.235786
201507170530, 0.299371
201507170540, 0.00412326
201507170550, 0.0238715
201507170600, 0.0643446
201507170610, 0.103733
201507170620, 0.116536
201507170630, 0.124674
201507170640, 0.0589193
201507170650, 0.113281
201507170700, 0.168728
201507170710, 0.335612
201507170720, 0.509006
201507170730, 0.280816
201507170740, 0.356445
201507170750, 0.273221
201507170800, 0.00206163
201507170810, 0.00292969
201507170820, 0.0514323
201507170830, 0.0238715
201507170840, 0
201507170850, 0.00998264
201507170900, 0.0246311
201507170910, 0.0359158
201507170920, 0.0307075
201507170930, 0.00748698
201507170940, 0.0248481
201507170950, 0.181424
201507171000, 0.0200738
201507171010, 0.0452474
201507171020, 0.240126
201507171030, 0.00260417
201507171040, 0.46951
201507171050, 0.0164931
201507171100, 0.054579
201507171110, 0.0377604
201507171120, 0.0273438
201507171130, 0.00379774
201507171140, 0.015842
201507171150, 0.0562066
201507171200, 0.0327691
201507171210, 0
201507171220, 0.00868056
201507171230, 0.0458984
201507171240, 0.0852865
201507171250, 0.0839844
201507171300, 0.332791
201507171310, 0.257812
201507171320, 0.292969
201507171330, 0.365234
201507171340, 0.328125
201507171350, 0.402778
201507171400, 0.34451
201507171410, 0.404948
201507171420, 0.476237
201507171430, 0.548503
201507171440, 0.557617
201507171450, 0.764865
201507171500, 0.408529
201507171510, 0.339301
201507171520, 0.291884
201507171530, 0.500326
201507171540, 0.273003
201507171550, 0.308594
201507171600, 0.305556
201507171610, 0.233832
201507171620, 0.0315755
201507171630, 0.22602
201507171640, 0.196072
201507171650, 0.141602
201507171700, 0.215929
201507171710, 0.094184
201507171720, 0.103624
201507171730, 0.193142
201507171740, 0.0506727
201507171750, 0.212674
201507171800, 0.256402
201507171810, 0.236979
201507171820, 0.0392795
201507171830, 0.661133
201507171840, 0.79362
201507171850, 0.63954
201507171900, 0.66276
201507171910, 0.863824
201507171920, 0.666667
201507171930, 0.405382
201507171940, 0.442274
201507171950, 0.528429
201507172000, 0.561415
201507172010, 0.479926
201507172020, 0.664062
201507172030, 0.581272
201507172040, 0.677626
201507172050, 0.657227
201507172100, 0.825195
201507172110, 0.943034
201507172120, 1.18045
201507172130, 1.10059
201507172140, 1.45703
201507172150, 1.51769
201507172200, 1.9248
201507172210, 2.02919
201507172220, 2.13292
201507172230, 2.49121
201507172240, 2.78092
201507172250, 3.47374
201507172300, 3.60894
201507172310, 3.86013
201507172320, 4.60091
201507172330, 4.78125
201507172340, 5.13791
201507172350, 4.73796
201507180000, 4.8622
201507180010, 4.73079
201507180020, 5.06228
201507180030, 5.01313
201507180040, 4.9924
201507180050, 5.05002
201507180100, 5.54069
201507180110, 6.36795
201507180120, 6.17198
201507180130, 6.37956
201507180140, 6.34267
201507180150, 6.75087
201507180200, 6.91233
201507180210, 6.78646
201507180220, 6.97537
201507180230, 7.30056
201507180240, 7.03385
201507180250, 6.85677
201507180300, 6.96756
201507180310, 6.84299
201507180320, 6.90614
201507180330, 6.98286
201507180340, 7.28483
201507180350, 7.33854
201507180400, 7.477
201507180410, 7.76823
201507180420, 7.08507
201507180430, 7.68967
201507180440, 7.86502
201507180450, 7.90647
201507180500, 6.56532
201507180510, 7.25629
201507180520, 6.68859
201507180530, 6.19987
201507180540, 6.47624
201507180550, 5.67057
201507180600, 6.50911
201507180610, 5.82769
201507180620, 5.71766
201507180630, 5.0625
201507180640, 4.83811
201507180650, 4.50521
201507180700, 5.21712
201507180710, 4.26411
201507180720, 5.00781
201507180730, 4.05859
201507180740, 4.48405
201507180750, 5.36643
201507180800, 5.29829
201507180810, 4.33496
201507180820, 4.32888
201507180830, 3.64583
201507180840, 4.29731
201507180850, 4.05686
201507180900, 3.34527
201507180910, 3.31814
201507180920, 2.92274
201507180930, 2.12402
201507180940, 2.49805
201507180950, 2.3712
201507181000, 1.58681
201507181010, 1.43956
201507181020, 1.67448
201507181030, 1.54297
201507181040, 1.45974
201507181050, 1.14312
201507181100, 1.25955
201507181110, 0.989149
201507181120, 0.810981
201507181130, 0.898329
201507181140, 0.802734
201507181150, 0.602105
201507181200, 0.890842
201507181210, 0.919054
201507181220, 0.90918
201507181230, 0.98622
201507181240, 0.745226
201507181250, 0.810004
201507181300, 0.983941
201507181310, 1.64182
201507181320, 1.82216
201507181330, 1.77507
201507181340, 0.851346
201507181350, 2.44596
201507181400, 2.46213
201507181410, 1.01259
201507181420, 1.21897
201507181430, 1.26649
201507181440, 1.15701
201507181450, 0.265734
201507181500, 0.793403
201507181510, 1.33474
201507181520, 1.04438
201507181530, 1.21376
201507181540, 0.839084
201507181550, 0.695855
201507181600, 0.339084
201507181610, 0.30013
201507181620, 0.526367
201507181630, 0.395074
201507181640, 0.837999
201507181650, 1.54948
201507181700, 1.54188
201507181710, 1.08767
201507181720, 0.806532
201507181730, 0.290256
201507181740, 1.07943
201507181750, 1.12077
201507181800, 1.43077
201507181810, 0.64974
201507181820, 0.735352
201507181830, 1.14323
201507181840, 1.00239
201507181850, 1.94835
201507181900, 2.11621
201507181910, 2.18023
201507181920, 2.32737
201507181930, 1.93468
201507181940, 3.35135
201507181950, 2.44553
201507182000, 2.72624
201507182010, 3.18392
201507182020, 3.50814
201507182030, 2.38683
201507182040, 3.44455
201507182050, 4.00846
201507182100, 4.24826
201507182110, 3.40028
201507182120, 1.93251
201507182130, 2.03125
201507182140, 1.43848
201507182150, 2.15842
201507182200, 2.15148
201507182210, 1.5944
201507182220, 2.41395
201507182230, 3.71756
201507182240, 5.39019
201507182250, 5.9566
201507182300, 6.28819
201507182310, 7.21181
201507182320, 8.47613
201507182330, 8.27572
201507182340, 7.4209
201507182350, 6.91927
201507190000, 7.23872
201507190010, 7.21821
201507190020, 7.47841
201507190030, 6.62934
201507190040, 8.32661
201507190050, 8.01324
201507190100, 8.34516
201507190110, 8.77127
201507190120, 8.815
201507190130, 9.23633
201507190140, 10.3325
201507190150, 9.60764
201507190200, 10.4154
201507190210, 9.92936
201507190220, 9.96539
201507190230, 9.69119
201507190240, 9.61382
201507190250, 10.3339
201507190300, 9.67198
201507190310, 9.97884
201507190320, 9.36437
201507190330, 9.39507
201507190340, 8.84928
201507190350, 7.59082
201507190400, 7.39399
201507190410, 7.70095
201507190420, 5.94737
201507190430, 7.20562
201507190440, 6.41732
201507190450, 6.39204
201507190500, 6.30588
201507190510, 4.92719
201507190520, 5.07075
201507190530, 4.83236
201507190540, 4.32444
201507190550, 4.66287
201507190600, 4.64421
201507190610, 5.06489
201507190620, 2.53559
201507190630, 3.61361
201507190640, 4.62706
201507190650, 4.56076
201507190700, 4.70822
201507190710, 6.47602
201507190720, 5.39996
201507190730, 7.33724
201507190740, 7.04633
201507190750, 6.51801
201507190800, 5.07552
201507190810, 5.0421
201507190820, 5.46452
201507190830, 5.57888
201507190840, 5.40864
201507190850, 5.46365
201507190900, 5.81782
201507190910, 6.81727
201507190920, 6.4873
201507190930, 6.28049
201507190940, 5.57053
201507190950, 5.31076
201507191000, 4.55697
201507191010, 4.34071
201507191020, 2.67524
201507191030, 2.55273
201507191040, 2.31576
201507191050, 2.18131
201507191100, 2.764
201507191110, 2.30436
201507191120, 2.62912
201507191130, 2.55371
201507191140, 3.20464
201507191150, 2.84614
201507191200, 2.1314
201507191210, 1.69933
201507191220, 1.49436
201507191230, 1.36165
201507191240, 1.42784
201507191250, 1.39149
201507191300, 1.46159
201507191310, 1.33963
201507191320, 1.61523
201507191330, 1.72114
201507191340, 1.87283
201507191350, 2.07617
201507191400, 2.18077
201507191410, 2.66981
201507191420, 1.85438
201507191430, 2.38466
201507191440, 1.65343
201507191450, 1.26465
201507191500, 1.19672
201507191510, 1.2525
201507191520, 1.11328
201507191530, 1.37381
201507191540, 1.34625
201507191550, 1.82324
201507191600, 1.98568
201507191610, 2.4388
201507191620, 2.62652
201507191630, 3.02159
201507191640, 3.34907
201507191650, 3.85308
201507191700, 3.37489
201507191710, 3.20627
201507191720, 2.77648
201507191730, 3.87967
201507191740, 4.4592
201507191750, 4.36176
201507191800, 4.35547
201507191810, 3.83171
201507191820, 3.80718
201507191830, 2.92285
201507191840, 3.97754
201507191850, 3.26454
201507191900, 3.12815
201507191910, 3.72201
201507191920, 3.62609
201507191930, 3.65625
201507191940, 3.21821
201507191950, 3.73676
201507192000, 3.82335
201507192010, 3.92307
201507192020, 4.14486
201507192030, 3.09201
201507192040, 3.74544
201507192050, 4.56445
201507192100, 3.30859
201507192110, 4.12641
201507192120, 4.45909
201507192130, 3.97179
201507192140, 4.02962
201507192150, 3.02007
201507192200, 3.03711
201507192210, 3.81706
201507192220, 3.02919
201507192230, 3.41124
201507192240, 2.99251
201507192250, 2.15571
201507192300, 2.13694
201507192310, 2.45128
201507192320, 2.52148
201507192330, 2.37044
201507192340, 1.71018
201507192350, 0.858073
201507200000, 1.21528
201507200010, 1.08691
201507200020, 1.12988
201507200030, 1.1773
201507200040, 1.85764
201507200050, 2.58409
201507200100, 2.7015
201507200110, 2.75282
201507200120, 3.17687
201507200130, 3.36947
201507200140, 3.03125
201507200150, 2.62739
201507200200, 2.93815
201507200210, 3.29069
201507200220, 2.52257
201507200230, 2.12153
201507200240, 1.17969
201507200250, 1.17958
201507200300, 1.07921
201507200310, 1.014
201507200320, 1.03548
201507200330, 0.616102
201507200340, 0.759332
201507200350, 0.698134
201507200400, 0.645399
201507200410, 0.797201
201507200420, 0.383138
201507200430, 0.35102
201507200440, 0.449002
201507200450, 0.253364
201507200500, 0.416558
201507200510, 0.49273
201507200520, 0.425022
201507200530, 0.126302
201507200540, 0.65701
201507200550, 0.641493
201507200600, 0.748481
201507200610, 0.667535
201507200620, 0.706489
201507200630, 0.660156
201507200640, 0.532444
201507200650, 0.35178
201507200700, 0.566515
201507200710, 0.323893
201507200720, 0.481337
201507200730, 0.712891
201507200740, 1.12283
201507200750, 1.96691
201507200800, 1.89301
201507200810, 2.58485
201507200820, 2.53201
201507200830, 2.71257
201507200840, 2.73644
201507200850, 2.02409
201507200900, 2.78418
201507200910, 1.49099
201507200920, 1.35992
201507200930, 0.810221
201507200940, 0.525065
201507200950, 0.345052
201507201000, 0.481662
201507201010, 0.283529
201507201020, 0.230577
201507201030, 0.303494
201507201040, 0.445855
201507201050, 0.792426
201507201100, 0.940864
201507201110, 1.39225
201507201120, 1.22504
201507201130, 1.49251
201507201140, 1.44596
201507201150, 2.1021
201507201200, 2.36751
201507201210, 1.76649
201507201220, 0.944987
201507201230, 0.946398
201507201240, 1.0548
201507201250, 0.928277
201507201300, 1.81152
201507201310, 2.61426
201507201320, 1.38216
201507201330, 4.09896
201507201340, 4.77626
201507201350, 4.08138
201507201400, 4.37109
201507201410, 4.28516
201507201420, 4.5752
201507201430, 4.06966
201507201440, 4.21224
201507201450, 4.5944
201507201500, 4.45844
201507201510, 4.98861
201507201520, 5.48079
201507201530, 6.02572
201507201540, 5.55914
201507201550, 4.88813
201507201600, 5.38411
201507201610, 5.34451
201507201620, 5.3304
201507201630, 5.07715
201507201640, 4.75347
201507201650, 3.79883
201507201700, 3.57259
201507201710, 4.3788
201507201720, 2.98676
201507201730, 4.2372
201507201740, 2.99935
201507201750, 3.65864
201507201800, 3.58887
201507201810, 3.26389
201507201820, 3.45942
201507201830, 3.73362
201507201840, 3.68956
201507201850, 3.86556
201507201900, 3.32346
201507201910, 3.4668
201507201920, 3.38043
201507201930, 3.25911
201507201940, 3.62554
201507201950, 3.40809
201507202000, 3.92383
201507202010, 3.84798
201507202020, 3.05762
201507202030, 2.70595
201507202040, 2.09722
201507202050, 1.89562
201507202100, 2.00705
201507202110, 1.10362
201507202120, 2.29731
201507202130, 2.15354
201507202140, 2.94629
201507202150, 1.95508
201507202200, 1.80632
201507202210, 1.15744
201507202220, 1.53613
201507202230, 1.84256
201507202240, 1.51096
201507202250, 2.09071
201507202300, 1.6327
201507202310, 1.47678
201507202320, 1.21756
201507202330, 0.571832
201507202340, 0.636068
201507202350, 0.422743
201507210000, 0.346897
201507210010, 0.129449
201507210020, 0.0967882
201507210030, 0.237956
201507210040, 0.133681
201507210050, 0.469184
201507210100, 2.2398
201507210110, 2.3355
201507210120, 3.21115
201507210130, 2.13878
201507210140, 2.23112
201507210150, 2.2768
201507210200, 1.95898
201507210210, 0.90625
201507210220, 0.481445
201507210230, 0.323351
201507210240, 0.36263
201507210250, 0.590278
201507210300, 0.260851
201507210310, 0.179796
201507210320, 0.0770399
201507210330, 0.116645
201507210340, 0.0442708
201507210350, 0.0366753
201507210400, 0.015625
201507210410, 0.124566
201507210420, 0.14247
201507210430, 0.219401
201507210440, 0.233181
201507210450, 0.30523
201507210500, 0.304362
201507210510, 0.292752
201507210520, 0.214301
201507210530, 0.0477431
201507210540, 0.022678
201507210550, 0.499349
201507210600, 0.568576
201507210610, 0.413086
201507210620, 0.436415
201507210630, 0.381402
201507210640, 0.508789
201507210650, 0.404731
201507210700, 0.727431
201507210710, 0.654297
201507210720, 0.489909
201507210730, 0.416884
201507210740, 0.439887
201507210750, 0.3852
201507210800, 0.558051
201507210810, 0.085178
201507210820, 0.0811632
201507210830, 0.0660807
201507210840, 0.13737
201507210850, 0.325955
201507210900, 0.375868
201507210910, 0.0581597
201507210920, 0.00227865
201507210930, 0.0113932
201507210940, 0.000976562
201507210950, 0.00520833
201507211000, 0.0163845
201507211010, 0.0693359
201507211020, 0
201507211030, 0.0582682
201507211040, 0.13303
201507211050, 0.0378689
201507211100, 0.0276693
201507211110, 0.209527
201507211120, 0.25434
201507211130, 0.262695
201507211140, 0.292426
201507211150, 0.053928
201507211200, 0.159831
201507211210, 0.0685764
201507211220, 0.0504557
201507211230, 0.0659722
201507211240, 0.000651042
201507211250, 0.022678
201507211300, 0.0110677
201507211310, 0.0792101
201507211320, 0.235243
201507211330, 0.268012
201507211340, 0.177626
201507211350, 0.287218
201507211400, 0.0379774
201507211410, 0.199002
201507211420, 0.110135
201507211430, 0.047309
201507211440, 0.0760634
201507211450, 0.103516
201507211500, 0.169379
201507211510, 0.138346
201507211520, 0.214952
201507211530, 0.132921
201507211540, 0.0542535
201507211550, 0.10102
201507211600, 0.187174
201507211610, 0.158312
201507211620, 0.13737
201507211630, 0.123372
201507211640, 0.0755208
201507211650, 0.0895182
201507211700, 0.0279948
201507211710, 0
201507211720, 0.307834
201507211730, 0.462999
201507211740, 0.790039
201507211750, 0.96224
201507211800, 1.11762
201507211810, 1.13184
201507211820, 1.38987
201507211830, 1.88346
201507211840, 2.05252
201507211850, 1.5459
201507211900, 1.97418
201507211910, 1.32867
201507211920, 1.86176
201507211930, 1.48947
201507211940, 1.33355
201507211950, 1.30729
201507212000, 1.18338
201507212010, 0.168837
201507212020, 0.905707
201507212030, 0.832574
201507212040, 0.823568
201507212050, 0.791124
201507212100, 1.38976
201507212110, 1.06272
201507212120, 0.639431
201507212130, 0.6199
201507212140, 0.951931
201507212150, 0.724935
201507212200, 0.715278
201507212210, 0.512804
201507212220, 0.823459
201507212230, 0.197483
201507212240, 0.211589
201507212250, 0.53049
201507212300, 0.562174
201507212310, 0.859267
201507212320, 1.12109
201507212330, 1.39345
201507212340, 1.59245
201507212350, 1.94792
201507220000, 1.86491
201507220010, 2.01259
201507220020, 2.08257
201507220030, 2.55404
201507220040, 3.11035
201507220050, 3.3444
201507220100, 3.91222
201507220110, 3.63596
201507220120, 3.60612
201507220130, 3.67285
201507220140, 3.06304
201507220150, 2.7781
201507220200, 2.23286
201507220210, 0.495768
201507220220, 1.08474
201507220230, 0.876519
201507220240, 0.76378
201507220250, 0.808811
201507220300, 0.617296
201507220310, 0.421658
201507220320, 0.473416
201507220330, 0.0799696
201507220340, 0.198351
201507220350, 0.163194
201507220400, 0.00292969
201507220410, 0.00390625
201507220420, 0.0061849
201507220430, 0.0551215
201507220440, 0.0626085
201507220450, 0.17947
201507220500, 0.000868056
201507220510, 0.0974392
201507220520, 0.397678
201507220530, 0.221897
201507220540, 0.141276
201507220550, 0.909614
201507220600, 0.527452
201507220610, 0.28342
201507220620, 0.25727
201507220630, 0.0741102
201507220640, 0.0673828
201507220650, 0.0839844
201507220700, 0.0346137
201507220710, 0.0525174
201507220720, 0.0268012
201507220730, 0.0811632
201507220740, 0.0125868
201507220750, 0.127713
201507220800, 0.0689019
201507220810, 0.102865
201507220820, 0.113173
201507220830, 0.0016276
201507220840, 0.0423177
201507220850, 0.0952691
201507220900, 0.0744358
201507220910, 0.0836589
201507220920, 0.220052
201507220930, 0.277886
201507220940, 0.931966
201507220950, 1.39117
201507221000, 1.44716
201507221010, 1.53385
201507221020, 1.2372
201507221030, 0.814128
201507221040, 0.388346
201507221050, 0.105577
201507221100, 0.924154
201507221110, 0.523763
201507221120, 0.53635
201507221130, 0.0134549
201507221140, 0.333659
201507221150, 0.00509983
201507221200, 0.00596788
201507221210, 0.00292969
201507221220, 0.169271
201507221230, 0.069987
201507221240, 0.000434028
201507221250, 0
201507221300, 0.00347222
201507221310, 0.0219184
201507221320, 0.000325521
201507221330, 0.0106337
201507221340, 0.0269097
201507221350, 0.0238715
201507221400, 0.143663
201507221410, 0
201507221420, 0.0570747
201507221430, 0.00661892
201507221440, 0.0115017
201507221450, 0.131619
201507221500, 0.0246311
201507221510, 0.000325521
201507221520, 0.00737847
201507221530, 0.0728082
201507221540, 0.0575087
201507221550, 0.0224609
201507221600, 0.0796441
201507221610, 0.0304905
201507221620, 0.0792101
201507221630, 0.280707
201507221640, 0.368164
201507221650, 0.00206163
201507221700, 0.0458984
201507221710, 0.182509
201507221720, 0.342014
201507221730, 0.527452
201507221740, 0.399631
201507221750, 0.419054
201507221800, 0.599284
201507221810, 0.391059
201507221820, 0.516168
201507221830, 0.663303
201507221840, 0.860894
201507221850, 1.13585
201507221900, 1.17231
201507221910, 1.60927
201507221920, 1.74664
201507221930, 1.65799
201507221940, 1.79959
201507221950, 2.2117
201507222000, 2.15039
201507222010, 2.59169
201507222020, 2.9975
201507222030, 3.00792
201507222040, 3.12684
201507222050, 3.34635
201507222100, 3.37826
201507222110, 3.26421
201507222120, 3.36795
201507222130, 3.83908
201507222140, 3.72667
201507222150, 4.05664
201507222200, 4.21441
201507222210, 4.4145
201507222220, 4.69412
201507222230, 4.81999
201507222240, 4.40744
201507222250, 4.85493
201507222300, 4.8202
201507222310, 4.76845
201507222320, 4.71908
201507222330, 4.74816
201507222340, 4.15647
201507222350, 3.84527
201507230000, 4.33713
201507230010, 4.2768
201507230020, 4.07541
201507230030, 3.87424
201507230040, 4.08876
201507230050, 4.66059
201507230100, 5.86079
201507230110, 6.46213
201507230120, 6.39062
201507230130, 6.00846
201507230140, 5.972
201507230150, 5.72374
201507230200, 5.21647
201507230210, 5.18707
201507230220, 4.91829
201507230230, 4.64941
201507230240, 3.97613
201507230250, 2.73058
201507230300, 1.86122
201507230310, 1.06076
201507230320, 0.888889
201507230330, 0.34158
201507230340, 0.0479601
201507230350, 0.0861545
201507230400, 0.0031467
201507230410, 0.00260417
201507230420, 0.00249566
201507230430, 0.0133464
201507230440, 0.00173611
201507230450, 0
201507230500, 0.0376519
201507230510, 0.152344
201507230520, 0.0517578
201507230530, 0.223958
201507230540, 0.233398
201507230550, 0.253147
201507230600, 0.309028
201507230610, 0.322157
201507230620, 0.277561
201507230630, 0.513021
201507230640, 0.125977
201507230650, 0.000434028
201507230700, 0.175564
201507230710, 0.282335
201507230720, 0.0582682
201507230730, 0.194987
201507230740, 0.122938
201507230750, 0.161458
201507230800, 0.158529
201507230810, 0.268338
201507230820, 0.310764
201507230830, 0.18023
201507230840, 0.216254
201507230850, 0.440538
201507230900, 1.05642
201507230910, 0.91135
201507230920, 0.229709
201507230930, 0.0876736
201507230940, 0.078125
201507230950, 0.0639106
201507231000, 0.199653
201507231010, 0.0799696
201507231020, 0.00542535
201507231030, 0.0015191
201507231040, 0.031033
201507231050, 0.0712891
201507231100, 0.0617405
201507231110, 0.0770399
201507231120, 0.0705295
201507231130, 0.00683594
201507231140, 0
201507231150, 0
201507231200, 0.0123698
201507231210, 0.0159505
201507231220, 0.015625
201507231230, 0.00531684
201507231240, 0.000651042
201507231250, 0.0124783
201507231300, 0.0141059
201507231310, 0.0426432
201507231320, 0.0137804
201507231330, 0.00748698
201507231340, 0.00292969
201507231350, 0.00325521
201507231400, 0.0370009
201507231410, 0.00292969
201507231420, 0.100477
201507231430, 0.00726997
201507231440, 0.232205
201507231450, 0.13227
201507231500, 0.279839
201507231510, 0.184787
201507231520, 0.207899
201507231530, 0.179905
201507231540, 0.20128
201507231550, 0.274414
201507231600, 0.247179
201507231610, 0.349935
201507231620, 0.00585938
201507231630, 0
201507231640, 0.00705295
201507231650, 0.0146484
201507231700, 0.473958
201507231710, 0.733724
201507231720, 0.951823
201507231730, 1.16819
201507231740, 1.40213
201507231750, 1.30111
201507231800, 1.24414
201507231810, 1.4707
201507231820, 1.41374
201507231830, 1.87641
201507231840, 1.74067
201507231850, 2.18696
201507231900, 2.27984
201507231910, 1.99891
201507231920, 2.10601
201507231930, 1.58713
201507231940, 1.66743
201507231950, 1.65451
201507232000, 1.69184
201507232010, 1.46832
201507232020, 1.8138
201507232030, 1.79601
201507232040, 1.78299
201507232050, 1.69455
201507232100, 1.88227
201507232110, 2.22841
201507232120, 2.25022
201507232130, 2.26389
201507232140, 1.98448
201507232150, 2.74501
201507232200, 2.30122
201507232210, 1.49349
201507232220, 1.41688
201507232230, 1.8929
201507232240, 1.67394
201507232250, 1.4082
201507232300, 1.37467
201507232310, 1.62413
201507232320, 1.14117
201507232330, 1.44303
201507232340, 1.21495
201507232350, 0.741319
201507240000, 0.805556
201507240010, 1.92242
201507240020, 1.96506
201507240030, 3.04156
201507240040, 3.18251
201507240050, 2.96083
201507240100, 2.35503
201507240110, 2.25825
201507240120, 2.38954
201507240130, 2.26541
201507240140, 2.60862
201507240150, 2.74707
201507240200, 2.94238
201507240210, 3.43229
201507240220, 3.6875
201507240230, 4.43414
201507240240, 4.4388
201507240250, 4.06196
201507240300, 5.61263
201507240310, 4.43837
201507240320, 2.87598
201507240330, 4.88574
201507240340, 5.07715
201507240350, 7.2704
201507240400, 7.2564
201507240410, 8.83919
201507240420, 8.35872
201507240430, 10.2087
201507240440, 9.87218
201507240450, 9.58301
201507240500, 8.6964
201507240510, 8.36903
201507240520, 7.41764
201507240530, 9.18273
201507240540, 8.44629
201507240550, 8.79123
201507240600, 7.5127
201507240610, 6.51324
201507240620, 6.75174
201507240630, 5.82324
201507240640, 6.76628
201507240650, 9.38737
201507240700, 8.01237
201507240710, 9.96897
201507240720, 10.8086
201507240730, 10.1914
201507240740, 9.20443
201507240750, 9.36523
201507240800, 10.7312
201507240810, 10.5401
201507240820, 10.3105
201507240830, 8.95725
201507240840, 7.72461
201507240850, 7.89128
201507240900, 9.04351
201507240910, 8.95388
201507240920, 8.02116
201507240930, 9.37077
201507240940, 9.22917
201507240950, 9.55718
201507241000, 9.42535
201507241010, 8.48915
201507241020, 8.96853
201507241030, 6.62413
201507241040, 7.92763
201507241050, 6.00152
201507241100, 7.63032
201507241110, 6.85211
201507241120, 8.5651
201507241130, 9.98166
201507241140, 10.3721
201507241150, 10.9017
201507241200, 10.248
201507241210, 9.83149
201507241220, 10.5277
201507241230, 10.9245
201507241240, 8.70768
201507241250, 9.64898
201507241300, 9.40896
201507241310, 9.01204
201507241320, 8.76324
201507241330, 8.86936
201507241340, 8.14106
201507241350, 7.74826
201507241400, 7.45258
201507241410, 7.33496
201507241420, 7.15169
201507241430, 7.00391
201507241440, 6.68153
201507241450, 5.70161
201507241500, 5.04829
201507241510, 5.28385
201507241520, 6.56532
201507241530, 5.5204
201507241540, 4.82812
201507241550, 4.80024
201507241600, 4.44553
201507241610, 5.0319
201507241620, 4.92415
201507241630, 4.30122
201507241640, 4.3903
201507241650, 5.06782
201507241700, 4.19857
201507241710, 2.43555
201507241720, 2.3252
201507241730, 0.994466
201507241740, 1.94271
201507241750, 2.06326
201507241800, 1.84722
201507241810, 2.27658
201507241820, 1.32227
201507241830, 0.998915
201507241840, 1.04297
201507241850, 0.999566
201507241900, 0.715495
201507241910, 0.860243
201507241920, 0.444661
201507241930, 0.451389
201507241940, 0.628581
201507241950, 1.18685
201507242000, 0.498915
201507242010, 0.494249
201507242020, 0.665039
201507242030, 1.56868
201507242040, 0.594618
201507242050, 0.599609
201507242100, 0.691298
201507242110, 0.588759
201507242120, 0.81901
201507242130, 0.458008
201507242140, 0.827365
201507242150, 0.36849
201507242200, 0.407118
201507242210, 0.377387
201507242220, 0.339952
201507242230, 0.299696
201507242240, 0.244792
201507242250, 0.262261
201507242300, 0.507595
201507242310, 0.787218
201507242320, 0.499891
201507242330, 0.550673
201507242340, 1.01074
201507242350, 1.18728
201507250000, 1.18533
201507250010, 0.911892
201507250020, 0.442925
201507250030, 0.181098
201507250040, 0.490451
201507250050, 0.128689
201507250100, 0.373047
201507250110, 0.503581
201507250120, 0.143012
201507250130, 0.319336
201507250140, 0.230903
201507250150, 0.140299
201507250200, 0.165582
201507250210, 0.592122
201507250220, 0.528971
201507250230, 0.515951
201507250240, 0.456489
201507250250, 0.397244
201507250300, 0.424154
201507250310, 0.400716
201507250320, 0.526042
201507250330, 0.401042
201507250340, 0.406033
201507250350, 0.273221
201507250400, 0.457574
201507250410, 0.664822
201507250420, 0.597005
201507250430, 0.373481
201507250440, 0.43099
201507250450, 0.203125
201507250500, 0.317383
201507250510, 0.246528
201507250520, 0
201507250530, 0.03852
201507250540, 0.00661892
201507250550, 0.0125868
201507250600, 0.00770399
201507250610, 0.00249566
201507250620, 0.0108507
201507250630, 0.0421007
201507250640, 0.03852
201507250650, 0.13954
201507250700, 0.113498
201507250720, 0.234484
201507250730, 0.23546
201507250740, 0.241319
201507250750, 0.237522
201507250800, 0.270508
201507250810, 0.00846354
201507250820, 0.207357
201507250830, 0.0311415
201507250840, 0.00976562
201507250850, 0.122504
201507250900, 0.189887
201507250910, 0.167426
201507250920, 0.023112
201507250930, 0.173828
201507250940, 0.0551215
201507250950, 0.00726997
201507251000, 0.0115017
201507251010, 0.00217014
201507251020, 0.168945
201507251030, 0.0169271
201507251040, 0.0166016
201507251050, 0.200955
201507251100, 0.0615234
201507251110, 0.0161675
201507251130, 0.000108507
201507251140, 0.0118273
201507251150, 0.249674
201507251200, 0.19911
201507251210, 0.380425
201507251230, 0.277235
201507251240, 0.0635851
201507251250, 0
201507251300, 0.107747
201507251310, 0.0232205
201507251320, 0.0715061
201507251330, 0.00184462
201507251340, 0.0925564
201507251350, 0.00336372
201507251400, 0.00238715
201507251410, 0.0093316
201507251420, 0.107964
201507251430, 0.031033
201507251440, 0.016059
201507251450, 0.00716146
201507251500, 0.296332
201507251510, 0.128906
201507251520, 0.177734
201507251530, 0.267253
201507251540, 0.157878
201507251550, 0.0455729
201507251600, 0.0589193
201507251610, 0.153754
201507251620, 0.294813
201507251630, 0.28125
201507251640, 0.633247
201507251650, 0.842339
201507251700, 0.795898
201507251710, 0.883138
201507251720, 0.983073
201507251730, 0.813585
201507251740, 0.713108
201507251750, 1.00401
201507251800, 1.11632
201507251810, 0.847222
201507251820, 1.21506
201507251830, 1.67318
201507251840, 1.88835
201507251850, 1.71864
201507251900, 1.60818
201507251910, 1.91395
201507251920, 1.97602
201507251930, 2.01986
201507251940, 2.12478
201507251950, 2.24219
201507252000, 2.19206
201507252010, 2.43728
201507252020, 2.48698
201507252030, 2.41591
201507252040, 2.49935
201507252050, 2.55675
201507252100, 2.21267
201507252110, 2.47754
201507252120, 2.60579
201507252130, 2.50087
201507252140, 2.51324
201507252150, 2.51812
201507252200, 2.44108
201507252210, 2.40918
201507252220, 2.19661
201507252230, 2.00521
201507252240, 1.80935
201507252250, 2.06152
201507252300, 2.13216
201507252310, 2.35503
201507252320, 2.55773
201507252330, 2.5498
201507252340, 2.51693
201507252350, 1.91526
201507260000, 1.78906
201507260010, 1.58225
201507260020, 1.64399
201507260030, 1.26769
201507260040, 1.36534
201507260050, 1.51508
201507260100, 1.64898
201507260110, 1.78668
201507260120, 1.71039
201507260130, 1.51291
201507260140, 1.33453
201507260150, 1.39258
201507260200, 1.18945
201507260210, 1.06608
201507260220, 0.668837
201507260230, 0.673177
201507260240, 0.543511
201507260250, 0.218858
201507260300, 0.435438
201507260310, 0.0404731
201507260320, 0.170573
201507260330, 0.0139974
201507260340, 0.00249566
201507260350, 0.0163845
201507260400, 0.0390625
201507260410, 0.0128038
201507260420, 0.0115017
201507260430, 0.00759549
201507260440, 0.00282118
201507260450, 0.00477431
201507260500, 0.0125868
201507260510, 0.0120443
201507260520, 0.0111762
201507260530, 0.463433
201507260540, 0.00423177
201507260550, 0.00271267
201507260600, 0.00303819
201507260610, 0.000976562
201507260620, 0
201507260630, 0.000976562
201507260640, 0.00759549
201507260650, 0.00596788
201507260700, 0
201507260720, 0
201507260730, 0
201507260740, 0
201507260750, 0.0180122
201507260800, 0.0952691
201507260810, 0.0121528
201507260830, 0.160482
201507260840, 0.185872
201507260900, 0.077474
201507260910, 0.0810547
201507260920, 0.0320095
201507260930, 0.0947266
201507260940, 0.126628
201507260950, 0.160916
201507261000, 0.111545
201507261010, 0.230143
201507261020, 0.0640191
201507261030, 0.12066
201507261040, 0.00347222
201507261050, 0.0687934
201507261100, 0.108398
201507261120, 0.0373264
201507261130, 0.0784505
201507261140, 0.138021
201507261150, 0.0601128
201507261200, 0.100803
201507261210, 0.0728082
201507261220, 0.0388455
201507261230, 0.138129
201507261240, 0.20638
201507261250, 0
201507261300, 0
201507261310, 0.0046658
201507261320, 0.0275608
201507261330, 0.144314
201507261340, 0.0625
201507261350, 0.148003
201507261400, 0.213108
201507261410, 0.374891
201507261420, 0.000434028
201507261430, 0.00119358
201507261440, 0.120551
201507261450, 0
201507261500, 0.357313
201507261510, 0.174479
201507261520, 0.653537
201507261530, 0.271376
201507261540, 1.15408
201507261550, 0.852322
201507261600, 0.847765
201507261610, 0.614258
201507261620, 1.38249
201507261630, 2.19694
201507261640, 3.03624
201507261650, 2.89258
201507261700, 2.43099
201507261710, 3.55816
201507261720, 3.38021
201507261730, 3.39442
201507261740, 2.03375
201507261750, 2.33279
201507261800, 3.98872
201507261810, 3.69249
201507261820, 3.97494
201507261830, 3.55914
201507261840, 2.6148
201507261850, 2.43945
201507261900, 2.87337
201507261910, 2.92914
201507261920, 3.44488
201507261930, 3.31641
201507261940, 3.65191
201507261950, 3.45931
201507262000, 3.00445
201507262010, 3.32346
201507262020, 2.90082
201507262030, 2.96137
201507262040, 3.37695
201507262050, 3.65668
201507262100, 3.23329
201507262110, 3.54123
201507262120, 3.34993
201507262130, 3.12576
201507262140, 2.92719
201507262150, 2.74989
201507262200, 3.43142
201507262210, 2.16851
201507262220, 2.38043
201507262230, 2.26454
201507262240, 0.875434
201507262250, 1.04861
201507262300, 0.778429
201507262310, 1.95844
201507262320, 1.87782
201507262330, 1.70898
201507262340, 1.96636
201507262350, 2.79069
201507270000, 2.44379
201507270010, 2.33919
201507270020, 3.949
201507270030, 3.00141
201507270040, 2.37153
201507270050, 2.74783
201507270100, 2.92003
201507270110, 3.93121
201507270120, 3.13325
201507270130, 1.92958
201507270140, 1.32661
201507270150, 1.54655
201507270200, 0.845378
201507270210, 0.896484
201507270220, 0.78201
201507270230, 1.35254
201507270240, 0.236654
201507270250, 0.919705
201507270300, 0.728516
201507270310, 0.523871
201507270320, 1.06684
201507270330, 1.06543
201507270340, 0.618056
201507270350, 1.19314
201507270400, 1.3763
201507270410, 0.664822
201507270420, 0.740668
201507270430, 1.72179
201507270440, 1.52463
201507270450, 1.53917
201507270500, 1.42036
201507270510, 0.592448
201507270520, 0.655382
201507270530, 0.368056
201507270540, 1.13184
201507270550, 0.818793
201507270600, 0.622504
201507270610, 0.93967
201507270620, 0.918511
201507270630, 0.717556
201507270640, 1.13097
201507270650, 0.791667
201507270700, 1.06565
201507270710, 0.917101
201507270720, 0.61046
201507270730, 0.430773
201507270740, 0.590169
201507270750, 0.184896
201507270800, 0.224501
201507270810, 0.990994
201507270830, 1.35503
201507270850, 1.27289
201507270900, 0.365668
201507270910, 0.787326
201507270920, 0.424588
201507270930, 0.387587
201507270940, 0.46148
201507270950, 0.555773
201507271000, 0.320964
201507271010, 0.00238715
201507271020, 0.00802951
201507271030, 0.0847439
201507271040, 0.517904
201507271050, 0.542426
201507271100, 0.400282
201507271110, 0
201507271120, 0.192166
201507271130, 0.0741102
201507271140, 0.0309245
201507271150, 0.0348307
201507271200, 0.0638021
201507271210, 0.00564236
201507271220, 0.307617
201507271230, 0.00802951
201507271240, 0.000434028
201507271250, 0
201507271300, 0.00640191
201507271310, 0.0132378
201507271320, 0.0174696
201507271330, 0.0469835
201507271340, 0.0606554
201507271350, 0.127496
201507271400, 0.124132
201507271410, 0.0409071
201507271420, 0.164931
201507271430, 0.022895
201507271440, 0.0356988
201507271450, 0.181966
201507271500, 0.00455729
201507271510, 0.0106337
201507271520, 0.0979818
201507271530, 0.00390625
201507271540, 0.118164
201507271550, 0.147895
201507271600, 0.0164931
201507271610, 0.301107
201507271620, 0.282986
201507271630, 0.25651
201507271640, 0.34375
201507271650, 0.641059
201507271700, 0.219184
201507271710, 0.0356988
201507271720, 0.318034
201507271730, 0.356445
201507271740, 0.291667
201507271750, 0.357639
201507271800, 0.581163
201507271810, 0.570421
201507271820, 0.423503
201507271830, 0.693468
201507271840, 0.35319
201507271850, 0.38878
201507271900, 0.344618
201507271910, 0.3648
201507271920, 0.333116
201507271930, 0.298937
201507271940, 0.121311
201507271950, 0.539822
201507272000, 0.445421
201507272010, 0.742188
201507272020, 0.338325
201507272030, 0.862088
201507272040, 0.972331
201507272050, 0.703342
201507272100, 0.809136
201507272110, 1.11578
201507272120, 0.806424
201507272130, 0.606879
201507272140, 0.950738
201507272150, 1.25054
201507272200, 0.77615
201507272210, 1.05523
201507272220, 1.2666
201507272230, 0.525608
201507272240, 0.653429
201507272250, 1.07444
201507272300, 1.07129
201507272310, 1.20215
201507272320, 1.2538
201507272330, 1.22852
201507272340, 1.35026
201507272350, 1.27995
201507280000, 1.33713
201507280010, 1.38118
201507280020, 1.28277
201507280030, 2.30675
201507280040, 3.1697
201507280050, 3.97559
201507280100, 5.15039
201507280110, 5.37826
201507280120, 4.80664
201507280130, 5.12446
201507280140, 5.53342
201507280150, 3.51552
201507280200, 4.6174
201507280210, 4.67361
201507280220, 3.3546
201507280230, 3.86241
201507280240, 2.72754
201507280250, 3.08963
201507280300, 3.43142
201507280310, 2.34429
201507280320, 3.01997
201507280330, 4.22103
201507280340, 3.2717
201507280350, 2.64822
201507280400, 2.99566
201507280410, 2.66699
201507280420, 1.48405
201507280430, 1.09581
201507280440, 0.874132
201507280450, 0.752496
201507280500, 1.26443
201507280510, 0.898112
201507280520, 1.18663
201507280530, 1.00879
201507280540, 1.64182
201507280550, 0.805556
201507280600, 0.666124
201507280610, 0.705946
201507280620, 0.842014
201507280630, 0.759766
201507280640, 0.843424
201507280650, 0.953234
201507280700, 0.917209
201507280710, 0.707682
201507280720, 0.502713
201507280730, 0.690104
201507280740, 0.359484
201507280750, 0.112088
201507280800, 1.15061
201507280810, 0.833442
201507280820, 0.911892
201507280830, 1.05838
201507280840, 0.45638
201507280850, 0.000217014
201507280900, 0.0722656
201507280910, 0.000868056
201507280920, 0.00390625
201507280930, 0.0152995
201507280940, 0.0339627
201507280950, 0.00217014
201507281000, 0.000217014
201507281010, 0.00694444
201507281020, 0.0502387
201507281030, 0.00141059
201507281040, 0.0430773
201507281050, 0.0175781
201507281100, 0.00868056
201507281110, 0.03125
201507281120, 0.000434028
201507281130, 0.00878906
201507281140, 0.0643446
201507281150, 0.00813802
201507281200, 0.0325521
201507281210, 0.0968967
201507281220, 0.184245
201507281230, 0.302083
201507281240, 0.354926
201507281250, 0.305339
201507281300, 0.353624
201507281310, 0.442817
201507281320, 0.469944
201507281330, 0.368164
201507281340, 0.490668
201507281350, 0.396918
201507281400, 0.159397
201507281410, 0.509657
201507281420, 0.454861
201507281430, 0.434136
201507281440, 0.537326
201507281450, 0.548394
201507281500, 0.636502
201507281510, 0.499457
201507281520, 0.470378
201507281530, 0.694879
201507281540, 0.21441
201507281550, 0.42806
201507281600, 0.307726
201507281610, 0.441189
201507281620, 0.327799
201507281630, 0.0485026
201507281640, 0.465061
201507281650, 0.222548
201507281700, 0.114149
201507281710, 0.654622
201507281720, 0.773655
201507281730, 0.463216
201507281740, 0.430664
201507281750, 0.0636936
201507281800, 0.23112
201507281810, 0.184245
201507281820, 0.224935
201507281830, 0.253906
201507281850, 0.126519
201507281900, 0.151476
201507281910, 0.219835
201507281920, 0.314887
201507281930, 0.110569
201507281940, 0.162326
201507281950, 0.05523
201507282000, 0.207682
201507282010, 0.331814
201507282020, 0.434896
201507282030, 0.459093
201507282040, 0.89898
201507282050, 0.479709
201507282100, 1.0421
201507282110, 1.39008
201507282120, 0.994466
201507282130, 1.42209
201507282140, 1.52941
201507282150, 1.78418
201507282200, 1.7475
201507282210, 1.8572
201507282220, 2.05773
201507282230, 1.8444
201507282240, 2.29395
201507282250, 2.49837
201507282300, 2.84071
201507282310, 3.52083
201507282320, 3.77344
201507282330, 3.53635
201507282340, 4.99089
201507282350, 6.06565
201507290000, 6.66829
201507290010, 6.3877
201507290020, 7.5408
201507290030, 7.49414
201507290040, 8.60384
201507290050, 10.7823
201507290100, 11.6993
201507290110, 12.6372
201507290120, 12.977
201507290130, 13.0385
201507290140, 12.8533
201507290150, 13.4631
201507290200, 12.9965
201507290210, 13.1743
201507290220, 13.1939
201507290230, 11.807
201507290240, 12.1905
201507290250, 11.1115
201507290300, 11.4909
201507290310, 10.8082
201507290320, 9.31966
201507290330, 6.40354
201507290340, 7.95779
201507290350, 8.02756
201507290400, 6.80013
201507290410, 7.56348
201507290420, 7.04156
201507290430, 6.8099
201507290440, 6.04677
201507290450, 6.08811
201507290500, 6.22971
201507290510, 5.8201
201507290520, 5.54384
201507290530, 5.18381
201507290540, 5.12967
201507290550, 4.70931
201507290600, 4.44672
201507290610, 4.11035
201507290620, 3.92079
201507290630, 3.0829
201507290640, 2.99913
201507290650, 3.37316
201507290700, 2.63129
201507290710, 2.56228
201507290720, 3.03331
201507290730, 2.80903
201507290740, 1.77192
201507290750, 1.56239
201507290800, 1.16775
201507290810, 1.24512
201507290820, 0.998915
201507290830, 0.134223
201507290840, 0.376519
201507290850, 0.32921
201507290900, 0.26237
201507290910, 0.177517
201507290920, 0.107422
201507290930, 0.00282118
201507290940, 0.0268012
201507290950, 0.0186632
201507291000, 0.0430773
201507291010, 0.0200738
201507291020, 0.0224609
201507291030, 0.0913628
201507291040, 0.0430773
201507291050, 0.10612
201507291100, 0.0558811
201507291110, 0.0480686
201507291120, 0.0570747
201507291130, 0.00477431
201507291140, 0.0377604
201507291150, 0.0542535
201507291200, 0.0722656
201507291210, 0.00802951
201507291220, 0.00585938
201507291230, 0.0207248
201507291240, 0.0425347
201507291250, 0.0177951
201507291300, 0.0119358
201507291310, 0.0902778
201507291320, 0.0078125
201507291330, 0.0532769
201507291340, 0.12066
201507291350, 0.121745
201507291400, 0.0970052
201507291410, 0.163303
201507291420, 0.146484
201507291430, 0.141819
201507291440, 0.159071
201507291450, 0.0835503
201507291500, 0.0456814
201507291510, 0.0199653
201507291520, 0.0386285
201507291530, 0.047092
201507291540, 0.0307075
201507291550, 0.0447049
201507291600, 0.0198568
201507291610, 0.0174696
201507291620, 0.117405
201507291630, 0.196072
201507291640, 0.328885
201507291650, 0.118273
201507291700, 0.204102
201507291710, 0.296766
201507291720, 0.252062
201507291730, 0.0976562
201507291740, 0.167643
201507291750, 0.143663
201507291800, 0.1301
201507291810, 0.300781
201507291820, 0.134983
201507291830, 0.268446
201507291840, 0.178385
201507291850, 0.38878
201507291900, 0.249891
201507291910, 0.107856
201507291920, 0.379232
201507291930, 0.166992
201507291940, 0.291233
201507291950, 0.369792
201507292000, 0.298177
201507292010, 0.375109
201507292020, 0.233941
201507292030, 0.085178
201507292040, 0.0384115
201507292050, 0.0311415
201507292100, 0.39974
201507292110, 0.402127
201507292120, 0.495443
201507292130, 0.61773
201507292140, 0.745226
201507292150, 1.00163
201507292200, 1.22917
201507292210, 1.70323
201507292220, 1.63151
201507292230, 1.78722
201507292240, 1.78516
201507292250, 1.72645
201507292300, 1.88943
201507292310, 1.92752
201507292320, 1.86903
201507292330, 2.13509
201507292340, 2.24967
201507292350, 1.63238
201507300000, 2.56934
201507300010, 2.70464
201507300020, 2.36534
201507300030, 2.68804
201507300040, 3.00467
201507300050, 4.36274
201507300100, 4.72841
201507300110, 4.67969
201507300120, 5.32552
201507300130, 5.15506
201507300140, 4.68533
201507300150, 5.08583
201507300200, 5.08485
201507300210, 4.83572
201507300220, 5.01443
201507300230, 4.98416
201507300240, 5.06543
201507300250, 5.24273
201507300300, 5.63943
201507300310, 4.8316
201507300320, 5.34505
201507300330, 4.77561
201507300340, 5.90234
201507300350, 5.70616
201507300400, 5.49154
201507300410, 5.23644
201507300420, 5.39887
201507300430, 5.69434
201507300440, 5.42806
201507300450, 5.22168
201507300500, 4.97613
201508010000, 1.42166
201508010010, 1.17274
201508010020, 1.26899
201508010030, 1.38021
201508010040, 2.04264
201508010050, 3.3457
201508010100, 3.90148
201508010110, 3.88379
201508010120, 3.33062
201508010130, 2.15668
201508010140, 2.21723
201508010150, 1.76888
201508010200, 1.29807
201508010210, 0.936089
201508010220, 0.504666
201508010230, 0.329644
201508010240, 0.427734
201508010250, 0.395291
201508010300, 0.944878
201508010310, 0.200846
201508010320, 0.286133
201508010330, 0.608398
201508010340, 0.357096
201508010350, 0.734483
201508010400, 0.693251
201508010410, 0.609592
201508010420, 0.131402
201508010430, 0.281793
201508010440, 0.0411241
201508010450, 0.304036
201508010500, 0.326497
201508010510, 0.212565
201508010520, 0.277561
201508010530, 0.192274
201508010540, 0.235569
201508010550, 0.0347222
201508010600, 0.0713976
201508010610, 0.165799
201508010620, 0.0287543
201508010630, 0.00672743
201508010640, 0.00737847
201508010650, 0.0617405
201508010700, 0.101997
201508010710, 0.00694444
201508010720, 0.00455729
201508010730, 0.00206163
201508010740, 0.000542535
201508010750, 0.0372179
201508010800, 0.0256076
201508010810, 0.0354818
201508010820, 0.00401476
201508010830, 0.0110677
201508010840, 0.146376
201508010850, 0.0181207
201508010900, 0.000759549
201508010910, 0.000651042
201508010920, 0.0171441
201508010930, 0.000325521
201508010940, 0.000759549
201508010950, 0.0046658
201508011000, 0.0297309
201508011010, 0.022678
201508011020, 0.0166016
201508011030, 0.00195312
201508011040, 0.0654297
201508011050, 0.00368924
201508011100, 0.015191
201508011110, 0.00401476
201508011120, 0.0355903
201508011130, 0.0093316
201508011140, 0.0413411
201508011150, 0.17589
201508011200, 0.0553385
201508011210, 0.0208333
201508011220, 0.0246311
201508011230, 0.00401476
201508011240, 0.0307075
201508011250, 0.212023
201508011300, 0.0374349
201508011310, 0.0368924
201508011320, 0.0281033
201508011330, 0.0106337
201508011340, 0.0325521
201508011350, 0.0329861
201508011400, 0.0172526
201508011410, 0.046441
201508011420, 0.0479601
201508011430, 0.0128038
201508011440, 0.023763
201508011450, 0.0122613
201508011500, 0.0315755
201508011510, 0.0164931
201508011520, 0.192383
201508011530, 0.0959201
201508011540, 0.0542535
201508011550, 0.0257161
201508011600, 0.0516493
201508011610, 0.0322266
201508011620, 0.0180122
201508011630, 0.023546
201508011640, 0.062934
201508011650, 0.14822
201508011700, 0.0889757
201508011710, 0.0646701
201508011720, 0.164171
201508011730, 0.0508898
201508011740, 0.0108507
201508011750, 0.141059
201508011800, 0
201508011810, 0
201508011820, 0
201508011830, 0
201508011840, 0.16862
201508011850, 0.505642
201508011900, 0.232856
201508011910, 0.411784
201508011920, 0.334201
201508011930, 0.11263
201508011940, 0.0046658
201508011950, 0
201508012000, 0
201508012010, 0
201508012020, 0.38661
201508012030, 0.331597
201508012040, 0.429253
201508012050, 0.117188
201508012100, 0.249674
201508012110, 0.334201
201508012120, 0.42806
201508012130, 0.430773
201508012140, 0.134874
201508012150, 0.000651042
201508012200, 0
201508012210, 0
201508012220, 0.0103082
201508012230, 0.271376
201508012240, 0.000108507
201508012250, 0
201508012300, 0.0520833
201508012310, 0.624566
201508012320, 0.0295139
201508012330, 0.183485
201508012340, 0.0285373
201508012350, 0.000434028
201508020000, 0.00238715
201508020010, 0.0016276
201508020020, 0.0132378
201508020030, 0.101997
201508020040, 0.151367
201508020050, 0.374891
201508020100, 0.597548
201508020110, 1.26291
201508020120, 1.31272
201508020130, 1.17524
201508020140, 1.44119
201508020150, 1.68609
201508020200, 1.02799
201508020210, 1.50239
201508020220, 1.53049
201508020230, 1.67849
201508020240, 1.2525
201508020250, 0.926541
201508020300, 1.5855
201508020310, 1.61382
201508020320, 0.986654
201508020330, 1.67426
201508020340, 1.48047
201508020350, 1.51107
201508020400, 0.646701
201508020410, 0.403212
201508020420, 0.414062
201508020430, 0.239041
201508020440, 1.22667
201508020450, 0.673069
201508020500, 0.388563
201508020510, 0.50217
201508020520, 0.613932
201508020530, 0.517578
201508020540, 0.457357
201508020550, 1.14236
201508020600, 0.666992
201508020610, 1.09429
201508020620, 1.0115
201508020630, 0.754991
201508020640, 0.595812
201508020650, 0.508898
201508020700, 0.17806
201508020710, 0.177626
201508020720, 0.289605
201508020730, 0.226237
201508020740, 0.213433
201508020750, 0.306098
201508020800, 0.49273
201508020810, 0.0597873
201508020820, 0.138672
201508020830, 0.125217
201508020840, 0.157661
201508020850, 0.00553385
201508020900, 0.503581
201508020910, 0.00379774
201508020920, 0.0093316
201508020930, 0.223741
201508020940, 0.0134549
201508020950, 0.00705295
201508021000, 0.0269097
201508021010, 0.0562066
201508021020, 0.00813802
201508021030, 0.146593
201508021040, 0.00217014
201508021050, 0.0320095
201508021100, 0.0529514
201508021110, 0.00444878
201508021120, 0.00542535
201508021130, 0.0209418
201508021140, 0.00444878
201508021150, 0.00770399
201508021200, 0.00412326
201508021210, 0.0302734
201508021220, 0.0210503
201508021230, 0.00596788
201508021240, 0.00249566
201508021250, 0.0448134
201508021300, 0.0418837
201508021310, 0.00379774
201508021320, 0.0282118
201508021330, 0
201508021340, 0.00119358
201508021350, 0.0139974
201508021400, 0.00141059
201508021410, 0.000217014
201508021420, 0.268012
201508021430, 0.0777995
201508021440, 0.397027
201508021450, 0.0263672
201508021500, 1.13227
201508021510, 0.620334
201508021520, 0.585612
201508021530, 0.0557726
201508021540, 0.0143229
201508021550, 0.0355903
201508021600, 0.138238
201508021610, 0.0961372
201508021620, 0
201508021630, 0.128581
201508021640, 0.0279948
201508021650, 0.0638021
201508021700, 0.194987
201508021710, 0.437609
201508021720, 0.0157335
201508021730, 0.0324436
201508021740, 0.110786
201508021750, 0.0842014
201508021800, 0.0910373
201508021810, 0.0763889
201508021820, 0.265082
201508021830, 0.0848524
201508021840, 0.32411
201508021850, 0.343641
201508021900, 0.132921
201508021910, 0.0520833
201508021920, 0.0327691
201508021930, 0.122613
201508021940, 0.27105
201508021950, 0.222222
201508022000, 0.213325
201508022010, 0.886068
201508022020, 0.146701
201508022030, 0.0126953
201508022040, 0.11697
201508022050, 0.315972
201508022100, 0.102431
201508022110, 0.378472
201508022120, 0.185655
201508022130, 0.47895
201508022140, 0.567925
201508022150, 0.82704
201508022200, 1.10221
201508022210, 0.888346
201508022220, 0.730469
201508022230, 1.11838
201508022240, 1.18587
201508022250, 1.31651
201508022300, 1.47559
201508022310, 1.40061
201508022320, 1.59115
201508022330, 1.61838
201508022340, 1.64844
201508022350, 1.56923
201508030000, 1.50434
201508030010, 1.48915
201508030020, 1.35221
201508030030, 1.28483
201508030040, 2.074
201508030050, 2.48351
201508030100, 2.46061
201508030110, 1.92405
201508030120, 1.51248
201508030130, 0.635308
201508030140, 0.887044
201508030150, 0.102105
201508030200, 0.159288
201508030210, 0.00607639
201508030220, 0.215603
201508030230, 0.282227
201508030240, 0.217556
201508030250, 0.413845
201508030300, 0.0746528
201508030310, 0.416992
201508030320, 0.425239
201508030330, 0.35319
201508030340, 0.590061
201508030350, 0.306641
201508030400, 0.410482
201508030410, 0.439236
201508030420, 0.32411
201508030430, 0.549154
201508030440, 0.60102
201508030450, 0.603624
201508030500, 0.819444
201508030510, 0.484267
201508030520, 0.137478
201508030530, 0.144314
201508030540, 0.354818
201508030550, 0.330078
201508030600, 0.247721
201508030610, 0.201931
201508030620, 0.0525174
201508030630, 0.0197483
201508030640, 0.0253906
201508030650, 0.00661892
201508030700, 0.134332
201508030710, 0.0454644
201508030720, 0.0977648
201508030730, 0
201508030740, 0.0799696
201508030750, 0.0194227
201508030800, 0.0414497
201508030810, 0.0427517
201508030820, 0.0106337
201508030830, 0.0286458
201508030840, 0.0119358
201508030850, 0.0302734
201508030900, 0.00585938
201508030910, 0.0093316
201508030920, 0.0321181
201508030930, 0.00640191
201508030940, 0.0394965
201508030950, 0.047092
201508031000, 0.14681
201508031010, 0.522135
201508031020, 0.220052
201508031030, 0.0490451
201508031040, 0.418728
201508031050, 0.443142
201508031100, 0.958767
201508031110, 1.33377
201508031120, 1.26096
201508031130, 1.58594
201508031140, 0.800564
201508031150, 1.03516
201508031200, 0.462891
201508031210, 1.0357
201508031220, 0.281901
201508031230, 0.567925
201508031240, 0.442708
201508031250, 0.0209418
201508031300, 0.222656
201508031310, 0.489366
201508031320, 0.0115017
201508031330, 0.119249
201508031340, 0.148763
201508031350, 0.432617
201508031400, 0.344727
201508031410, 0.421875
201508031420, 0.0309245
201508031430, 0.558594
201508031440, 0.678711
201508031450, 0.312283
201508031500, 0.24056
201508031510, 0.0410156
201508031520, 0.00368924
201508031530, 0.0163845
201508031540, 0.030816
201508031550, 0.0108507
201508031600, 0.00227865
201508031610, 0.0031467
201508031620, 0.0046658
201508031630, 0.022895
201508031640, 0.0061849
201508031650, 0.0329861
201508031700, 0.0381944
201508031710, 0.00292969
201508031720, 0.000868056
201508031730, 0.000434028
201508031740, 0.00368924
201508031750, 0.0203993
201508031800, 0.0417752
201508031810, 0.0078125
201508031820, 0.0644531
201508031830, 0.0520833
201508031840, 0.0596788
201508031850, 0.0284288
201508031900, 0.00922309
201508031910, 0.0374349
201508031920, 0.085829
201508031930, 0
201508031940, 0
201508031950, 0.00173611
201508032000, 0.0685764
201508032010, 0.0287543
201508032020, 0.031684
201508032030, 0.0197483
201508032040, 0.0232205
201508032050, 0.000108507
201508032100, 0.0613064
201508032110, 0.0208333
201508032120, 0.00249566
201508032130, 0.0251736
201508032140, 0.251085
201508032150, 0.00976562
201508032200, 0
201508032210, 0.0579427
201508032220, 0.014974
201508032230, 0.0566406
201508032240, 0.0141059
201508032250, 0.198459
201508032300, 0.331055
201508032310, 0.240451
201508032320, 0.176215
201508032330, 0.0909288
201508032340, 0.120009
201508032350, 0.015625
201508040000, 0.0460069
201508040010, 0.030816
201508040020, 0.0753038
201508040030, 0.330621
201508040040, 0.318576
201508040050, 0.138129
201508040100, 0.961589
201508040110, 0.622179
201508040120, 0.999891
201508040130, 0.651693
201508040140, 0.368381
201508040150, 0.022678
201508040200, 0.0938585
201508040210, 0.000325521
201508040220, 0.0652127
201508040230, 0.501194
201508040240, 0.264648
201508040250, 0.17372
201508040300, 0.185872
201508040310, 0.150499
201508040320, 0.143338
201508040330, 0.038303
201508040340, 0.085178
201508040350, 0
201508040400, 0.388129
201508040410, 0.0116102
201508040420, 0.0176866
201508040430, 0.030816
201508040440, 0.0996094
201508040450, 0.292752
201508040500, 0.235569
201508040510, 0.200629
201508040520, 0.575955
201508040530, 0.224501
201508040540, 0.425022
201508040550, 0.136393
201508040600, 0.175781
201508040610, 0.000868056
201508040620, 0.331163
201508040630, 0.0375434
201508040640, 0.023546
201508040650, 0.740885
201508040700, 0.368815
201508040710, 0.702148
201508040720, 0.393446
201508040730, 0.671007
201508040740, 0.432075
201508040750, 0.303602
201508040800, 0.159614
201508040810, 0.0254991
201508040820, 0.0103082
201508040840, 0.123806
201508040850, 0.05523
201508040900, 0.00716146
201508040910, 0.124023
201508040920, 0.0537109
201508040930, 0.00401476
201508040940, 0.282878
201508040950, 0.299045
201508041000, 0.00499132
201508041010, 0.00108507
201508041020, 0.00358073
201508041030, 0
201508041040, 0
201508041050, 0.00694444
201508041100, 0.0123698
201508041110, 0.00802951
201508041120, 0.0110677
201508041130, 0.086046
201508041140, 0.0416667
201508041150, 0.128472
201508041200, 0.0987413
201508041210, 0.0135634
201508041220, 0.0134549
201508041230, 0.00889757
201508041240, 0.0105252
201508041250, 0.0182292
201508041300, 0.00238715
201508041310, 0.000651042
201508041320, 0.0123698
201508041330, 0.107639
201508041340, 0.0578342
201508041350, 0.0367839
201508041400, 0.00531684
201508041410, 0.0883247
201508041420, 0.08648
201508041430, 0.0170356
201508041440, 0.0139974
201508041450, 0.0190972
201508041500, 0.0451389
201508041510, 0.0818142
201508041520, 0.203125
201508041530, 0.193359
201508041540, 0.292752
201508041550, 0.00108507
201508041600, 0.322049
201508041610, 0.415582
201508041620, 0.243056
201508041630, 0.172418
201508041640, 0.00911458
201508041650, 0.0187717
201508041700, 0.0780165
201508041710, 0
201508041720, 0.0322266
201508041730, 0.00792101
201508041740, 0.000217014
201508041750, 0.0144314
201508041800, 0.00661892
201508041810, 0.0445964
201508041820, 0.0875651
201508041830, 0.262912
201508041840, 0.260634
201508041850, 0.274306
201508041900, 0.416667
201508041910, 0.217773
201508041920, 0.271159
201508041930, 0.464952
201508041940, 0.408529
201508041950, 0.269423
201508042000, 0.0973307
201508042010, 0.23253
201508042020, 0.0987413
201508042030, 0.227214
201508042040, 0.343424
201508042050, 0.58941
201508042100, 0.332248
201508042110, 0
201508042120, 0.449219
201508042130, 0.466471
201508042140, 0.55523
201508042150, 0.507812
201508042200, 0.419271
201508042210, 0.516819
201508042220, 0.983941
201508042230, 0.44477
201508042240, 1.088
201508042250, 1.00293
201508042300, 0.953993
201508042310, 1.06098
201508042320, 1.17849
201508042330, 1.01899
201508042340, 0.701497
201508042350, 0.417101
201508050000, 0.500651
201508050010, 0.544379
201508050020, 0.779405
201508050030, 0.902018
201508050040, 0.719727
201508050050, 1.14345
201508050100, 0.553168
201508050110, 0.94553
201508050120, 0.198459
201508050130, 0.425781
201508050140, 0.327474
201508050150, 0.507595
201508050200, 0.259223
201508050210, 0.121853
201508050220, 0.556641
201508050230, 0.883681
201508050240, 0.676541
201508050250, 1.1837
201508050300, 0.86263
201508050310, 1.23926
201508050320, 0.738498
201508050330, 0.831055
201508050340, 0.742296
201508050350, 0.826063
201508050400, 1.14876
201508050410, 1.0115
201508050420, 0.878364
201508050430, 0.525933
201508050440, 0.35319
201508050450, 0.572808
201508050500, 0.578668
201508050510, 0.611545
201508050520, 0.793403
201508050530, 0.943793
201508050540, 0.765517
201508050550, 0.505968
201508050600, 0.245226
201508050610, 0.314996
201508050620, 0.603733
201508050630, 0.0502387
201508050640, 0.069553
201508050650, 0.120226
201508050700, 0.167426
201508050710, 0.0623915
201508050720, 0.0482856
201508050730, 0.000542535
201508050740, 0.00282118
201508050750, 0.0031467
201508050800, 0.00423177
201508050810, 0.0288628
201508050820, 0.0123698
201508050830, 0.0223524
201508050840, 0.0016276
201508050850, 0.0169271
201508050900, 0.0130208
201508050910, 0.0195312
201508050920, 0.00542535
201508050930, 0.00868056
201508050940, 0.0161675
201508050950, 0.0116102
201508051000, 0.00575087
201508051010, 0.0031467
201508051020, 0.0277778
201508051030, 0.0015191
201508051040, 0.00238715
201508051050, 0.00705295
201508051100, 0.0101997
201508051110, 0.00217014
201508051120, 0.0062934
201508051130, 0.000542535
201508051140, 0.00651042
201508051150, 0.0307075
201508051200, 0.00596788
201508051210, 0.00824653
201508051220, 0
201508051230, 0
201508051240, 0.0105252
201508051250, 0.00434028
201508051300, 0.0110677
201508051310, 0.0137804
201508051320, 0.0363498
201508051330, 0.023329
201508051340, 0.023112
201508051350, 0.0172526
201508051400, 0.0249566
201508051410, 0.0300564
201508051420, 0.00705295
201508051430, 0.0251736
201508051440, 0.00531684
201508051450, 0.00694444
201508051500, 0.0447049
201508051510, 0.00130208
201508051520, 0.00227865
201508051530, 0
201508051540, 0.00271267
201508051550, 0
201508051600, 0.0560981
201508051610, 0.352865
201508051620, 0.319444
201508051630, 0.183811
201508051640, 0.022895
201508051650, 0.0301649
201508051700, 0.988281
201508051710, 0.000542535
201508051720, 0.00173611
201508051730, 0.134115
201508051740, 0.157661
201508051750, 0.238607
201508051800, 0.15549
201508051810, 0.0370009
201508051820, 0.221897
201508051830, 0.530165
201508051840, 0.12717
201508051850, 0.367947
201508051900, 0.299262
201508051910, 0.535916
201508051920, 0.414605
201508051930, 0.297092
201508051940, 0.367296
201508051950, 0.320747
201508052000, 0.518338
201508052010, 0.510091
201508052020, 0.29872
201508052030, 0.438694
201508052040, 0.168728
201508052050, 0.000217014
201508052100, 0.0301649
201508052110, 0.341797
201508052120, 0.138238
201508052130, 0.0895182
201508052140, 0.0218099
201508052150, 0.0326606
201508052200, 0
201508052210, 0.220486
201508052220, 0.198459
201508052230, 0.195964
201508052240, 0.196289
201508052250, 0.297201
201508052300, 0.177626
201508052310, 0.421549
201508052320, 0.33724
201508052330, 0.405056
201508052340, 0.450738
201508052350, 0.191732
201508060000, 0.157227
201508060010, 0.116862
201508060020, 0.0652127
201508060030, 0.331814
201508060040, 0.934787
201508060050, 1.19455
201508060100, 1.30219
201508060110, 1.24805
201508060120, 1.24588
201508060130, 1.49045
201508060140, 2.56955
201508060150, 1.86513
201508060200, 1.54796
201508060210, 1.61404
201508060220, 2.50749
201508060230, 1.31359
201508060240, 1.5178
201508060250, 1.81326
201508060300, 1.62739
201508060310, 1.7474
201508060320, 0.996962
201508060330, 0.910265
201508060340, 0.595703
201508060350, 1.42849
201508060400, 1.48036
201508060410, 0.791233
201508060420, 0.844727
201508060430, 0.503472
201508060440, 0.497938
201508060450, 0.362088
201508060500, 0.26964
201508060510, 0.212023
201508060520, 0.109049
201508060530, 0.416667
201508060540, 0.636068
201508060550, 0.0576172
201508060600, 0.298286
201508060610, 0.21072
201508060620, 0.0770399
201508060630, 0.728299
201508060640, 0.522135
201508060650, 0.917318
201508060700, 0.782986
201508060710, 0.555664
201508060720, 0.233073
201508060730, 0.555664
201508060740, 0.248155
201508060750, 0.126845
201508060800, 0.286133
201508060810, 0.166992
201508060820, 0.183377
201508060830, 0.248155
201508060840, 0.0195312
201508060850, 0.030599
201508060900, 0.0337457
201508060910, 0.0122613
201508060920, 0.0213759
201508060930, 0.119249
201508060940, 0.039171
201508060950, 0.000759549
201508061000, 0.00813802
201508061010, 0.000759549
201508061020, 0.110894
201508061030, 0.0146484
201508061040, 0.0644531
201508061050, 0.0061849
201508061100, 0.0666233
201508061110, 0.0326606
201508061120, 0.0689019
201508061130, 0.107205
201508061140, 0.270833
201508061150, 0.311415
201508061200, 0.40918
201508061210, 0.515734
201508061220, 0.458876
201508061230, 0.639431
201508061240, 0.478516
201508061250, 0.596354
201508061300, 0.379232
201508061310, 0.555013
201508061320, 0.574761
201508061330, 0.17513
201508061340, 0.325629
201508061350, 0.170681
201508061400, 0.0261502
201508061410, 0
201508061420, 0.0355903
201508061430, 0.0453559
201508061440, 0.146267
201508061450, 0.123047
201508061500, 0.0477431
201508061510, 0.0078125
201508061520, 0.0558811
201508061530, 0.015191
201508061540, 0.0373264
201508061550, 0.160048
201508061600, 0.0103082
201508061610, 0.0392795
201508061620, 0.0983073
201508061630, 0.171007
201508061640, 0.00889757
201508061650, 0.054362
201508061700, 0.121745
201508061710, 0.173503
201508061720, 0.697049
201508061730, 1.01215
201508061740, 0.514648
201508061750, 0.764865
201508061800, 0.559136
201508061810, 0.65842
201508061820, 1.31391
201508061830, 1.45877
201508061840, 1.31847
201508061850, 1.05935
201508061900, 0.589518
201508061910, 0.337891
201508061920, 0.843859
201508061930, 1.0077
201508061940, 1.23296
201508061950, 1.22569
201508062000, 0.229926
201508062010, 0.589627
201508062020, 1.50054
201508062030, 0.540907
201508062040, 0.291992
201508062050, 0.583008
201508062100, 1.07921
201508062110, 0.538737
201508062120, 0.300998
201508062130, 0.868056
201508062140, 0.334527
201508062150, 0.499023
201508062200, 0.314345
201508062210, 0.344944
201508062220, 0.294922
201508062230, 0.085395
201508062240, 0.0107422
201508062250, 0.133138
201508062300, 0.0884332
201508062310, 0.136068
201508062320, 0.0486111
201508062330, 0.271376
201508062340, 0.0182292
201508062350, 0.229709
201508070000, 0.109592
201508070010, 0.0976562
201508070020, 0.447374
201508070030, 0.775391
201508070040, 0.658095
201508070050, 0.677409
201508070100, 0.955295
201508070110, 1.06543
201508070120, 1.06597
201508070130, 1.23633
201508070140, 1.15951
201508070150, 0.76378
201508070200, 0.85612
201508070210, 1.38759
201508070220, 1.67339
201508070230, 1.84201
201508070240, 1.67871
201508070250, 2.05599
201508070300, 1.49023
201508070310, 1.97493
201508070320, 1.70855
201508070330, 1.86697
201508070340, 1.41699
201508070350, 1.42817
201508070400, 1.42459
201508070410, 1.76259
201508070420, 1.67209
201508070430, 1.46246
201508070440, 1.65234
201508070450, 1.11632
201508070500, 1.36925
201508070510, 1.21463
201508070520, 1.65571
201508070530, 1.49989
201508070540, 1.53299
201508070550, 1.4082
201508070600, 1.28971
201508070610, 1.50955
201508070620, 1.26855
201508070630, 1.54102
201508070640, 1.36632
201508070650, 1.42318
201508070700, 1.20258
201508070710, 1.07726
201508070720, 0.854492
201508070730, 0.775174
201508070740, 0.757161
201508070750, 0.693142
201508070800, 0.659397
201508070810, 0.823025
201508070820, 0.735243
201508070830, 0.660916
201508070840, 0.825087
201508070850, 0.811089
201508070900, 0.852214
201508070910, 0.829644
201508070920, 0.962023
201508070930, 0.713542
201508070940, 0.876085
201508070950, 0.684136
201508071000, 0.623047
201508071010, 0.440647
201508071020, 0.358398
201508071030, 0.373372
201508071040, 0.19987
201508071050, 0.152452
201508071100, 0.109266
201508071110, 0.232205
201508071120, 0.324219
201508071130, 0.120768
201508071140, 0.023546
201508071150, 0.370877
201508071200, 0.0272352
201508071210, 0.162435
201508071220, 0.264865
201508071230, 0.419379
201508071240, 0.357422
201508071250, 0.624674
201508071300, 0.595812
201508071310, 0.34592
201508071320, 0.420356
201508071330, 0.349718
201508071340, 0.611871
201508071350, 0.480794
201508071400, 0.185655
201508071410, 0.271159
201508071420, 0.16428
201508071430, 0.709961
201508071440, 0.615343
201508071450, 0.345378
201508071500, 0.254449
201508071510, 0.824327
201508071520, 0.235135
201508071530, 0.156576
201508071540, 0.726671
201508071550, 0.458333
201508071600, 0.181966
201508071610, 0.336154
201508071620, 0.425998
201508071630, 0.497287
201508071640, 0.182834
201508071650, 0.0991753
201508071700, 0.484158
201508071710, 0.497504
201508071720, 0.254557
201508071730, 0.217665
201508071740, 0.0533854
201508071750, 0.167752
201508071800, 0.597656
201508071810, 0.514648
201508071820, 0.645291
201508071830, 0.775174
201508071840, 0.81901
201508071850, 0.169054
201508071900, 0.556424
201508071910, 0.515842
201508071920, 0.350911
201508071930, 0.616536
201508071940, 0.578885
201508071950, 0.559245
201508072000, 0.855577
201508072010, 0.66428
201508072020, 0.986328
201508072030, 1.07194
201508072040, 0.244466
201508072050, 1.02843
201508072100, 0.497613
201508072110, 0.704644
201508072120, 0.933702
201508072130, 0.248264
201508072140, 0.366536
201508072150, 0.899631
201508072200, 0.660373
201508072210, 0.928928
201508072220, 0.713433
201508072230, 1.15972
201508072240, 1.3775
201508072250, 1.54112
201508072300, 1.80534
201508072310, 1.91851
201508072320, 1.88683
201508072330, 1.93446
201508072340, 1.89898
201508072350, 1.64225
201508080000, 1.25467
201508080010, 1.09429
201508080020, 0.382921
201508080030, 0.964627
201508080040, 1.96962
201508080050, 3.01465
201508080100, 3.61372
201508080110, 3.52235
201508080120, 3.41157
201508080130, 2.79221
201508080140, 2.1084
201508080150, 2.75109
201508080200, 1.45399
201508080210, 1.8635
201508080220, 1.53179
201508080230, 1.23655
201508080240, 1.58171
201508080250, 1.68283
201508080300, 1.014
201508080310, 0.794705
201508080320, 0.448459
201508080330, 0.249566
201508080340, 0.144314
201508080350, 0.330946
201508080400, 0.467556
201508080410, 0.488824
201508080420, 0.247613
201508080430, 0.313043
201508080440, 0.38227
201508080450, 0.346137
201508080500, 0.218858
201508080510, 0.243381
201508080520, 0.0435113
201508080530, 0.356228
201508080540, 0.378472
201508080550, 0.53559
201508080600, 0.684353
201508080610, 0.590278
201508080620, 0.401042
201508080630, 0.430773
201508080640, 0.369249
201508080650, 0.562609
201508080700, 0.271918
201508080710, 0.371311
201508080720, 0.0732422
201508080730, 0.0207248
201508080740, 0.125977
201508080750, 0.0125868
201508080800, 0.152995
201508080810, 0.0062934
201508080820, 0.0440538
201508080830, 0.0913628
201508080840, 0.0202908
201508080850, 0.0292969
201508080900, 0.031684
201508080910, 0.00119358
201508080920, 0.00173611
201508080930, 0.0557726
201508080940, 0
201508080950, 0.0265842
201508081000, 0
201508081010, 0
201508081020, 0
201508081030, 0.00585938
201508081040, 0
201508081050, 0.0953776
201508081100, 0
201508081110, 0.000217014
201508081120, 0.0128038
201508081130, 0.0796441
201508081140, 0.000217014
201508081150, 0.038303
201508081200, 0.0297309
201508081210, 0.278971
201508081220, 0.335938
201508081230, 0.262695
201508081240, 0.000868056
201508081250, 0.133681
201508081300, 0.117622
201508081310, 0.220269
201508081320, 0.267253
201508081330, 0.255642
201508081340, 0.374674
201508081350, 0.548286
201508081400, 0.595703
201508081410, 0.740451
201508081420, 0.647786
201508081430, 0.749891
201508081440, 0.69553
201508081450, 0.65918
201508081500, 0.564128
201508081510, 0.534831
201508081520, 0.466363
201508081530, 0.579753
201508081540, 0.689019
201508081550, 0.672635
201508081600, 0.65332
201508081610, 0.630208
201508081620, 0.416124
201508081630, 0.457899
201508081640, 0.347548
201508081650, 0.614692
201508081700, 0.142687
201508081710, 0.240343
201508081720, 0.296875
201508081730, 0.248806
201508081740, 0.15918
201508081750, 0.17003
201508081800, 0.493164
201508081810, 0.638889
201508081820, 0.702148
201508081830, 0.469184
201508081840, 0.916884
201508081850, 1.27289
201508081900, 1.15679
201508081910, 0.751411
201508081920, 0.514648
201508081930, 0.807943
201508081940, 0.877387
201508081950, 0.981879
201508082000, 0.860894
201508082010, 1.27637
201508082020, 1.67188
201508082030, 1.74555
201508082040, 1.6327
201508082050, 1.53646
201508082100, 0.955295
201508082110, 1.20931
201508082120, 1.60927
201508082130, 1.68414
201508082140, 1.94575
201508082150, 1.95605
201508082200, 1.86979
201508082210, 1.43967
201508082220, 1.22906
201508082230, 1.0319
201508082240, 0.696615
201508082250, 0.692491
201508082300, 0.737522
201508082310, 0.756185
201508082320, 0.803928
201508082330, 0.662869
201508082340, 0.51671
201508082350, 0.236654
201508090000, 0.153429
201508090010, 0.0100911
201508090020, 0.169054
201508090030, 0.254774
201508090040, 0.382921
201508090050, 0.959418
201508090100, 1.17307
201508090110, 0.877496
201508090120, 0.581055
201508090130, 0.78559
201508090140, 0.961806
201508090150, 1.0332
201508090200, 0.981879
201508090210, 0.450629
201508090220, 1.03429
201508090230, 1.02962
201508090240, 0.844293
201508090250, 0.755425
201508090300, 0.98036
201508090310, 1.26172
201508090320, 1.36849
201508090330, 1.66298
201508090340, 0.893229
201508090350, 0.45714
201508090400, 0.71582
201508090410, 0.182509
201508090420, 0.325412
201508090430, 0.222439
201508090440, 0.367513
201508090450, 0.430881
201508090500, 0.586372
201508090510, 0.10395
201508090520, 0.0869141
201508090530, 0.0206163
201508090540, 0.154188
201508090550, 0.0343967
201508090600, 0.00889757
201508090610, 0.0249566
201508090620, 0.0534939
201508090630, 0.194987
201508090640, 0.170681
201508090650, 0.141059
201508090700, 0.160048
201508090710, 0.548177
201508090720, 0.373589
201508090730, 0.0184462
201508090740, 0.771267
201508090750, 0.384874
201508090800, 0.199978
201508090810, 0.299262
201508090820, 0.0839844
201508090830, 0.000217014
201508090840, 0
201508090850, 0.0078125
201508090900, 0.00282118
201508090910, 0.00292969
201508090920, 0
201508090930, 0.0488281
201508090940, 0.0747613
201508090950, 0.0407986
201508091000, 0.0323351
201508091010, 0.0015191
201508091040, 0.148655
201508091050, 0.00444878
201508091100, 0.0198568
201508091110, 0.0422092
201508091120, 0.113715
201508091130, 0.204102
201508091140, 0.253906
201508091150, 0.634983
201508091200, 0.277669
201508091210, 0.684028
201508091220, 0.0217014
201508091230, 0.850152
201508091240, 0.708008
201508091250, 0.763889
201508091300, 1.36187
201508091310, 1.02159
201508091320, 1.75716
201508091330, 2.08583
201508091340, 1.11122
201508091350, 0.961697
201508091400, 1.21419
201508091410, 0.848633
201508091420, 1.01823
201508091430, 1.09679
201508091440, 0.835069
201508091450, 1.06738
201508091500, 0.913086
201508091510, 1.13694
201508091520, 1.01888
201508091530, 1.04308
201508091540, 1.06348
201508091550, 1.06814
201508091600, 1.05556
201508091610, 1.08279
201508091620, 1.1008
201508091630, 1.23557
201508091640, 1.17914
201508091650, 1.28353
201508091700, 1.36957
201508091710, 0.550022
201508091720, 1.38379
201508091730, 1.31055
201508091740, 1.41222
201508091750, 1.32487
201508091800, 2.20855
201508091810, 1.57086
201508091820, 1.51573
201508091830, 1.42752
201508091840, 1.47949
201508091850, 1.42914
201508091900, 0.990017
201508091910, 1.3954
201508091920, 1.43511
201508091930, 1.37565
201508091940, 1.3623
201508091950, 1.29362
201508092000, 1.25543
201508092010, 1.05284
201508092020, 1.00054
201508092030, 0.982313
201508092040, 1.12815
201508092050, 1.18934
201508092100, 0.855252
201508092110, 1.21842
201508092120, 1.26671
201508092130, 1.36632
201508092140, 1.22168
201508092150, 1.20616
201508092200, 0.842231
201508092210, 1.30035
201508092220, 1.34961
201508092230, 1.1174
201508092240, 1.13509
201508092250, 0.627387
201508092300, 0.611111
201508092310, 1.19933
201508092320, 1.37706
201508092330, 1.21853
201508092340, 1.41395
201508092350, 1.43934
201508100000, 1.35037
201508100010, 1.03841
201508100020, 0.716905
201508100030, 0.875108
201508100040, 1.43034
201508100050, 1.81706
201508100100, 2.77138
201508100110, 3.27105
201508100120, 2.62381
201508100130, 1.85558
201508100140, 1.91851
201508100150, 1.22352
201508100200, 1.21289
201508100210, 1.08583
201508100220, 1.13205
201508100230, 1.02951
201508100240, 1.06261
201508100250, 1.04319
201508100300, 1.10048
201508100310, 1.18533
201508100320, 1.20215
201508100330, 1.08138
201508100340, 1.35059
201508100350, 1.00553
201508100400, 0.618273
201508100410, 0.541233
201508100420, 0.682834
201508100430, 0.742405
201508100440, 0.596029
201508100450, 0.473199
201508100500, 0.600694
201508100510, 0.405599
201508100520, 0.286024
201508100530, 0.32053
201508100540, 0.60395
201508100550, 0.370877
201508100600, 0.45714
201508100610, 0.404839
201508100620, 0.480035
201508100630, 0.495226
201508100640, 0.284614
201508100650, 0.578342
201508100700, 0.604818
201508100710, 0.435438
201508100720, 0.638889
201508100730, 0.529622
201508100740, 0.567817
201508100750, 0.525499
201508100800, 0.537109
201508100810, 0.591363
201508100820, 0.395616
201508100830, 0.263889
201508100840, 0.136393
201508100850, 0.382053
201508100900, 0
201508100910, 0.000542535
201508100920, 0.131402
201508100930, 0.0403646
201508100940, 0.00846354
201508100950, 0.000651042
201508101000, 0.093099
201508101010, 0.0176866
201508101020, 0.00868056
201508101030, 0.366211
201508101040, 0.0887587
201508101050, 0.255208
201508101100, 0.396267
201508101110, 0.00868056
201508101120, 0.912543
201508101130, 0.428602
201508101140, 0.451714
201508101150, 0.998806
201508101200, 0.642036
201508101210, 1.81445
201508101220, 1.72146
201508101230, 2.02593
201508101240, 1.75488
201508101250, 1.53548
201508101300, 1.23589
201508101310, 0.406576
201508101320, 1.42773
201508101330, 1.71419
201508101340, 2.22852
201508101350, 2.12641
201508101400, 2.18522
201508101410, 2.04134
201508101420, 2.03418
201508101430, 2.26931
201508101440, 1.89594
201508101450, 2.10558
201508101500, 2.67708
201508101510, 1.36556
201508101520, 1.2105
201508101530, 1.20041
201508101540, 1.63173
201508101550, 1.63704
201508101600, 1.83724
201508101610, 1.69933
201508101620, 1.95312
201508101630, 1.79134
201508101640, 1.37739
201508101650, 0.794488
201508101700, 0.504015
201508101710, 0.372721
201508101720, 0.27474
201508101730, 0.457791
201508101740, 0.518446
201508101750, 0.459961
201508101800, 0.465386
201508101810, 0.137912
201508101820, 0.233181
201508101830, 0.277995
201508101840, 0.44694
201508101850, 0.62424
201508101900, 0.555881
201508101910, 0.207899
201508101920, 0.451606
201508101930, 0.217448
201508101940, 0.232422
201508101950, 0.0592448
201508102000, 0.054145
201508102010, 0.217665
201508102020, 0.0465495
201508102030, 0.210938
201508102040, 0.137153
201508102050, 0.0642361
201508102100, 0.104818
201508102110, 0.0525174
201508102120, 0.0770399
201508102130, 0.054145
201508102140, 0.164388
201508102150, 0.234375
201508102200, 0.519531
201508102210, 0.643446
201508102220, 0.698568
201508102230, 0.776476
201508102240, 1.0408
201508102250, 1.18652
201508102300, 0.961806
201508102310, 1.40983
201508102320, 0.405816
201508102330, 0.411892
201508102340, 0.559896
201508102350, 0.6148
201508110000, 0.227539
201508110010, 0.0751953
201508110020, 0.191623
201508110030, 0.687826
201508110040, 0.661675
201508110050, 0.429688
201508110100, 0.49924
201508110110, 0.542101
201508110120, 0.254449
201508110130, 0.29503
201508110140, 0.0989583
201508110150, 0.13878
201508110200, 0.139214
201508110210, 0.0813802
201508110220, 0.0424262
201508110230, 0.113607
201508110240, 0.153212
201508110250, 0.0461155
201508110300, 0.0995009
201508110310, 0.207465
201508110320, 0.201714
201508110330, 0.194444
201508110340, 0.269531
201508110350, 0.204536
201508110400, 0.427409
201508110410, 0.0769314
201508110420, 0.108398
201508110430, 0.181098
201508110450, 0.0628255
201508110500, 0.102865
201508110510, 0.123372
201508110520, 0.0835503
201508110540, 0.0424262
201508110550, 0.00260417
201508110600, 0
201508110610, 0.00325521
201508110620, 0.0414497
201508110630, 0.000868056
201508110640, 0.0224609
201508110650, 0
201508110700, 0.0758464
201508110710, 0.0901693
201508110720, 0.0129123
201508110730, 0.0248481
201508110740, 0.360243
201508110750, 0.0845269
201508110800, 0.0838759
201508110810, 0.0934245
201508110820, 0.0721571
201508110830, 0.0417752
201508110840, 0
201508110850, 0.00596788
201508110900, 0.0164931
201508110910, 0.00835503
201508110920, 0.0108507
201508110930, 0.00271267
201508110940, 0.000434028
201508110950, 0.124349
201508111000, 0.00303819
201508111010, 0.0827908
201508111020, 0.129123
201508111030, 0.108398
201508111040, 0.0198568
201508111050, 0.127496
201508111100, 0.169922
201508111110, 0.847439
201508111120, 0.645508
201508111130, 0.483832
201508111140, 0.0793186
201508111150, 0.25293
201508111200, 0.516602
201508111210, 0.0754123
201508111220, 0.28125
201508111230, 0.0415582
201508111240, 0.0523003
201508111250, 0.0256076
201508111300, 0.0942925
201508111310, 0.153971
201508111320, 0.0553385
201508111330, 0.0881076
201508111340, 0.0215929
201508111350, 0.000108507
201508111400, 0.0105252
201508111410, 0.00173611
201508111420, 0.0282118
201508111430, 0.316623
201508111440, 0.370117
201508111450, 0.22309
201508111500, 0.140299
201508111510, 0.0646701
201508111520, 0.219835
201508111530, 0.0325521
201508111540, 0.030599
201508111550, 0.000542535
201508111600, 0.0172526
201508111610, 0.00119358
201508111620, 0
201508111630, 0.177409
201508111640, 0.319553
201508111650, 0.730794
201508111700, 0.626845
201508111710, 1.04308
201508111720, 0.993815
201508111730, 1.63162
201508111740, 1.4043
201508111750, 1.24501
201508111800, 3.02984
201508111810, 2.0918
201508111820, 2.27821
201508111830, 1.26508
201508111840, 1.34939
201508111850, 2.64149
201508111900, 3.80729
201508111910, 2.08735
201508111920, 2.35547
201508111930, 1.76997
201508111940, 2.61035
201508111950, 2.01888
201508112000, 3.46756
201508112010, 1.94249
201508112020, 3.31272
201508112030, 3.34711
201508112040, 3.50293
201508112050, 3.17773
201508112100, 3.40679
201508112110, 2.48752
201508112120, 3.94987
201508112130, 3.13216
201508112140, 2.75738
201508112150, 1.39996
201508112200, 2.10536
201508112210, 2.53016
201508112220, 2.83876
201508112230, 3.17003
201508112240, 4.17925
201508112250, 5.2334
201508112300, 5.68728
201508112310, 4.56565
201508112320, 4.7283
201508112330, 5.25054
201508112340, 5.90332
201508112350, 7.25098
201508120000, 7.01931
201508120010, 6.93468
201508120020, 6.91059
201508120030, 7.34581
201508120040, 6.02203
201508120050, 6.11046
201508120100, 5.4796
201508120110, 4.95475
201508120120, 5.3827
201508120130, 4.70768
201508120140, 3.7105
201508120150, 3.54167
201508120200, 1.71897
201508120210, 2.41287
201508120220, 3.05664
201508120230, 2.16612
201508120240, 2.93414
201508120250, 5.12261
201508120300, 4.75141
201508120310, 4.39453
201508120320, 5.36502
201508120330, 6.35059
201508120340, 4.0829
201508120350, 3.72222
201508120400, 5.23448
201508120410, 4.94217
201508120420, 5.1952
201508120430, 5.89865
201508120440, 5.37663
201508120450, 5.3648
201508120500, 6.20356
201508120510, 6.33431
201508120520, 4.80056
201508120530, 3.77496
201508120540, 6.00076
201508120550, 5.77311
201508120600, 7.28407
201508120610, 8.83767
201508120620, 8.25054
201508120630, 8.4069
201508120640, 8.81706
201508120650, 9.41352
201508120700, 9.77463
201508120710, 10.4914
201508120720, 9.6505
201508120730, 11.375
201508120740, 9.94553
201508120750, 10.7253
201508120800, 9.87901
201508120810, 7.889
201508120820, 8.37261
201508120830, 7.76812
201508120840, 8.94206
201508120850, 8.41721
201508120900, 8.66265
201508120910, 9.20638
201508120920, 8.84245
201508120930, 8.85634
201508120940, 8.97396
201508120950, 8.94325
201508121000, 8.0803
201508121010, 8.15994
201508121020, 8.43967
201508121030, 8.59907
201508121040, 8.19705
201508121050, 7.75174
201508121100, 6.97244
201508121110, 5.73286
201508121120, 5.13596
201508121130, 5.35286
201508121140, 5.95237
201508121150, 4.62858
201508121200, 4.56445
201508121210, 4.37858
201508121220, 4.01291
201508121230, 2.88509
201508121240, 2.15017
201508121250, 2.85286
201508121300, 2.40408
201508121310, 4.16222
201508121320, 4.61654
201508121330, 4.52431
201508121340, 4.76812
201508121350, 5.06369
201508121400, 5.1314
201508121410, 5.15115
201508121420, 5.75499
201508121430, 5.63411
201508121440, 5.33507
201508121450, 5.20801
201508121500, 4.17904
201508121510, 4.03103
201508121520, 2.26085
201508121530, 2.44401
201508121540, 1.95291
201508121550, 1.71701
201508121600, 2.06597
201508121610, 1.92741
201508121620, 1.5523
201508121630, 1.1607
201508121640, 0.916667
201508121650, 0.947157
201508121700, 0.859592
201508121710, 1.36578
201508121720, 1.51508
201508121730, 2.63987
201508121740, 3.27865
201508121750, 3.24295
201508121800, 2.84364
201508121810, 3.03288
201508121820, 2.95432
201508121830, 3.39453
201508121840, 3.17513
201508121850, 2.9209
201508121900, 3.45106
201508121910, 3.82921
201508121920, 3.82205
201508121930, 3.28624
201508121940, 3.06445
201508121950, 2.69835
201508122000, 3.14464
201508122010, 1.91233
201508122020, 2.42936
201508122030, 2.41873
201508122040, 2.59852
201508122050, 2.92155
201508122100, 2.78581
201508122110, 3.47786
201508122120, 3.43077
201508122130, 3.1633
201508122140, 3.38444
201508122150, 4.0268
201508122200, 3.72146
201508122210, 2.10124
201508122220, 3.30501
201508122230, 3.30013
201508122240, 3.28733
201508122250, 3.54362
201508122300, 2.77431
201508122310, 3.29058
201508122320, 2.78863
201508122330, 2.64616
201508122340, 2.24089
201508122350, 2.13748
201508130000, 2.20063
201508130010, 1.49371
201508130020, 1.19792
201508130030, 2.4847
201508130040, 2.53092
201508130050, 1.64833
201508130100, 1.71788
201508130110, 1.62826
201508130120, 2.12684
201508130130, 2
201508130140, 1.66721
201508130150, 1.19933
201508130200, 1.89258
201508130210, 2.11534
201508130220, 1.67025
201508130230, 1.37695
201508130240, 1.63325
201508130250, 1.5255
201508130300, 1.33507
201508130310, 0.884006
201508130320, 0.62066
201508130330, 0.592231
201508130340, 0.87576
201508130350, 1.04015
201508130400, 0.857422
201508130410, 0.655924
201508130420, 1.13032
201508130430, 0.437826
201508130440, 0.338216
201508130450, 0.381293
201508130500, 0.778754
201508130510, 0.683919
201508130520, 1.13553
201508130530, 1.22309
201508130540, 1.14269
201508130550, 0.731988
201508130600, 0.546658
201508130620, 0.25076
201508130630, 0.0910373
201508130640, 0.401801
201508130650, 0.153971
201508130700, 0.241645
201508130710, 0.15549
201508130720, 0.229384
201508130730, 0.0613064
201508130740, 0.221897
201508130750, 0.365777
201508130800, 0.407552
201508130810, 0.317274
201508130820, 0.412218
201508130830, 0.249457
201508130840, 0.259983
201508130850, 0.108724
201508130900, 0.128472
201508130910, 0.26888
201508130920, 0.417209
201508130930, 0.336372
201508130940, 0.220269
201508130950, 0.454427
201508131000, 0.0375434
201508131020, 0.499023
201508131030, 0
201508131040, 0.0521918
201508131050, 0.257378
201508131100, 0.0078125
201508131110, 0
201508131120, 0
201508131130, 0.000434028
201508131140, 0.00401476
201508131150, 0
201508131200, 0.0605469
201508131210, 0.00499132
201508131220, 0.0227865
201508131230, 0.0680339
201508131240, 0.0653212
201508131250, 0.0763889
201508131300, 0.0328776
201508131310, 0.00802951
201508131320, 0.00292969
201508131330, 0.00401476
201508131340, 0.0320095
201508131350, 0.298937
201508131400, 0.205295
201508131410, 0.282444
201508131420, 0.150499
201508131430, 0.0170356
201508131440, 0.162001
201508131450, 0.222005
201508131500, 0.168511
201508131510, 0.0268012
201508131520, 0.484484
201508131530, 0.308268
201508131540, 0.00922309
201508131550, 0.0201823
201508131600, 0.0980903
201508131610, 0.0910373
201508131620, 0.039822
201508131630, 0.124457
201508131640, 0.178168
201508131650, 0.0732422
201508131700, 0.0718316
201508131730, 0
201508131740, 0.0188802
201508131750, 0.176107
201508131820, 0.0161675
201508131830, 0.123915
201508131840, 0.00347222
201508131950, 0.148872
201508132000, 0.0301649
201508132010, 0.0809462
201508132020, 0.00976562
201508132030, 0.0181207
201508132050, 0.0137804
201508132100, 0.0354818
201508132110, 0.0207248
201508132120, 0.00184462
201508132130, 0.0183377
201508132140, 0
201508132150, 0.0224609
201508132200, 0.0523003
201508132210, 0.0113932
201508132220, 0.0630425
201508132230, 0.0360243
201508132240, 0.0527344
201508132250, 0.00173611
201508132300, 0.00607639
201508132310, 0.093316
201508132320, 0.128364
201508132330, 0.086697
201508132340, 0.00857205
201508132350, 0.000325521
201508140000, 0.000434028
201508140010, 0.00260417
201508140030, 0
201508140040, 0.319119
201508140050, 0.166233
201508140100, 0.187391
201508140110, 0.227648
201508140120, 0.0604384
201508140130, 0.00651042
201508140140, 0.00954861
201508140150, 0.0123698
201508140200, 0.0100911
201508140210, 0.00759549
201508140220, 0.00401476
201508140230, 0.00542535
201508140240, 0.00336372
201508140250, 0.00217014
201508140300, 0.00184462
201508140310, 0.00661892
201508140320, 0.00694444
201508140330, 0
201508140350, 0.00401476
201508140400, 0.00531684
201508140410, 0.0339627
201508140430, 0.000217014
201508140440, 0.150065
201508140450, 0.126953
201508140500, 0.0415582
201508140510, 0.0252821
201508140520, 0.141493
201508140530, 0.00835503
201508140540, 0.0173611
201508140550, 0
201508140600, 0.38444
201508140610, 0
201508140620, 0.207357
201508140630, 0.114475
201508140640, 0.0360243
201508140650, 0.00846354
201508140700, 0.00130208
201508140710, 0.0171441
201508140730, 0.0015191
201508140740, 0.000868056
201508140750, 0.0115017
201508140800, 0.00282118
201508140810, 0.0199653
201508140820, 0
201508140830, 0.0173611
201508140840, 0.296224
201508140850, 0.0143229
201508140900, 0.0219184
201508140910, 0.0371094
201508140920, 0.0670573
201508140930, 0.0163845
201508140940, 0.0103082
201508140950, 0.0333116
201508141000, 0.0669488
201508141010, 0.0390625
201508141020, 0.0566406
201508141030, 0.0168186
201508141040, 0.00423177
201508141050, 0.00998264
201508141100, 0
201508141110, 0
201508141120, 0.00911458
201508141130, 0.015842
201508141140, 0.00575087
201508141150, 0.00282118
201508141200, 0.0615234
201508141210, 0.0234375
201508141220, 0.000434028
201508141240, 0.0400391
201508141330, 0.0339627
201508141340, 0.0222439
201508141350, 0.023763
201508141400, 0.0281033
201508141410, 0.0163845
201508141420, 0.00987413
201508141430, 0.0886502
201508141440, 0.122287
201508141450, 0.0492622
201508141500, 0.0236545
201508141510, 0.00575087
201508141520, 0.0287543
201508141530, 0.0302734
201508141710, 0.0269097
201508141730, 0.302843
201508141750, 0.0248481
201508141800, 0.278212
201508141810, 0.302409
201508141820, 0.0818142
201508141830, 0.17513
201508141850, 0.406358
201508141900, 0.015408
201508141910, 0.0435113
201508141920, 0.499349
201508142010, 0.128581
201508142030, 0.301649
201508142040, 0.324219
201508142050, 1.34277
201508142100, 1.19781
201508142110, 1.18446
201508142120, 1.02941
201508142130, 0.283854
201508142140, 0.772461
201508142200, 0.854926
201508142220, 0.625651
201508142320, 0.152886
201508142330, 0.717014
201508142340, 0.201714
201508150120, 0.0964627
201508150140, 0.0326606
201508150220, 0.0253906
201508150320, 0.00965712
201508150420, 0.000868056
201508150430, 0.00108507
201508150440, 0.000217014
201508150510, 0.0454644
201508150640, 0.166124
201508150650, 0.222222
201508150700, 0.832899
201508150710, 1.16927
201508150720, 0.893012
201508150730, 1.20486
201508150740, 0.614583
201508150750, 0.64388
201508150800, 0.773112
201508150810, 0.839518
201508150920, 0.00141059
201508150930, 0
201508150940, 0
201508150950, 0.00173611
201508151000, 0.0171441
201508151010, 0.142904
201508151020, 0.0670573
201508151030, 0.206163
201508151040, 0.00325521
201508151050, 0.210938
201508151100, 0.648438
201508151110, 0.905599
201508151120, 0.977648
201508151130, 1.17524
201508151140, 0.818468
201508151150, 1.26931
201508151200, 1.273
201508151210, 1.89562
201508151220, 1.68294
201508151230, 1.5536
201508151240, 0.82921
201508151250, 0.597114
201508151300, 0.759549
201508151310, 0.767253
201508151320, 0.579319
201508151330, 0.618924
201508151340, 0.529839
201508151350, 0.370877
201508151400, 0.454753
201508151410, 0.475152
201508151420, 0.513889
201508151430, 0.362305
201508151440, 0.365777
201508151450, 0.269965
201508151500, 0.292535
201508151510, 0.17806
201508151520, 0.0771484
201508151530, 0.150933
201508151540, 0.0477431
201508151550, 0.0324436
201508151600, 0.0183377
201508151610, 0.207574
201508151620, 0.196723
201508151630, 0.0349392
201508151640, 0.0668403
201508151650, 0.0206163
201508151700, 0.163954
201508151710, 0.202365
201508151720, 0.0801866
201508151730, 0.164931
201508151740, 0.0499132
201508151750, 0.154622
201508151800, 0.540148
201508151810, 0.467014
201508151820, 0.290256
201508151830, 0.458116
201508151840, 0.149414
201508151850, 0.0421007
201508151900, 0.0193142
201508151910, 0.0483941
201508151920, 0.158529
201508151930, 0.0482856
201508151940, 0.00444878
201508151950, 0.0683594
201508152000, 0.0745443
201508152010, 0.0211589
201508152020, 0.0031467
201508152030, 0.000217014
201508152040, 0.061849
201508152050, 0.00954861
201508152100, 0.0374349
201508152110, 0.0128038
201508152120, 0.0366753
201508152130, 0.107313
201508152140, 0.0844184
201508152150, 0.0789931
201508152200, 0.0964627
201508152210, 0.130859
201508152220, 0.0910373
201508152230, 0.0863715
201508152240, 0.0738932
201508152250, 0.148763
201508152300, 0.00998264
201508152310, 0.0717231
201508152320, 0.0698785
201508152330, 0.0461155
201508152340, 0.0477431
201508152350, 0.0208333
201508160000, 0.0173611
201508160010, 0.0381944
201508160020, 0.293294
201508160030, 0.726671
201508160040, 0.759223
201508160050, 1.66385
201508160100, 1.15365
201508160110, 2.64779
201508160120, 2.76042
201508160130, 1.75336
201508160140, 2.10102
201508160150, 1.38976
201508160200, 0.947917
201508160210, 0.722873
201508160220, 1.48763
201508160230, 2.5013
201508160240, 1.99034
201508160250, 1.51595
201508160300, 1.82943
201508160310, 1.13845
201508160320, 1.33355
201508160330, 2.09625
201508160340, 1.94672
201508160350, 2.08496
201508160400, 1.6225
201508160410, 2.66048
201508160420, 1.74403
201508160430, 1.09733
201508160440, 1.09939
201508160450, 1.76378
201508160500, 2.09863
201508160510, 1.09581
201508160520, 2.22255
201508160530, 1.80111
201508160540, 2.40951
201508160550, 0.41786
201508160600, 0.645942
201508160610, 0.394748
201508160620, 0.0170356
201508160630, 0.404405
201508160640, 0.957574
201508160650, 0.388672
201508160700, 0.0814887
201508160710, 0.31543
201508160720, 0.136176
201508160730, 0.185655
201508160740, 0.126628
201508160750, 0.186089
201508160800, 0.106011
201508160810, 0.11122
201508160820, 0.781901
201508160830, 0.0974392
201508160840, 0.0225694
201508160850, 0.0259332
201508160900, 0.0773655
201508160910, 0.186306
201508160920, 0.525391
201508160930, 0.062066
201508160940, 0.0985243
201508160950, 0.188585
201508161000, 0.0968967
201508161010, 0.0227865
201508161020, 0.0913628
201508161030, 0.246311
201508161040, 0.109484
201508161050, 0.0686849
201508161100, 0.0761719
201508161110, 0.215712
201508161120, 0.0926649
201508161130, 0.00141059
201508161140, 0.00965712
201508161150, 0.00173611
201508161200, 0.0094401
201508161210, 0.00260417
201508161220, 0.000651042
201508161230, 0.0197483
201508161240, 0.00368924
201508161250, 0.0346137
201508161300, 0.00130208
201508161310, 0.0106337
201508161320, 0.0258247
201508161330, 0.842773
201508161340, 0.67513
201508161350, 0.015408
201508161400, 0.0925564
201508161410, 0
201508161420, 0.914497
201508161430, 0.103407
201508161440, 0.438911
201508161450, 0.230686
201508161500, 0.804688
201508161510, 0.224284
201508161520, 0.0427517
201508161530, 0.00911458
201508161540, 0.739692
201508161550, 0.198459
201508161600, 0.510742
201508161610, 0.0180122
201508161620, 0.463108
201508161630, 0.49273
201508161640, 0.16059
201508161650, 0.00184462
201508161700, 0.133355
201508161710, 0.41276
201508161720, 0.000759549
201508161730, 0.0528429
201508161740, 0.00998264
201508161750, 0.634983
201508161800, 0.108507
201508161810, 0.0813802
201508161820, 0.220269
201508161830, 0.548503
201508161840, 0.363932
201508161850, 0.116645
201508161900, 0.0117188
201508161910, 0.0682509
201508161920, 0.0479601
201508161930, 0.326823
201508161940, 0.332682
201508161950, 0.12576
201508162000, 0.00119358
201508162010, 0.000868056
201508162020, 0.1148
201508162030, 0.000217014
201508162040, 0
201508162050, 0.00423177
201508162100, 0.0110677
201508162110, 0
201508162120, 0.0182292
201508162130, 0.000759549
201508162140, 0.000217014
201508162150, 0
201508162200, 0.00835503
201508162210, 0
201508162220, 0
201508162230, 0.00292969
201508162240, 0.00336372
201508162250, 0.00813802
201508162300, 0.00282118
201508162310, 0.00195312
201508162320, 0
201508162330, 0
201508162340, 0.0315755
201508162350, 0
201508170000, 0.0128038
201508170010, 0.00249566
201508170020, 0.00759549
201508170030, 0.00412326
201508170040, 0.00119358
201508170050, 0.00184462
201508170100, 0
201508170110, 0.00509983
201508170120, 0.0117188
201508170130, 0.0372179
201508170140, 0.0313585
201508170150, 0.0126953
201508170200, 0.00434028
201508170210, 0.0518663
201508170220, 0.00336372
201508170230, 0.0518663
201508170240, 0.00282118
201508170250, 0.0224609
201508170300, 0.000434028
201508170310, 0.00217014
201508170320, 0.00694444
201508170330, 0
201508170340, 0.282878
201508170350, 0.0116102
201508170400, 0.00705295
201508170410, 0.000108507
201508170420, 0
201508170430, 0.000976562
201508170440, 0
201508170450, 0.170464
201508170500, 0.000217014
201508170510, 0.000434028
201508170520, 0.00564236
201508170530, 0.0223524
201508170540, 0.0184462
201508170550, 0.000651042
201508170600, 0.0287543
201508170610, 0.000868056
201508170620, 0.000542535
201508170630, 0.00553385
201508170640, 0.0046658
201508170650, 0.000542535
201508170700, 0.0131293
201508170710, 0.0190972
201508170720, 0.00184462
201508170730, 0.0910373
201508170740, 0.0144314
201508170750, 0.00108507
201508170800, 0.0463325
201508170810, 0.00347222
201508170820, 0.0282118
201508170830, 0.00857205
201508170840, 0.0234375
201508170850, 0.0189887
201508170900, 0.0672743
201508170910, 0.0321181
201508170920, 0.015191
201508170930, 0.0384115
201508170940, 0.0506727
201508170950, 0.0299479
201508171000, 0.00282118
201508171010, 0
201508171020, 0.0491536
201508171030, 0.000434028
201508171040, 0.00271267
201508171050, 0.0209418
201508171100, 0.00401476
201508171110, 0.0187717
201508171120, 0.015625
201508171130, 0.0499132
201508171140, 0.0320095
201508171150, 0.00705295
201508171200, 0.00509983
201508171210, 0.0100911
201508171220, 0.0172526
201508171230, 0.00531684
201508171240, 0
201508171250, 0.000976562
201508171300, 0.000759549
201508171310, 0.0152995
201508171320, 0.0015191
201508171330, 0.00390625
201508171340, 0.0147569
201508171350, 0.00857205
201508171400, 0.00802951
201508171410, 0.0248481
201508171420, 0.00238715
201508171430, 0.00705295
201508171440, 0.00238715
201508171450, 0.00477431
201508171500, 0.00748698
201508171510, 0.00672743
201508171520, 0.00379774
201508171530, 0.00585938
201508171540, 0.00748698
201508171550, 0.0534939
201508171600, 0.00509983
201508171610, 0
201508171620, 0.0232205
201508171630, 0.0126953
201508171640, 0.0171441
201508171650, 0.00358073
201508171700, 0.00282118
201508171710, 0.00217014
201508171720, 0.00227865
201508171730, 0.00217014
201508171740, 0.00672743
201508171750, 0.00108507
201508171800, 0.000217014
201508171810, 0
201508171820, 0.0253906
201508171830, 0.0729167
201508171840, 0.0524089
201508171850, 0.00542535
201508171900, 0.0031467
201508171910, 0.00108507
201508171920, 0.000108507
201508171930, 0.0260417
201508171940, 0.00206163
201508171950, 0
201508172000, 0.00661892
201508172010, 0
201508172020, 0.039388
201508172030, 0.0341797
201508172040, 0.00889757
201508172050, 0.00227865
201508172100, 0.00640191
201508172110, 0.022678
201508172120, 0.0147569
201508172130, 0.0608724
201508172140, 0.000108507
201508172150, 0.0946181
201508172200, 0.00651042
201508172210, 0.0957031
201508172220, 0.000108507
201508172230, 0
201508172240, 0.00119358
201508172250, 0.0951606
201508172300, 0.0574002
201508172310, 0.403429
201508172320, 0.0709635
201508172330, 0
201508172340, 0.00130208
201508172350, 0
201508180000, 0.2602
201508180010, 0.44401
201508180020, 0.385959
201508180030, 0.700087
201508180040, 0.00813802
201508180050, 0.0182292
201508180100, 0.125543
201508180110, 0.0350477
201508180120, 1.22439
201508180130, 0.000542535
201508180140, 0.0529514
201508180150, 0.0421007
201508180200, 0.0571832
201508180210, 0.00976562
201508180220, 0.221354
201508180230, 0.0528429
201508180240, 0.321072
201508180250, 0.175239
201508180300, 1.57335
201508180310, 0.401584
201508180320, 0.327148
201508180330, 1.97613
201508180340, 0.881402
201508180350, 1.26834
201508180400, 1.64334
201508180410, 2.4401
201508180420, 2.99099
201508180430, 3.59429
201508180440, 3.68859
201508180450, 3.51356
201508180500, 3.81033
201508180510, 3.75846
201508180520, 4.486
201508180530, 3.8138
201508180540, 4.54102
201508180550, 5.19792
201508180600, 5.71571
201508180610, 5.76183
201508180620, 5.35135
201508180630, 7.17828
201508180640, 6.01421
201508180650, 5.28353
201508180700, 4.85276
201508180710, 5.2768
201508180720, 7.78049
201508180730, 7.62467
201508180740, 7.72125
201508180750, 6.42307
201508180800, 8.55935
201508180810, 7.91428
201508180820, 8.59147
201508180830, 9.05165
201508180840, 7.88118
201508180850, 7.23275
201508180900, 6.47808
201508180910, 5.02029
201508180920, 6.13194
201508180930, 6.96007
201508180940, 6.37728
201508180950, 6.13997
201508181000, 6.89334
201508181010, 5.93457
201508181020, 5.26541
201508181030, 5.71408
201508181040, 5.55501
201508181050, 5.4796
201508181100, 4.42133
201508181110, 4.61979
201508181120, 4.49816
201508181130, 5.25814
201508181140, 4.66395
201508181150, 5.06662
201508181200, 4.75944
201508181210, 4.97993
201508181220, 5.23177
201508181230, 4.76519
201508181240, 0.547526
201508181250, 4.28906
201508181300, 2.46213
201508241750, 0.774848
201508241810, 0.720595
201508241820, 1.17828
201508241830, 1.08963
201508241920, 0.991102
201508241930, 0.914497
201508241940, 1.03385
201508241950, 1.07563
201508242000, 1.01248
201508242010, 0.965603
201508242020, 0.556424
201508242030, 0.962674
201508242040, 1.00987
201508242050, 0.804362
201508242100, 1.04036
201508242110, 0.910916
201508242120, 1.00076
201508242130, 0.867947
201508242140, 1.31467
201508242150, 1.31673
201508242200, 1.35319
201508242210, 1.33648
201508242220, 0.400282
201508242230, 0.94694
201508242240, 0.955621
201508242250, 0.85829
201508242300, 0.585069
201508242310, 0.90332
201508242320, 0.593967
201508242330, 0.693251
201508242340, 0.451714
201508242350, 0.0193142
201508250000, 0.230794
201508250010, 0.370877
201508250020, 0.0119358
201508250030, 0.00998264
201508250040, 0.047092
201508250050, 0.400933
201508250100, 0.412326
201508250110, 0.00922309
201508250120, 0.546441
201508250130, 0.929036
201508250140, 0.160048
201508250150, 0.248806
201508250200, 2.08192
201508250210, 1.35601
201508250220, 0.404839
201508250230, 0.480252
201508250240, 0.741862
201508250250, 1.1097
201508250300, 1.81825
201508250310, 1.3941
201508250320, 0.406033
201508250330, 0.39464
201508250340, 0.599284
201508250350, 0.335829
201508250400, 0.576931
201508250410, 0.628255
201508250420, 0.0438368
201508250430, 0.849718
201508250440, 0.852322
201508250450, 0.475803
201508250500, 0.891602
201508250510, 0.822374
201508250520, 0.472222
201508250530, 0.295898
201508250540, 0.172418
201508250550, 0.343316
201508250600, 0.392361
201508250610, 0.338325
201508250620, 0.48622
201508250630, 0.0707465
201508250640, 0.198676
201508250650, 0.0951606
201508250700, 0.166233
201508250710, 0.178602
201508250720, 0.000759549
201508250730, 0.174045
201508250740, 0.0258247
201508250750, 0.295898
201508250800, 0.361762
201508250810, 0.190213
201508250820, 0.474284
201508250830, 0.326389
201508250840, 0.0656467
201508250850, 0.232205
201508250900, 0.0251736
201508250910, 0.000759549
201508250920, 0.376736
201508250930, 0.133681
201508250940, 0.35178
201508250950, 1.14106
201508251000, 0.766276
201508251010, 0.00770399
201508251020, 0.148112
201508251030, 0.0485026
201508251040, 0.00987413
201508251050, 0.0488281
201508251100, 0.0366753
201508251110, 0.0271267
201508251120, 0.0602214
201508251130, 0.0859375
201508251140, 0.00119358
201508251150, 0.0465495
201508251200, 0.0142144
201508251210, 0.000434028
201508251220, 0.166016
201508251230, 0.00976562
201508251240, 0.0474175
201508251250, 0.0104167
201508251300, 0.000868056
201508251320, 0
201508251330, 0.000759549
201508251340, 0.0109592
201508251410, 0.0291884
201508251420, 0.00271267
201508251510, 0.0869141
201508251520, 0.0555556
201508251530, 0.0457899
201508251540, 0.122287
201508251610, 0.542643
201508251620, 0.225803
201508251630, 0.104492
201508251640, 0.000108507
201508251650, 0.00282118
201508251700, 0.135634
201508251710, 0.146701
201508251730, 0.396267
201508252210, 0.00900608
201508252220, 0.0031467
201508252230, 0.0363498
201508252240, 0.0251736
201508252250, 0.00911458
201508252300, 0.206163
201508252310, 0.0282118
201508252320, 0.193685
201508252330, 0.212348
201508252340, 0.00889757
201508252350, 0.00868056
201508260000, 0.000651042
201508260010, 0.296224
201508260020, 0.0164931
201508260030, 0.101345
201508260040, 0.1148
201508260050, 0.0298394
201508260100, 0.00954861
201508260110, 0.022895
201508260120, 0.239583
201508260130, 0.134983
201508260140, 0.0668403
201508260150, 0.0507812
201508260200, 0.046224
201508260210, 0.0317925
201508260220, 0.415039
201508260240, 0.369141
201508260250, 0.0170356
201508260300, 0.00596788
201508260320, 0.0016276
201508260330, 0.115668
201508260340, 0.0467665
201508260350, 0.474501
201508260400, 0.0527344
201508260410, 0.122179
201508260420, 0.0496962
201508260430, 0.26964
201508260440, 0.167101
201508260450, 0.0565321
201508260510, 0.0985243
201508260520, 0.0835503
201508260530, 0.0179036
201508260540, 0.0205078
201508260550, 0.142904
201508260600, 0.0569661
201508260620, 0.0377604
201508260630, 0.385742
201508260640, 0.551866
201508260650, 0.304688
201508260700, 0.612196
201508260720, 0.160265
201508260730, 0.294922
201508260750, 0.111003
201508260800, 0.0668403
201508260810, 0.128581
201508260820, 0.203451
201508260830, 0.12066
201508260840, 0.23622
201508260850, 0.314887
201508260900, 0.299154
201508260910, 0.326389
201508260920, 0.183594
201508260930, 0.173394
201508260940, 0.209201
201508260950, 0.0728082
201508261000, 0.174371
201508261010, 0.0588108
201508261020, 0.258898
201508261030, 0.023329
201508261040, 0.000217014
201508261050, 0.275174
201508261100, 0.200955
201508261110, 0.275499
201508261120, 0.219727
201508261130, 0.331923
201508261140, 0.357964
201508261150, 0.204427
201508261200, 0.438477
201508262140, 0.375868
201508262150, 0.0489366
201508262200, 0.571181
201508262210, 0.207465
201508262220, 0.553277
201508262230, 0.116862
201508262240, 0.172092
201508262250, 0.0998264
201508262300, 0.132704
201508262310, 0.0800781
201508262320, 0.0296224
201508262330, 0.208008
201508262340, 0.0877821
201508262350, 0.00792101
201508270000, 0.030816
201508270010, 0.024197
201508270020, 0.0121528
201508270030, 0.211046
201508270040, 0.391168
201508270050, 0.292535
201508270100, 0.459635
201508270110, 0.56543
201508270120, 0.530707
201508270130, 0.41135
201508270140, 0.562826
201508270150, 0.971463
201508270200, 0.699653
201508270220, 0.256944
201508270230, 0.0499132
201508270240, 0.20204
201508270250, 0.713433
201508270300, 0.698134
201508270310, 0.756402
201508270320, 0.52181
201508270330, 0.474392
201508270340, 0.736437
201508270350, 1.33247
201508270400, 1.07932
201508270410, 0.341471
201508270420, 1.12326
201508270430, 1.45909
201508270440, 1.35417
201508270450, 0.918403
201508270500, 0.676432
201508270510, 0.801649
201508270520, 0.388672
201508270530, 0.860569
201508270540, 0.783637
201508270550, 1.08724
201508270600, 0.714084
201508270610, 0.75803
201508270620, 0.813151
201508270630, 0.484809
201508270640, 0.677192
201508270650, 0.717231
201508270700, 0.637153
201508270710, 0.748264
201508270720, 0.638672
201508270730, 0.190755
201508270740, 0.429253
201508270750, 0.145291
201508270800, 0.159071
201508270810, 0.0168186
201508270820, 0.61122
201508270830, 0.177517
201508270840, 0.258898
201508270850, 0.368815
201508270900, 0.361871
201508270910, 0.375868
201508270920, 0.00108507
201508270930, 0.240126
201508270940, 0.0122613
201508270950, 0.0909288
201508271000, 0.163954
201508271010, 0.111871
201508271020, 0.114258
201508271030, 0.0810547
201508271040, 0.164605
201508271050, 0.141168
201508271100, 0.047526
201508271110, 0.317383
201508271120, 0.0016276
201508271130, 0.000108507
201508271140, 0
201508271150, 0.0313585
201508271200, 0
201508272150, 0.147461
201508272200, 0.0115017
201508272210, 0.0152995
201508272220, 0.217122
201508272230, 0.0409071
201508272240, 0.109375
201508272250, 0.205187
201508272300, 0.122396
201508272310, 0.104275
201508272320, 0.0360243
201508272330, 0.0264757
201508272340, 0.00423177
201508272350, 0.000434028
201508280000, 0.119141
201508280010, 0
201508280020, 0.0532769
201508280030, 0.132921
201508280040, 0.812174
201508280050, 0.831272
201508280100, 2.52875
201508280110, 1.77648
201508280120, 2.58529
201508280130, 3.74566
201508280140, 4.52875
201508280150, 4.47624
201508280200, 4.79416
201508280210, 5.53016
201508280220, 5.29329
201508280230, 5.38856
201508280240, 4.28852
201508280250, 4.1722
201508280300, 4.46072
201508280310, 4.34711
201508280320, 4.10124
201508280330, 4.27734
201508280340, 3.54199
201508280350, 2.95671
201508280400, 2.71864
201508280410, 2.34939
201508280420, 2.35102
201508280430, 2.20725
201508280440, 1.17405
201508280450, 1.38097
201508280500, 2.16667
201508280510, 1.36686
201508280520, 2.02561
201508280530, 1.76628
201508280540, 1.4145
201508280550, 1.51606
201508280600, 1.67426
201508280610, 1.16417
201508280620, 0.795356
201508280630, 1.39149
201508280640, 2.12044
201508280650, 2.19987
201508280700, 1.41547
201508280710, 1.13433
201508280720, 1.80035
201508280730, 1.55545
201508280740, 1.16309
201508280750, 0.94477
201508280800, 0.283963
201508280810, 1.25803
201508280820, 0.874349
201508280830, 0.595486
201508280840, 0.350694
201508280850, 0.0175781
201508280900, 0.046875
201508280910, 0.110569
201508280920, 0.0119358
201508280930, 0.0116102
201508280940, 0.119683
201508280950, 0.0296224
201508281000, 0.0078125
201508281010, 0.0015191
201508281020, 0.069987
201508281030, 0.165799
201508281040, 0.0321181
201508281050, 0.00217014
201508281100, 0.023112
201508281110, 0
201508281120, 0.000325521
201508281130, 0
201508281140, 0.00130208
201508281150, 0.00206163
201508281200, 0.0015191
201508281640, 1.09288
201508281650, 0.614366
201508281700, 1.04926
201508281710, 0.120334
201508281720, 0.0159505
201508281730, 0.172418
201508281740, 0.194336
201508282110, 1.26356
201508282120, 0.113173
201508282130, 0.986654
201508282140, 0.568576
201508282150, 0.015625
201508282200, 0.212891
201508282210, 1.45725
201508282220, 0.784288
201508282230, 0.49056
201508282240, 1.25792
201508282250, 1.71636
201508282300, 0.850803
201508282310, 0.929796
201508282320, 0.349175
201508282330, 0.024197
201508282340, 0.899306
201508282350, 0.864692
201508290000, 0.215169
201508290010, 1.20671
201508290020, 0.0270182
201508290030, 0.831814
201508290040, 1.12218
201508290050, 1.0013
201508290100, 0.181424
201508290110, 0.24783
201508290120, 0
201508290130, 0.086046
201508290140, 1.02908
201508290150, 1.24403
201508290200, 0.0210503
201508290210, 0
201508290220, 1.29156
201508290230, 0.379991
201508290240, 0.023112
201508290250, 0.000759549
201508290300, 0.00347222
201508290310, 0.676107
201508290320, 0.249132
201508290330, 0.412652
201508290340, 0.89898
201508290350, 0.452691
201508290400, 0.00477431
201508290410, 0.00249566
201508290420, 0.576497
201508290430, 0.046224
201508290440, 0.0016276
201508290450, 0.306098
201508290500, 0
201508290510, 0.00477431
201508290520, 0.000976562
201508290530, 0.062934
201508290540, 0.120985
201508290550, 0.0199653
201508290600, 0.000868056
201508290610, 0.0968967
201508290620, 0.00759549
201508290630, 0.00412326
201508290640, 0
201508290650, 0.0457899
201508290700, 0.00922309
201508290710, 0.00119358
201508290720, 0.00271267
201508290730, 0.000108507
201508290740, 0.000542535
201508290750, 0
201508290800, 0.0110677
201508290810, 0.0061849
201508290820, 0.0407986
201508290830, 0.00726997
201508290840, 0.0249566
201508290850, 0.00878906
201508290900, 0.0218099
201508290910, 0.00444878
201508290920, 0.000651042
201508290930, 0
201508290940, 0.00119358
201508290950, 0.000651042
201508291000, 0.000108507
201508291010, 0.000434028
201508291020, 0.0148655
201508291030, 0.000651042
201508291040, 0.00173611
201508291050, 0.0169271
201508291100, 0.0251736
201508291120, 0.0015191
201508291130, 0.0078125
201508291140, 0.00303819
201508291150, 0.953559
201508292050, 0.0215929
201508292100, 0.157444
201508292110, 0.0425347
201508292120, 0.652452
201508292130, 0.000434028
201508292140, 0.411241
201508292150, 0.208876
201508292200, 0.015191
201508292210, 0.000651042
201508292220, 0.122287
201508292230, 0
201508292240, 0.260851
201508292250, 0
201508292300, 0.372287
201508292310, 0.226345
201508292320, 0.121636
201508292330, 0.275825
201508292340, 0.221246
201508292350, 0.485894
201508300000, 0.147895
201508300010, 0.223307
201508300020, 0.0520833
201508300030, 0.158854
201508300040, 0.518338
201508300050, 0.309136
201508300100, 0.339844
201508300110, 0.222439
201508300120, 0.186523
201508300130, 0.130208
201508300140, 0.107964
201508300150, 0.162652
201508300200, 0.00889757
201508300210, 0.0192057
201508300220, 0.00998264
201508300230, 0.093316
201508300240, 0.0380859
201508300250, 0.274089
201508300300, 0.181858
201508300310, 0.0236545
201508300320, 0.00336372
201508300330, 0.0540365
201508300340, 0.0451389
201508300350, 0.00499132
201508300400, 0.0194227
201508300410, 0.0248481
201508300420, 0.00531684
201508300430, 0.179796
201508300440, 0.107205
201508300450, 0.00488281
201508300500, 0.00672743
201508300510, 0.00542535
201508300520, 0.127821
201508300530, 0.0309245
201508300540, 0.0362413
201508300550, 0.00282118
201508300600, 0.150825
201508300610, 0
201508300620, 0.150716
201508300630, 0.130968
201508300640, 0.607313
201508300650, 0.43457
201508300700, 0
201508300710, 0.312826
201508300720, 0.225477
201508300730, 0.647678
201508300740, 0.480469
201508300750, 0.196506
201508300800, 0.830838
201508300810, 0.592448
201508300820, 0.751085
201508300830, 0.394423
201508300840, 0.00379774
201508300850, 0.186523
201508300900, 0.181098
201508300910, 0.00509983
201508300920, 0.48036
201508300930, 0.342448
201508300940, 0.0662977
201508300950, 0.0346137
201508301000, 0.0617405
201508301010, 0.174154
201508301020, 0.963325
201508301030, 1.06868
201508301040, 0.684353
201508301050, 0.594618
201508301100, 0.695964
201508301110, 0.819878
201508301130, 0.152669
201508301140, 0.879232
201508301150, 0.392361
201508301200, 0.0700955
201508301220, 0.338542
201508301230, 0.459093
201508301240, 0.238173
201508301250, 0.179036
201508301300, 0.00596788
201508301310, 0.000325521
201508301320, 0
201508301330, 0
201508301340, 0.000108507
201508301350, 0.0685764
201508301400, 0.253038
201508301410, 0.214627
201508301420, 0.18533
201508301430, 0.121202
201508301440, 0.10178
201508301450, 0.102648
201508301500, 0.142361
201508301510, 0.156033
201508301520, 0.0947266
201508301530, 0.0920139
201508301540, 0.0729167
201508301550, 0.0285373
201508301600, 0.000651042
201508301610, 0
201508301620, 0.00368924
201508301630, 0.0111762
201508301640, 0.00726997
201508301650, 0.00683594
201508301700, 0.00553385
201508301710, 0.22092
201508301720, 0.069553
201508301730, 0.000651042
201508301740, 0.03852
201508301750, 0.070638
201508301800, 0.0256076
201508301810, 0.0143229
201508301820, 0.0126953
201508301830, 0.00889757
201508301840, 0.0244141
201508301850, 0.00954861
201508301900, 0.0340712
201508301910, 0.00770399
201508301920, 0.0120443
201508301930, 0.0108507
201508301940, 0.0134549
201508301950, 0.00911458
201508302000, 0.00976562
201508302010, 0.0129123
201508302020, 0.0146484
201508302030, 0.00922309
201508302040, 0.0122613
201508302050, 0.0108507
201508302100, 0.0172526
201508302110, 0.174588
201508302120, 0.502062
201508302130, 0.000868056
201508302140, 0.000651042
201508302150, 0.000542535
201508302200, 0
201508302210, 0
201508302220, 0.0303819
201508302230, 0.000217014
201508302240, 0.000108507
201508302250, 0.000108507
201508302300, 0
201508302310, 0
201508302320, 0.000325521
201508302330, 0.000325521
201508302340, 0.00206163
201508302350, 0.00564236
201508310000, 0.0093316
201508310010, 0.00694444
201508310020, 0.00759549
201508310030, 0.0325521
201508310040, 0.0193142
201508310050, 0.0250651
201508310100, 0.0555556
201508310110, 0.0968967
201508310120, 0.174262
201508310130, 0.164062
201508310140, 0.0989583
201508310150, 0.222765
201508310200, 0.205729
201508310210, 0.0106337
201508310220, 0.0031467
201508310230, 0.000325521
201508310240, 0.00336372
201508310250, 0.0392795
201508310300, 0.000217014
201508310310, 0.0109592
201508310320, 0
201508310340, 0
201508310350, 0.000868056
201508310400, 0
201508310410, 0.00488281
201508310420, 0.00325521
201508310430, 0.00412326
201508310440, 0.00119358
201508310450, 0.00260417
201508310500, 0.0138889
201508310510, 0.0031467
201508310520, 0.00640191
201508310530, 0.00412326
201508310540, 0.00564236
201508310550, 0.00683594
201508310600, 0.00434028
201508310610, 0.00303819
201508310620, 0.00564236
201508310630, 0.00423177
201508310640, 0.0016276
201508310650, 0.0442708
201508310700, 0.00477431
201508310710, 0.00390625
201508310720, 0.00141059
201508310730, 0.00282118
201508310740, 0.0232205
201508310750, 0
201508310800, 0.146484
201508310810, 0.144097
201508310820, 0.000434028
201508310830, 0.0146484
201508310840, 0.00292969
201508310850, 0.125
201508310910, 0.000325521
201508310920, 0.00249566
201508310930, 0.00434028
201508310940, 0.016276
201508310950, 0.00347222
201508311000, 0.00217014
201508311010, 0.00531684
201508311020, 0.0404731
201508311030, 0.00553385
201508311040, 0.00564236
201508311050, 0.000976562
201508311100, 0.0145399
201508311110, 0
201508311130, 0.0157335
201508311140, 0
201508311200, 0.00238715
201508311210, 0
201508311220, 0
201508311230, 0
201508311240, 0
201508311250, 0.00249566
201508311300, 0.000108507
201508311310, 0.0611979
201508311340, 0.00141059
201508311350, 0.00911458
201508311400, 0.00564236
201508311410, 0.0495877
201508311420, 0.000759549
201508311430, 0.000434028
201508311440, 0.0164931
201508311450, 0.00358073
201508311500, 0.0276693
201508311510, 0
201508311520, 0.0996094
201508311530, 0.0062934
201508311540, 0.00206163
201508311550, 0.0947266
201508311600, 0.119466
201508311610, 0.00824653
201508311620, 0.254449
201508311630, 0.298286
201508311640, 0.495985
201508311650, 0.0431858
201508311700, 0.0647786
201508311710, 0.731988
201508311720, 0.268012
201508311730, 0.00792101
201508311740, 0.0210503
201508311750, 0.0341797
201508311800, 0.0381944
201508311810, 0.00271267
201508311820, 0.32053
201508311830, 0.106879
201508311840, 0.0062934
201508311850, 0.166016
201508311900, 0.0570747
201508311910, 0.0985243
201508311920, 0.288845
201508311930, 0.21365
201508311940, 0.209635
201508311950, 0.193576
201508312000, 0.0582682
201508312010, 0.00325521
201508312020, 0.0348307
201508312030, 0.0342882
201508312040, 0.0831163
201508312050, 0.00585938
201508312100, 0.819336
201508312110, 0.935004
201508312120, 0.832465
201508312130, 1.97233
201508312140, 0.0903863
201508312150, 0
201508312200, 0.357205
201508312210, 0.498481
201508312220, 1.07498
201508312230, 1.29861
201508312240, 0.233832
201508312250, 0.432943
201508312300, 0.84082
201508312310, 0.82411
201508312320, 0.313585
201508312330, 0.1926
201508312340, 0.301215
201508312350, 0.542535
