201406010000, 0.0222439
201406010010, 0.0590278
201406010020, 0.0172526
201406010030, 0.023763
201406010040, 0.0761719
201406010050, 0.102105
201406010100, 0.0735677
201406010110, 0.477648
201406010120, 0.406141
201406010130, 0.87934
201406010140, 1.03874
201406010150, 0.751736
201406010200, 1.02062
201406010210, 0.809787
201406010220, 0.302192
201406010230, 0.272895
201406010240, 0.468424
201406010250, 0.36697
201406010300, 0.789279
201406010310, 0.706272
201406010320, 1.34125
201406010330, 1.45182
201406010340, 1.86589
201406010350, 1.73112
201406010400, 2.34939
201406010410, 2.14724
201406010420, 2.74805
201406010430, 1.47656
201406010440, 2.50109
201406010450, 2.43511
201406010500, 1.67405
201406010510, 2.02832
201406010520, 2.04449
201406010530, 1.97993
201406010540, 2.10612
201406010550, 2.72038
201406010600, 1.57259
201406010610, 2.13878
201406010620, 1.92914
201406010630, 1.46723
201406010640, 1.50141
201406010650, 1.61513
201406010700, 2.13856
201406010710, 1.61968
201406010720, 1.64225
201406010730, 1.38064
201406010740, 0.0641276
201406010750, 0.0129123
201406010800, 0.000217014
201406010810, 0.121636
201406010820, 0.129123
201406010830, 0
201406010840, 0
201406010850, 0
201406010900, 0.00759549
201406010910, 0.00325521
201406010920, 0
201406010930, 0
201406010940, 0
201406010950, 0.000542535
201406011000, 0.000108507
201406011010, 0.00282118
201406011020, 0
201406011030, 0.0186632
201406011040, 0
201406011050, 0.000108507
201406011100, 0.00412326
201406011110, 0.00455729
201406011130, 0
201406011140, 0.0187717
201406011150, 0.00217014
201406011200, 0.00564236
201406011210, 0
201406011220, 0.0146484
201406011230, 0.000976562
201406011240, 0.00325521
201406011250, 0
201406011300, 0
201406011310, 0.000108507
201406011320, 0.000542535
201406011330, 0
201406011340, 0.0107422
201406011350, 0
201406011400, 0
201406011410, 0.00976562
201406011420, 0.000542535
201406011430, 0.00596788
201406011440, 0.00499132
201406011450, 0.0136719
201406011500, 0.00813802
201406011510, 0.0148655
201406011520, 0.0345052
201406011530, 0.000325521
201406011540, 0.00260417
201406011550, 0.0300564
201406011600, 0.00813802
201406011610, 0.00911458
201406011620, 0.0015191
201406011630, 0.0238715
201406011640, 0.0104167
201406011650, 0.00227865
201406011700, 0.0173611
201406011710, 0.0163845
201406011720, 0.015842
201406011730, 0.0215929
201406011740, 0.0168186
201406011750, 0.0184462
201406011800, 0.00368924
201406011810, 0.0171441
201406011820, 0.00553385
201406011830, 0.0184462
201406011840, 0.00195312
201406011850, 0.00748698
201406011900, 0
201406011910, 0
201406011920, 0.00585938
201406011930, 0.00195312
201406011940, 0.00347222
201406011950, 0.00347222
201406012000, 0.0094401
201406012010, 0.00792101
201406012020, 0.112196
201406012030, 0
201406012040, 0.00423177
201406012050, 0.0016276
201406012100, 0.00249566
201406012110, 0
201406012120, 0
201406012130, 0.0558811
201406012140, 0.0121528
201406012150, 0.047092
201406012200, 0.0203993
201406012210, 0.0936415
201406012220, 0.0630425
201406012230, 0.0824653
201406012240, 0.205621
201406012250, 0.0837674
201406012300, 0.212023
201406012310, 0.149848
201406012320, 0.00303819
201406012330, 0.0109592
201406012340, 0.0111762
201406012350, 0
201406020000, 0.0987413
201406020010, 0.215278
201406020020, 1.1467
201406020030, 1.52995
201406020040, 0.937066
201406020050, 0.956272
201406020100, 3.03309
201406020110, 3.61447
201406020120, 3.78885
201406020130, 4.10851
201406020140, 5.16547
201406020150, 5.56695
201406020200, 5.33539
201406020210, 5.57422
201406020220, 8.01324
201406020230, 7.48557
201406020240, 7.50673
201406020250, 7.95095
201406020300, 6.83301
201406020310, 6.486
201406020320, 9.50608
201406020330, 8.53526
201406020340, 9.35634
201406020350, 9.36415
201406020400, 6.30827
201406020410, 8.35352
201406020420, 10.7405
201406020430, 10.1319
201406020440, 8.76161
201406020450, 8.70671
201406020500, 8.37869
201406020510, 8.03223
201406020520, 7.57758
201406020530, 7.21723
201406020540, 7.76606
201406020550, 7.04568
201406020600, 7.20573
201406020610, 6.79829
201406020620, 5.45269
201406020630, 4.7946
201406020640, 5.02941
201406020650, 3.29774
201406020700, 4.52333
201406020710, 3.7436
201406020720, 2.53016
201406020730, 2.83127
201406020740, 3.19607
201406020750, 3.87033
201406020800, 1.80187
201406020810, 2.01617
201406020820, 2.15951
201406020830, 2.11632
201406020840, 1.19748
201406020850, 1.47428
201406020900, 1.45801
201406020910, 0.44911
201406020920, 1.09332
201406020930, 0.0496962
201406020940, 0.369683
201406020950, 0.0997179
201406021000, 1.05577
201406021010, 0.933485
201406021020, 0.803277
201406021030, 1.08865
201406021040, 0.459744
201406021050, 0.939562
201406021100, 0.762044
201406021110, 0.876736
201406021120, 1.3622
201406021130, 0.982747
201406021140, 1.32389
201406021150, 0.661458
201406021200, 0.866211
201406021210, 1.39269
201406021220, 1.53798
201406021230, 0
201406021240, 0.0104167
201406021250, 1.18772
201406021300, 0.594618
201406021310, 1.21984
201406021320, 0.894206
201406021330, 3.02865
201406021340, 1.75119
201406021350, 1.54753
201406021400, 1.85124
201406021410, 2.05067
201406021420, 2.31858
201406021430, 2.15723
201406021440, 2.18077
201406021450, 2.88976
201406021500, 2.03668
201406021510, 2.29807
201406021520, 3.14779
201406021530, 2.93511
201406021540, 3.84234
201406021550, 4.52745
201406021600, 3.85276
201406021610, 5.64355
201406021620, 3.09397
201406021630, 5.29536
201406021640, 3.99967
201406021650, 6.03581
201406021700, 6.49327
201406021710, 5.27203
201406021720, 5.70573
201406021730, 5.22721
201406021740, 4.73882
201406021750, 4.03733
201406021800, 3.37305
201406021810, 3.16775
201406021820, 2.19922
201406021830, 2.57932
201406021840, 2.24436
201406021850, 1.23264
201406021900, 0.301432
201406021910, 0.444661
201406021920, 0.596788
201406021930, 0.503689
201406021940, 0.57487
201406021950, 0.329427
201406022000, 0.53125
201406022010, 0.832574
201406022020, 0.847114
201406022030, 0.805664
201406022040, 0.900282
201406022050, 0.732747
201406022100, 0.866862
201406022110, 0.908203
201406022120, 0.707357
201406022130, 1.3801
201406022140, 1.31901
201406022150, 0.798394
201406022200, 0.711589
201406022210, 0.33865
201406022220, 0.0768229
201406022230, 0.00661892
201406022240, 0.14388
201406022250, 0.0461155
201406022300, 0.00954861
201406022310, 0.015191
201406022320, 0.0301649
201406022330, 0.0322266
201406022340, 0.0330946
201406022350, 0.0150825
201406030000, 0.173937
201406030010, 0.429905
201406030020, 0.285482
201406030030, 0.744249
201406030040, 1.0574
201406030050, 0.677951
201406030100, 0.876085
201406030110, 1.6263
201406030120, 1.29036
201406030130, 1.26508
201406030140, 1.38553
201406030150, 0.760742
201406030200, 1.95486
201406030210, 1.10135
201406030220, 1.17242
201406030230, 1.39442
201406030240, 1.68251
201406030250, 2.05762
201406030300, 2.56185
201406030310, 2.56196
201406030320, 1.78309
201406030330, 1.68555
201406030340, 1.48329
201406030350, 1.14974
201406030400, 0.863715
201406030410, 1.39529
201406030420, 1.74848
201406030430, 2.12337
201406030440, 1.65734
201406030450, 1.27376
201406030500, 1.24859
201406030510, 1.1518
201406030520, 1.35688
201406030530, 1.0753
201406030540, 1.39844
201406030550, 1.48622
201406030600, 1.22059
201406030610, 1.27485
201406030620, 1.08626
201406030630, 1.44737
201406030640, 0.957357
201406030650, 0.882053
201406030700, 0.989909
201406030710, 1.39193
201406030720, 1.12782
201406030730, 0.699544
201406030740, 0.481771
201406030750, 0.104709
201406030800, 0.0766059
201406030810, 0.410373
201406030820, 0.0806207
201406030830, 0.0243056
201406030840, 0.102865
201406030850, 0.268446
201406030900, 0.0662977
201406030910, 0.0588108
201406030920, 0.0274523
201406030930, 0.188911
201406030940, 0.00575087
201406030950, 0.0218099
201406031000, 0.170247
201406031010, 0.0103082
201406031020, 0.0503472
201406031030, 0.406576
201406031040, 0.0600043
201406031050, 0.0448134
201406031100, 0
201406031110, 0
201406031120, 0.00922309
201406031130, 0.120768
201406031140, 0.0141059
201406031150, 0.156358
201406031200, 0.232747
201406031210, 0.120551
201406031220, 0.271484
201406031230, 0.0323351
201406031240, 0.176758
201406031250, 0.215495
201406031300, 0.0221354
201406031310, 0.0126953
201406031320, 0.0131293
201406031330, 0
201406031340, 0.0103082
201406031350, 0.0336372
201406031400, 0.016276
201406031410, 0.0441623
201406031420, 0.153863
201406031430, 0.0623915
201406031440, 0.0756293
201406031450, 0.115343
201406031500, 0.0287543
201406031510, 0.136393
201406031520, 0.150933
201406031530, 0.184462
201406031540, 0.317057
201406031550, 0.30447
201406031600, 0.264106
201406031610, 0.0694444
201406031620, 0.0202908
201406031630, 0.193034
201406031640, 0.795573
201406031650, 2.11784
201406031700, 2.3979
201406031710, 2.13151
201406031720, 2.73329
201406031730, 3.67144
201406031740, 3.59994
201406031750, 3.67741
201406031800, 3.56651
201406031810, 3.18121
201406031820, 2.34701
201406031830, 2.29449
201406031840, 1.46549
201406031850, 1.84722
201406031900, 1.60493
201406031910, 1.57661
201406031920, 1.03299
201406031930, 1.06174
201406031940, 0.729818
201406031950, 0.760091
201406032000, 0.995443
201406032010, 1.34516
201406032020, 1.31695
201406032030, 1.28939
201406032040, 1.15321
201406032050, 1.13238
201406032100, 1.04536
201406032110, 1.39941
201406032120, 1.47179
201406032130, 1.11556
201406032140, 1.12609
201406032150, 2.59093
201406032200, 1.71094
201406032210, 2.65723
201406032220, 2.55165
201406032230, 3.09429
201406032240, 3.16612
201406032250, 3.79188
201406032300, 4.34831
201406032310, 3.96484
201406032320, 3.89117
201406032330, 3.78277
201406032340, 4.58887
201406032350, 3.35156
201406040000, 3.1276
201406040010, 3.66938
201406040020, 2.81196
201406040030, 3.02517
201406040040, 2.00955
201406040050, 2.64757
201406040100, 0.769206
201406040110, 1.6072
201406040120, 2.6237
201406040130, 2.83236
201406040140, 3.0268
201406040150, 2.89659
201406040200, 2.3839
201406040210, 1.4298
201406040220, 1.37012
201406040230, 2.08388
201406040240, 0.674371
201406040250, 0.704427
201406040300, 0.408637
201406040310, 0.264214
201406040320, 0.173069
201406040330, 0.030816
201406040340, 0.0426432
201406040350, 0.0581597
201406040400, 0.262695
201406040410, 0.105035
201406040420, 0.104926
201406040430, 0.150174
201406040440, 0.0110677
201406040450, 0.00455729
201406040500, 0.00119358
201406040510, 0.000325521
201406040520, 0.00184462
201406040530, 0.00195312
201406040540, 0.00292969
201406040550, 0.000108507
201406040600, 0.0157335
201406040610, 0.00857205
201406040620, 0.000868056
201406040630, 0.0356988
201406040640, 0
201406040650, 0.0886502
201406040700, 0.000108507
201406040710, 0.0234375
201406040720, 0.583116
201406040730, 0.777995
201406040740, 0.104384
201406040750, 0.59158
201406040800, 0.0806207
201406040810, 0.0988498
201406040820, 0.0378689
201406040830, 0.0502387
201406040840, 0.0444878
201406040850, 0.0247396
201406040900, 0.0129123
201406040910, 0.0440538
201406040920, 0.0647786
201406040930, 0.0507812
201406040940, 0.0723741
201406040950, 0.0223524
201406041000, 0
201406041010, 0.0103082
201406041020, 0.00542535
201406041030, 0.0105252
201406041040, 0.00889757
201406041050, 0.00553385
201406041100, 0.0287543
201406041110, 0.00716146
201406041120, 0
201406041130, 0.0125868
201406041140, 0.00336372
201406041150, 0.00585938
201406041200, 0.00737847
201406041210, 0.0353733
201406041220, 0.0337457
201406041230, 0.00336372
201406041240, 0.000434028
201406041250, 0.0503472
201406041300, 0.0327691
201406041310, 0.0115017
201406041320, 0.0174696
201406041330, 0.00130208
201406041340, 0.0252821
201406041350, 0.0284288
201406041400, 0.0141059
201406041410, 0.0031467
201406041420, 0.0121528
201406041430, 0.0264757
201406041440, 0.0135634
201406041450, 0.031467
201406041500, 0.0609809
201406041510, 0.0234375
201406041520, 0.215278
201406041530, 0.203016
201406041540, 0.0112847
201406041550, 0.0166016
201406041600, 0.203016
201406041610, 0.258247
201406041620, 0.243815
201406041630, 0.335395
201406041640, 0.259766
201406041650, 0.194878
201406041700, 0.470486
201406041710, 0.296658
201406041720, 0.199002
201406041730, 0.319444
201406041740, 0.249349
201406041750, 0.30447
201406041800, 0.506944
201406041810, 0.559028
201406041820, 0.616428
201406041830, 0.293186
201406041840, 0.015408
201406041850, 0.00748698
201406041900, 0.0285373
201406041910, 0.305339
201406041920, 0.346354
201406041930, 0.174696
201406041940, 0.20204
201406041950, 0.287977
201406042000, 0.113932
201406042010, 0.0447049
201406042020, 0.351671
201406042030, 0.235786
201406042040, 0.336046
201406042050, 0.454536
201406042100, 0.200521
201406042110, 0.421766
201406042120, 0.358941
201406042130, 0.671658
201406042140, 0.517036
201406042150, 0.38954
201406042200, 0.128255
201406042210, 0.0898438
201406042220, 0
201406042230, 0.0903863
201406042240, 0
201406042250, 0.00368924
201406042300, 0.0791016
201406042310, 0.0457899
201406042320, 0.358724
201406042330, 0.00987413
201406042340, 0.542643
201406042350, 0
201406050000, 0.156684
201406050010, 0.22385
201406050020, 0.00184462
201406050030, 0.253364
201406050040, 0.00585938
201406050050, 0.447157
201406050100, 0.764431
201406050110, 0.124674
201406050120, 0.24349
201406050130, 0.522027
201406050140, 0.298286
201406050150, 0.382921
201406050200, 0.612739
201406050210, 0.0845269
201406050220, 1.06152
201406050230, 0.924479
201406050240, 0.261393
201406050250, 0.536567
201406050300, 0.15549
201406050310, 0.285807
201406050320, 0.000108507
201406050330, 0.139865
201406050340, 0.00987413
201406050350, 0
201406050400, 0.0494792
201406050410, 0.00759549
201406050420, 0.0150825
201406050430, 0.0615234
201406050440, 0.00705295
201406050450, 0.156793
201406050500, 0.0700955
201406050510, 0.0142144
201406050520, 0.163737
201406050530, 0.408203
201406050540, 0.807292
201406050550, 0.416667
201406050600, 0.675781
201406050610, 0.446398
201406050620, 0.867079
201406050630, 0.424696
201406050640, 0.39171
201406050650, 0.390951
201406050700, 0.17589
201406050710, 0.0953776
201406050720, 0.125109
201406050730, 0.355577
201406050740, 0.357313
201406050750, 0.516168
201406050800, 0.174588
201406050810, 0.344727
201406050820, 0.47526
201406050830, 0.61849
201406050840, 0.287543
201406050850, 0.273655
201406050900, 0.504232
201406050910, 0.847982
201406050920, 0.452474
201406050930, 0.595378
201406050940, 0.289931
201406050950, 0.296441
201406051000, 0.0224609
201406051010, 0.0213759
201406051020, 0.00325521
201406051030, 0.0300564
201406051040, 0.167969
201406051050, 0.487847
201406051100, 0.826714
201406051110, 0.731337
201406051120, 0.463976
201406051130, 0.253038
201406051140, 0.0341797
201406051150, 0.123589
201406051200, 0.0381944
201406051210, 0.361111
201406051220, 0.141493
201406051230, 0.333008
201406051240, 0.288737
201406051250, 0.222873
201406051300, 0.381944
201406051310, 0.602105
201406051320, 0.116753
201406051330, 0.0394965
201406051340, 0.0978733
201406051350, 0.0558811
201406051400, 0.0413411
201406051410, 0.173937
201406051420, 0.20931
201406051430, 0.0505642
201406051440, 0.070421
201406051450, 0.00911458
201406051500, 0.0278863
201406051510, 0.10753
201406051520, 0.0575087
201406051530, 0.016059
201406051540, 0.0503472
201406051550, 0.0135634
201406051600, 0.0936415
201406051610, 0.0384115
201406051620, 0.0597873
201406051630, 0.0121528
201406051640, 0.0364583
201406051650, 0.023329
201406051700, 0.0495877
201406051710, 0.038303
201406051720, 0.00108507
201406051730, 0.0802951
201406051740, 0.131076
201406051750, 0.0111762
201406051800, 0.015625
201406051810, 0.00368924
201406051820, 0.00119358
201406051830, 0.00217014
201406051840, 0.00238715
201406051850, 0.00412326
201406051900, 0.0175781
201406051910, 0.00368924
201406051920, 0.0517578
201406051930, 0.0529514
201406051940, 0.0756293
201406051950, 0.0431858
201406052000, 0.0509983
201406052010, 0.000759549
201406052020, 0.000108507
201406052030, 0.101888
201406052040, 0.00249566
201406052050, 0.00900608
201406052100, 0
201406052110, 0.00640191
201406052120, 0.0560981
201406052130, 0.030599
201406052140, 0
201406052150, 0.000325521
201406052200, 0.00542535
201406052210, 0
201406052220, 0.00217014
201406052230, 0.0016276
201406052240, 0.0285373
201406052250, 0.00130208
201406052300, 0.0507812
201406052310, 0.00520833
201406052320, 0.00922309
201406052330, 0.00531684
201406052340, 0.0112847
201406052350, 0.00173611
201406060000, 0.000108507
201406060010, 0
201406060030, 0.0046658
201406060040, 0.000217014
201406060050, 0.0538194
201406060100, 0.0236545
201406060110, 0.101671
201406060120, 0.275391
201406060130, 0.214844
201406060140, 0.0031467
201406060150, 0.000108507
201406060200, 0.173937
201406060210, 0.175564
201406060220, 0.555664
201406060230, 0.153429
201406060240, 0.191515
201406060250, 0.19987
201406060300, 0.236437
201406060310, 0.158854
201406060320, 0.176649
201406060330, 0.172418
201406060340, 0.631076
201406060350, 0.801432
201406060400, 0.372179
201406060410, 0.63737
201406060420, 1.29774
201406060430, 0.904188
201406060440, 0.193034
201406060450, 1.10796
201406060500, 1.34494
201406060510, 1.91851
201406060520, 1.12446
201406060530, 1.56565
201406060540, 1.73307
201406060550, 1.34136
201406060600, 1.50358
201406060610, 1.29829
201406060620, 1.58974
201406060630, 1.18327
201406060640, 2.14138
201406060650, 2.51291
201406060700, 1.24468
201406060710, 1.31532
201406060720, 0.59158
201406060730, 1.17253
201406060740, 0.171549
201406060750, 0.462891
201406060800, 0.955729
201406060810, 1.1072
201406060820, 1.48275
201406060830, 1.62294
201406060840, 1.66287
201406060850, 2.10319
201406060900, 2.42003
201406060910, 2.70356
201406060920, 4.21593
201406060930, 3.41526
201406060940, 3.81076
201406060950, 4.03776
201406061000, 4.79329
201406061010, 5.67003
201406061020, 4.73503
201406061030, 5.48275
201406061040, 6.54178
201406061050, 6.48286
201406061100, 8.42318
201406061110, 7.73817
201406061120, 6.24338
201406061130, 5.56782
201406061140, 5.94868
201406061150, 5.16037
201406061200, 5.50846
201406061210, 5.73947
201406061220, 5.65278
201406061230, 5.87109
201406061240, 6.1849
201406061250, 6.4375
201406061300, 6.40343
201406061310, 5.55252
201406061320, 6.11871
201406061330, 5.45041
201406061340, 6.22396
201406061350, 4.9171
201406061400, 3.8903
201406061410, 3.7079
201406061420, 4.23785
201406061430, 3.1939
201406061440, 3.57509
201406061450, 3.54405
201406061500, 3.02908
201406061510, 3.13628
201406061520, 2.41113
201406061530, 1.5332
201406061540, 1.35807
201406061550, 0.764648
201406061600, 0.475477
201406061610, 0.587457
201406061620, 0.0291884
201406061630, 0.366428
201406061640, 0
201406061650, 0.0220269
201406061700, 0.319444
201406061710, 1.01432
201406061720, 1.88628
201406061730, 2.12619
201406061740, 1.65679
201406061750, 1.38509
201406061800, 1.32237
201406061810, 1.09939
201406061820, 1.5025
201406061830, 2.27279
201406061840, 2.6365
201406061850, 3.35981
201406061900, 3.34006
201406061910, 3.0064
201406061920, 2.94
201406061930, 2.69086
201406061940, 2.69141
201406061950, 2.76465
201406062000, 2.87869
201406062010, 2.06651
201406062020, 1.6543
201406062030, 1.89974
201406062040, 2.45041
201406062050, 1.69694
201406062100, 2.48796
201406062110, 1.54384
201406062120, 1.36882
201406062130, 2.148
201406062140, 1.59538
201406062150, 1.85634
201406062200, 1.4375
201406062210, 1.20736
201406062220, 0.718859
201406062230, 1.13411
201406062240, 2.02203
201406062250, 0.824761
201406062300, 2.0752
201406062310, 1.98296
201406062320, 1.93631
201406062330, 1.34766
201406062340, 1.87836
201406062350, 2.56727
201406070000, 2.48318
201406070010, 2.94944
201406070020, 3.30686
201406070030, 2.77799
201406070040, 2.85601
201406070050, 2.10113
201406070100, 1.87956
201406070110, 2.65994
201406070120, 2.32118
201406070130, 1.07975
201406070140, 1.36882
201406070150, 1.2028
201406070200, 1.02669
201406070210, 1.22873
201406070220, 1.50836
201406070230, 1.74718
201406070240, 2.85688
201406070250, 2.37858
201406070300, 2.13238
201406070310, 2.55859
201406070320, 2.17828
201406070330, 2.19184
201406070340, 2.36751
201406070350, 1.95725
201406070400, 1.77604
201406070410, 1.49718
201406070420, 1.36903
201406070430, 1.48264
201406070440, 2.54546
201406070450, 1.91992
201406070500, 1.55924
201406070510, 2.70562
201406070520, 1.00174
201406070530, 0.657986
201406070540, 0.616862
201406070550, 0.503472
201406070600, 0.31174
201406070610, 0.296441
201406070620, 0.31977
201406070630, 0.571072
201406070640, 0.858073
201406070650, 0.749132
201406070700, 0.585178
201406070710, 0.59668
201406070720, 0.363715
201406070730, 0.109484
201406070740, 0.298828
201406070750, 0.354167
201406070800, 0.0546875
201406070810, 0.159939
201406070820, 0.274631
201406070830, 0.361003
201406070840, 0.0379774
201406070850, 0.207574
201406070900, 0.0642361
201406070910, 0.038303
201406070920, 0.0112847
201406070930, 0.166992
201406070940, 0.0950521
201406070950, 0.0871311
201406071010, 0.00835503
201406071020, 0.0103082
201406071030, 0.0978733
201406071050, 0.0093316
201406071100, 0.0949436
201406071110, 0.046224
201406071120, 0.0190972
201406071130, 0.0219184
201406071140, 0.0188802
201406071150, 0.0108507
201406071200, 0.0171441
201406071210, 0.000325521
201406071220, 0.000217014
201406071240, 0.0660807
201406071250, 0.00564236
201406071300, 0.00390625
201406071310, 0
201406071320, 0.00130208
201406071330, 0.00390625
201406071340, 0.0046658
201406071350, 0.000759549
201406071410, 0.00303819
201406071420, 0.0111762
201406071430, 0.0031467
201406071440, 0
201406071450, 0
201406071500, 0
201406071510, 0.000108507
201406071520, 0.00141059
201406071530, 0
201406071540, 0.000325521
201406071550, 0
201406071600, 0.0594618
201406071610, 0.0744358
201406071620, 0.232422
201406071630, 0.495226
201406071640, 0.603516
201406071650, 0.678928
201406071700, 0.731337
201406071710, 0.490777
201406071720, 0.493056
201406071730, 0.596354
201406071740, 0.593642
201406071750, 0.622179
201406071800, 0.79362
201406071810, 0.499349
201406071820, 0.588325
201406071830, 0.797309
201406071840, 0.830187
201406071850, 0.524306
201406071900, 0.328451
201406071910, 0.015408
201406071920, 0.251302
201406071930, 0.0703125
201406071940, 0.0290799
201406071950, 0.0814887
201406072000, 0.130859
201406072010, 0.0571832
201406072020, 0.125651
201406072030, 0.152344
201406072040, 0.273546
201406072050, 0.283095
201406072100, 0.458659
201406072110, 0.380751
201406072120, 0.410699
201406072130, 0.347222
201406072140, 0.239475
201406072150, 0.307075
201406072200, 0.177192
201406072210, 0.947266
201406072220, 1.03201
201406072230, 0.976671
201406072240, 0.896593
201406072250, 0.895074
201406072300, 0.479384
201406072310, 0.81467
201406072320, 0.631402
201406072330, 0.840169
201406072340, 0.886502
201406072350, 0.90191
201406080000, 0.817057
201406080010, 0.693142
201406080020, 0.678602
201406080030, 0.540473
201406080040, 0.483832
201406080050, 0.616645
201406080100, 0.591471
201406080110, 0.839193
201406080120, 1.30762
201406080130, 1.59896
201406080140, 1.34733
201406080150, 0.607747
201406080200, 0.985569
201406080210, 0.535482
201406080220, 0.840929
201406080230, 0.446506
201406080240, 0.601128
201406080250, 0.453559
201406080300, 0.54796
201406080310, 0.364583
201406080320, 0.316081
201406080330, 0.607964
201406080340, 0.18826
201406080350, 0.340061
201406080400, 0.350694
201406080410, 0.260091
201406080420, 0.252713
201406080430, 0.109158
201406080440, 0.0822483
201406080450, 0.134006
201406080500, 0.159288
201406080510, 0.133681
201406080520, 0.0737847
201406080530, 0.127279
201406080540, 0.534722
201406080550, 0.458659
201406080600, 0.265082
201406080610, 0.0302734
201406080620, 0.0145399
201406080630, 0.00379774
201406080640, 0.0448134
201406080650, 0.0247396
201406080700, 0.0681424
201406080710, 0.0323351
201406080720, 0.155273
201406080730, 0.120768
201406080750, 0.00792101
201406080800, 0.00542535
201406080810, 0.00564236
201406080820, 0.0122613
201406080830, 0.126302
201406080840, 0.0046658
201406080850, 0.0148655
201406080900, 0.0120443
201406080910, 0.000217014
201406080930, 0.00130208
201406080940, 0.0564236
201406080950, 0.000759549
201406081000, 0.169705
201406081010, 0.220812
201406081020, 0.106879
201406081040, 0.00119358
201406081050, 0.224284
201406081100, 0.00195312
201406081110, 0.000651042
201406081120, 0.000217014
201406081130, 0
201406081140, 0.000325521
201406081150, 0.00184462
201406081200, 0
201406081210, 0.000434028
201406081220, 0
201406081230, 0
201406081240, 0
201406081250, 0.0100911
201406081300, 0.279948
201406081310, 0.66645
201406081320, 0.654948
201406081330, 1.01562
201406081340, 0.995443
201406081350, 1.21463
201406081400, 1.32205
201406081410, 1.39833
201406081420, 1.8099
201406081430, 1.61013
201406081440, 1.90397
201406081450, 1.97721
201406081500, 2.3355
201406081510, 2.29503
201406081520, 2.35341
201406081530, 1.71593
201406081540, 1.70638
201406081550, 1.52452
201406081600, 1.2436
201406081610, 1.27474
201406081620, 1.34136
201406081630, 1.50716
201406081640, 1.05588
201406081650, 0.570747
201406081700, 1.12044
201406081710, 1.3597
201406081720, 1.07075
201406081730, 1.17036
201406081740, 1.87446
201406081750, 1.53255
201406081800, 1.07205
201406081810, 1.43435
201406081820, 0.83941
201406081830, 0.560872
201406081840, 1.01432
201406081850, 0.751085
201406081900, 0.957682
201406081910, 0.890408
201406081920, 0.531467
201406081930, 1.02713
201406081940, 1.24338
201406081950, 1.41753
201406082000, 2.15636
201406082010, 3.21311
201406082020, 3.47059
201406082030, 3.62684
201406082040, 4.01497
201406082050, 3.99816
201406082100, 4.08561
201406082110, 4.63607
201406082120, 4.65484
201406082130, 4.40375
201406082140, 3.7998
201406082150, 3.75369
201406082200, 4.1951
201406082210, 3.85482
201406082220, 3.78906
201406082230, 3.61806
201406082240, 3.40875
201406082250, 3.18511
201406082300, 2.64811
201406082310, 1.55859
201406082320, 1.27593
201406082330, 0.750109
201406082340, 0.836263
201406082350, 0.440864
201406090000, 0.260091
201406090010, 0.176649
201406090020, 0.00564236
201406090030, 0.00184462
201406090040, 0
201406090050, 0.0031467
201406090100, 0.0533854
201406090110, 0.274631
201406090120, 0.394314
201406090130, 0.34668
201406090140, 0.357747
201406090150, 0.36263
201406090200, 0.139974
201406090210, 0.102105
201406090220, 0.00694444
201406090230, 0.00607639
201406090240, 0.0169271
201406090250, 0.0819227
201406090300, 0.0454644
201406090310, 0.0105252
201406090320, 0.0756293
201406090330, 0.15918
201406090340, 0.00846354
201406090350, 0.411892
201406090400, 0.0502387
201406090410, 0.0254991
201406090420, 0.60829
201406090430, 0.0441623
201406090440, 0.0258247
201406090450, 0.11339
201406090500, 0.0343967
201406090510, 0.128038
201406090520, 0.0968967
201406090530, 0.102648
201406090540, 0.0455729
201406090550, 0.157986
201406090600, 0.0700955
201406090610, 0.0874566
201406090620, 0.00607639
201406090630, 0.0682509
201406090640, 0.00998264
201406090650, 0.00857205
201406090700, 0.062934
201406090710, 0.015625
201406090720, 0.245443
201406090730, 0.106554
201406090740, 0.0115017
201406090750, 0.0146484
201406090800, 0.186089
201406090810, 0.00141059
201406090820, 0.0106337
201406090830, 0.00542535
201406090840, 0.00325521
201406090850, 0.00802951
201406090900, 0.000759549
201406090910, 0.039388
201406090920, 0.0106337
201406090930, 0.00802951
201406090940, 0.00954861
201406090950, 0.119032
201406091000, 0.0133464
201406091010, 0.0551215
201406091020, 0.103733
201406091030, 0.0913628
201406091040, 0.00748698
201406091050, 0.0804036
201406091100, 0.000651042
201406091110, 0
201406091120, 0.515082
201406091130, 0.000217014
201406091140, 0.225043
201406091150, 0.0416667
201406091200, 0.00846354
201406091210, 0.0238715
201406091220, 0.0412326
201406091230, 0.162869
201406091240, 0.0131293
201406091250, 0.00694444
201406091300, 0.0193142
201406091310, 0.0111762
201406091320, 0.152561
201406091330, 0.0221354
201406091340, 0.00542535
201406091350, 0.0667318
201406091400, 0.000108507
201406091410, 0
201406091420, 0.00412326
201406091430, 0.000217014
201406091440, 0
201406091450, 0.00119358
201406091500, 0.00206163
201406091510, 0
201406091520, 0.00271267
201406091530, 0
201406091540, 0.00282118
201406091550, 0.00358073
201406091600, 0.0171441
201406091610, 0.0126953
201406091620, 0.00184462
201406091630, 0.00759549
201406091640, 0
201406091650, 0.0061849
201406091700, 0.0256076
201406091710, 0.00282118
201406091720, 0.00477431
201406091730, 0
201406091740, 0.0104167
201406091750, 0.00119358
201406091800, 0.00520833
201406091810, 0
201406091820, 0.00531684
201406091830, 0
201406091840, 0.0200738
201406091850, 0.0121528
201406091900, 0.129774
201406091910, 0.0914714
201406091920, 0.0124783
201406091930, 0.0111762
201406091940, 0.00379774
201406091950, 0.0113932
201406092000, 0.126085
201406092010, 0.00889757
201406092020, 0.0584852
201406092030, 0.00705295
201406092040, 0.0519748
201406092050, 0.0757378
201406092100, 0.430664
201406092110, 0.469076
201406092120, 0.0164931
201406092130, 0.405273
201406092140, 0.102756
201406092150, 0.266602
201406092200, 0.361437
201406092210, 0.0617405
201406092220, 0.0840929
201406092230, 0.0133464
201406092240, 0.00509983
201406092250, 0.00184462
201406092300, 0.00455729
201406092310, 0.00336372
201406092320, 0
201406092330, 0.133789
201406092340, 0
201406092350, 0.00282118
201406100000, 0.000542535
201406100010, 0.0256076
201406100020, 0.00108507
201406100030, 0.000325521
201406100040, 0.0317925
201406100050, 0.00792101
201406100100, 0.0247396
201406100110, 0.0161675
201406100120, 0.100694
201406100130, 0.0297309
201406100140, 0.0015191
201406100150, 0.000976562
201406100200, 0.00509983
201406100210, 0
201406100220, 0.00358073
201406100230, 0.00748698
201406100240, 0.00379774
201406100250, 0.000108507
201406100300, 0.00238715
201406100310, 0.015625
201406100320, 0
201406100330, 0.00282118
201406100340, 0.0046658
201406100350, 0.000217014
201406100400, 0
201406100410, 0.0129123
201406100420, 0.162326
201406100430, 0.0016276
201406100440, 0.00412326
201406100450, 0.0110677
201406100500, 0
201406100510, 0.00195312
201406100520, 0.0015191
201406100530, 0.00347222
201406100540, 0.000108507
201406100550, 0.0016276
201406100600, 0
201406100610, 0.00672743
201406100620, 0
201406100630, 0
201406100640, 0.00770399
201406100650, 0.00217014
201406100700, 0.000325521
201406100710, 0.0112847
201406100720, 0.00835503
201406100730, 0
201406100740, 0.0128038
201406100750, 0.00813802
201406100800, 0.00260417
201406100810, 0.00477431
201406100820, 0.0015191
201406100830, 0.0062934
201406100840, 0.00206163
201406100850, 0.00173611
201406100900, 0.0176866
201406100910, 0.00336372
201406100920, 0.00195312
201406100930, 0.0189887
201406100940, 0.00564236
201406100950, 0.0286458
201406101000, 0.0015191
201406101020, 0
201406101030, 0.000217014
201406101040, 0.0015191
201406101050, 0
201406101100, 0.000108507
201406101110, 0
201406101120, 0.000217014
201406101130, 0.000217014
201406101140, 0
201406101150, 0.000217014
201406101200, 0
201406101210, 0
201406101220, 0.0109592
201406101230, 0.00108507
201406101240, 0
201406101250, 0.00455729
201406101300, 0.00661892
201406101310, 0.0176866
201406101320, 0.00119358
201406101330, 0
201406101340, 0.0107422
201406101350, 0.000108507
201406101400, 0.000108507
201406101410, 0
201406101420, 0
201406101430, 0.000217014
201406101440, 0
201406101450, 0
201406101500, 0
201406101510, 0
201406101520, 0.000542535
201406101530, 0.000434028
201406101540, 0.000325521
201406101550, 0.000434028
201406101600, 0
201406101610, 0
201406101620, 0.0015191
201406101630, 0.00141059
201406101640, 0.00141059
201406101650, 0.00249566
201406101700, 0
201406101710, 0.000108507
201406101720, 0.00119358
201406101730, 0.00336372
201406101740, 0.00585938
201406101750, 0.00878906
201406101800, 0.0224609
201406101810, 0.016059
201406101820, 0.0658637
201406101830, 0.00585938
201406101840, 0.0351562
201406101850, 0.0577257
201406101900, 0.0640191
201406101910, 0.0129123
201406101920, 0.015625
201406101930, 0.00217014
201406101940, 0.00911458
201406101950, 0.0112847
201406102000, 0.00206163
201406102010, 0
201406102020, 0
201406102030, 0.0978733
201406102040, 0.174805
201406102050, 0.195964
201406102100, 0.24273
201406102110, 0.153646
201406102120, 0.167318
201406102130, 0.105252
201406102140, 0.000976562
201406102150, 0.000217014
201406102200, 0.0031467
201406102210, 0.0323351
201406102220, 0.0507812
201406102230, 0.176324
201406102240, 0.215603
201406102250, 0.0287543
201406102300, 0.122396
201406102310, 0.384874
201406102320, 0.358724
201406102330, 0.492513
201406102340, 0.376085
201406102350, 0.381727
201406110000, 0.248806
201406110010, 0.499566
201406110020, 0.64898
201406110030, 0.519857
201406110040, 0.534614
201406110050, 0.292643
201406110100, 0.453016
201406110110, 0.334961
201406110120, 0.309462
201406110130, 0.0954861
201406110140, 0.126953
201406110150, 0.23546
201406110200, 0.085178
201406110210, 0.20638
201406110220, 0.167969
201406110230, 0.0171441
201406110240, 0.00575087
201406110250, 0
201406110300, 0.000217014
201406110310, 0
201406110320, 0
201406110330, 0
201406110340, 0
201406110350, 0
201406110400, 0.00227865
201406110410, 0.0311415
201406110420, 0
201406110430, 0
201406110440, 0.00900608
201406110450, 0.0031467
201406110500, 0
201406110510, 0.00434028
201406110520, 0.00292969
201406110540, 0.000108507
201406110550, 0
201406110600, 0
201406110620, 0
201406110630, 0.00651042
201406110640, 0
201406110650, 0
201406110700, 0.000108507
201406110710, 0
201406110720, 0
201406110730, 0
201406110740, 0.000542535
201406110750, 0.0121528
201406110800, 0.0122613
201406110810, 0.0254991
201406110830, 0.00108507
201406110840, 0.00434028
201406110850, 0.172309
201406110900, 0
201406110910, 0.0616319
201406110930, 0.0169271
201406110940, 0.347873
201406111010, 0.547635
201406111020, 0.520833
201406111030, 0.0161675
201406111050, 0.106445
201406111100, 0.0046658
201406111110, 0.0256076
201406111120, 0
201406111130, 0
201406111140, 0.00282118
201406111150, 0.00130208
201406111200, 0
201406111210, 0
201406111220, 0
201406111230, 0.0124783
201406111240, 0.00640191
201406111250, 0.00108507
201406111300, 0.00813802
201406111310, 0
201406111320, 0.000976562
201406111330, 0
201406111340, 0.0250651
201406111350, 0.00368924
201406111400, 0.00846354
201406111410, 0.070421
201406111420, 0.0384115
201406111430, 0.038303
201406111440, 0.00173611
201406111450, 0.00499132
201406111500, 0.0284288
201406111510, 0.0222439
201406111520, 0.0170356
201406111530, 0.00130208
201406111540, 0.00813802
201406111550, 0.016059
201406111600, 0.0145399
201406111610, 0.0320095
201406111620, 0.0384115
201406111630, 0.0137804
201406111640, 0.0209418
201406111650, 0.0250651
201406111700, 0.137153
201406111710, 0.106879
201406111720, 0.0538194
201406111730, 0.0507812
201406111740, 0.120768
201406111750, 0.162326
201406111800, 0.105252
201406111810, 0
201406111820, 0.00390625
201406111830, 0.0205078
201406111840, 0.113607
201406111850, 0.180122
201406111900, 0.189887
201406111910, 0.161784
201406111920, 0.113824
201406111930, 0.0689019
201406111940, 0.0443793
201406111950, 0.0442708
201406112000, 0.0455729
201406112010, 0.0493707
201406112020, 0.0799696
201406112030, 0.0913628
201406112040, 0.0209418
201406112050, 0.0246311
201406112100, 0.0329861
201406112110, 0.0719401
201406112120, 0.0920139
201406112130, 0.150174
201406112140, 0.0128038
201406112150, 0.0525174
201406112200, 0.00878906
201406112210, 0.0399306
201406112220, 0.015191
201406112230, 0.432726
201406112240, 0.644097
201406112250, 0.807726
201406112300, 1.50347
201406112310, 1.72721
201406112320, 1.74881
201406112330, 1.76128
201406112340, 1.92285
201406112350, 1.74295
201406120000, 1.94878
201406120010, 2.04926
201406120020, 2.30414
201406120030, 2.24316
201406120040, 2.26183
201406120050, 2.36871
201406120100, 2.55621
201406120110, 2.39138
201406120120, 2.82096
201406120130, 3.0702
201406120140, 3.00608
201406120150, 3.53754
201406120200, 3.27941
201406120210, 3.2411
201406120220, 2.99023
201406120230, 2.93381
201406120240, 2.77778
201406120250, 3.08832
201406120300, 3.19195
201406120310, 3.5191
201406120320, 2.92437
201406120330, 2.49989
201406120340, 2.20258
201406120350, 1.88574
201406120400, 1.60438
201406120410, 1.4337
201406120420, 1.10525
201406120430, 0.777344
201406120440, 0.68457
201406120450, 0.308594
201406120500, 0.121419
201406120510, 0.0300564
201406120520, 0.0148655
201406120530, 0.00173611
201406120540, 0.00130208
201406120550, 0.0311415
201406120600, 0.0104167
201406120610, 0.00477431
201406120620, 0.00249566
201406120630, 0.00477431
201406120640, 0.000434028
201406120650, 0.0128038
201406120700, 0.0279948
201406120710, 0.0103082
201406120720, 0.0323351
201406120730, 0.0192057
201406120740, 0.00846354
201406120750, 0.0574002
201406120800, 0.00206163
201406120810, 0.0177951
201406120820, 0.0143229
201406120830, 0.0572917
201406120840, 0.0290799
201406120850, 0.00444878
201406120900, 0.0246311
201406120910, 0.0560981
201406120920, 0
201406120930, 0.118164
201406120940, 0.00119358
201406120950, 0.000542535
201406121000, 0.0173611
201406121010, 0.00249566
201406121020, 0
201406121030, 0
201406121040, 0.0422092
201406121050, 0
201406121100, 0.0444878
201406121110, 0.000108507
201406121120, 0
201406121130, 0
201406121140, 0
201406121150, 0
201406121200, 0
201406121210, 0
201406121220, 0.022678
201406121230, 0.0200738
201406121240, 0.00596788
201406121250, 0.0295139
201406121300, 0.00488281
201406121310, 0.00358073
201406121320, 0.0259332
201406121330, 0.11697
201406121340, 0.0483941
201406121350, 0.224175
201406121400, 0.390951
201406121410, 0.1977
201406121420, 0.123264
201406121430, 0.0908203
201406121440, 0.0422092
201406121450, 0.0410156
201406121500, 0
201406121510, 0.0575087
201406121520, 0.0236545
201406121530, 0.106228
201406121540, 0.0451389
201406121550, 0.298611
201406121600, 0.207465
201406121610, 0.157118
201406121620, 0.000108507
201406121630, 0.0186632
201406121640, 0.131185
201406121650, 0.0236545
201406121700, 0.0665148
201406121710, 0.280924
201406121720, 0.244683
201406121730, 0.134006
201406121740, 0.0193142
201406121750, 0
201406121800, 0.0567491
201406121810, 0.0181207
201406121820, 0.156141
201406121830, 0.0261502
201406121840, 0.0581597
201406121850, 0.0285373
201406121900, 0.00455729
201406121910, 0.0106337
201406121920, 0
201406121930, 0.00249566
201406121940, 0.0812717
201406121950, 0.408854
201406122000, 0.0031467
201406122010, 0.202799
201406122020, 0.75944
201406122030, 0.176432
201406122040, 0.27615
201406122050, 0.00868056
201406122100, 0.105252
201406122110, 0.313585
201406122120, 0.0135634
201406122130, 0.118598
201406122140, 0.641168
201406122150, 0.458767
201406122200, 0.514648
201406122210, 1.01834
201406122220, 1.18511
201406122230, 0.704861
201406122240, 2.00553
201406122250, 2.01248
201406122300, 1.90484
201406122310, 1.86968
201406122320, 1.79991
201406122330, 1.86806
201406122340, 2.48112
201406122350, 2.34093
201406130000, 2.45464
201406130010, 1.94477
201406130020, 3.6811
201406130030, 4.1454
201406130040, 3.68707
201406130050, 4.67958
201406130100, 4.87023
201406130110, 4.71647
201406130120, 4.3661
201406130130, 4.67697
201406130140, 4.3725
201406130150, 5.63542
201406130200, 6.53342
201406130210, 7.74316
201406130220, 6.6314
201406130230, 7.24609
201406130240, 7.65983
201406130250, 8.35449
201406130300, 8.45801
201406130310, 8.64855
201406130320, 10.5887
201406130330, 8.31858
201406130340, 9.85113
201406130350, 9.60872
201406130400, 9.94889
201406130410, 9.9324
201406130420, 10.6121
201406130430, 10.2874
201406130440, 10.2014
201406130450, 11.351
201406130500, 10.5557
201406130510, 10.8624
201406130520, 9.75033
201406130530, 8.26736
201406130540, 9.40343
201406130550, 7.51248
201406130600, 8.50857
201406130610, 8.21148
201406130620, 7.49675
201406130630, 7.43045
201406130640, 6.80729
201406130650, 7.08887
201406130700, 8.7372
201406130710, 7.06044
201406130720, 8.37077
201406130730, 8.70638
201406130740, 9.13097
201406130750, 8.48231
201406130800, 6.94651
201406130810, 7.79872
201406130820, 8.79883
201406130830, 9.27941
201406130840, 8.88585
201406130850, 8.73155
201406130900, 9.51508
201406130910, 9.0587
201406130920, 6.97266
201406130930, 6.43142
201406130940, 6.19933
201406130950, 5.99251
201406131000, 4.84646
201406131010, 4.17958
201406131020, 3.5064
201406131030, 4.26725
201406131040, 4.30187
201406131050, 3.91775
201406131100, 4.50998
201406131110, 3.50553
201406131120, 3.56977
201406131130, 3.5051
201406131140, 2.69499
201406131150, 2.11306
201406131200, 3.2921
201406131210, 3.46452
201406131220, 4.13335
201406131230, 4.00738
201406131240, 3.94716
201406131250, 3.27637
201406131300, 3.50043
201406131310, 2.99924
201406131320, 2.85655
201406131330, 2.39486
201406131340, 2.77094
201406131350, 3.3674
201406131400, 3.4273
201406131410, 3.06576
201406131420, 2.5867
201406131430, 3.3367
201406131440, 2.95432
201406131450, 2.9056
201406131500, 3.29243
201406131510, 2.97114
201406131520, 2.8482
201406131530, 2.61285
201406131540, 2.67893
201406131550, 2.83887
201406131600, 2.59809
201406131610, 2.19434
201406131620, 1.9528
201406131630, 2.04753
201406131640, 1.58008
201406131650, 1.48253
201406131700, 1.26389
201406131710, 0.810438
201406131720, 0.958333
201406131730, 1.14529
201406131740, 1.16797
201406131750, 1.03331
201406131800, 0.803819
201406131810, 0.918511
201406131820, 0.877713
201406131830, 0.750543
201406131840, 0.598307
201406131850, 0.376845
201406131900, 0.582574
201406131910, 0.542426
201406131920, 0.203016
201406131930, 0.299154
201406131940, 0.349392
201406131950, 0.636068
201406132000, 0.723307
201406132010, 0.429036
201406132020, 0.413194
201406132030, 0.535916
201406132040, 0.361328
201406132050, 0.0834418
201406132100, 0.0472005
201406132110, 0.231445
201406132120, 0.254232
201406132130, 0.321398
201406132140, 0.337131
201406132150, 0.0915799
201406132200, 0.687608
201406132210, 0.74924
201406132220, 0.796875
201406132230, 0.955946
201406132240, 0.385525
201406132250, 0.542318
201406132300, 0.347548
201406132310, 0.249566
201406132320, 0.548937
201406132330, 0.221137
201406132340, 0.253147
201406132350, 0.185764
201406140000, 0.179145
201406140010, 0.239692
201406140020, 0.276476
201406140030, 0.342882
201406140040, 0.196723
201406140050, 0.0272352
201406140100, 0.086697
201406140110, 0.299045
201406140120, 0.225152
201406140130, 1.1403
201406140140, 1.01302
201406140150, 0.104058
201406140200, 0.217014
201406140210, 0.769748
201406140220, 0.799913
201406140230, 0.776584
201406140240, 1.2258
201406140250, 1.26942
201406140300, 1.64041
201406140310, 1.33051
201406140320, 2.02821
201406140330, 1.26693
201406140340, 1.37609
201406140350, 2.8265
201406140400, 1.39583
201406140410, 1.61361
201406140420, 1.73622
201406140430, 1.91526
201406140440, 1.35742
201406140450, 1.53016
201406140500, 1.12457
201406140510, 1.74132
201406140520, 1.39562
201406140530, 0.865126
201406140540, 1.1709
201406140550, 0.324002
201406140600, 0.454753
201406140610, 1.47537
201406140620, 1.33279
201406140630, 1.09776
201406140640, 1.46365
201406140650, 2.0485
201406140700, 2.05968
201406140710, 2.14583
201406140720, 3.11144
201406140730, 3.10286
201406140740, 2.41222
201406140750, 1.84017
201406140800, 2.41623
201406140810, 2.625
201406140820, 2.32216
201406140830, 2.32791
201406140840, 1.94889
201406140850, 1.94651
201406140900, 2.56076
201406140910, 2.41352
201406140920, 2.00868
201406140930, 2.42904
201406140940, 1.83963
201406140950, 1.63759
201406141000, 2.17513
201406141010, 2.09646
201406141020, 3.00684
201406141030, 2.6658
201406141040, 2.97765
201406141050, 2.94379
201406141100, 3.87153
201406141110, 4.14301
201406141120, 3.90224
201406141130, 3.48492
201406141140, 4.38802
201406141150, 4.60059
201406141200, 5.99371
201406141210, 5.96343
201406141220, 6.10438
201406141230, 6.30089
201406141240, 6.08843
201406141250, 6.59473
201406141300, 6.61241
201406141310, 6.09386
201406141320, 6.29883
201406141330, 5.86664
201406141340, 6.22819
201406141350, 6.47884
201406141400, 6.25456
201406141410, 6.22146
201406141420, 5.55284
201406141430, 4.64138
201406141440, 5.65386
201406141450, 5.11372
201406141500, 5.55816
201406141510, 5.66721
201406141520, 5.05024
201406141530, 4.37283
201406141540, 4.80165
201406141550, 5.70888
201406141600, 5.81565
201406141610, 6.16808
201406141620, 6.76487
201406141630, 7.08518
201406141640, 6.43446
201406141650, 5.29091
201406141700, 6.04026
201406141710, 6.65549
201406141720, 6.68641
201406141730, 6.68544
201406141740, 6.24696
201406141750, 4.52474
201406141800, 5.17622
201406141810, 4.01118
201406141820, 3.95757
201406141830, 3.2283
201406141840, 3.18761
201406141850, 5.35243
201406141900, 4.88216
201406141910, 3.21875
201406141920, 3.98372
201406141930, 4.14117
201406141940, 4.85894
201406141950, 3.84071
201406142000, 4.94586
201406142010, 4.40517
201406142020, 3.99837
201406142030, 4.96647
201406142040, 5.71365
201406142050, 6.13433
201406142100, 5.69303
201406142110, 4.98524
201406142120, 4.398
201406142130, 3.67936
201406142140, 3.71842
201406142150, 3.86903
201406142200, 3.49609
201406142210, 4.58453
201406142220, 4.03375
201406142230, 4.10015
201406142240, 4.26107
201406142250, 4.30436
201406142300, 4.48492
201406142310, 4.21539
201406142320, 5.25814
201406142330, 6.53092
201406142340, 7.62587
201406142350, 5.61925
201406150000, 6.6008
201406150010, 6.31142
201406150020, 5.53147
201406150030, 4.41124
201406150040, 4.66732
201406150050, 6.32845
201406150100, 6.3125
201406150110, 5.82661
201406150120, 6.55946
201406150130, 6.56152
201406150140, 7.46615
201406150150, 4.91536
201406150200, 6.7347
201406150210, 5.9528
201406150220, 7.68652
201406150230, 7.42665
201406150240, 6.61469
201406150250, 6.42936
201406150300, 5.75857
201406150310, 4.69455
201406150320, 2.80621
201406150330, 2.75911
201406150340, 1.97461
201406150350, 1.57161
201406150400, 1.30436
201406150410, 1.78125
201406150420, 1.98785
201406150430, 2.03125
201406150440, 1.92361
201406150450, 2.0497
201406150500, 1.48253
201406150510, 2.48123
201406150520, 3.33594
201406150530, 3.60037
201406150540, 4.18218
201406150550, 4.31098
201406150600, 3.66732
201406150610, 4.00803
201406150620, 4.6072
201406150630, 5.35579
201406150640, 5.4617
201406150650, 5.3138
201406150700, 5.57444
201406150710, 5.57552
201406150720, 6.18077
201406150730, 6.93359
201406150740, 7.45475
201406150750, 7.18587
201406150800, 6.09733
201406150810, 6.28559
201406150820, 7.00694
201406150830, 6.28798
201406150840, 5.85178
201406150850, 5.36534
201406150900, 5.70551
201406150910, 5.52029
201406150920, 5.4553
201406150930, 5.21897
201406150940, 4.52734
201406150950, 3.34918
201406151000, 2.68012
201406151010, 2.27832
201406151020, 2.00022
201406151030, 1.8048
201406151040, 1.3253
201406151050, 1.36925
201406151100, 1.46267
201406151110, 1.33648
201406151120, 1.62728
201406151130, 1.77257
201406151140, 1.43414
201406151150, 1.2947
201406151200, 0.778754
201406151210, 0.580187
201406151220, 0.939019
201406151230, 1.76606
201406151240, 1.54872
201406151250, 1.79926
201406151300, 1.79047
201406151310, 1.74099
201406151320, 1.71864
201406151330, 1.64117
201406151340, 1.68772
201406151350, 1.81782
201406151400, 1.77431
201406151410, 1.7844
201406151420, 2.46918
201406151430, 3.06749
201406151440, 3.04351
201406151450, 2.69586
201406151500, 2.61111
201406151510, 2.37066
201406151520, 2.59299
201406151530, 2.53234
201406151540, 2.33095
201406151550, 2.19586
201406151600, 2.44672
201406151610, 2.42003
201406151620, 2.31847
201406151630, 2.20714
201406151640, 2.30697
201406151650, 1.55979
201406151700, 2.32823
201406151710, 1.48307
201406151720, 1.33626
201406151730, 1.70247
201406151740, 1.50206
201406151750, 1.65126
201406151800, 2.23383
201406151810, 1.45605
201406151820, 1.54666
201406151830, 1.06348
201406151840, 0.882487
201406151850, 0.844184
201406151900, 1.16699
201406151910, 1.04167
201406151920, 1.49034
201406151930, 1.28516
201406151940, 1.5548
201406151950, 1.4528
201406152000, 1.28255
201406152010, 0.795464
201406152020, 0.717882
201406152030, 0.220812
201406152040, 0.421875
201406152050, 0.281141
201406152100, 0.0221354
201406152110, 0.35178
201406152120, 0.00737847
201406152130, 0
201406152140, 0.000868056
201406152150, 0.411567
201406152200, 0.476345
201406152210, 0.336263
201406152220, 0.245334
201406152230, 0.0268012
201406152240, 0.0111762
201406152250, 0.132053
201406152300, 0.0493707
201406152320, 0.100911
201406152330, 0.0819227
201406152340, 0.214518
201406152350, 0.236762
201406160000, 0.183268
201406160010, 0.193142
201406160020, 0
201406160030, 0.000325521
201406160040, 0.000651042
201406160050, 0.199761
201406160100, 0.192925
201406160110, 0.0256076
201406160120, 0.00748698
201406160130, 0.0245226
201406160140, 0.0908203
201406160150, 0.00303819
201406160200, 0.00195312
201406160210, 0.00206163
201406160220, 0.0492622
201406160230, 0.000217014
201406160240, 0.000108507
201406160250, 0.000976562
201406160300, 0
201406160310, 0.00292969
201406160320, 0
201406160330, 0
201406160340, 0
201406160350, 0
201406160400, 0
201406160410, 0
201406160420, 0.0122613
201406160430, 0
201406160440, 0
201406160450, 0.00683594
201406160500, 0.00412326
201406160510, 0.0171441
201406160520, 0.00846354
201406160530, 0
201406160550, 0.00509983
201406160610, 0.00520833
201406160620, 0.0826823
201406160630, 0.0108507
201406160640, 0.0122613
201406160650, 0.000325521
201406160700, 0.00141059
201406160710, 0.000217014
201406160720, 0
201406160730, 0.00119358
201406160740, 0.000108507
201406160750, 0.00130208
201406160810, 0.00173611
201406160820, 0.0447049
201406160830, 0.104818
201406160840, 0.00922309
201406160850, 0.00672743
201406160900, 0.000217014
201406160910, 0.00325521
201406160920, 0.0230035
201406160930, 0.077474
201406160940, 0.00954861
201406160950, 0.0348307
201406161000, 0.0115017
201406161010, 0.0184462
201406161020, 0.00119358
201406161030, 0.00336372
201406161040, 0
201406161050, 0
201406161100, 0.11263
201406161110, 0.00130208
201406161120, 0
201406161130, 0
201406161140, 0.000325521
201406161150, 0
201406161200, 0.000542535
201406161210, 0.000325521
201406161220, 0.000217014
201406161230, 0.00542535
201406161240, 0.000217014
201406161250, 0
201406161300, 0
201406161310, 0
201406161320, 0
201406161330, 0
201406161340, 0
201406161350, 0.0016276
201406161400, 0.00130208
201406161410, 0.0974392
201406161420, 0
201406161430, 0
201406161440, 0.00108507
201406161450, 0.0758464
201406161500, 0.122721
201406161510, 0.000217014
201406161520, 0.158529
201406161530, 0.136393
201406161540, 0.124457
201406161550, 0.176324
201406161600, 0.151476
201406161610, 0.21148
201406161620, 0.253147
201406161630, 0.285807
201406161640, 0.278863
201406161650, 0.274414
201406161700, 0.289388
201406161710, 0.347873
201406161720, 0.298177
201406161730, 0.271376
201406161740, 0.315104
201406161750, 0.239258
201406161800, 0.266819
201406161810, 0.28049
201406161820, 0.406684
201406161830, 0.284831
201406161840, 0.301541
201406161850, 0.206163
201406161900, 0.20638
201406161910, 0.232747
201406161920, 0.248481
201406161930, 0.0615234
201406161940, 0.0692274
201406161950, 0.00303819
201406162000, 0.163303
201406162010, 0.113281
201406162020, 0.0445964
201406162030, 0.177734
201406162040, 0.0736762
201406162050, 0.156467
201406162100, 0.166016
201406162110, 0.138672
201406162120, 0.022895
201406162130, 0.159288
201406162140, 0.0920139
201406162150, 0.14247
201406162200, 0.00759549
201406162210, 0.153754
201406162220, 0.108073
201406162230, 0.0900608
201406162240, 0.130642
201406162250, 0.117839
201406162300, 0.0508898
201406162310, 0.139214
201406162320, 0.1352
201406162330, 0.100152
201406162340, 0.103407
201406162350, 0.055013
201406170000, 0.0616319
201406170010, 0.055013
201406170020, 0.0426432
201406170030, 0.0062934
201406170040, 0.0135634
201406170050, 0.000976562
201406170100, 0.0857205
201406170110, 0.0214844
201406170120, 0.0343967
201406170130, 0
201406170140, 0
201406170150, 0
201406170200, 0.000108507
201406170210, 0.000434028
201406170220, 0.00184462
201406170230, 0
201406170240, 0
201406170250, 0
201406170310, 0.000976562
201406170320, 0
201406170330, 0
201406170340, 0
201406170350, 0.000542535
201406170400, 0
201406170410, 0.00227865
201406170420, 0.000325521
201406170430, 0.208116
201406170440, 0
201406170450, 0.000542535
201406170500, 0
201406170510, 0.0542535
201406170520, 0.000108507
201406170530, 0.0299479
201406170540, 0
201406170550, 0.046875
201406170600, 0.000651042
201406170610, 0
201406170620, 0.00249566
201406170630, 0.0328776
201406170640, 0
201406170650, 0.00412326
201406170700, 0.0549045
201406170710, 0.0531684
201406170720, 0.0660807
201406170730, 0.000108507
201406170740, 0.0282118
201406170750, 0
201406170800, 0.0181207
201406170810, 0.0016276
201406170820, 0.00401476
201406170830, 0.0313585
201406170840, 0.000759549
201406170850, 0.0159505
201406170900, 0.00813802
201406170910, 0.0432943
201406170920, 0.0608724
201406170930, 0.0621745
201406170940, 0.0320095
201406170950, 0.0302734
201406171000, 0.0381944
201406171010, 0.0118273
201406171020, 0.0134549
201406171030, 0.341363
201406171040, 0.0189887
201406171050, 0.0811632
201406171100, 0.0592448
201406171110, 0.101997
201406171120, 0.0730252
201406171130, 0.0871311
201406171140, 0.00694444
201406171150, 0.0145399
201406171200, 0.0299479
201406171210, 0.0846354
201406171220, 0.0150825
201406171230, 0.0973307
201406171240, 0.256402
201406171250, 0.117188
201406171300, 0.129666
201406172050, 1.76628
201406172100, 2.33474
201406172110, 2.70703
201406172120, 2.69596
201406172130, 2.71408
201406172140, 2.81424
201406172150, 2.53396
201406172200, 2.71202
201406172210, 2.38628
201406172220, 2.43001
201406172230, 2.12359
201406172240, 1.99219
201406172250, 1.71419
201406172300, 1.34028
201406172310, 1.15831
201406172320, 1.02507
201406172330, 0.965495
201406172340, 0.573025
201406172350, 0.477105
201406180000, 0.557075
201406180010, 0.0294054
201406180020, 0.046658
201406180030, 0.235026
201406180040, 0.140625
201406180050, 0.134766
201406180100, 0.187934
201406180110, 0.213976
201406180120, 0.146918
201406180130, 0.0128038
201406180140, 0.0845269
201406180150, 0.150065
201406180200, 0.214627
201406180210, 0.078342
201406180220, 0.229601
201406180230, 0.0422092
201406180240, 0.0921224
201406180250, 0.00824653
201406180300, 0.0245226
201406180310, 0.0303819
201406180320, 0
201406180330, 0.00271267
201406180340, 0.0181207
201406180350, 0.180664
201406180400, 0.039605
201406180410, 0.00575087
201406180420, 0.000759549
201406180430, 0.0123698
201406180440, 0.00141059
201406180450, 0.00195312
201406180500, 0.015842
201406180510, 0.00499132
201406180520, 0
201406180530, 0
201406180540, 0.0604384
201406180550, 0.495009
201406180600, 0
201406180610, 0.193251
201406180620, 0.298503
201406180630, 0.150499
201406180640, 0.240451
201406180650, 0.203342
201406180700, 0.409397
201406180710, 0.848958
201406180720, 0.795573
201406180730, 0.560438
201406180740, 1.20312
201406180750, 1.22255
201406180800, 1.44347
201406180810, 0.518121
201406180820, 1.24761
201406180830, 0.636936
201406180840, 1.0829
201406180850, 0.587023
201406180900, 0.961697
201406180910, 0.859375
201406180920, 1.26519
201406180930, 2.3533
201406180940, 2.42318
201406180950, 2.37088
201406181000, 2.0293
201406181010, 0.713976
201406181020, 0.576389
201406181030, 1.35395
201406181040, 1.79308
201406181050, 1.3814
201406181100, 1.49523
201406181110, 0.904948
201406181120, 0.853299
201406181130, 0.635308
201406181140, 0.292318
201406181150, 0.25217
201406181200, 0.158203
201406181210, 0.26454
201406181220, 0.291016
201406181230, 0.349609
201406181240, 0.367079
201406181250, 0.0610894
201406181420, 1.82715
201406181430, 2.13954
201406181440, 2.0867
201406181450, 2.20508
201406181500, 1.81196
201406181510, 1.3648
201406181520, 1.7321
201406181530, 0.909614
201406181540, 0.649848
201406181550, 0.445638
201406181600, 0.691515
201406181610, 0.0371094
201406181620, 0.657986
201406181630, 0.925781
201406181640, 1.1735
201406181650, 1.13639
201406181700, 1.34462
201406181710, 1.07075
201406181720, 1.12804
201406181730, 1.15072
201406181740, 1.55566
201406181750, 0.402995
201406181800, 0.40701
201406181810, 0.170573
201406181820, 0.328559
201406181830, 0.416775
201406181840, 0.437174
201406181850, 0.0581597
201406181900, 0.117296
201406181910, 0.0124783
201406181920, 0.180773
201406181930, 0.855577
201406181940, 1.19195
201406181950, 0.714518
201406182000, 0.724609
201406182010, 0.708984
201406182020, 0.731771
201406182030, 1.00141
201406182040, 1.19282
201406182050, 1.54905
201406182100, 2.06521
201406182110, 1.58659
201406182120, 1.45226
201406182130, 1.20671
201406182140, 0.891602
201406182150, 0.698025
201406182200, 0.518989
201406182210, 0.360569
201406182220, 0.273872
201406182230, 0.0897352
201406182240, 0.121419
201406182250, 0
201406182300, 0.000542535
201406182310, 0.194444
201406182320, 0.0518663
201406182330, 0.0347222
201406182340, 0.0587023
201406182350, 0.158854
201406190000, 0.294922
201406190010, 0.616536
201406190020, 0.738607
201406190030, 0.662326
201406190040, 0.607205
201406190050, 0.899631
201406190100, 1.36502
201406190110, 1.47689
201406190120, 1.63954
201406190130, 1.78483
201406190140, 1.73893
201406190150, 1.88238
201406190200, 1.52832
201406190210, 0.594727
201406190220, 0.425781
201406190230, 0.604709
201406190240, 0.625434
201406190250, 0.307292
201406190300, 0.336046
201406190310, 0.429579
201406190320, 0.225803
201406190330, 0.33865
201406190340, 0.194444
201406190350, 0.186306
201406190400, 0.129991
201406190410, 0.0104167
201406190420, 0.0194227
201406190430, 0.00716146
201406190440, 0.0238715
201406190450, 0.129557
201406190500, 0.0121528
201406190510, 0.000217014
201406190520, 0.00900608
201406190530, 0.0172526
201406190540, 0.0062934
201406190550, 0.00249566
201406190600, 0.00954861
201406190610, 0
201406190620, 0
201406190630, 0
201406190640, 0.000868056
201406190650, 0.0438368
201406190700, 0.00292969
201406190710, 0.0686849
201406190720, 0.0304905
201406190730, 0.0749783
201406190740, 0.00401476
201406190750, 0.0448134
201406190800, 0.113498
201406190810, 0.000651042
201406190820, 0.0760634
201406190830, 0.0563151
201406190840, 0.0247396
201406190850, 0.000868056
201406190900, 0.0106337
201406190910, 0.0491536
201406190920, 0.0220269
201406190930, 0.000325521
201406190940, 0.0207248
201406190950, 0.0592448
201406191000, 0.0340712
201406191010, 0.0354818
201406191020, 0.00379774
201406191030, 0.0588108
201406191040, 0.0878906
201406191050, 0.0272352
201406191100, 0.00705295
201406191110, 0.00108507
201406191120, 0.0465495
201406191130, 0.0551215
201406191140, 0.0163845
201406191150, 0.0031467
201406191200, 0.00401476
201406191210, 0.000108507
201406191220, 0.00792101
201406191230, 0.0016276
201406192010, 2.18403
201406192020, 2.62109
201406192030, 2.85145
201406192040, 2.80197
201406192050, 2.82585
201406192100, 2.16927
201406192110, 2.11003
201406192120, 1.95269
201406192130, 1.74967
201406192140, 1.91135
201406192150, 1.43761
201406192200, 1.44531
201406192210, 1.37196
201406192220, 1.25184
201406192230, 0.885634
201406192240, 0.559896
201406192250, 0.653863
201406192300, 0.59668
201406192310, 0.376302
201406192320, 0.0849609
201406192330, 0.0294054
201406192340, 0.00434028
201406192350, 0.0078125
201406200000, 0.173286
201406200010, 0.0700955
201406200020, 0.0261502
201406200030, 0.0188802
201406200040, 0.0268012
201406200050, 0.0381944
201406200100, 0.0223524
201406200110, 0.00238715
201406200120, 0.0824653
201406200130, 0.0474175
201406200140, 0.527886
201406200150, 1.14258
201406200200, 0.596897
201406200210, 0.342014
201406200220, 0.138997
201406200230, 0.0031467
201406200240, 0.305339
201406200250, 0.225586
201406200300, 0.10753
201406200310, 0.195855
201406200320, 0.0784505
201406200330, 0.207682
201406200340, 0.116428
201406200350, 0.0317925
201406200400, 1.05935
201406200410, 1.34494
201406200420, 1.03592
201406200430, 0.925456
201406200440, 2.36816
201406200450, 4.06022
201406200500, 4.20714
201406200510, 5.77246
201406200520, 6.36111
201406200530, 7.37771
201406200540, 7.12663
201406200550, 8.33615
201406200600, 8.06662
201406200610, 6.35091
201406200620, 8.09928
201406200630, 8.66157
201406200640, 7.27886
201406200650, 9.08095
201406200700, 9.26183
201406200710, 10.1981
201406200720, 8.76161
201406200730, 9.03809
201406200740, 6.91395
201406200750, 6.07563
201406200800, 6.02604
201406200810, 4.23492
201406200820, 2.87348
201406200830, 3.1174
201406200840, 2.80621
201406200850, 3.0064
201406200900, 3.38401
201406200910, 3.92242
201406200920, 5.07823
201406200930, 4.91168
201406200940, 5.97255
201406200950, 5.54536
201406201000, 7.58084
201406201010, 5.16569
201406201020, 7.05501
201406201030, 5.57259
201406201040, 4.09418
201406201050, 5.01769
201406201100, 5.16895
201406201110, 5.3826
201406201120, 6.19824
201406201130, 7.05132
201406201140, 9.35069
201406201150, 7.56966
201406201200, 8.4949
201406201210, 8.39789
201406201220, 10.0341
201406201230, 8.36089
201406201240, 9.92828
201406201250, 9.63487
201406201300, 9.90419
201406201310, 5.3444
201406201320, 7.00987
201406201330, 6.96181
201406201340, 5.59852
201406201350, 5.68609
201406201400, 4.66211
201406201410, 5.12316
201406201420, 3.18446
201406201430, 4.11165
201406201440, 4.39768
201406201450, 4.78266
201406201500, 5.66992
201406201510, 5.91298
201406201520, 4.70063
201406201530, 5.44878
201406201540, 5.83409
201406201550, 6.23947
201406201600, 4.72971
201406201610, 4.12055
201406201620, 3.79275
201406201630, 3.58724
201406201640, 3.00575
201406201650, 3.19629
201406201700, 3.06738
201406201710, 2.9528
201406201720, 3.14909
201406201730, 2.58442
201406201740, 1.26421
201406201750, 0.283637
201406201800, 0.623481
201406201810, 0.692383
201406201820, 1.00716
201406201830, 0.706489
201406201840, 0.748372
201406201850, 0.575087
201406201900, 0.620768
201406201910, 0.227539
201406201920, 0.0690104
201406201930, 0.359049
201406201940, 0.0435113
201406201950, 0.263238
201406202000, 0.51378
201406202010, 1.03754
201406202020, 0.386285
201406202030, 1.7679
201406202040, 1.62956
201406202050, 2.65907
201406202100, 1.84201
201406202110, 1.61513
201406202120, 2.35449
201406202130, 2.59657
201406202140, 2.13726
201406202150, 4.03071
201406202200, 4.0854
201406202210, 3.67502
201406202220, 3.48676
201406202230, 1.87609
201406202240, 1.08116
201406202250, 1.12663
201406202300, 1.39746
201406202310, 1.74588
201406202320, 1.92383
201406202330, 1.24859
201406202340, 2.53874
201406202350, 2.53234
201406210000, 2.24457
201406210010, 2.06456
201406210020, 2.10514
201406210040, 1.53212
201406210050, 1.48926
201406210100, 2.3074
201406210110, 2.42524
201406210120, 2.52029
201406210130, 0.916558
201406210140, 0.718859
201406210150, 1.13487
201406210200, 0.415365
201406210210, 1.06825
201406210220, 1.11686
201406210230, 0.954753
201406210240, 0.761068
201406210250, 0.655599
201406210300, 0.980794
201406210310, 0.442708
201406210320, 0.0456814
201406210330, 0.15625
201406210340, 0.629774
201406210350, 0.160373
201406210400, 0.343424
201406210420, 0.306207
201406210430, 0.0566406
201406210440, 0.264106
201406210450, 0.127604
201406210510, 0.0199653
201406210520, 0.0291884
201406210540, 0.0286458
201406210550, 0.0322266
201406210600, 0
201406210610, 0.015191
201406210620, 0.000217014
201406210630, 0.00705295
201406210640, 0.0190972
201406210650, 0.00878906
201406210700, 0.022678
201406210710, 0.00119358
201406210720, 0.0164931
201406210730, 0.014974
201406210740, 0.00412326
201406210750, 0.077691
201406210800, 0
201406210810, 0.0142144
201406210820, 0.0016276
201406210830, 0.00358073
201406210840, 0.031467
201406210850, 0.00672743
201406210900, 0.00998264
201406210910, 0.0136719
201406210920, 0.0373264
201406210930, 0.000542535
201406210940, 0.00455729
201406210950, 0.440213
201406211000, 0.00792101
201406211010, 0.00965712
201406211020, 0.0031467
201406211030, 0.0333116
201406211040, 0.0113932
201406211050, 0.00325521
201406211110, 0.00444878
201406211120, 0.0125868
201406211130, 0.0015191
201406211140, 0.00770399
201406211150, 0.00108507
201406211200, 0.0133464
201406211210, 0.00271267
201406211220, 0.0247396
201406211230, 0.0170356
201406211240, 0.0121528
201406211250, 0.0015191
201406211300, 0.0147569
201406211310, 0.00238715
201406211320, 0.000434028
201406211330, 0.000651042
201406211340, 0.0121528
201406211350, 0.000651042
201406211400, 0
201406211410, 0.000542535
201406211420, 0.000434028
201406211430, 0.000217014
201406211440, 0
201406211450, 0.0093316
201406211500, 0.00184462
201406211510, 0.000651042
201406211520, 0.0329861
201406211530, 0.0015191
201406211540, 0.000108507
201406211550, 0
201406211600, 0
201406211610, 0
201406211620, 0
201406211630, 0
201406211640, 0.0134549
201406211650, 0.000542535
201406211700, 0.00455729
201406211710, 0.00423177
201406211720, 0.000542535
201406211730, 0
201406211740, 0.00249566
201406211750, 0.00130208
201406211800, 0
201406211810, 0.0103082
201406211820, 0.00260417
201406211830, 0.0167101
201406211840, 0.00206163
201406211850, 0.00683594
201406211900, 0.00173611
201406211910, 0.00770399
201406211920, 0
201406211930, 0
201406211940, 0
201406211950, 0
201406212000, 0.000868056
201406212010, 0
201406212020, 0.00195312
201406212030, 0.00303819
201406212040, 0
201406212050, 0.000542535
201406212100, 0.000108507
201406212110, 0.000434028
201406212120, 0.00889757
201406212130, 0.0129123
201406212140, 0.00379774
201406212150, 0.0186632
201406212200, 0
201406212210, 0.000868056
201406212220, 0
201406212230, 0.0016276
201406212240, 0.000651042
201406212250, 0.00477431
201406212300, 0.00802951
201406212310, 0.00292969
201406212320, 0.00141059
201406212330, 0
201406212340, 0.00705295
201406212350, 0.00303819
201406220000, 0.0062934
201406220010, 0.00585938
201406220020, 0.0148655
201406220030, 0.000542535
201406220040, 0.0243056
201406220050, 0.000217014
201406220100, 0.000108507
201406220110, 0.00217014
201406220120, 0.000325521
201406220130, 0.00651042
201406220140, 0.00412326
201406220150, 0.000976562
201406220200, 0.054145
201406220210, 0.0920139
201406220220, 0
201406220230, 0.000542535
201406220240, 0.0192057
201406220250, 0.0193142
201406220300, 0.0093316
201406220310, 0.000542535
201406220320, 0
201406220330, 0.0746528
201406220340, 0.0120443
201406220350, 0.00238715
201406220400, 0.00705295
201406220410, 0.0247396
201406220420, 0.00130208
201406220430, 0.00672743
201406220440, 0.0119358
201406220450, 0.0167101
201406220500, 0.000325521
201406220510, 0.00184462
201406220520, 0
201406220530, 0.00434028
201406220540, 0.000325521
201406220550, 0.000976562
201406220600, 0.00759549
201406220610, 0.0133464
201406220620, 0.000651042
201406220630, 0.00347222
201406220640, 0.000217014
201406220650, 0.0731337
201406220700, 0.0143229
201406220710, 0.0272352
201406220720, 0.00227865
201406220730, 0.00249566
201406220740, 0
201406220750, 0.00824653
201406220800, 0
201406220810, 0.000325521
201406220820, 0.00401476
201406220830, 0.00759549
201406220840, 0.000976562
201406220850, 0.0338542
201406220900, 0.000217014
201406220910, 0.0724826
201406220920, 0.015625
201406220930, 0.00846354
201406220940, 0.0474175
201406220950, 0.0167101
201406221000, 0
201406221010, 0.0171441
201406221020, 0.109809
201406221030, 0.135851
201406221040, 0.0418837
201406221050, 0.305556
201406221100, 0.287435
201406221110, 0.160807
201406221120, 0.269206
201406221130, 0.210829
201406221140, 0.11849
201406221150, 0.0078125
201406221200, 0.00716146
201406221210, 0.0481771
201406221220, 0.0384115
201406221230, 0.114475
201406221240, 0.0923394
201406221250, 0.180881
201406221300, 0.015625
201406221310, 0.271701
201406221320, 0.294379
201406221330, 0.302626
201406221340, 0.308702
201406221350, 0.264106
201406221400, 0.327148
201406221410, 0.185981
201406221420, 0.319661
201406221430, 0.27908
201406221440, 0.188802
201406221450, 0.158312
201406221500, 0.224609
201406221510, 0.245551
201406221520, 0.541558
201406221530, 0.329102
201406221540, 0.385851
201406221550, 0.268121
201406221600, 0.217665
201406221610, 0.231554
201406221620, 0.388021
201406221630, 0.243598
201406221640, 0.877604
201406221650, 0.34158
201406221700, 0.0350477
201406221710, 0.389757
201406221720, 0.309679
201406221730, 0.0180122
201406221740, 0.419488
201406221750, 0.0409071
201406221800, 0.109049
201406221810, 0.340603
201406221820, 0.189345
201406221830, 0.411133
201406221840, 0.352214
201406221850, 0.249457
201406221900, 0.347439
201406221910, 0.531358
201406221920, 0.466471
201406221930, 0.366428
201406221940, 0.21072
201406221950, 0.233941
201406222000, 0.280056
201406222010, 0.215061
201406222020, 0.143446
201406222030, 0.142904
201406222040, 0.107639
201406222050, 0.0952691
201406222100, 0.00889757
201406222110, 0.2398
201406222120, 0.0907118
201406222130, 0.0848524
201406222140, 0.00553385
201406222150, 0.116102
201406222200, 0.0975477
201406222210, 0.0605469
201406222220, 0.054579
201406222230, 0.00759549
201406222240, 0.0619575
201406222250, 0.14247
201406222300, 0.140734
201406222310, 0.102214
201406222320, 0.185113
201406222330, 0.220812
201406222340, 0.177192
201406222350, 0.223199
201406230000, 0.111437
201406230010, 0.223524
201406230020, 0.22602
201406230030, 0.204644
201406230040, 0.0338542
201406230050, 0.174913
201406230100, 0.179796
201406230110, 0.00401476
201406230120, 0.0724826
201406230130, 0.0272352
201406230140, 0.0355903
201406230150, 0.0500217
201406230200, 0.248047
201406230210, 0.273003
201406230220, 0.205187
201406230230, 0.195964
201406230240, 0.173937
201406230250, 0.000325521
201406230300, 0.00716146
201406230310, 0.0847439
201406230320, 0.0960286
201406230330, 0.062283
201406230340, 0.130317
201406230350, 0.155056
201406230400, 0.144965
201406230410, 0.109049
201406230420, 0.134006
201406230430, 0.134332
201406230440, 0.105686
201406230450, 0.118815
201406230500, 0.0472005
201406230510, 0.1352
201406230520, 0.0556641
201406230530, 0.0601128
201406230540, 0.0340712
201406230550, 0.0435113
201406230600, 0.0458984
201406230610, 0.0270182
201406230620, 0.0269097
201406230630, 0.0232205
201406230640, 0.0799696
201406230650, 0.0555556
201406230700, 0.0355903
201406230710, 0.000976562
201406230720, 0
201406230730, 0.00141059
201406230740, 0.00336372
201406230750, 0.0101997
201406230800, 0.000651042
201406230810, 0.0015191
201406230820, 0.000759549
201406230830, 0.000108507
201406230840, 0.115343
201406230850, 0.046441
201406230900, 0.00683594
201406230910, 0.014974
201406230920, 0.00553385
201406230930, 0
201406230940, 0.0104167
201406230950, 0.00857205
201406231000, 0.000108507
201406231010, 0
201406231020, 0.00542535
201406231030, 0
201406231040, 0.0249566
201406231050, 0.0135634
201406231100, 0.00499132
201406231110, 0.0107422
201406231120, 0.249674
201406231130, 0.236111
201406231140, 0.150174
201406231150, 0.50434
201406231200, 0.248589
201406231210, 0.294705
201406231220, 0.402778
201406231230, 0.297526
201406231240, 0.587565
201406231250, 0.83648
201406231300, 1.03537
201406231310, 0.867188
201406231320, 0.822917
201406231330, 0.948242
201406231340, 1.32389
201406231350, 1.17383
201406231400, 1.37967
201406231410, 1.66645
201406231420, 2.00792
201406231430, 1.37739
201406231440, 2.32509
201406231450, 2.09885
201406231500, 0.959635
201406231510, 1.41037
201406231520, 1.04438
201406231530, 1.07194
201406231540, 1.36111
201406231550, 1.02951
201406231600, 1.76736
201406231610, 1.07769
201406231620, 1.07389
201406231630, 0.804796
201406231640, 1.03451
201406231650, 0.562609
201406231700, 0.691623
201406231710, 0.712999
201406231720, 1.06098
201406231730, 0.962782
201406231740, 0.65918
201406231750, 0.507161
201406231800, 0.280165
201406231810, 0.0223524
201406231820, 0.313802
201406231830, 0.182726
201406231840, 0.695312
201406231850, 0.761936
201406231900, 0.376194
201406231910, 0.273763
201406231920, 0.274848
201406231930, 0.275282
201406231940, 0.264865
201406231950, 0.166341
201406232000, 0.167643
201406232010, 0.16276
201406232020, 0.0611979
201406232030, 0.0842014
201406232040, 0.225152
201406232050, 0.251736
201406232100, 0.789714
201406232110, 0.355794
201406232120, 0.390082
201406232130, 0.0404731
201406232140, 0.532986
201406232150, 0.848958
201406232200, 1.15983
201406232210, 1.67817
201406232220, 0.949653
201406232230, 1.1798
201406232240, 1.26508
201406232250, 1.09527
201406232300, 0.519206
201406232310, 1.14106
201406232320, 0.678277
201406232330, 0.8125
201406232340, 1.04395
201406232350, 0.66135
201406240000, 0.391927
201406240010, 0.0199653
201406240020, 0.0757378
201406240030, 0.0533854
201406240040, 0.0112847
201406240050, 0.117296
201406240100, 0.0211589
201406240110, 0.0131293
201406240120, 0.10102
201406240130, 0.00477431
201406240140, 0.0161675
201406240150, 0.190213
201406240200, 0.204536
201406240210, 0.17296
201406240220, 0.0269097
201406240230, 0.291992
201406240240, 0.593207
201406240250, 0.327691
201406240300, 0.0273438
201406240310, 0.111328
201406240320, 0.126845
201406240330, 0.129557
201406240340, 0.015191
201406240350, 0.093316
201406240400, 0.235894
201406240410, 0.0328776
201406240420, 0.0190972
201406240430, 0.0513238
201406240440, 0.0632595
201406240450, 0.0214844
201406240500, 0.0297309
201406240510, 0.0404731
201406240520, 0.00347222
201406240530, 0.0166016
201406240540, 0.0225694
201406240550, 0.0513238
201406240600, 0.016059
201406240610, 0.0143229
201406240620, 0.29069
201406240630, 0.224718
201406240640, 0.0195312
201406240650, 0.219618
201406240700, 0.204644
201406240710, 0.297309
201406240720, 0.353407
201406240730, 0.203125
201406240740, 0.138455
201406240750, 0.0600043
201406240800, 0.16428
201406240810, 0.190972
201406240820, 0.150825
201406240830, 0.0597873
201406240840, 0.093099
201406240850, 0.0262587
201406240900, 0.0431858
201406240910, 0.0202908
201406240920, 0.0513238
201406240930, 0.055013
201406240940, 0.0182292
201406240950, 0.0351562
201406241000, 0.0207248
201406241010, 0.0355903
201406241020, 0.0252821
201406241030, 0.0567491
201406241040, 0.142687
201406241050, 0.0406901
201406241100, 0.269097
201406241110, 0.297526
201406241120, 0.32053
201406241130, 0.367622
201406241140, 0.177192
201406241150, 0.273003
201406241200, 0.357856
201406241210, 0.193902
201406241220, 0.113607
201406241230, 0.180013
201406241240, 0.0343967
201406241250, 0.176107
201406241300, 0.0716146
201406241310, 0.191081
201406241320, 0.237739
201406241330, 0.481771
201406241340, 0.273546
201406241350, 0.481554
201406241400, 0.40549
201406241410, 0.607422
201406241420, 0.396159
201406241430, 0.390842
201406241440, 0.16059
201406241450, 0.0836589
201406241500, 0.198242
201406241510, 0.03852
201406241520, 0.0285373
201406241530, 0.107422
201406241540, 0.0442708
201406241550, 0.000868056
201406241600, 0.111545
201406241610, 0.0093316
201406241620, 0.078342
201406241630, 0.00108507
201406241640, 0.00303819
201406241650, 0
201406241700, 0
201406241710, 0.0227865
201406241720, 0.00260417
201406241730, 0.000976562
201406241740, 0.0116102
201406241750, 0.038954
201406241800, 0.00846354
201406241810, 0
201406241820, 0.0078125
201406241830, 0
201406241840, 0.0118273
201406241850, 0.0285373
201406241900, 0.0031467
201406241910, 0.000542535
201406241920, 0.134983
201406241930, 0
201406241940, 0.00770399
201406241950, 0.0379774
201406242000, 0.00564236
201406242010, 0.000217014
201406242020, 0.117079
201406242030, 0.000325521
201406242040, 0
201406242050, 0.156576
201406242100, 0.207357
201406242110, 0.192708
201406242120, 0.0275608
201406242130, 0.119575
201406242140, 0.432617
201406242150, 0.405816
201406242200, 1.20171
201406242210, 1.53103
201406242220, 1.64572
201406242230, 1.31337
201406242240, 1.02984
201406242250, 1.6454
201406242300, 0.342882
201406242310, 0.639323
201406242320, 0.400174
201406242330, 0.220161
201406242340, 0.130642
201406242350, 0
201406250000, 0
201406250010, 0
201406250020, 0.000217014
201406250030, 0.407444
201406250040, 0.236111
201406250050, 0.763889
201406250100, 0.132161
201406250110, 0.651476
201406250120, 0.855469
201406250130, 0.778429
201406250140, 0.602756
201406250150, 0.650716
201406250200, 0.41059
201406250210, 1.14258
201406250220, 0.115777
201406250230, 0.0250651
201406250240, 0.0341797
201406250250, 0.613281
201406250300, 2.07693
201406250310, 2.18956
201406250320, 2.99154
201406250330, 2.41395
201406250340, 2.74588
201406250350, 3.5791
201406250400, 3.6913
201406250410, 4.5089
201406250420, 4.68283
201406250430, 5.42209
201406250440, 5.89844
201406250450, 4.86144
201406250500, 5.06695
201406250510, 2.73644
201406250520, 3.77756
201406250530, 3.67806
201406250540, 3.96864
201406250550, 4.28874
201406250600, 5.13184
201406250610, 5.81293
201406250620, 5.52539
201406250630, 5.82498
201406250640, 5.3074
201406250650, 5.5612
201406250700, 6.09169
201406250710, 5.30849
201406250720, 6.43739
201406250730, 6.32389
201406250740, 6.54178
201406250750, 6.0676
201406250800, 6.7155
201406250810, 7.01215
201406250820, 6.79709
201406250830, 7.51085
201406250840, 6.89974
201406250850, 5.81955
201406250900, 4.91927
201406250910, 4.31369
201406250920, 3.94716
201406250930, 2.97233
201406250940, 1.99414
201406250950, 1.16732
201406251000, 0.747613
201406251010, 0.178168
201406251020, 0.0110677
201406251030, 0.00423177
201406251040, 0.0113932
201406251050, 0.00206163
201406251100, 0.0355903
201406251110, 0.0146484
201406251120, 0.0625
201406251130, 0.0015191
201406251140, 0.0131293
201406251150, 0.215061
201406251200, 0.0506727
201406251210, 0.118056
201406251220, 0.000542535
201406251230, 0.00336372
201406251240, 0.00661892
201406251250, 0
201406251300, 0
201406251310, 0
201406251320, 0.00108507
201406251330, 0
201406251340, 0.00141059
201406251350, 0
201406251400, 0.0046658
201406251410, 0.00488281
201406251420, 0.00499132
201406251430, 0.00770399
201406251440, 0.0196398
201406251450, 0.0326606
201406251500, 0.0728082
201406251510, 0.265625
201406251520, 0.577691
201406251530, 0.181098
201406251540, 0.455404
201406251550, 0.301324
201406251600, 0.137153
201406251610, 0.468533
201406251620, 0.371853
201406251630, 0.59299
201406251640, 0.318359
201406251650, 0.664062
201406251700, 0.559787
201406251710, 0.620009
201406251720, 0.575738
201406251730, 0.691949
201406251740, 0.87934
201406251750, 0.74056
201406251800, 0.724284
201406251810, 0.509332
201406251820, 0.533963
201406251830, 0.355252
201406251840, 0.360026
201406251850, 0.264757
201406251900, 0.151476
201406251910, 0.251411
201406251920, 0.323676
201406251930, 0.247504
201406251940, 0.317925
201406251950, 0.333659
201406252000, 0.352973
201406252010, 0.354926
201406252020, 0.30523
201406252030, 0.47819
201406252040, 0.162869
201406252050, 0.189345
201406252100, 0.10829
201406252110, 0.0639106
201406252120, 0.163086
201406252130, 0.224718
201406252140, 0.289171
201406252150, 0.1875
201406252200, 0.380317
201406252210, 0.680664
201406252220, 0.857096
201406252230, 0.380534
201406252240, 0.244792
201406252250, 0.230035
201406252300, 0.156793
201406252310, 0.214193
201406252320, 0.204319
201406252330, 0.408203
201406252340, 0.237413
201406252350, 0.437283
201406260000, 0.203993
201406260010, 0.0192057
201406260020, 0.0537109
201406260030, 0.179036
201406260040, 0.381185
201406260050, 0.304362
201406260100, 0.0218099
201406260110, 0.186198
201406260120, 0.122396
201406260130, 0.242405
201406260140, 0.414605
201406260150, 1.2194
201406260200, 1.35482
201406260210, 1.03993
201406260220, 0.946181
201406260230, 1.2883
201406260240, 2.0383
201406260250, 2.31098
201406260300, 1.46387
201406260310, 1.04709
201406260320, 0.988064
201406260330, 1.2053
201406260340, 1.02789
201406260350, 1.23275
201406260400, 1.27517
201406260410, 0.823134
201406260420, 0.739366
201406260430, 0.55089
201406260440, 0.882704
201406260450, 0.813151
201406260500, 1.08442
201406260510, 1.09766
201406260520, 1.37207
201406260530, 1.75673
201406260540, 1.46094
201406260550, 1.7321
201406260600, 1.64507
201406260610, 2.72711
201406260620, 2.31011
201406260630, 2.87261
201406260640, 3.18978
201406260650, 2.07888
201406260700, 2.9337
201406260710, 2.48991
201406260720, 1.47309
201406260730, 1.87858
201406260740, 0.59299
201406260750, 0.270942
201406260800, 0.0746528
201406260810, 0.0521918
201406260820, 0.00542535
201406260830, 0.000108507
201406260840, 0.0904948
201406260900, 0.00846354
201406260910, 0.0132378
201406260920, 0.0572917
201406260930, 0.0609809
201406260950, 0.0134549
201406261010, 0
201406261020, 0.00585938
201406261030, 0.00206163
201406261040, 0.00282118
201406261050, 0.00292969
201406261100, 0.000651042
201406261110, 0.00227865
201406261120, 0.00271267
201406261130, 0.0130208
201406261140, 0.104384
201406261150, 0.0332031
201406261200, 0.114692
201406261210, 0.176215
201406261220, 0.0903863
201406261230, 0.275499
201406261240, 0.349826
201406261250, 0.0738932
201406261300, 0.126302
201406261310, 0.444227
201406261320, 0.459201
201406261330, 0.201389
201406261340, 0.556532
201406261350, 0.620877
201406261400, 1.14681
201406261410, 1.12891
201406261420, 1.61068
201406261430, 1.60634
201406261440, 1.97656
201406261450, 1.90017
201406261500, 2.13498
201406261510, 2.21126
201406261520, 1.57791
201406261530, 1.51769
201406261540, 1.37218
201406261550, 0.87424
201406261600, 0.507704
201406261610, 0.636502
201406261620, 0.445964
201406261630, 0.385851
201406261640, 0.463325
201406261650, 0.491645
201406261700, 0.516493
201406261710, 0.197157
201406261720, 0.109375
201406261730, 0.256076
201406261740, 0.0890842
201406261750, 0.472331
201406261800, 0.234375
201406261810, 0.478407
201406261820, 1.15202
201406261830, 0.518338
201406261840, 0.586697
201406261850, 0.422635
201406261900, 0.166992
201406261910, 0.359809
201406261920, 0.179579
201406261930, 0.219293
201406261940, 0.433702
201406261950, 0.129557
201406262000, 0.42079
201406262010, 0.427951
201406262020, 0.439887
201406262030, 0.198134
201406262040, 0.148763
201406262050, 0.437391
201406262100, 0.391602
201406262110, 0.291558
201406262120, 0.41059
201406262130, 0.822374
201406262140, 0.304796
201406262150, 0.28559
201406262200, 1.13422
201406262210, 0.900608
201406262220, 0.830187
201406262230, 1.264
201406262240, 0.817925
201406262250, 0.956706
201406262300, 0.564236
201406262310, 0.849609
201406262320, 0.844944
201406262330, 1.02637
201406262340, 0.94911
201406262350, 1.26638
201406270000, 1.1531
201406270010, 1.07682
201406270020, 1.18099
201406270030, 1.05881
201406270040, 1.08301
201406270050, 0.997504
201406270100, 0.923286
201406270110, 0.991428
201406270120, 0.282444
201406270130, 1.2321
201406270140, 0.851237
201406270150, 0.957682
201406270200, 1.47081
201406270210, 1.43468
201406270220, 1.44336
201406270230, 1.61871
201406270240, 1.55089
201406270250, 1.46126
201406270300, 1.61165
201406270310, 1.11643
201406270320, 0.54872
201406270330, 0.567491
201406270340, 0.396159
201406270350, 0.140951
201406270400, 0.33138
201406270410, 0.845595
201406270420, 1.05122
201406270430, 0.357964
201406270440, 0.452691
201406270450, 0.544705
201406270500, 0.418945
201406270510, 0.49924
201406270520, 0.594727
201406270530, 0.398112
201406270540, 0.521593
201406270550, 0.72895
201406270600, 0.775282
201406270610, 0.674154
201406270620, 0.449653
201406270630, 0.154297
201406270640, 0.0304905
201406270650, 0.0553385
201406270700, 0.306207
201406270710, 1.04297
201406270720, 1.4388
201406270730, 1.28841
201406270740, 0.852539
201406270750, 0.283312
201406270800, 0.0736762
201406270810, 0.0735677
201406270820, 0.015408
201406270830, 0.0202908
201406270840, 0.0210503
201406270850, 0.0384115
201406270900, 0.485677
201406270910, 0.0996094
201406270920, 0.443142
201406270930, 0.0259332
201406270940, 0.344835
201406270950, 0.0272352
201406271000, 0.29145
201406271010, 0.195747
201406271020, 0.356988
201406271030, 0.00737847
201406271040, 0
201406271050, 0.369249
201406271100, 0.0110677
201406271110, 0.00217014
201406271120, 0.191623
201406271130, 0.338759
201406271140, 0.00857205
201406271150, 0.0169271
201406271200, 0.0578342
201406271210, 0.353516
201406271220, 0.254449
201406271230, 0.180339
201406271240, 0.480469
201406271250, 0.579753
201406271300, 0.455404
201406271310, 0.503798
201406271320, 0.659071
201406271330, 0.613281
201406271340, 0.888997
201406271350, 1.21224
201406271400, 1.22146
201406271410, 2.33681
201406271420, 2.34581
201406271430, 2.55762
201406271440, 3.06999
201406271450, 2.73698
201406271500, 2.34028
201406271510, 1.89117
201406271520, 0.464301
201406271530, 0.649197
201406271540, 0.25
201406271550, 0.0294054
201406271600, 0.264106
201406271610, 0.148655
201406271620, 0.0118273
201406271630, 0.159614
201406271640, 0.0334201
201406271650, 0.0062934
201406271700, 0.00759549
201406271710, 0.0181207
201406271720, 0.0219184
201406271730, 0.030816
201406271740, 0.129015
201406271750, 0.0948351
201406271800, 0.00792101
201406271810, 0.015842
201406271820, 0.200738
201406271830, 0.113607
201406271840, 0.00336372
201406271850, 0.198134
201406271900, 0.607639
201406271910, 0.204861
201406271920, 0.149414
201406271930, 0.263346
201406271940, 0.0923394
201406271950, 0.330512
201406272000, 0.281684
201406272010, 0.335395
201406272020, 0.329753
201406272030, 0.305664
201406272040, 0.269531
201406272050, 0.319987
201406272100, 0.183919
201406272110, 0.255208
201406272120, 0.217122
201406272130, 0.175781
201406272140, 0.327582
201406272150, 0.346788
201406272200, 0.484592
201406272210, 0.32053
201406272220, 0.437717
201406272230, 0.567817
201406272240, 0.33572
201406272250, 0.451823
201406272300, 0.475694
201406272310, 0.491862
201406272320, 0.291667
201406272330, 0.261393
201406272340, 0.0826823
201406272350, 0.0657552
201406280000, 0.307617
201406280010, 0.206489
201406280020, 0.123481
201406280030, 0.249023
201406280040, 0.149306
201406280050, 0.21072
201406280100, 0.22092
201406280110, 0.157335
201406280120, 0.310221
201406280130, 0.290256
201406280140, 0.398438
201406280150, 0.433702
201406280200, 0.60319
201406280210, 0.614909
201406280220, 0.694661
201406280230, 0.740994
201406280240, 0.62934
201406280250, 0.620443
201406280300, 0.64898
201406280310, 0.271593
201406280320, 0.334852
201406280330, 0.157986
201406280340, 0.335395
201406280350, 0.440647
201406280400, 0.30013
201406280410, 0.55089
201406280420, 0.214952
201406280430, 0.144206
201406280440, 0.173394
201406280450, 0.663086
201406280500, 0.439019
201406280510, 0.416124
201406280520, 0.180013
201406280530, 0.483073
201406280540, 0.596029
201406280550, 0.679362
201406280600, 0.459093
201406280610, 0.793186
201406280620, 0.246311
201406280630, 0.34375
201406280640, 0.675781
201406280650, 0.607096
201406280700, 0.76964
201406280710, 0.787001
201406280720, 0.688477
201406280730, 0.541775
201406280740, 0.00379774
201406280750, 0.00260417
201406280800, 0.00531684
201406280810, 0.0451389
201406280820, 0.00282118
201406280830, 0.000108507
201406280840, 0.00141059
201406280850, 0.00108507
201406280900, 0.0015191
201406280910, 0.00390625
201406280920, 0.330187
201406280930, 0.395399
201406280940, 0.00195312
201406280950, 0.0126953
201406281000, 0.000217014
201406281010, 0.00889757
201406281020, 0.00401476
201406281030, 0
201406281040, 0
201406281050, 0.00227865
201406281100, 0.00792101
201406281110, 0.00217014
201406281120, 0.00575087
201406281130, 0.281033
201406281140, 0.00282118
201406281150, 0.28342
201406281200, 0.0330946
201406281210, 0.0456814
201406281220, 0.0668403
201406281230, 0.0544705
201406281240, 0.214627
201406281250, 0.031467
201406281300, 0.236328
201406281310, 0.239258
201406281320, 0.193142
201406281330, 0.613498
201406281340, 0.709852
201406281350, 0.901259
201406281400, 0.26964
201406281410, 0.446289
201406281420, 1.82368
201406281430, 0.972331
201406281440, 1.11556
201406281450, 0.781358
201406281500, 0.683051
201406281510, 0.712023
201406281520, 0.652886
201406281530, 0.265951
201406281540, 0.151693
201406281550, 0.233181
201406281600, 0.321072
201406281610, 0.0684679
201406281620, 0.0384115
201406281630, 0.022895
201406281640, 0.605577
201406281650, 0.448568
201406281700, 0.0686849
201406281710, 0.0326606
201406281720, 0.0927734
201406281730, 0.171115
201406281740, 0.00998264
201406281750, 0.149414
201406281800, 0.00249566
201406281810, 0.0817057
201406281820, 0.0115017
201406281830, 0.0200738
201406281840, 0.0225694
201406281850, 0.0094401
201406281900, 0
201406281910, 0.000868056
201406281920, 0.0078125
201406281930, 0.00748698
201406281940, 0.0136719
201406281950, 0.129232
201406282000, 0.127821
201406282010, 0.106445
201406282020, 0.195855
201406282030, 0.198785
201406282040, 0.0849609
201406282050, 0.0593533
201406282100, 0.0246311
201406282110, 0.0147569
201406282120, 0.0335286
201406282130, 0.326606
201406282140, 0.277778
201406282150, 0.14464
201406282200, 0.147244
201406282210, 0.0215929
201406282220, 0.121636
201406282230, 0.217773
201406282240, 0.00802951
201406282250, 0.039171
201406282300, 0
201406282310, 0.0691189
201406282320, 0.00835503
201406282330, 0.0384115
201406282340, 0.0640191
201406282350, 0.0536024
201406290000, 0.00575087
201406290010, 0.00336372
201406290020, 0.0919054
201406290030, 0.13444
201406290040, 0.0581597
201406290050, 0.0403646
201406290100, 0.0511068
201406290110, 0.328016
201406290120, 0.714627
201406290130, 1.14974
201406290140, 1.66656
201406290150, 1.83431
201406290200, 1.85178
201406290210, 1.88043
201406290220, 1.73861
201406290230, 1.48969
201406290240, 1.43023
201406290250, 1.74902
201406290300, 1.51194
201406290310, 1.47428
201406290320, 1.52409
201406290330, 1.49913
201406290340, 1.01519
201406290350, 0.799371
201406290400, 0.890625
201406290410, 1.22504
201406290420, 0.60026
201406290430, 1.32042
201406290440, 0.855903
201406290450, 1.08529
201406290500, 0.917318
201406290510, 0.726237
201406290520, 0.432943
201406290530, 0.46658
201406290540, 0.702474
201406290550, 0.419813
201406290600, 0.534722
201406290610, 0.290799
201406290620, 0.342339
201406290630, 0.392253
201406290640, 0.43826
201406290650, 0.521484
201406290700, 0.605577
201406290710, 0.0269097
201406290720, 0.0336372
201406290730, 0.000976562
201406290740, 0
201406290750, 0.015625
201406290800, 0.00672743
201406290810, 0.000976562
201406290820, 0.00260417
201406290830, 0
201406290840, 0.128689
201406290850, 0.00520833
201406290900, 0.0601128
201406290910, 0.00813802
201406290920, 0.0301649
201406290930, 0.0361328
201406290940, 0.00347222
201406290950, 0.237956
201406291000, 0.106228
201406291010, 0.187391
201406291020, 0.0894097
201406291030, 0.189453
201406291040, 0.00726997
201406291050, 0.116319
201406291100, 0.195964
201406291110, 0.21441
201406291120, 0.153754
201406291130, 0.113715
201406291140, 0.0954861
201406291150, 0.0775825
201406291200, 0.332357
201406291210, 0.904405
201406291220, 1.33377
201406291230, 0.612413
201406291240, 0.415473
201406291250, 0.331814
201406291300, 0.792101
201406291310, 1.30935
201406291320, 1.58594
201406291330, 2.28266
201406291340, 1.41547
201406291350, 0.997721
201406291400, 1.14062
201406291410, 0.843642
201406291420, 0.64464
201406291430, 0.559896
201406291440, 0.519097
201406291450, 0.315755
201406291500, 0.115668
201406291510, 0.321072
201406291520, 0.176107
201406291530, 0.388346
201406291540, 0.0207248
201406291550, 0.13227
201406291600, 0.139974
201406291610, 0.10753
201406291620, 0.0481771
201406291630, 0.0428602
201406291640, 0.209201
201406291650, 0.0465495
201406291700, 0.000868056
201406291710, 0.000759549
201406291720, 0.126736
201406291730, 0.0296224
201406291740, 0.303494
201406291750, 0.349392
201406291800, 0.206489
201406291810, 0.248806
201406291820, 0.282335
201406291830, 0.216797
201406291840, 0.00726997
201406291850, 0.0852865
201406291900, 0.0512153
201406291910, 0.00260417
201406291920, 0.0299479
201406291930, 0.00217014
201406291940, 0.0455729
201406291950, 0.038954
201406292000, 0.0179036
201406292010, 0.0797526
201406292020, 0.0732422
201406292030, 0.0297309
201406292040, 0.0614149
201406292050, 0.413303
201406292100, 0.508898
201406292110, 0.538194
201406292120, 0.416124
201406292130, 0.182943
201406292140, 0.135851
201406292150, 0.0343967
201406292200, 0.0139974
201406292210, 0.0400391
201406292220, 0.00477431
201406292230, 0
201406292240, 0.000542535
201406292250, 0.000325521
201406292300, 0.00390625
201406292310, 0
201406292320, 0.0146484
201406292330, 0.24197
201406292340, 0.00542535
201406292350, 0.00661892
201406300000, 0.0093316
201406300010, 0.0218099
201406300020, 0.123264
201406300030, 0.0291884
201406300040, 0.0359158
201406300050, 0.0945095
201406300100, 0.085178
201406300110, 0.0378689
201406300120, 0.427409
201406300130, 0.889106
201406300140, 1.13357
201406300150, 0.936415
201406300200, 0.908095
201406300210, 0.943902
201406300220, 1.15777
201406300230, 1.25955
201406300240, 1.25477
201406300250, 1.36361
201406300300, 1.13281
201406300310, 1.80762
201406300320, 1.40441
201406300330, 0.986545
201406300340, 1.18327
201406300350, 1.65766
201406300400, 1.87337
201406300410, 1.83854
201406300420, 1.46517
201406300430, 2.23904
201406300440, 2.1799
201406300450, 1.93012
201406300500, 2.36654
201406300510, 0.822808
201406300520, 0.492839
201406300530, 0.564236
201406300540, 0.75434
201406300550, 1.26541
201406300600, 0.934896
201406300610, 0.939779
201406300620, 2.21984
201406300630, 1.12598
201406300640, 0.361979
201406300650, 0.187066
201406300700, 0.279839
201406300710, 0.255751
201406300720, 0.0844184
201406300730, 0.0202908
201406300740, 0.0673828
201406300750, 0.11849
201406300800, 0.0690104
201406300810, 0.581597
201406300820, 0.130425
201406300830, 0.131293
201406300840, 0.0198568
201406300850, 0.00661892
201406300900, 0.00596788
201406300910, 0.0093316
201406300920, 0.00575087
201406300930, 0.00141059
201406300940, 0.00358073
201406300950, 0.00390625
201406301000, 0.00325521
201406301010, 0.0062934
201406301020, 0
201406301030, 0.0031467
201406301040, 0.00553385
201406301050, 0.000759549
201406301100, 0.00531684
201406301110, 0.00596788
201406301120, 0.00509983
201406301130, 0.00423177
201406301140, 0.00444878
201406301150, 0.000868056
201406301200, 0.0455729
201406301210, 0.015408
201406301220, 0
201406301230, 0.0677083
201406301240, 0.00499132
201406301250, 0
201406301300, 0
201406301310, 0.00868056
201406301320, 0.0734592
201406301330, 0.00640191
201406301340, 0.0278863
201406301350, 0.131402
201406301400, 0.24707
201406301410, 0.0865885
201406301420, 0.140516
201406301430, 0.295356
201406301440, 0.392036
201406301450, 0.342014
201406301500, 0.689453
201406301510, 0.793403
201406301520, 0.956163
201406301530, 0.919596
201406301540, 0.887912
201406301550, 0.867079
201406301600, 0.365451
201406301610, 0.228841
201406301620, 0.127387
201406301630, 0.00499132
201406301640, 0
201406301650, 0.0182292
201406301700, 0.023329
201406301710, 0.0100911
201406301720, 0.00759549
201406301730, 0.0016276
201406301740, 0.00499132
201406301750, 0.0219184
201406301800, 0
201406301810, 0.00716146
201406301820, 0.00737847
201406301830, 0.0016276
201406301840, 0.0238715
201406301850, 0.0113932
201406301900, 0.00987413
201406301910, 0.00195312
201406301920, 0.00868056
201406301930, 0.0195312
201406301940, 0
201406301950, 0.00412326
201406302000, 0.00282118
201406302010, 0.0378689
201406302020, 0.00759549
201406302030, 0.0031467
201406302040, 0.0166016
201406302050, 0.0598958
201406302100, 0.00379774
201406302110, 0.35319
201407010000, 0.000651042
201407010010, 0.0131293
201407010020, 0.0360243
201407010030, 0.0078125
201407010040, 0.0130208
201407010050, 0.00260417
201407010100, 0.00184462
201407010110, 0.0326606
201407010120, 0.466146
201407010130, 0.879449
201407010140, 1.86285
201407010150, 2.0574
201407010200, 2.36274
201407010210, 2.38889
201407010220, 2.68142
201407010230, 2.02637
201407010240, 2.2615
201407010250, 1.91515
201407010300, 2.15061
201407010310, 2.02908
201407010320, 1.71419
201407010330, 1.26356
201407010340, 0.831055
201407010350, 0.653537
201407010400, 1.10145
201407010410, 0.43826
201407010420, 0.496528
201407010430, 0.467556
201407010440, 0.368598
201407010450, 0.345595
201407010500, 0.289062
201407010510, 0.152669
201407010520, 0.26237
201407010530, 0.270616
201407010540, 0.135742
201407010550, 0.0623915
201407010600, 0.133138
201407010610, 0.104818
201407010620, 0.0259332
201407010630, 0.162326
201407010640, 0.147895
201407010650, 0.109375
201407010700, 0.221788
201407010710, 0.222114
201407010720, 0.268229
201407010730, 0.218642
201407010740, 0.447266
201407010750, 0.395616
201407010800, 0.200087
201407010810, 0.02398
201407010820, 0.0855035
201407010830, 0.104384
201407010840, 0.0899523
201407010850, 0.114692
201407010900, 0.0578342
201407010910, 0.00130208
201407010920, 0.0335286
201407010930, 0.0707465
201407010940, 0.0506727
201407010950, 0.0171441
201407011000, 0.0105252
201407011010, 0.00802951
201407011020, 0.0112847
201407011030, 0.00607639
201407011040, 0.0016276
201407011050, 0.00217014
201407011100, 0.0046658
201407011110, 0.00401476
201407011120, 0.00813802
201407011130, 0.0130208
201407011140, 0.0124783
201407011150, 0.0505642
201407011200, 0.0166016
201407011210, 0.0199653
201407011220, 0.0601128
201407011230, 0.0680339
201407011240, 0.0259332
201407011250, 0.134332
201407011300, 0.13151
201407011310, 0.42806
201407011320, 0.094401
201407011330, 0.0324436
201407011340, 0.000217014
201407011350, 0.0109592
201407011400, 0.0527344
201407011410, 0.0407986
201407011420, 0.0562066
201407011430, 0.000542535
201407011440, 0.0118273
201407011450, 0
201407011500, 0.0557726
201407011510, 0.00455729
201407011520, 0.0343967
201407011530, 0.00130208
201407011540, 0.0777995
201407011550, 0.00564236
201407011600, 0.00661892
201407011610, 0
201407011620, 0.00141059
201407011630, 0.00141059
201407011640, 0.0253906
201407011650, 0
201407011700, 0.00325521
201407011710, 0.0155165
201407011720, 0.0444878
201407011730, 0.00976562
201407011740, 0
201407011750, 0.0046658
201407011800, 0
201407011810, 0.0193142
201407011820, 0.000108507
201407011830, 0.0247396
201407011840, 0.0184462
201407011850, 0.000976562
201407011900, 0.0218099
201407011910, 0.00455729
201407011920, 0.00390625
201407011930, 0.00347222
201407011940, 0.00596788
201407011950, 0.000217014
201407012000, 0
201407012010, 0.00585938
201407012020, 0.0422092
201407012030, 0.195964
201407012040, 0.26747
201407012050, 0.0611979
201407012100, 0.214952
201407012110, 0.0877821
201407012120, 0.168186
201407012130, 0.0811632
201407012140, 0.0184462
201407012150, 0.0123698
201407012200, 0.000759549
201407012210, 0.0179036
201407012220, 0.0302734
201407012230, 0.0487196
201407012240, 0
201407012250, 0.000217014
201407012300, 0.0078125
201407012310, 0.0217014
201407012320, 0.0712891
201407012330, 0.0506727
201407012340, 0.0260417
201407012350, 0.0173611
201407020000, 0.023112
201407020010, 0.184028
201407020020, 0.192491
201407020030, 0.236871
201407020040, 0.163411
201407020050, 0.168186
201407020100, 0.0538194
201407020110, 0.182617
201407020120, 0.354601
201407020130, 0.166233
201407020140, 1.70215
201407020150, 1.41417
201407020200, 2.80035
201407020210, 2.86447
201407020220, 3.01541
201407020230, 2.5408
201407020240, 2.26335
201407020250, 1.62457
201407020300, 1.13987
201407020310, 1.08583
201407020320, 0.000759549
201407020330, 0.242622
201407020340, 0.10536
201407020350, 0.573025
201407020400, 0.330078
201407020410, 0.0128038
201407020420, 0.117079
201407020430, 0.00661892
201407020440, 0.202148
201407020450, 0.195421
201407020500, 0
201407020510, 0.192817
201407020520, 0.434462
201407020530, 0.144206
201407020540, 0.0093316
201407020550, 0.000542535
201407020600, 0.0252821
201407020610, 0.0232205
201407020620, 0.0169271
201407020630, 0.116428
201407020640, 0.0715061
201407020650, 0.03125
201407020700, 0.332899
201407020710, 0.182726
201407020720, 0.235243
201407020730, 0.229818
201407020740, 0.0330946
201407020750, 0.0184462
201407020800, 0.0328776
201407020810, 0.0335286
201407020820, 0.0895182
201407020830, 0.0569661
201407020840, 0.0202908
201407020850, 0.0742188
201407020900, 0.0477431
201407020910, 0.00336372
201407020920, 0.0333116
201407020930, 0.00292969
201407020940, 0
201407020950, 0.00596788
201407021000, 0.0016276
201407021010, 0.00423177
201407021020, 0.00325521
201407021030, 0.0185547
201407021040, 0.00379774
201407021050, 0.0544705
201407021100, 0.00499132
201407021110, 0.00857205
201407021120, 0.00336372
201407021130, 0.0199653
201407021140, 0.00206163
201407021150, 0.0192057
201407021200, 0.00325521
201407021210, 0.00726997
201407021220, 0.00368924
201407021230, 0.0062934
201407021240, 0.00976562
201407021250, 0.0196398
201407021300, 0.015408
201407021310, 0.0176866
201407021320, 0.0135634
201407021330, 0.0126953
201407021340, 0.00108507
201407021350, 0.00965712
201407021400, 0.00694444
201407021410, 0.0339627
201407021420, 0.00531684
201407021430, 0.00477431
201407021440, 0.00900608
201407021450, 0.00217014
201407021500, 0.00575087
201407021510, 0.0015191
201407021520, 0.00444878
201407021530, 0.00401476
201407021540, 0.000759549
201407021550, 0.0197483
201407021600, 0.0062934
201407021610, 0.016059
201407021620, 0.00390625
201407021630, 0.00206163
201407021640, 0.0295139
201407021650, 0.000325521
201407021700, 0
201407021710, 0
201407021720, 0
201407021730, 0.00846354
201407021740, 0.000651042
201407021750, 0.000976562
201407021800, 0
201407021810, 0.00499132
201407021820, 0.00141059
201407021830, 0.00520833
201407021840, 0.0278863
201407021850, 0.0016276
201407021900, 0.0133464
201407021910, 0
201407021920, 0.00260417
201407021930, 0
201407021940, 0.00303819
201407021950, 0.0212674
201407022000, 0.00303819
201407022010, 0.0103082
201407022020, 0.00564236
201407022030, 0
201407022040, 0.00716146
201407022050, 0.00108507
201407022100, 0
201407022110, 0.00976562
201407022120, 0.000108507
201407022130, 0.00564236
201407022140, 0
201407022150, 0.0062934
201407022200, 0.00336372
201407022210, 0.0180122
201407022220, 0
201407022230, 0.00401476
201407022240, 0.0179036
201407022250, 0.0134549
201407022300, 0.0093316
201407022310, 0.0136719
201407022320, 0.0157335
201407022330, 0.00325521
201407022340, 0.0180122
201407022350, 0.0146484
201407030000, 0
201407030010, 0.0125868
201407030020, 0.0275608
201407030030, 0.0133464
201407030040, 0.00173611
201407030050, 0.00868056
201407030100, 0
201407030110, 0.00488281
201407030120, 0.320204
201407030130, 0.483615
201407030140, 1.04416
201407030150, 0.705838
201407030200, 0.927192
201407030210, 1.16439
201407030220, 1.65126
201407030230, 1.86806
201407030240, 2.37619
201407030250, 3.05122
201407030300, 2.38466
201407030310, 2.52224
201407030320, 1.93566
201407030330, 1.75239
201407030340, 1.47797
201407030350, 0.605577
201407030400, 0.610786
201407030410, 0.548069
201407030420, 0.0150825
201407030430, 0.272027
201407030440, 0.00802951
201407030450, 0.190104
201407030500, 0.00672743
201407030510, 0.118273
201407030520, 0.304579
201407030530, 0.306315
201407030540, 0.154839
201407030550, 0.367188
201407030600, 0.247721
201407030610, 0.31901
201407030620, 0.371528
201407030630, 0.561849
201407030640, 0.366319
201407030650, 0.289714
201407030700, 0.707682
201407030710, 0.649848
201407030720, 0.211155
201407030730, 0.20128
201407030740, 0.182183
201407030750, 0.448676
201407030800, 0.0436198
201407030810, 0.173394
201407030820, 0.117079
201407030830, 0.0353733
201407030840, 0.0754123
201407030850, 0.0489366
201407030900, 0.0159505
201407030910, 0.0120443
201407030920, 0.00238715
201407030930, 0.00813802
201407030940, 0.00488281
201407030950, 0.00282118
201407031000, 0.000759549
201407031010, 0.00878906
201407031020, 0.0234375
201407031030, 0.00368924
201407031040, 0.00282118
201407031050, 0.0046658
201407031100, 0.00846354
201407031110, 0.00672743
201407031120, 0.00802951
201407031130, 0.00271267
201407031140, 0.00694444
201407031150, 0.00792101
201407031200, 0.00227865
201407031210, 0.0199653
201407031220, 0.00564236
201407031230, 0.00509983
201407031240, 0.00824653
201407031250, 0.0212674
201407031300, 0.0244141
201407031310, 0.0126953
201407031320, 0.151584
201407031330, 0.260308
201407031340, 0.0321181
201407031350, 0
201407031400, 0.000108507
201407031410, 0.00141059
201407031420, 0.000108507
201407031430, 0.0909288
201407031440, 0.0794271
201407031450, 0
201407031500, 0.0495877
201407031510, 0.0247396
201407031520, 0.0831163
201407031530, 0.224718
201407031540, 0.00444878
201407031550, 0.0177951
201407031600, 0.0288628
201407031610, 0.00303819
201407031620, 0.00130208
201407031630, 0.0187717
201407031640, 0.299913
201407031650, 0.0455729
201407031700, 0.0218099
201407031710, 0.0194227
201407031720, 0.038303
201407031730, 0.0442708
201407031740, 0.0481771
201407031750, 0.100043
201407031800, 0.0825738
201407031810, 0.218858
201407031820, 0.2602
201407031830, 0.500108
201407031840, 0.214735
201407031850, 0.268772
201407031900, 0.13227
201407031910, 0.302734
201407031920, 0.00596788
201407031930, 0.0317925
201407031940, 0.00423177
201407031950, 0.0878906
201407032000, 0.174154
201407032010, 0.00379774
201407032020, 0.0530599
201407032030, 0.0223524
201407032040, 0.0422092
201407032050, 0.00585938
201407032100, 0.0119358
201407032110, 0.0370009
201407032120, 0.205729
201407032130, 0.0332031
201407032140, 0.0482856
201407032150, 0.0659722
201407032200, 0.0108507
201407032210, 0.0443793
201407032220, 0.0428602
201407032230, 0.0607639
201407032240, 0.0093316
201407032250, 0.00846354
201407032300, 0.132378
201407032310, 0.131402
201407032320, 0.337348
201407032330, 0.465712
201407032340, 0.555881
201407032350, 0.542643
201407040000, 0.549154
201407040010, 0.619683
201407040020, 0.537869
201407040030, 0.501519
201407040040, 0.614692
201407040050, 0.738824
201407040100, 1.32823
201407040110, 0.729492
201407040120, 1.56261
201407040130, 1.39149
201407040140, 1.78961
201407040150, 1.56087
201407040200, 1.66927
201407040210, 2.12891
201407040220, 1.62055
201407040230, 1.80957
201407040240, 2.13151
201407040250, 2.0179
201407040300, 2.07747
201407040310, 2.20269
201407040320, 2.26562
201407040330, 2.59342
201407040340, 2.16309
201407040350, 1.81413
201407040400, 1.3852
201407040410, 1.65072
201407040420, 2.07172
201407040430, 1.57888
201407040440, 1.80556
201407040450, 1.30013
201407040500, 1.00347
201407040510, 0.696072
201407040520, 0.294488
201407040530, 0.925781
201407040540, 1.67611
201407040550, 1.02539
201407040600, 1.09679
201407040610, 1.14572
201407040620, 1.24154
201407040630, 1.47027
201407040640, 1.28722
201407040650, 0.769857
201407040700, 1.29286
201407040710, 0.445964
201407040720, 0.289931
201407040730, 1.80339
201407040740, 1.33312
201407040750, 1.44293
201407040800, 0.577365
201407040810, 0.569878
201407040820, 0.212674
201407040830, 0.450304
201407040840, 0.0062934
201407040850, 0.0852865
201407040900, 0.596571
201407040910, 0.214084
201407040920, 0.341797
201407040930, 0.781142
201407040940, 0.223199
201407040950, 0.0207248
201407041000, 0.695964
201407041010, 0.811198
201407041020, 1.08691
201407041030, 0.969293
201407041040, 1.02344
201407041050, 1.30371
201407041100, 0.621528
201407041110, 0.739583
201407041120, 0.179362
201407041130, 0.210069
201407041140, 0.0261502
201407041150, 0.000976562
201407041200, 0.0432943
201407041210, 0.0370009
201407041220, 0.0128038
201407041230, 0.0214844
201407041240, 0.00119358
201407041250, 0.00477431
201407041300, 0.0179036
201407041310, 0.0347222
201407041320, 0.0810547
201407041330, 0.580729
201407041340, 0.130534
201407041350, 0.150174
201407041400, 0.11046
201407041410, 0.160265
201407041420, 0.208659
201407041430, 0.297635
201407041440, 0.281901
201407041450, 0.28559
201407041500, 0.0932075
201407041510, 0.20497
201407041520, 0.0285373
201407041530, 0.0397135
201407041540, 0.237196
201407041550, 0.0181207
201407041600, 0.0881076
201407041610, 0.0434028
201407041620, 0.00249566
201407041630, 0.113064
201407041640, 0.0621745
201407041650, 0.00336372
201407041700, 0.00976562
201407041710, 0.00846354
201407041720, 0.00900608
201407041730, 0
201407041740, 0.0115017
201407041750, 0.00379774
201407041800, 0.0199653
201407041810, 0.00792101
201407041820, 0.00423177
201407041830, 0.00911458
201407041840, 0.0031467
201407041850, 0.0117188
201407041900, 0.00575087
201407041910, 0.00336372
201407041920, 0.00141059
201407041930, 0.000651042
201407041940, 0.00423177
201407041950, 0.00792101
201407042000, 0.00954861
201407042010, 0.00607639
201407042020, 0.00705295
201407042030, 0.0259332
201407042040, 0.229384
201407042050, 0.00564236
201407042100, 0.0273438
201407042110, 0.00694444
201407042120, 0.0116102
201407042130, 0.0159505
201407042140, 0.0120443
201407042150, 0.0367839
201407042200, 0.311306
201407042210, 0.293511
201407042220, 0.55447
201407042230, 0.549805
201407042240, 0.498915
201407042250, 0.502821
201407042300, 0.710069
201407042310, 0.71072
201407042320, 0.705512
201407042330, 1.12858
201407042340, 1.43978
201407042350, 1.21224
201407050000, 1.28548
201407050010, 0.887587
201407050020, 1.34538
201407050030, 1.10579
201407050040, 0.658746
201407050050, 0.636827
201407050100, 1.10124
201407050110, 1.51997
201407050120, 2.71115
201407050130, 3.97667
201407050140, 4.15115
201407050150, 3.9324
201407050200, 3.78288
201407050210, 4.43012
201407050220, 5.16775
201407050230, 5.2207
201407050240, 4.43056
201407050250, 5.70855
201407050300, 4.64659
201407050310, 3.7003
201407050320, 4.01074
201407050330, 3.95421
201407050340, 3.86827
201407050350, 2.19987
201407050400, 2.05273
201407050410, 1.33138
201407050420, 0.54145
201407050430, 0.13151
201407050440, 0.378038
201407050450, 0.481988
201407050500, 0.472548
201407050510, 0.437934
201407050520, 0.72895
201407050530, 0.770291
201407050540, 0.547309
201407050550, 0.431966
201407050600, 1.50467
201407050610, 1.56163
201407050620, 1.36382
201407050630, 1.28516
201407050640, 0.985026
201407050650, 0.490994
201407050700, 1.15299
201407050710, 1.39312
201407050720, 0.743381
201407050730, 2.05859
201407050740, 1.25836
201407050750, 0.610352
201407050800, 0.832357
201407050810, 1.41092
201407050820, 0.839627
201407050830, 0.77398
201407050840, 0.689236
201407050850, 0.591797
201407050900, 0.135742
201407050910, 0.550347
201407050920, 0.741319
201407050930, 1.36372
201407050940, 1.67307
201407050950, 1.56044
201407051000, 0.967014
201407051010, 0.992079
201407051020, 0.615885
201407051030, 0.516059
201407051040, 1.48611
201407051050, 1.08377
201407051100, 0.0576172
201407051110, 0.03852
201407051120, 0.0193142
201407051130, 0.0209418
201407051140, 0.0015191
201407051150, 0.0485026
201407051200, 0.0167101
201407051210, 0.383681
201407051220, 0.414171
201407051230, 0.00292969
201407051240, 0.015191
201407051250, 0.0412326
201407051300, 0.0276693
201407051310, 0.016276
201407051320, 0.00217014
201407051330, 0.000542535
201407051340, 0.0417752
201407051350, 0.0190972
201407051400, 0
201407051410, 0.00792101
201407051420, 0.0513238
201407051430, 0.00119358
201407051440, 0
201407051450, 0.109375
201407051500, 0.947266
201407051510, 1.51747
201407051520, 1.75163
201407051530, 1.53711
201407051540, 1.04319
201407051550, 1.69781
201407051600, 1.93468
201407051610, 1.46842
201407051620, 2.30447
201407051630, 2.29731
201407051640, 2.26942
201407051650, 1.67936
201407051700, 1.82585
201407051710, 1.89182
201407051720, 1.60243
201407051730, 2.01172
201407051740, 2.67578
201407051750, 2.59028
201407051800, 2.91298
201407051810, 3.17014
201407051820, 2.58301
201407051830, 4.29763
201407051840, 3.75271
201407051850, 5.40788
201407051900, 5.2793
201407051910, 4.76584
201407051920, 5.01899
201407051930, 3.86925
201407051940, 2.05024
201407051950, 3.19282
201407052000, 3.7653
201407052010, 3.54546
201407052020, 3.20334
201407052030, 2.98926
201407052040, 2.79329
201407052050, 1.90777
201407052100, 2.31988
201407052110, 2.78581
201407052120, 2.48296
201407052130, 2.10395
201407052140, 1.9822
201407052150, 2.00434
201407052200, 1.32281
201407052210, 1.82888
201407052220, 1.78776
201407052230, 1.97711
201407052240, 1.96875
201407052250, 1.94618
201407052300, 3.17448
201407052310, 2.65462
201407052320, 2.25401
201407052330, 2.0179
201407052340, 1.55621
201407052350, 1.05849
201407060000, 1.51432
201407060010, 2.12012
201407060020, 1.80957
201407060030, 1.22049
201407060040, 0.822374
201407060050, 1.55881
201407060100, 1.7895
201407060110, 1.31413
201407060120, 1.24761
201407060130, 1.74599
201407060140, 1.65115
201407060150, 2.03385
201407060200, 1.50184
201407060210, 1.08377
201407060220, 1.57042
201407060230, 1.72244
201407060240, 1.54503
201407060250, 1.34831
201407060300, 1.33572
201407060310, 1.37739
201407060320, 1.6722
201407060330, 1.98774
201407060340, 2.03581
201407060350, 0.972439
201407060400, 0.560872
201407060410, 0.245226
201407060420, 0.522678
201407060430, 0.23253
201407060440, 0.717665
201407060450, 0.744141
201407060500, 0.804796
201407060510, 0.780599
201407060520, 0.704319
201407060530, 0.224067
201407060540, 0.337023
201407060550, 0.128364
201407060600, 0.156141
201407060610, 0.299479
201407060620, 0.205078
201407060630, 0.16352
201407060640, 0.399523
201407060650, 0.375868
201407060700, 0.429579
201407060710, 0.435438
201407060720, 0.147678
201407060730, 0.38954
201407060740, 0.150825
201407060750, 0.370985
201407060800, 0.155382
201407060810, 0.183377
201407060820, 0.0603299
201407060830, 0.0499132
201407060840, 0.000434028
201407060850, 0.0117188
201407060900, 0.0555556
201407060910, 0.0788845
201407060920, 0.0687934
201407060930, 0.113715
201407060940, 0.109918
201407060950, 0.0970052
201407061000, 0.0177951
201407061010, 0.00488281
201407061020, 0.0830078
201407061030, 0.0195312
201407061040, 0.0332031
201407061050, 0.00824653
201407061100, 0.0116102
201407061110, 0.000325521
201407061120, 0.00585938
201407061130, 0.016059
201407061140, 0.000434028
201407061150, 0
201407061200, 0
201407061210, 0.000434028
201407061220, 0.000542535
201407061230, 0.0286458
201407061240, 0.0112847
201407061250, 0.0583767
201407061300, 0.0652127
201407061310, 0.00130208
201407061320, 0.0328776
201407061330, 0.12424
201407061340, 0.0507812
201407061350, 0.078559
201407061400, 0
201407061410, 0.00141059
201407061420, 0.0134549
201407061430, 0
201407061440, 0.000217014
201407061450, 0.0245226
201407061500, 0
201407061510, 0.143555
201407061520, 0.143121
201407061530, 0.52615
201407061540, 0.34592
201407061550, 0.615234
201407061600, 0.544596
201407061610, 0.444661
201407061620, 0.181424
201407061630, 0.170464
201407061640, 0
201407061650, 0.00607639
201407061700, 0.413954
201407061710, 0.208442
201407061720, 0.177083
201407061730, 0.00878906
201407061740, 0.11046
201407061750, 0.0123698
201407061800, 0.0600043
201407061810, 0.0639106
201407061820, 0.0593533
201407061830, 0.126736
201407061840, 0.000108507
201407061850, 0.00455729
201407061900, 0.00434028
201407061910, 0.0297309
201407061920, 0.00444878
201407061930, 0.167101
201407061940, 0.183811
201407061950, 0.078559
201407062000, 0.146484
201407062010, 0.0634766
201407062020, 0.0883247
201407062030, 0.152127
201407062040, 0.0838759
201407062050, 0.069987
201407062100, 0.100694
201407062110, 0.10612
201407062120, 0.0104167
201407062130, 0.000976562
201407062140, 0.0111762
201407062150, 0.000108507
201407062200, 0.00651042
201407062210, 0.000108507
201407062220, 0
201407062230, 0
201407062240, 0
201407062250, 0
201407062300, 0.0101997
201407062310, 0.0628255
201407062320, 0.113932
201407062330, 0.100043
201407062340, 0.0903863
201407062350, 0.0274523
201407070000, 0.11773
201407070010, 0.128255
201407070020, 0.207465
201407070030, 0.254449
201407070040, 0.146593
201407070050, 0.896484
201407070100, 0.866754
201407070110, 2.07617
201407070120, 3.45974
201407070130, 3.57335
201407070140, 4.23134
201407070150, 4.36751
201407070200, 4.72407
201407070210, 5.17643
201407070220, 4.95725
201407070230, 5.0548
201407070240, 5.21463
201407070250, 5.22537
201407070300, 6.0395
201407070310, 5.95822
201407070320, 5.54894
201407070330, 5.63498
201407070340, 5.08539
201407070350, 5.66536
201407070400, 4.89605
201407070410, 5.00336
201407070420, 3.99924
201407070430, 3.57975
201407070440, 3.46463
201407070450, 3.05762
201407070500, 2.11925
201407070510, 2.01519
201407070520, 1.52572
201407070530, 1.32595
201407070540, 1.22049
201407070550, 0.376953
201407070600, 0.37207
201407070610, 0.202908
201407070620, 0.264106
201407070630, 0.254449
201407070640, 0.22385
201407070650, 0.298828
201407070700, 0.565755
201407070710, 0.291233
201407070720, 0.521918
201407070730, 0.42806
201407070740, 0.458659
201407070750, 0.288954
201407070800, 0.572808
201407070810, 0.453885
201407070820, 0.573893
201407070830, 0.34809
201407070840, 0.610786
201407070850, 0.382921
201407070900, 0.0177951
201407070910, 0.301975
201407070920, 0.224501
201407070930, 0.333116
201407070940, 0.495009
201407070950, 0.759332
201407071000, 1.0179
201407071010, 0.91786
201407071020, 0.74349
201407071030, 1.26921
201407071040, 1.52875
201407071050, 0.992404
201407071100, 1.5319
201407071110, 1.51161
201407071120, 1.2002
201407071130, 1.74826
201407071140, 2.17296
201407071150, 3.148
201407071200, 2.68327
201407071210, 3.46408
201407071220, 3.16026
201407071230, 3.08735
201407071240, 2.80176
201407071250, 2.76432
201407071300, 2.62142
201407071310, 2.62598
201407071320, 2.66591
201407071330, 2.75694
201407071340, 1.98069
201407071350, 1.58637
201407071400, 2.41363
201407071410, 2.47569
201407071420, 1.65788
201407071430, 2.02669
201407071440, 2.58648
201407071450, 2.72244
201407071500, 1.62587
201407071520, 1.41808
201407071530, 1.90375
201407071540, 1.2678
201407071550, 1.18848
201407071600, 0.968642
201407071610, 1.82791
201407071620, 1.55697
201407071630, 2.0255
201407071640, 1.55024
201407071650, 1.21528
201407071700, 1.54774
201407071710, 2.24392
201407071720, 1.80892
201407071730, 1.13053
201407071740, 1.86209
201407071750, 1.1186
201407071800, 1.03581
201407071810, 0.880968
201407071820, 0.271593
201407071830, 0.0336372
201407071840, 0.507378
201407071850, 1.36057
201407071900, 1.08659
201407071910, 0.689779
201407071920, 0.911784
201407071930, 0.637153
201407071940, 0.780816
201407071950, 1.73524
201407072000, 1.25608
201407072010, 1.09353
201407072020, 1.36545
201407072030, 1.71766
201407072040, 1.07878
201407072050, 2.13607
201407072100, 1.83974
201407072110, 1.79178
201407072120, 1.02083
201407072130, 1.69195
201407072140, 1.02148
201407072150, 1.12609
201407072200, 1.33377
201407072210, 0.939128
201407072220, 1.4566
201407072230, 0.925673
201407072240, 1.29449
201407072250, 0.868598
201407072300, 1.94206
201407072310, 2.04742
201407072320, 1.97808
201407072330, 2.48611
201407072340, 3.08626
201407072350, 5.51237
201407080000, 5.19586
201407080010, 5.41081
201407080020, 3.93945
201407080030, 4.60482
201407080040, 5.13097
201407080050, 4.78961
201407080100, 5.04861
201407080110, 5.32617
201407080120, 5.30512
201407080130, 4.84527
201407080140, 4.38704
201407080150, 3.22645
201407080200, 2.60471
201407080210, 3.80653
201407080220, 3.09364
201407080230, 2.78277
201407080240, 2.85438
201407080250, 2.72114
201407080300, 2.16732
201407080310, 1.97407
201407080320, 1.40365
201407080330, 1.90007
201407080340, 1.71495
201407080350, 1.93945
201407080400, 1.19108
201407080410, 1.90473
201407080420, 1.12728
201407080430, 1.10569
201407080440, 2.14996
201407080450, 2.13867
201407080500, 1.68685
201407080510, 2.39236
201407080520, 2.61838
201407080530, 2.47005
201407080540, 2.80588
201407080550, 3.84972
201407080600, 3.25944
201407080610, 3.09538
201407080620, 2.78342
201407080630, 3.11263
201407080640, 1.97081
201407080650, 2.47613
201407080700, 1.20432
201407080710, 1.94466
201407080720, 1.67632
201407080730, 1.70681
201407080740, 2.4681
201407080750, 2.46875
201407080800, 1.8597
201407080810, 2.00423
201407080820, 2.14323
201407080830, 1.56369
201407080840, 1.15343
201407080850, 1.34462
201407080900, 1.28852
201407080910, 0.856445
201407080920, 1.68945
201407080930, 1.68479
201407080940, 1.55143
201407080950, 1.48535
201407081000, 1.36751
201407081010, 1.54818
201407081020, 1.6696
201407081030, 1.30642
201407081040, 0.849609
201407081050, 0.47678
201407081100, 0.0336372
201407081110, 0.0626085
201407081120, 0.0203993
201407081130, 0.110569
201407081140, 0.0180122
201407081150, 0.132378
201407081200, 0.644097
201407081210, 0.766059
201407081220, 0.888889
201407081230, 0.854818
201407081240, 0.960178
201407081250, 0.550998
201407081300, 0.166233
201407081310, 0.00325521
201407081320, 0.0125868
201407081330, 0.0297309
201407081340, 0.0911458
201407081350, 0.154839
201407081400, 0.262695
201407081410, 0.145616
201407081420, 0.17513
201407081430, 0.174805
201407081440, 0.000217014
201407081450, 0.195204
201407081500, 0.356011
201407081510, 0.205295
201407081520, 0.00564236
201407081530, 0.0175781
201407081540, 0.000651042
201407081550, 0.106445
201407081610, 0.0282118
201407081620, 0.0516493
201407081630, 0.00520833
201407081640, 0.00726997
201407081650, 0
201407081700, 0.0190972
201407081710, 0.000542535
201407081720, 0.093533
201407081730, 0.0103082
201407081740, 0
201407081750, 0.00824653
201407081800, 0.00260417
201407081810, 0.0899523
201407081820, 0.0588108
201407081830, 0.109809
201407081840, 0.102973
201407081850, 0.205295
201407081900, 0.487305
201407081910, 0.931424
201407081920, 0.503906
201407081930, 0.318793
201407081940, 0.375217
201407081950, 0.278646
201407082000, 0.0511068
201407082010, 0.0658637
201407082020, 0.105577
201407082030, 0.0958116
201407082040, 0.13737
201407082050, 0.0456814
201407082100, 0
201407082110, 0.0015191
201407082120, 0.0124783
201407082130, 0.00195312
201407082140, 0
201407082150, 0.0061849
201407082200, 0
201407082210, 0.00835503
201407082220, 0.0109592
201407082230, 0.0815972
201407082240, 0.00227865
201407082250, 0.00488281
201407082300, 0.179362
201407082310, 0.158529
201407082320, 0.00195312
201407082330, 0.19043
201407082340, 0.487847
201407082350, 0.729167
201407090000, 0.949978
201407090010, 1.03016
201407090020, 1.42969
201407090030, 1.66526
201407090040, 2.0638
201407090050, 3.449
201407090100, 3.81141
201407090110, 4.33507
201407090120, 5.17893
201407090130, 5.86654
201407090140, 5.96853
201407090150, 6.05957
201407090200, 6.50619
201407090210, 6.88531
201407090220, 7.82552
201407090230, 8.04384
201407090240, 8.66797
201407090250, 9.19119
201407090300, 9.49327
201407090310, 9.08681
201407090320, 9.33583
201407090330, 8.79937
201407090340, 9.22179
201407090350, 8.91526
201407090400, 9.15191
201407090410, 8.61372
201407090420, 8.44683
201407090430, 7.88997
201407090440, 7.84049
201407090450, 7.67513
201407090500, 6.73318
201407090510, 6.54481
201407090520, 7.44878
201407090530, 5.7538
201407090540, 5.889
201407090550, 4.05686
201407090600, 4.18088
201407090610, 4.39909
201407090620, 6.3559
201407090630, 6.17556
201407090640, 5.65321
201407090650, 5.00803
201407090700, 5.02615
201407090710, 4.73058
201407090720, 4.43229
201407090730, 3.88216
201407090740, 2.97776
201407090750, 1.90799
201407090800, 2.72396
201407090810, 2.59874
201407090820, 2.43945
201407090830, 3.13542
201407090840, 1.66385
201407090850, 0.226237
201407090900, 0
201407090910, 0.350911
201407090920, 0.717556
201407090930, 0.585395
201407090940, 0.462999
201407090950, 0.0457899
201407091000, 0.112847
201407091010, 0.0819227
201407091020, 0.600803
201407091030, 0.0124783
201407091040, 0.205729
201407091050, 0.31326
201407091100, 0.0833333
201407091110, 0.0568576
201407091120, 0.0246311
201407091130, 0.0273438
201407091140, 0.00542535
201407091150, 0.024197
201407091200, 0.0320095
201407091210, 0.104818
201407091220, 0.0224609
201407091230, 0.21875
201407091240, 0.0698785
201407091250, 0.0157335
201407091300, 0.0203993
201407091310, 0.00900608
201407091320, 0.0604384
201407091330, 0.0317925
201407091340, 0.0107422
201407091350, 0.0134549
201407091400, 0.0144314
201407091410, 0.078125
201407091420, 0.0202908
201407091430, 0.00813802
201407091440, 0.00835503
201407091450, 0.00998264
201407091500, 0.0283203
201407091510, 0.0404731
201407091520, 0.000325521
201407091530, 0.00575087
201407091540, 0.00900608
201407091550, 0.0108507
201407091600, 0.0303819
201407091610, 0.0103082
201407091620, 0.00900608
201407091630, 0.00195312
201407091640, 0.00119358
201407091650, 0.00217014
201407091700, 0.0265842
201407091710, 0.0210503
201407091720, 0.145942
201407091730, 0.155924
201407091740, 0.0805122
201407091750, 0.0170356
201407091800, 0.243164
201407091810, 0.0454644
201407091820, 0.335938
201407091830, 0.200846
201407091840, 0.214084
201407091850, 0.288303
201407091900, 0.277669
201407091910, 0.25651
201407091920, 0.109809
201407091930, 0.114692
201407091940, 0.371962
201407091950, 0.174588
201407092000, 0.909071
201407092010, 0.0428602
201407092020, 0.375543
201407092030, 0.203559
201407092040, 0.913086
201407092050, 0.0403646
201407092100, 0.182183
201407092110, 0.28201
201407092120, 0.72819
201407092130, 0.00499132
201407092140, 0.0788845
201407092150, 0.661892
201407092200, 0.29872
201407092210, 0.0351562
201407092220, 0.583984
201407092230, 0.17079
201407092240, 0.131185
201407092250, 0.438151
201407092300, 0.619466
201407092310, 1.01118
201407092320, 0.570855
201407092330, 0.691949
201407092340, 1.46202
201407092350, 1.48958
201407100000, 1.81217
201407100010, 2.1161
201407100020, 2.81662
201407100030, 3.80599
201407100040, 4.05512
201407100050, 4.66287
201407100100, 5.82747
201407100110, 7.49555
201407100120, 7.32736
201407100130, 7.68425
201407100140, 8.85243
201407100150, 9.17687
201407100200, 9.24316
201407100210, 9.29069
201407100220, 8.96973
201407100230, 8.50325
201407100240, 8.43446
201407100250, 7.92296
201407100300, 7.38737
201407100310, 7.227
201407100320, 6.43891
201407100330, 5.8087
201407100340, 4.61372
201407100350, 4.62934
201407100400, 4.37739
201407100410, 3.94466
201407100420, 3.95844
201407100430, 3.30914
201407100440, 2.51356
201407100450, 2.06543
201407100500, 1.74371
201407100510, 1.90506
201407100520, 1.34679
201407100530, 1.09527
201407100540, 1.21061
201407100550, 0.774306
201407100600, 0.146701
201407100610, 0.0266927
201407100620, 0
201407100630, 0.0290799
201407100640, 0.0152995
201407100650, 0.137804
201407100700, 0.240885
201407100710, 0.350586
201407100720, 0.161241
201407100730, 0.0144314
201407100740, 0.1199
201407100750, 0.0882161
201407100800, 0.0800781
201407100810, 0.870877
201407100820, 1.27702
201407100830, 0.166992
201407100840, 0.0698785
201407100850, 0.0294054
201407100900, 0.0254991
201407100910, 0.0499132
201407100920, 0.0211589
201407100930, 0.0144314
201407100940, 0.0105252
201407100950, 0.0361328
201407101000, 0.00878906
201407101010, 0.0768229
201407101020, 0.0915799
201407101030, 0.0750868
201407101040, 0.152886
201407101050, 0.00846354
201407101100, 0.102214
201407101110, 0.120985
201407101120, 0.126411
201407101130, 0.108507
201407101140, 0.202908
201407101150, 0.0718316
201407101200, 0.0187717
201407101210, 0.0463325
201407101220, 0.00846354
201407101230, 0.106228
201407101240, 0.077691
201407101250, 0.104601
201407101300, 0.0186632
201407101310, 0.0963542
201407101320, 0.00575087
201407101330, 0.00911458
201407101340, 0.0390625
201407101350, 0.164388
201407101400, 0.220812
201407101410, 0.0438368
201407101420, 0.184679
201407101430, 0.34158
201407101440, 0.0121528
201407101450, 0.0252821
201407101500, 0.0667318
201407101510, 0.0164931
201407101520, 0.364149
201407101530, 0.391493
201407101540, 0.542101
201407101550, 0.0329861
201407101600, 0.407335
201407101610, 0.367079
201407101620, 0.184245
201407101630, 0.00325521
201407101640, 0.405924
201407101650, 0.227539
201407101700, 0.055447
201407101710, 0.0693359
201407101720, 0.0147569
201407101730, 0.0509983
201407101740, 0.0265842
201407101750, 0.0200738
201407101800, 0.0125868
201407101810, 0.0146484
201407101820, 0.0108507
201407101830, 0.106011
201407101840, 0.0138889
201407101850, 0.0135634
201407101900, 0.000108507
201407101910, 0.0313585
201407101920, 0
201407101930, 0.00217014
201407101940, 0.00575087
201407101950, 0
201407102000, 0.0202908
201407102010, 0.0272352
201407102020, 0.000868056
201407102030, 0
201407102040, 0.0274523
201407102050, 0.0463325
201407102100, 0.023329
201407102110, 0.038303
201407102120, 0.272027
201407102130, 0.186306
201407102140, 0.575738
201407102150, 0.21582
201407102200, 0.440864
201407102210, 0.651801
201407102220, 0.26747
201407102230, 0.521376
201407102240, 0.702148
201407102250, 0.864583
201407102300, 1.23785
201407102310, 1.70356
201407102320, 1.16211
201407102330, 1.15929
201407102340, 1.551
201407102350, 0.955512
201407110000, 1.55805
201407110010, 1.39258
201407110020, 0.60753
201407110030, 1.07216
201407110040, 2.21474
201407110050, 1.5498
201407110100, 1.59538
201407110110, 1.44423
201407110120, 1.52018
201407110130, 1.02311
201407110140, 1.01063
201407110150, 1.57682
201407110200, 1.45649
201407110210, 1.13531
201407110220, 1.27865
201407110230, 2.15462
201407110240, 2.10341
201407110250, 2.0625
201407110300, 1.92904
201407110310, 1.51573
201407110320, 1.45801
201407110330, 1.24273
201407110340, 1.53733
201407110350, 1.3049
201407110400, 1.2946
201407110410, 0.416124
201407110420, 0.766276
201407110430, 0.309136
201407110440, 0.195638
201407110450, 0.177409
201407110500, 0.110135
201407110510, 0.0996094
201407110520, 0.0129123
201407110530, 0.00759549
201407110540, 0.077474
201407110550, 0.02398
201407110600, 0.0286458
201407110610, 0.0427517
201407110620, 0.149414
201407110630, 0.154839
201407110640, 0.301324
201407110650, 0.15332
201407110700, 0.0124783
201407110710, 0.476345
201407110720, 0.063151
201407110730, 0.00379774
201407110740, 0.0109592
201407110750, 0.0128038
201407110800, 0.016059
201407110810, 0.0879991
201407110820, 0.0435113
201407110830, 0.0290799
201407110840, 0.0301649
201407110850, 0.00585938
201407110900, 0.156576
201407110910, 0.093316
201407110920, 0.0374349
201407110930, 0.0279948
201407110940, 0.00716146
201407110950, 0.0347222
201407111000, 0.182726
201407111010, 0.024197
201407111020, 0.0161675
201407111030, 0
201407111040, 0.0504557
201407111050, 0
201407111100, 0.000434028
201407111110, 0
201407111120, 0.139106
201407111130, 0.00119358
201407111140, 0.0078125
201407111150, 0.0211589
201407111200, 0.356771
201407111210, 0.0129123
201407111220, 0.0215929
201407111230, 0.016059
201407111240, 0.0131293
201407111250, 0.0274523
201407111300, 0.0172526
201407111310, 0.0136719
201407111320, 0.038954
201407111330, 0.015625
201407111340, 0.0168186
201407111350, 0.0254991
201407111400, 0.0062934
201407111410, 0.00509983
201407111420, 0.0268012
201407111430, 0.000217014
201407111440, 0.0201823
201407111450, 0.0402561
201407111500, 0.0078125
201407111510, 0.0256076
201407111520, 0
201407111530, 0.00173611
201407111540, 0
201407111550, 0.0287543
201407111600, 0.00368924
201407111610, 0.0169271
201407111620, 0.0281033
201407111630, 0
201407111640, 0.0341797
201407111650, 0.0061849
201407111700, 0.0509983
201407111710, 0.0119358
201407111720, 0
201407111730, 0.0248481
201407111740, 0.0345052
201407111750, 0
201407111800, 0.00141059
201407111810, 0.0425347
201407111820, 0.0584852
201407111830, 0.0415582
201407111840, 0.0416667
201407111850, 0.0282118
201407111900, 0.0509983
201407111910, 0.0684679
201407111920, 0.0668403
201407111930, 0.02398
201407111940, 0.0210503
201407111950, 0.0736762
201407112000, 0.0189887
201407112010, 0.0579427
201407112020, 0.00477431
201407112030, 0.0425347
201407112040, 0.107096
201407112050, 0.0360243
201407112100, 0.0328776
201407112110, 0
201407112120, 0.0336372
201407112130, 0.0307075
201407112140, 0.00401476
201407112150, 0.100586
201407112200, 0.47602
201407112210, 0.615234
201407112220, 0.786784
201407112230, 0.951714
201407112240, 0.924262
201407112250, 1.36046
201407112300, 1.5599
201407112310, 1.97396
201407112320, 2.04286
201407112330, 2.38889
201407112340, 2.52376
201407112350, 3.11903
201407120000, 3.27886
201407120010, 4.06651
201407120020, 5.11252
201407120030, 5.73242
201407120040, 6.49468
201407120050, 6.82107
201407120100, 7.2449
201407120110, 7.54416
201407120120, 7.43566
201407120130, 7.56651
201407120140, 7.46495
201407120150, 7.95312
201407120200, 8.06207
201407120210, 7.78168
201407120220, 7.61437
201407120230, 7.62424
201407120240, 7.41536
201407120250, 6.46213
201407120300, 6.17676
201407120310, 5.4464
201407120320, 5.00271
201407120330, 5.2436
201407120340, 4.9847
201407120350, 5.13976
201407120400, 4.85796
201407120410, 5.07899
201407120420, 4.97765
201407120430, 5.05165
201407120440, 4.90636
201407120450, 4.72494
201407120500, 3.95204
201407120510, 4.12533
201407120520, 3.56022
201407120530, 2.84093
201407120540, 2.70215
201407120550, 2.57704
201407120600, 2.51595
201407120610, 2.2985
201407120620, 2.11903
201407120630, 1.84266
201407120640, 1.78743
201407120650, 1.43001
201407120700, 1.1326
201407120710, 0.739149
201407120720, 0.690213
201407120730, 0.167643
201407120740, 0.414605
201407120750, 0.306424
201407120800, 0.471463
201407120810, 0.412109
201407120820, 0.689128
201407120830, 0.264323
201407120840, 0.086697
201407120850, 0.192166
201407120900, 0.0137804
201407120910, 0.0078125
201407120920, 0.0277778
201407120930, 0.000976562
201407120940, 0.0171441
201407120950, 0
201407121000, 0.0218099
201407121010, 0.0015191
201407121020, 0.0201823
201407121030, 0.00542535
201407121040, 0.00173611
201407121050, 0.00325521
201407121100, 0.00531684
201407121110, 0.00379774
201407121120, 0.0144314
201407121130, 0.00119358
201407121140, 0.00651042
201407121150, 0.0106337
201407121200, 0.00889757
201407121210, 0.00651042
201407121220, 0.0659722
201407121230, 0.24783
201407121240, 0.243924
201407121250, 0.124674
201407121300, 0.267253
201407121310, 0.240017
201407121320, 0.402778
201407121330, 0.161567
201407121340, 0.0718316
201407121350, 0.015842
201407121400, 0.0133464
201407121410, 0.00477431
201407121420, 0.0606554
201407121430, 0.0136719
201407121440, 0.0128038
201407121450, 0.0220269
201407121500, 0
201407121510, 0.0173611
201407121520, 0.0100911
201407121530, 0.0339627
201407121540, 0.0386285
201407121550, 0.00596788
201407121600, 0.0193142
201407121610, 0.00336372
201407121620, 0.00412326
201407121630, 0
201407121640, 0.0285373
201407121650, 0.0455729
201407121700, 0.0509983
201407121710, 0.00390625
201407121720, 0.0108507
201407121730, 0.00987413
201407121740, 0
201407121750, 0.0125868
201407121800, 0.0078125
201407121810, 0.0143229
201407121820, 0.0157335
201407121830, 0.0138889
201407121840, 0.0505642
201407121850, 0.00792101
201407121900, 0.047526
201407121910, 0.0132378
201407121920, 0.0273438
201407121930, 0.0181207
201407121940, 0.063151
201407121950, 0.0662977
201407122000, 0.0266927
201407122010, 0.0176866
201407122020, 0.0435113
201407122030, 0.00770399
201407122040, 0.00759549
201407122050, 0.00585938
201407122100, 0.0513238
201407122110, 0.00238715
201407122120, 0.00119358
201407122130, 0.466146
201407122140, 0.525065
201407122150, 0.551758
201407122200, 0.677083
201407122210, 0.729167
201407122220, 0.885308
201407122230, 0.759657
201407122240, 1.14648
201407122250, 1.29438
201407122300, 1.76085
201407122310, 2.00315
201407122320, 2.10786
201407122330, 2.23286
201407122340, 2.44195
201407122350, 2.63618
201407130000, 3.02474
201407130010, 2.87457
201407130020, 3.35862
201407130030, 3.93066
201407130040, 5.05339
201407130050, 5.54818
201407130100, 5.86654
201407130110, 6.87402
201407130120, 5.95356
201407130130, 7.49642
201407130140, 7.398
201407130150, 8.1607
201407130200, 8.20139
201407130210, 8.85384
201407130220, 8.72255
201407130230, 8.98134
201407130240, 9.21061
201407130250, 9.50521
201407130300, 9.24023
201407130310, 9.08659
201407130320, 8.95649
201407130330, 8.22157
201407130340, 8.00944
201407130350, 8
201407130400, 7.71387
201407130410, 7.88205
201407130420, 7.59299
201407130430, 7.39659
201407130440, 7.26584
201407130450, 7.17893
201407130500, 7.06782
201407130510, 6.89269
201407130520, 7.17394
201407130530, 5.99729
201407130540, 5.86751
201407130550, 4.15072
201407130600, 4.44944
201407130610, 3.40668
201407130620, 4.39214
201407130630, 2.93587
201407130640, 3.25749
201407130650, 3.5421
201407130700, 3.64442
201407130710, 3.09201
201407130720, 2.91677
201407130730, 2.53516
201407130740, 2.60764
201407130750, 2.36925
201407130800, 2.28288
201407130810, 1.9579
201407130820, 2.58822
201407130830, 4.07639
201407130840, 1.47135
201407130850, 1.33388
201407130900, 0.484158
201407130910, 0.796549
201407130920, 0.220703
201407130930, 0.0988498
201407130940, 0.0558811
201407130950, 0.00455729
201407131000, 0.0341797
201407131010, 0.0486111
201407131020, 0.0488281
201407131030, 0.0431858
201407131040, 0.0407986
201407131050, 0.0595703
201407131100, 0.0700955
201407131110, 0.00412326
201407131120, 0.154731
201407131130, 0.0990668
201407131140, 0.0111762
201407131150, 0.0166016
201407131200, 0.0351562
201407131210, 0.00651042
201407131220, 0.00705295
201407131230, 0.0416667
201407131240, 0.0277778
201407131250, 0.144097
201407131300, 0.0221354
201407131310, 0.680773
201407131320, 0.0791016
201407131330, 0.253906
201407131340, 0.232639
201407131350, 0.415365
201407131400, 0.114149
201407131410, 0.345161
201407131420, 0.613281
201407131430, 0.311849
201407131440, 0.157444
201407131450, 0.274957
201407131500, 0.215169
201407131510, 0.265842
201407131520, 0.16569
201407131530, 0.0460069
201407131540, 0.311957
201407131550, 0.0193142
201407131600, 0.0645616
201407131610, 0.0113932
201407131620, 0.0250651
201407131630, 0.0392795
201407131640, 0.18457
201407131650, 0.070855
201407131700, 0.0130208
201407131710, 0.00390625
201407131720, 0.00390625
201407131730, 0.0101997
201407131740, 0.0449219
201407131750, 0.0339627
201407131800, 0.00303819
201407131810, 0.00542535
201407131820, 0.0221354
201407131830, 0.000434028
201407131840, 0
201407131850, 0.0528429
201407131900, 0.00998264
201407131910, 0.0298394
201407131920, 0.101128
201407131930, 0.00672743
201407131940, 0.00282118
201407131950, 0.00672743
201407132000, 0.135634
201407132010, 0.0742188
201407132020, 0.524957
201407132030, 0.780707
201407132040, 0
201407132050, 0.221354
201407132100, 0.738064
201407132110, 1.23036
201407132120, 1.50857
201407132130, 0.955838
201407132140, 1.01628
201407132150, 1.72342
201407132200, 0.953776
201407132210, 2.78885
201407132220, 1.96387
201407132230, 1.12847
201407132240, 0.752713
201407132250, 1.51454
201407132300, 0.646376
201407132310, 0.935764
201407132320, 1.34245
201407132330, 0.960178
201407132340, 2.05545
201407132350, 2.50098
201407140000, 2.98969
201407140010, 2.6148
201407140020, 2.1748
201407140030, 2.31207
201407140040, 2.91124
201407140050, 4.89974
201407140100, 4.96495
201407140110, 4.84451
201407140120, 4.97906
201407140130, 4.75651
201407140140, 5.07172
201407140150, 5.36599
201407140200, 5.12565
201407140210, 4.61589
201407140220, 4.62207
201407140230, 4.84711
201407140240, 5.08398
201407140250, 5.43088
201407140300, 5.31934
201407140310, 4.60449
201407140320, 5.10406
201407140330, 5.53299
201407140340, 4.48405
201407140350, 4.00716
201407140400, 3.92339
201407140410, 4.80295
201407140420, 3.25401
201407140430, 2.3929
201407140440, 2.07487
201407140450, 2.06934
201407140500, 1.58116
201407140510, 1.68424
201407140520, 1.51367
201407140530, 1.05339
201407140540, 1.02572
201407140550, 0.71799
201407140600, 0.517578
201407140610, 0.193468
201407140620, 0
201407140630, 0.00336372
201407140640, 0.0365668
201407140650, 0.596897
201407140700, 0.470595
201407140710, 0.582791
201407140720, 0.331489
201407140730, 0.227322
201407140740, 0.113064
201407140750, 0.0736762
201407140800, 0.293837
201407140810, 0.428819
201407140820, 1.82867
201407140830, 1.8814
201407140840, 0.441298
201407140850, 0.0101997
201407140900, 0.126302
201407140910, 0.120334
201407140920, 0
201407140930, 0.00726997
201407140940, 0.587565
201407140950, 0.279514
201407141000, 0.1352
201407141010, 0.00705295
201407141020, 0
201407141030, 0.00455729
201407141040, 0.000976562
201407141050, 0
201407141100, 0.00141059
201407141110, 0.0121528
201407141120, 0.023763
201407141130, 0.0135634
201407141140, 0.000108507
201407141150, 0.0112847
201407141200, 0.0731337
201407141210, 0.06977
201407141220, 0.0129123
201407141230, 0
201407141240, 0.0215929
201407141250, 0.00694444
201407141300, 0.0146484
201407141310, 0.0062934
201407141320, 0.0107422
201407141330, 0.0142144
201407141340, 0.00347222
201407141350, 0.0142144
201407141400, 0.0136719
201407141410, 0.0137804
201407141420, 0.00878906
201407141430, 0.0211589
201407141440, 0.00325521
201407141450, 0.0297309
201407141500, 0.00575087
201407141510, 0.00282118
201407141520, 0.000434028
201407141530, 0.00596788
201407141540, 0.0495877
201407141550, 0.00835503
201407141600, 0.000868056
201407141610, 0.0175781
201407141620, 0.0062934
201407141630, 0.023329
201407141640, 0.00911458
201407141650, 0.0181207
201407141700, 0
201407141710, 0.192817
201407141720, 0.0101997
201407141730, 0.000868056
201407141740, 0.0111762
201407141750, 0.00119358
201407141800, 0.00141059
201407141810, 0.0285373
201407141820, 0.138129
201407141830, 0.0373264
201407141840, 0.0313585
201407141850, 0.0850694
201407141900, 0.0954861
201407141910, 0.108832
201407141920, 0.0401476
201407141930, 0.0961372
201407141940, 0.0970052
201407141950, 0.172743
201407142000, 0.0094401
201407142010, 0.0566406
201407142020, 0.0598958
201407142030, 0.109809
201407142040, 0.121636
201407142050, 0.161784
201407142100, 0.431641
201407142110, 0.0381944
201407142120, 0.0485026
201407142130, 0.062717
201407142140, 0.175998
201407142150, 0.152561
201407142200, 0.0633681
201407142210, 0.105903
201407142220, 0.672852
201407142230, 0.560981
201407142240, 1.28971
201407142250, 1.51769
201407142300, 1.81695
201407142310, 1.95779
201407142320, 2.05556
201407142330, 2.82248
201407142340, 3.19108
201407142350, 3.71517
201407150000, 3.81087
201407150010, 3.83496
201407150020, 4.30046
201407150030, 4.68479
201407150040, 6.08062
201407150050, 7.33876
201407150100, 6.92003
201407150110, 7.639
201407150120, 8.39627
201407150130, 8.5599
201407150140, 8.84983
201407150150, 8.76617
201407150200, 9.17122
201407150210, 8.61979
201407150220, 8.87945
201407150230, 8.69412
201407150240, 8.14442
201407150250, 7.29188
201407150300, 7.60482
201407150310, 6.29069
201407150320, 6.28971
201407150330, 5.13607
201407150340, 4.84776
201407150350, 5.58247
201407150400, 4.42708
201407150410, 4.14334
201407150420, 3.4298
201407150430, 3.58355
201407150440, 3.85232
201407150450, 3.10308
201407150500, 3.4247
201407150510, 2.80914
201407150520, 3.03038
201407150530, 3.30273
201407150540, 1.8775
201407150550, 1.85514
201407150600, 1.66493
201407150610, 1.96137
201407150620, 0.450846
201407150630, 0.117947
201407150640, 0.268012
201407150650, 0.192166
201407150700, 0.00705295
201407150710, 0.00520833
201407150720, 0.0031467
201407150730, 0.00444878
201407150740, 0.00900608
201407150750, 0.0046658
201407150800, 0.00227865
201407150810, 0.00661892
201407150820, 0.0167101
201407150830, 0.00770399
201407150840, 0.00596788
201407150850, 0.0190972
201407150900, 0.0263672
201407150910, 0.0259332
201407150920, 0.00987413
201407150930, 0.06977
201407150940, 0.00401476
201407150950, 0.000434028
201407151000, 0
201407151010, 0.0488281
201407151020, 0
201407151030, 0.000434028
201407151040, 0.00694444
201407151050, 0.0100911
201407151100, 0.00227865
201407151110, 0.0112847
201407151120, 0.022678
201407151130, 0.00759549
201407151140, 0.00878906
201407151150, 0.00347222
201407151200, 0.0126953
201407151220, 0.0307075
201407151230, 0.014974
201407151240, 0.0094401
201407212230, 1.27962
201407212240, 1.34581
201407212250, 1.28917
201407212300, 1.31814
201407212310, 1.4617
201407212320, 1.58442
201407212330, 1.5663
201407212340, 1.75467
201407212350, 1.70649
201407220000, 1.57357
201407220010, 1.35786
201407220020, 1.40929
201407220030, 1.03234
201407220040, 1.38184
201407220050, 2.01009
201407220100, 2.15213
201407220110, 3.35449
201407220120, 3.32997
201407220130, 4.56966
201407220140, 4.68598
201407220150, 4.19542
201407220200, 4.111
201407220210, 3.90755
201407220220, 3.61578
201407220230, 3.26812
201407220240, 2.40202
201407220250, 3.20464
201407220300, 3.92188
201407220310, 3.51042
201407220320, 3.43848
201407220330, 2.84538
201407220340, 2.66428
201407220350, 2.23893
201407220400, 2.26096
201407220410, 2.2806
201407220420, 2.27615
201407220430, 2.16178
201407220440, 1.91298
201407220450, 1.52724
201407220500, 1.19238
201407220510, 2.0485
201407220520, 1.57053
201407220530, 2.08984
201407220540, 1.61035
201407220550, 1.54015
201407220600, 1.2398
201407220610, 1.27235
201407220620, 1.23665
201407220630, 1.18609
201407220640, 1.04427
201407220650, 0.97526
201407220700, 0.807943
201407220710, 0.65549
201407220720, 0.542209
201407220730, 0.199219
201407220740, 0.129883
201407220750, 0.161133
201407220800, 0.0362413
201407220810, 0.136393
201407220820, 0.0958116
201407220830, 0.393989
201407220840, 0.274089
201407220850, 0.0926649
201407220900, 0.166558
201407220910, 0.167535
201407220920, 0.211155
201407220930, 0.0211589
201407220940, 0.176758
201407220950, 0.129015
201407221000, 0.136176
201407221010, 0.0360243
201407221020, 0.0568576
201407221030, 0.0277778
201407221040, 0.000759549
201407221050, 0.0106337
201407221100, 0.0517578
201407221110, 0.0340712
201407221120, 0.0201823
201407221130, 0.0126953
201407221140, 0.0254991
201407221150, 0.00770399
201407221200, 0.0368924
201407221210, 0.0361328
201407221220, 0.02398
201407221230, 0.0824653
201407221240, 0.00824653
201407221310, 0.15115
201407221830, 0.00694444
201407221840, 0.0505642
201407221900, 0.574002
201407222240, 0.047309
201407222250, 0.0263672
201407222300, 0.00249566
201407222310, 0.0206163
201407222320, 0.0355903
201407222330, 0.00976562
201407222340, 0.119575
201407222350, 0.000108507
201407230000, 0.0015191
201407230010, 0.0334201
201407230020, 0.0623915
201407230030, 0.0015191
201407230040, 0.00206163
201407230050, 0.276476
201407230100, 0.529839
201407230110, 0.569987
201407230120, 1.52507
201407230130, 1.19846
201407230140, 2.30577
201407230150, 0.929362
201407230200, 1.23145
201407230210, 1.64269
201407230220, 1.06543
201407230230, 1.67589
201407230240, 1.87706
201407230250, 1.87359
201407230300, 1.91634
201407230310, 2.57368
201407230320, 2.22005
201407230330, 2.2028
201407230340, 1.90419
201407230350, 2.07205
201407230400, 1.67155
201407230410, 1.62684
201407230420, 2.27778
201407230430, 0.877713
201407230440, 1.77604
201407230450, 0.704644
201407230500, 0.685872
201407230510, 0.627713
201407230520, 0.470486
201407230530, 0.358507
201407230540, 0.228624
201407230550, 0.244141
201407230600, 0.253581
201407230610, 0.271701
201407230620, 0.19911
201407230630, 0.173069
201407230640, 0.0343967
201407230650, 0.0613064
201407230700, 0.00249566
201407230710, 0
201407230720, 0.0122613
201407230730, 0.00282118
201407230740, 0.000108507
201407230750, 0
201407230800, 0
201407230810, 0
201407230820, 0
201407230830, 0.000759549
201407230840, 0.00336372
201407230850, 0
201407230900, 0
201407230910, 0.0110677
201407230920, 0
201407230930, 0
201407230940, 0.000108507
201407230950, 0.0735677
201407231000, 0
201407231010, 0.0577257
201407231020, 0.000108507
201407231030, 0.00358073
201407231040, 0.0414497
201407231050, 0.0094401
201407231100, 0.0258247
201407231110, 0.0846354
201407231120, 0
201407231130, 0.0173611
201407231140, 0.0031467
201407231150, 0.00607639
201407231200, 0.0200738
201407231210, 0.000434028
201407231220, 0.00390625
201407231640, 0.130534
201407231650, 0.0397135
201407231700, 0.91352
201407231710, 0.119575
201407231720, 0.0929905
201407231730, 0.0411241
201407231740, 0.0487196
201407231750, 0.363932
201407231800, 0.280816
201407231810, 0.176866
201407231820, 0.14822
201407231830, 0.154731
201407231840, 0.0603299
201407231850, 0.575521
201407231900, 0.0793186
201407231910, 1.17567
201407231920, 0.0134549
201407231930, 0.134115
201407231940, 0.171984
201407231950, 0.140082
201407232000, 0.0170356
201407232010, 0.0959201
201407232020, 0.0222439
201407232030, 0.0016276
201407232040, 0.0130208
201407232050, 0.0904948
201407232100, 0.163737
201407232110, 0.268121
201407232120, 0.364041
201407232130, 0.188043
201407232140, 0.493815
201407232150, 0.677192
201407232200, 0.541775
201407232210, 0.903212
201407232220, 0.344618
201407232230, 0.765734
201407232240, 1.39638
201407232250, 1.61795
201407232300, 1.06011
201407232310, 1.35992
201407232320, 0.752387
201407232330, 1.62305
201407232340, 2.03353
201407232350, 2.28971
201407240000, 0.796332
201407240010, 0.919054
201407240020, 2.20551
201407240030, 3.38184
201407240040, 3.50391
201407240050, 4.87587
201407240100, 7.24685
201407240110, 8.06608
201407240120, 7.90082
201407240130, 7.30881
201407240140, 9.5064
201407240150, 8.55946
201407240200, 9.61393
201407240210, 7.14236
201407240220, 7.44629
201407240230, 8.71202
201407240240, 7.51747
201407240250, 8.02203
201407240300, 7.36241
201407240310, 7.25532
201407240320, 6.89572
201407240330, 6.9668
201407240340, 6.90983
201407240350, 6.21376
201407240400, 6.39193
201407240410, 5.94032
201407240420, 5.55827
201407240430, 4.61686
201407240440, 4.47645
201407240450, 4.50662
201407240500, 4.4528
201407240510, 4.25336
201407240520, 4.50358
201407240530, 3.7947
201407240540, 3.92763
201407240550, 3.25
201407240600, 3.08388
201407240610, 2.86263
201407240620, 2.38585
201407240630, 2.47797
201407240640, 1.6824
201407240650, 0.0566406
201407240700, 0.30306
201407240710, 0.120768
201407240720, 0.023112
201407240730, 0.482639
201407240740, 0.412977
201407240750, 0.119466
201407240800, 0.179036
201407240810, 0.0553385
201407240820, 0.085395
201407240830, 0.000217014
201407240840, 0
201407240850, 0.039388
201407240900, 0.0275608
201407240910, 0.00282118
201407240920, 0.000108507
201407240930, 0.000108507
201407240940, 0
201407240950, 0.000217014
201407241000, 0.00846354
201407241010, 0
201407241020, 0.000651042
201407241030, 0.00477431
201407241040, 0.0217014
201407241050, 0.00130208
201407241100, 0.000434028
201407241110, 0.0161675
201407241120, 0.00878906
201407241130, 0.00477431
201407241140, 0.0112847
201407241150, 0.0184462
201407241200, 0
201407241210, 0.000217014
201407241220, 0.000217014
201407241230, 0.00358073
201407241240, 0.00759549
201407241250, 0.00857205
201407241300, 0.0460069
201407241310, 0.0115017
201407241320, 0.00271267
201407241330, 0.0180122
201407241340, 0.000434028
201407241350, 0
201407241400, 0.192925
201407241410, 0.275174
201407241420, 0.00661892
201407241430, 0.0595703
201407241440, 0.0184462
201407241450, 0.000434028
201407241500, 0.0667318
201407241510, 0.0523003
201407241520, 0.000651042
201407241530, 0.0666233
201407241540, 0.0015191
201407241550, 0
201407241600, 0.000868056
201407241610, 0.0501302
201407241620, 0.00813802
201407241630, 0.0120443
201407241640, 0.00651042
201407241650, 0.00759549
201407241700, 0.0240885
201407241710, 0
201407241720, 0.0294054
201407241730, 0.0634766
201407241740, 0.0436198
201407241750, 0.00640191
201407241800, 0.00900608
201407241810, 0.09375
201407241820, 0.167535
201407241830, 0.0422092
201407241840, 0.479709
201407241850, 0.00184462
201407241900, 0.228841
201407241910, 0.116645
201407241920, 0.0665148
201407241930, 0.0626085
201407241940, 0.0614149
201407241950, 0.024197
201407242000, 0.0450304
201407242010, 0.0678168
201407242020, 0.0491536
201407242030, 0.0917969
201407242040, 0.0175781
201407242050, 0.0232205
201407242100, 0.0443793
201407242110, 0.0194227
201407242120, 0.0183377
201407242130, 0.0177951
201407242140, 0.00184462
201407242150, 0.039822
201407242200, 0.0273438
201407242210, 0.0417752
201407242220, 0.016059
201407242230, 0.046441
201407242240, 0.0218099
201407242250, 0.132161
201407242300, 0.0759549
201407242310, 0.197157
201407242320, 0.172092
201407242330, 0.0802951
201407242340, 0.0672743
201407242350, 0.0458984
201407250000, 0.046658
201407250010, 0
201407250020, 0.00412326
201407250030, 0.0251736
201407250040, 0.0489366
201407250050, 0.0205078
201407250100, 0.311306
201407250110, 0.711589
201407250120, 0.00564236
201407250130, 0.191623
201407250140, 0.276259
201407250150, 0.00824653
201407250200, 0.0261502
201407250210, 0.0015191
201407250220, 0
201407250230, 0.324544
201407250240, 0.00434028
201407250250, 0.0999349
201407250300, 0.153646
201407250310, 0.0736762
201407250320, 0.0414497
201407250330, 0.0619575
201407250340, 0.0796441
201407250350, 0.106228
201407250400, 0.0115017
201407250410, 0.189345
201407250420, 0.0132378
201407250430, 0.015408
201407250440, 0.0646701
201407250450, 0.0326606
201407250500, 0.046441
201407250510, 0.370009
201407250520, 0.282118
201407250530, 0.0164931
201407250540, 0.179579
201407250550, 0.0361328
201407250600, 0.386393
201407250610, 0.497287
201407250620, 0.351454
201407250630, 0.331814
201407250640, 0.199219
201407250650, 0.244249
201407250700, 0.00987413
201407250710, 0.129666
201407250720, 0.00824653
201407250730, 0.0129123
201407250740, 0.104601
201407250750, 0.0125868
201407250800, 0.0015191
201407250810, 0.00325521
201407250820, 0.225043
201407250830, 0.0180122
201407250840, 0.253581
201407250850, 0.583876
201407250900, 0.0116102
201407250910, 0.0304905
201407250920, 0.204536
201407250930, 0.000108507
201407250940, 0.0406901
201407250950, 0.166558
201407251000, 0.047309
201407251010, 0
201407251020, 0.0799696
201407251030, 0.0292969
201407251040, 0.0965712
201407251050, 0.0511068
201407251100, 0.184787
201407251110, 0.0518663
201407251120, 0.054145
201407251130, 0.101888
201407251140, 0.125217
201407251150, 0.101454
201407251200, 0.129774
201407251210, 0.116645
201407251220, 0.0920139
201407251230, 0.234049
201407251240, 0.0819227
201407251250, 0.078559
201407251300, 0.0392795
201407251310, 0.000217014
201407251320, 0
201407251330, 0.0601128
201407251340, 0.0963542
201407251350, 0.0515408
201407251400, 0.0185547
201407251410, 0.0015191
201407251420, 0.0390625
201407251430, 0
201407251440, 0
201407251450, 0.0337457
201407251500, 0.0169271
201407251510, 0.0120443
201407251520, 0.000325521
201407251530, 0.0145399
201407251540, 0.0180122
201407251550, 0.0198568
201407251600, 0
201407251610, 0
201407251620, 0
201407251630, 0.0119358
201407251640, 0.0435113
201407251650, 0.00824653
201407251700, 0.00130208
201407251710, 0
201407251720, 0.00575087
201407251730, 0.00184462
201407251740, 0
201407251750, 0.00477431
201407251800, 0.0189887
201407251810, 0.00889757
201407251820, 0
201407251830, 0.0110677
201407251840, 0.0366753
201407251850, 0.00423177
201407251900, 0
201407251910, 0.000108507
201407251920, 0.00282118
201407251930, 0.00282118
201407251940, 0.0273438
201407251950, 0.0197483
201407252000, 0.00455729
201407252010, 0
201407252020, 0.00358073
201407252030, 0.00488281
201407252040, 0.0279948
201407252050, 0.0118273
201407252100, 0.0572917
201407252110, 0.00857205
201407252120, 0.00987413
201407252130, 0.000108507
201407252140, 0.0112847
201407252150, 0.0135634
201407252200, 0.0621745
201407252210, 0.086046
201407252220, 0.199327
201407252230, 0.0416667
201407252240, 0.00553385
201407252250, 0.0243056
201407252300, 0.223199
201407252310, 0.0429688
201407252320, 0.00184462
201407252330, 0.270725
201407252340, 0.0424262
201407252350, 0.237413
201407260000, 0.381076
201407260010, 0.226562
201407260020, 0.275825
201407260030, 0.147569
201407260040, 0.109266
201407260050, 0.661241
201407260100, 0.325087
201407260110, 0.801866
201407260120, 0.442383
201407260130, 0.324544
201407260140, 0.45204
201407260150, 0.829102
201407260200, 0.618164
201407260210, 0.855903
201407260220, 0.918186
201407260230, 0.791558
201407260240, 0.805339
201407260250, 1.44878
201407260300, 0.973741
201407260310, 0.454102
201407260320, 0.561198
201407260330, 0.810764
201407260340, 0.689019
201407260350, 0.446832
201407260400, 0.468967
201407260410, 0.620768
201407260420, 0.389106
201407260430, 0.179688
201407260440, 0.355686
201407260450, 0.185221
201407260500, 0.30306
201407260510, 0.0557726
201407260520, 0.161024
201407260530, 0.109266
201407260540, 0.260417
201407260550, 0.189128
201407260600, 0.112739
201407260610, 0.107422
201407260620, 0
201407260630, 0.0297309
201407260640, 0.273329
201407260650, 0.0582682
201407260700, 0.0304905
201407260710, 0.0183377
201407260720, 0
201407260730, 0.00325521
201407260740, 0
201407260750, 0.00748698
201407260800, 0.0131293
201407260810, 0.645508
201407260820, 1.04937
201407260830, 0.00488281
201407260840, 0.412218
201407260850, 0.266493
201407260900, 0.0111762
201407260910, 0.000108507
201407260920, 0.00488281
201407260930, 0.054362
201407260940, 1.26139
201407260950, 0.216363
201407261000, 0.624023
201407261010, 0.00271267
201407261020, 0.249674
201407261030, 0.861111
201407261040, 0.0738932
201407261050, 1.19303
201407261100, 0
201407261110, 0.00119358
201407261120, 0.00553385
201407261130, 0.00575087
201407261140, 0.575304
201407261150, 0.141927
201407261200, 0.0110677
201407261210, 0.0100911
201407261220, 0
201407261230, 0.00141059
201407261240, 0
201407261250, 0.00564236
201407261300, 0.00661892
201407261310, 0.0460069
201407261320, 0.0643446
201407261330, 0.0744358
201407261340, 0.00575087
201407261350, 0.00292969
201407261400, 0.820964
201407261410, 0
201407261420, 0
201407261430, 0.000108507
201407261440, 0.718207
201407261450, 0.0742188
201407261500, 0.363064
201407261510, 0.565213
201407261520, 0.0423177
201407261530, 0.176541
201407261540, 0.0340712
201407261550, 0.0100911
201407261600, 0.0850694
201407261610, 0.0253906
201407261620, 0.0109592
201407261630, 0
201407261640, 0
201407261650, 0.0338542
201407261700, 0.00347222
201407261710, 0.0848524
201407261720, 0
201407261730, 0.0322266
201407261740, 0.000325521
201407261750, 0.00119358
201407261800, 0.00824653
201407261810, 0.0578342
201407261820, 0.0288628
201407261830, 0.00141059
201407261840, 0.0674913
201407261850, 0.288845
201407261900, 0.0015191
201407261910, 0.231771
201407261920, 0.0201823
201407261930, 0.0281033
201407261940, 0
201407261950, 0
201407262000, 0
201407262010, 0.000325521
201407262020, 0
201407262030, 0.0219184
201407262040, 0.0062934
201407262050, 0.0195312
201407262100, 0.0046658
201407262110, 0.219076
201407262120, 0.0390625
201407262130, 0
201407262140, 0.173069
201407262150, 0.241536
201407262200, 0.000434028
201407262210, 0.0334201
201407262220, 0
201407262230, 0.0588108
201407262240, 0.0343967
201407262250, 0.116102
201407262300, 0.0912543
201407262310, 0
201407262320, 0
201407262330, 0.0563151
201407262340, 0.00488281
201407262350, 0.0361328
201407270000, 0.0139974
201407270010, 0
201407270020, 0.0414497
201407270030, 0
201407270040, 0.0795356
201407270050, 0.0139974
201407270100, 0.10753
201407270110, 0.322374
201407270120, 1.20074
201407270130, 0.581923
201407270140, 1.86372
201407270150, 1.79905
201407270200, 1.9311
201407270210, 1.07585
201407270220, 2.26411
201407270230, 1.47059
201407270240, 1.84852
201407270250, 2.5472
201407270300, 2.64898
201407270310, 2.6505
201407270320, 2.04644
201407270330, 2.31966
201407270340, 2.24533
201407270350, 2.85927
201407270400, 2.85373
201407270410, 3.12218
201407270420, 2.26345
201407270430, 2.54959
201407270440, 1.97884
201407270450, 1.80935
201407270500, 1.99208
201407270510, 2.05632
201407270520, 1.94944
201407270530, 1.90039
201407270540, 2.06228
201407270550, 2.62218
201407270600, 2.3827
201407270610, 2.17914
201407270620, 2.61079
201407270630, 1.08084
201407270640, 0.516493
201407270650, 1.47211
201407270700, 1.67122
201407270710, 1.6799
201407270720, 1.51313
201407270730, 1.80197
201407270740, 1.74501
201407270750, 1.69531
201407270800, 1.12999
201407270810, 1.38531
201407270820, 1.44227
201407270830, 1.45237
201407270840, 1.28852
201407270850, 1.47862
201407270900, 1.32997
201407270910, 0.588108
201407270920, 1.23318
201407270930, 1.03364
201407270940, 1.28038
201407270950, 0.528537
201407271000, 0.843316
201407271010, 0.165582
201407271020, 0.0427517
201407271030, 0.641493
201407271040, 0.371094
201407271050, 0.593207
201407271100, 0.68457
201407271110, 0.65701
201407271120, 0.987956
201407271130, 0.91059
201407271140, 0.38444
201407271150, 0.208225
201407271200, 0.00249566
201407271210, 0.737088
201407271220, 0.0540365
201407271230, 0.00108507
201407271240, 0.468859
201407271250, 0.00401476
201407271300, 0.111762
201407271310, 0.237305
201407271320, 0.219618
201407271330, 0.494792
201407271340, 0.320855
201407271350, 0.147786
201407271400, 0.212565
201407271410, 0.544054
201407271420, 0.673503
201407271430, 1.18815
201407271440, 1.27658
201407271450, 0.77691
201407271500, 0.684896
201407271510, 0.710395
201407271520, 0.947808
201407271530, 0.635742
201407271540, 0.87717
201407271550, 0.618273
201407271600, 0.563802
201407271610, 0.487847
201407271620, 0.352865
201407271630, 0.0915799
201407271640, 0.592231
201407271650, 0.412869
201407271700, 0.046875
201407271710, 0.0875651
201407271720, 0.000759549
201407271730, 0.0327691
201407271740, 0
201407271750, 0.0223524
201407271800, 0.328776
201407271810, 0.162001
201407271820, 0.0842014
201407271830, 0
201407271840, 0.0330946
201407271850, 0.0916884
201407271900, 0.121962
201407271910, 0
201407271920, 0
201407271930, 0.0984158
201407271940, 0
201407271950, 0.00336372
201407272000, 0
201407272010, 0.0046658
201407272020, 0
201407272030, 0.00130208
201407272040, 0.169596
201407272050, 0.374023
201407272100, 0.0145399
201407272110, 0.0292969
201407272120, 0.00661892
201407272130, 0.0965712
201407272140, 0
201407272150, 0.0328776
201407272200, 0.0078125
201407272210, 0
201407272220, 0.00423177
201407272230, 0
201407272240, 0.233507
201407272250, 0
201407272300, 0.00499132
201407272310, 0.0457899
201407272320, 0
201407272330, 0.0372179
201407272340, 0
201407272350, 0
201407280000, 0.0436198
201407280010, 0.0225694
201407280020, 0
201407280030, 0.000108507
201407280040, 0
201407280050, 0.000108507
201407280100, 0.342122
201407280110, 0
201407280120, 0.000217014
201407280130, 0
201407280140, 0.0596788
201407280150, 0.0495877
201407280200, 0.000217014
201407280210, 0.344076
201407280220, 0.468641
201407280230, 0.464518
201407280240, 0.160482
201407280250, 0
201407280300, 0.00217014
201407280310, 0.356988
201407280320, 0.248698
201407280330, 0.00206163
201407280340, 0.171549
201407280350, 1.19065
201407280400, 0.00607639
201407280410, 0.308919
201407280420, 0.334418
201407280430, 0.707031
201407280440, 0.33214
201407280450, 0.441515
201407280500, 0.0639106
201407280510, 0.0430773
201407280520, 0.176975
201407280530, 0.0350477
201407280540, 0.0207248
201407280550, 0.0452474
201407280600, 0.000108507
201407280610, 0.0177951
201407280620, 0
201407280630, 0.0499132
201407280640, 0.00108507
201407280650, 0
201407280700, 0
201407280710, 0.000108507
201407280720, 0.0183377
201407280730, 0.000434028
201407280740, 0.0673828
201407280750, 0.0046658
201407280800, 0.0604384
201407280810, 0.0367839
201407280820, 0
201407280830, 0.0168186
201407280840, 0.0307075
201407280850, 0.00108507
201407280900, 0.000976562
201407280910, 0.000651042
201407280920, 0.0442708
201407280930, 0.0148655
201407280940, 0.00292969
201407280950, 0.249349
201407281000, 0.0549045
201407281010, 0.030599
201407281020, 0.0474175
201407281030, 0.00130208
201407281040, 0.129015
201407281050, 0.193685
201407281100, 0.109809
201407281110, 0.000434028
201407281120, 0.56467
201407281130, 0.0891927
201407281140, 0.0537109
201407281150, 0.047309
201407281200, 0.120334
201407281210, 0.126736
201407281220, 0.0279948
201407281230, 0.13227
201407281240, 0.746853
201407281250, 0.00358073
201407281300, 0.00889757
201407281310, 0.00813802
201407281320, 0.0155165
201407281330, 0.234809
201407281340, 0.331597
201407281350, 1.27517
201407281400, 1.00901
201407281410, 0.960612
201407281420, 0.495443
201407281430, 0.355794
201407281440, 0.378581
201407281450, 1.2921
201407281500, 0.078342
201407281510, 0.145291
201407281520, 0.77105
201407281530, 0.549696
201407281540, 0.309028
201407281550, 0.501736
201407281600, 0.730252
201407281610, 0.453342
201407281620, 0.715169
201407281630, 0.519314
201407281640, 0.994466
201407281650, 1.02322
201407281700, 0.687934
201407282020, 1.78223
201407282030, 1.43869
201407282040, 1.70833
201407282050, 1.38064
201407282100, 2.33474
201407282110, 1.7946
201407282120, 1.62652
201407282130, 1.51714
201407282140, 1.29666
201407282150, 0.516168
201407282200, 0.23839
201407282210, 0.333442
201407282220, 0.145291
201407282230, 0.169813
201407282240, 0
201407282250, 0.431858
201407282300, 0.000217014
201407282310, 0.231662
201407282320, 0
201407282330, 0.114258
201407282340, 0.503906
201407282350, 0
201407290000, 0.339952
201407290010, 0.395942
201407290020, 0.000108507
201407290030, 0.239041
201407290040, 0.500326
201407290050, 0
201407290100, 0.000759549
201407290110, 0
201407290120, 0.00325521
201407290130, 0
201407290140, 0.00759549
201407290150, 0.00390625
201407290200, 0.00824653
201407290210, 0.031684
201407290220, 0.0613064
201407290230, 0.796224
201407290240, 0.696615
201407290250, 0.208659
201407290300, 0.79145
201407290310, 0.000434028
201407290320, 0.569553
201407290330, 0
201407290340, 0
201407290350, 0.0279948
201407290400, 0
201407290410, 0.485894
201407290420, 0.00509983
201407290430, 0.184787
201407290440, 0.814345
201407290450, 0.482422
201407290500, 0.283095
201407290510, 0.449219
201407290520, 0.151042
201407290530, 0.00965712
201407290540, 0.039822
201407290550, 0.632378
201407290600, 0.627821
201407290610, 0.038954
201407290620, 1.57476
201407290630, 0.820421
201407290640, 0.836697
201407290650, 0.464301
201407290700, 0.0379774
201407290710, 0.911567
201407290720, 0.0078125
201407290730, 0.226562
201407290740, 0
201407290800, 0.699327
201407290810, 0.13444
201407290820, 0.604058
201407290830, 0.248915
201407290840, 0.238715
201407290900, 1.11187
201407290910, 0.202365
201407290920, 0.395399
201407290930, 0.149197
201407290940, 0.031901
201407290950, 0.256185
201407291000, 0
201407291010, 0.0340712
201407291020, 0.0290799
201407291030, 0.171007
201407291040, 0.0578342
201407291050, 0.0514323
201407291100, 0.00998264
201407291110, 0.0370009
201407291120, 0.0157335
201407291130, 0.158203
201407291140, 0.357205
201407291150, 0.726454
201407291200, 0.902995
201407291210, 0.889974
201407291220, 0.600152
201407291230, 0.541775
201407291240, 0.68316
201407291250, 1.16667
201407291300, 1.61534
201407291310, 1.78635
201407291320, 0.632595
201407291330, 0.975152
201407291340, 0.940647
201407291350, 2.12229
201407291400, 1.52192
201407291410, 1.5944
201407291420, 1.45443
201407291430, 2.7602
201407291440, 1.92112
201407291450, 1.30404
201407291500, 3.09288
201407291510, 1.20584
201407291520, 1.95063
201407291530, 1.84614
201407291540, 2.55393
201407291550, 2.59397
201407291600, 2.93457
201407291610, 2.79362
201407291620, 3.20985
201407291630, 1.93631
201407291640, 1.48633
201407291650, 0.785699
201407291700, 1.09049
201407291710, 1.08789
201407291720, 1.58539
201407291730, 1.69368
201407291740, 1.41688
201407291750, 1.44792
201407291800, 1.97906
201407291810, 1.15809
201407291820, 1.14974
201407291830, 0.854818
201407291840, 0.656141
201407291850, 0.0399306
201407291900, 0.0145399
201407291910, 0.921224
201407291920, 0.201389
201407291930, 0.69553
201407291940, 0.51747
201407291950, 0.91862
201407292000, 0.493707
201407292010, 0.40549
201407292020, 0.675564
201407292030, 0.00444878
201407292040, 0.0189887
201407292050, 0.189453
201407292100, 0.411133
201407292110, 0.726671
201407292120, 0.0182292
201407292130, 0.33941
201407292140, 0.324761
201407292150, 0.371311
201407292200, 0.182617
201407292210, 0.0246311
201407292220, 1.57118
201407292230, 1.31543
201407292240, 0.828776
201407292250, 0.00607639
201407292300, 0.00217014
201407292310, 0
201407292320, 0
201407292330, 0
201407292340, 0.00596788
201407292350, 0.086046
201407300000, 0.000651042
201407300010, 0
201407300020, 0.015842
201407300030, 0.0179036
201407300040, 0.0496962
201407300050, 0.0651042
201407300100, 0
201407300110, 0.0212674
201407300120, 0.000976562
201407300130, 0
201407300140, 0.0196398
201407300150, 0.00640191
201407300200, 0.039171
201407300210, 0.00716146
201407300220, 0.0632595
201407300230, 0.221897
201407300240, 0
201407300250, 0.00249566
201407300300, 0.0031467
201407300310, 0.000325521
201407300320, 1.27072
201407300330, 0.459744
201407300340, 1.17828
201407300350, 0.862305
201407300400, 1.14648
201407300410, 0.125109
201407300420, 0.00759549
201407300430, 1.17611
201407300440, 0.0321181
201407300450, 0.394965
201407300500, 0.283854
201407300510, 1.26823
201407300520, 0.301758
201407300530, 1.07433
201407300540, 0.0234375
201407300550, 0.788737
201407300600, 0.645182
201407300610, 0.963759
201407300620, 0.125217
201407300630, 0.0129123
201407300640, 0.00748698
201407300650, 0.077474
201407300700, 0.069553
201407300710, 0.12066
201407300720, 0.317274
201407300730, 0.0304905
201407300740, 0.00770399
201407300750, 0.00303819
201407300800, 0.344727
201407300810, 0.000542535
201407300820, 0.00412326
201407300830, 0.00792101
201407300840, 0.0194227
201407300850, 0.0652127
201407300900, 0.00227865
201407300910, 0.000542535
201407300920, 0.00292969
201407300930, 0.000217014
201407300940, 0.0646701
201407300950, 0.023112
201407301000, 0.0630425
201407301010, 0.0272352
201407301020, 0.208116
201407301030, 0.0414497
201407301040, 0.0094401
201407301050, 0.113064
201407301100, 0.0164931
201407301110, 0.0210503
201407301120, 0.000542535
201407301130, 0.00965712
201407301140, 0.0394965
201407301150, 0.0517578
201407301200, 0.000108507
201407301210, 0.000325521
201407301220, 0.0893012
201407301230, 0.303168
201407301240, 0.145616
201407301250, 0.0533854
201407301300, 0.0315755
201407301310, 0
201407301320, 0.000542535
201407301330, 0.055013
201407301340, 0.000108507
201407301350, 0.238173
201407301400, 0.37066
201407301410, 0.293403
201407301420, 0.0682509
201407301430, 0.0297309
201407301440, 0.784288
201407301450, 0.219293
201407301500, 0.921332
201407301510, 0.721571
201407301520, 0.926324
201407301530, 0.801215
201407301540, 0.528212
201407301550, 0.485569
201407301600, 0.798286
201407301610, 0.837999
201407301620, 0.769748
201407301630, 0.748915
201407301640, 0.828125
201407301650, 0.793945
201407301700, 0.8648
201407301710, 0.92947
201407301720, 1.44412
201407301730, 1.03331
201407301740, 0.937392
201407301750, 1.10818
201407301800, 1.449
201407301810, 1.125
201407301820, 1.52235
201407301830, 1.62402
201407301840, 1.63889
201407301850, 1.6697
201407301900, 1.92263
201407301910, 1.537
201407301920, 1.76573
201407301930, 1.65527
201407301940, 2.03754
201407301950, 2.3584
201407302000, 2.5969
201407302010, 2.273
201407302020, 1.81673
201407302030, 2.24208
201407302040, 1.80577
201407302050, 1.79188
201407302100, 1.97526
201407302110, 1.73676
201407302120, 1.8355
201407302130, 1.71289
201407302140, 1.82921
201407302150, 1.68197
201407302200, 1.86599
201407302210, 1.77995
201407302220, 1.72635
201407302230, 1.66222
201407302240, 1.39518
201407302250, 1.84896
201407302300, 1.39714
201407302310, 1.42773
201407302320, 0.88737
201407302330, 1.22819
201407302340, 1.07129
201407302350, 0.704102
201407310000, 0.422092
201407310010, 0.0520833
201407310020, 0.00694444
201407310030, 0.00249566
201407310040, 0.0504557
201407310050, 0.647352
201407310100, 1.08974
201407310110, 0.514865
201407310120, 1.82954
201407310130, 1.57389
201407310140, 1.34494
201407310150, 1.61925
201407310200, 0.93826
201407310210, 1.27648
201407310220, 1.32606
201407310230, 2.25065
201407310240, 1.53548
201407310250, 1.56434
201407310300, 1.33789
201407310310, 1.66688
201407310320, 1.35362
201407310330, 1.14659
201407310340, 1.11437
201407310350, 0.903429
201407310400, 1.38867
201407310410, 1.37033
201407310420, 2.17556
201407310430, 1.78103
201407310440, 1.42806
201407310450, 0.794271
201407310500, 1.12554
201407310510, 1.51259
201407310520, 0.797309
201407310530, 1.14052
201407310540, 0.814996
201407310550, 1.02799
201407310600, 1.10471
201407310610, 0.773763
201407310620, 0.601888
201407310630, 0.432834
201407310640, 0.28559
201407310650, 0.270616
201407310700, 0.0362413
201407310710, 0.00401476
201407310720, 0.0495877
201407310730, 0.0458984
201407310740, 0.297635
201407310750, 0.00672743
201407310800, 0
201407310810, 0.0747613
201407310820, 0.0134549
201407310830, 0.000325521
201407310840, 0.0415582
201407310850, 0.307183
201407310900, 0.00520833
201407310910, 0.782661
201407310920, 0.410807
201407310930, 0.690647
201407310940, 0.801432
201407310950, 0.309245
201407311000, 0.325304
201407311010, 0.0830078
201407311020, 0.338976
201407311030, 0.0638021
201407311040, 0.0337457
201407311050, 0.00477431
201407311100, 0.109592
201407311110, 0.0309245
201407311120, 0.00987413
201407311130, 0.0169271
201407311140, 0.0338542
201407311150, 0.10319
201407311200, 0.104275
201407311210, 0.351997
201407311220, 0.332791
201407311230, 0.492622
201407311240, 0.000542535
201407311250, 0.0538194
201407311300, 0.608181
201407311310, 0.0616319
201407311320, 0.287543
201407311330, 0.459635
201407311340, 0.429579
201407311350, 0.629449
201407311400, 0.414388
201407311410, 0.318793
201407311420, 0.534939
201407311430, 0.733398
201407311440, 0.485786
201407311450, 0.38444
201407311500, 0.49783
201407311510, 0.243598
201407311520, 0.825087
201407311530, 0.219401
201407311540, 0.721897
201407311550, 0.822266
201407311600, 0.821398
201407311610, 0.905056
201407311620, 0.710069
201407311630, 0.405165
201407311640, 0.334635
201407311650, 0.0139974
201407311700, 0.0328776
201407311710, 1.10948
201407311720, 0.757812
201407311730, 0.634657
201407311740, 0.57997
201407311750, 0.731662
201407311800, 0.861545
201407311810, 0.676541
201407311820, 1.47982
201407311830, 1.12663
201407311840, 1.23394
201407311850, 2.04308
201407311900, 0.779514
201407311910, 0.671658
201407311920, 2.01096
201407311930, 0.964952
201407311940, 1.03874
201407311950, 1.00575
201407312000, 0.746419
201407312010, 1.12587
201407312020, 0.998915
201407312030, 1.2321
201407312040, 1.34256
201407312050, 1.31793
201407312100, 1.29221
201407312110, 1.48589
201407312120, 1.37391
201407312130, 1.72027
201407312140, 1.01497
201407312150, 1.65354
201407312200, 1.4554
201407312210, 1.20269
201407312220, 1.57346
201407312230, 0.0574002
201407312250, 0.00347222
201407312300, 0.00911458
201407312310, 0.00292969
201407312320, 0
201407312330, 0.00271267
201407312340, 0.0647786
201407312350, 0.00108507
201408010000, 0.0016276
201408010010, 0.0172526
201408010020, 0.0138889
201408010030, 0.00585938
201408010040, 0.221788
201408010050, 0.22895
201408010100, 0.0194227
201408010110, 0.0413411
201408010120, 0.0590278
201408010130, 0.369683
201408010140, 0.0335286
201408010150, 0.0177951
201408010200, 0
201408010210, 0.000434028
201408010220, 0.0105252
201408010230, 0.0559896
201408010240, 0.0472005
201408010250, 0.00347222
201408010300, 0.0632595
201408010310, 0.00564236
201408010320, 0.0380859
201408010330, 0.0454644
201408010340, 0.0163845
201408010350, 0.00737847
201408010400, 0.0401476
201408010410, 0.0274523
201408010420, 0
201408010430, 0.0136719
201408010440, 0.136502
201408010450, 0.00488281
201408010500, 0.0342882
201408010510, 0.0609809
201408010520, 0
201408010530, 0
201408010540, 0.00770399
201408010600, 0.0046658
201408010610, 0.00661892
201408010620, 0.00640191
201408010630, 0.0213759
201408010640, 0.031684
201408010650, 0.0283203
201408010700, 0
201408010710, 0.0718316
201408010720, 0.112196
201408010730, 0.00227865
201408010740, 0
201408010750, 0
201408010800, 0.00835503
201408010810, 0.00585938
201408010820, 0.0590278
201408010830, 0.0511068
201408010840, 0.039822
201408010850, 0.0384115
201408010900, 0.0256076
201408010910, 0.0400391
201408010920, 0
201408010930, 0.0180122
201408010940, 0.0505642
201408010950, 0.19694
201408011000, 0.00868056
201408011010, 0.000108507
201408011020, 0.000217014
201408011030, 0.0093316
201408011040, 0.000868056
201408011050, 0.00520833
201408011100, 0.00217014
201408011110, 0.0094401
201408011120, 0.00520833
201408011130, 0.0144314
201408011140, 0.00141059
201408011150, 0.0094401
201408011200, 0.00238715
201408011210, 0.0375434
201408011220, 0.0908203
201408011230, 0.126411
201408011240, 0.102539
201408011250, 0.00130208
201408011300, 0.0920139
201408011310, 0.047309
201408011320, 0.114909
201408011330, 0.120877
201408011340, 0.0885417
201408011350, 0.086263
201408011400, 0.0380859
201408011410, 0.00249566
201408011420, 0.00520833
201408011430, 0.140082
201408011440, 0.00238715
201408011450, 0.00499132
201408011500, 0.319553
201408011510, 0
201408011520, 0.0163845
201408011530, 0.231337
201408011540, 0
201408011550, 0.294596
201408011600, 0.793186
201408011610, 0.286458
201408011620, 0.56684
201408011630, 0.472222
201408011640, 0.524197
201408011650, 0.778971
201408011700, 0.206706
201408011710, 0.682943
201408011720, 0.922852
201408011730, 1.03635
201408011740, 1.24143
201408011750, 0.851997
201408011800, 0.739583
201408011810, 0.539931
201408011820, 0.558051
201408011830, 0.625543
201408011840, 0.296115
201408011850, 0.726888
201408011900, 0.253798
201408011910, 0.845052
201408011920, 0.679688
201408011930, 0.695747
201408011940, 0.390516
201408011950, 0.981662
201408012000, 0.835612
201408012010, 0.0206163
201408012020, 0.0356988
201408012030, 0.00520833
201408012040, 0.0131293
201408012050, 0.00434028
201408012100, 0
201408012110, 0
201408012120, 0
201408012130, 0.000108507
201408012140, 0.13661
201408012150, 0
201408012200, 0.0703125
201408012210, 0.0565321
201408012220, 0.00227865
201408012230, 0.00108507
201408012240, 0.0112847
201408012250, 0.000651042
201408012300, 0.00282118
201408012310, 0
201408012320, 0.00206163
201408012330, 0.0251736
201408012340, 0.00390625
201408012350, 0.00379774
201408020000, 0.00694444
201408020010, 0.00173611
201408020020, 0
201408020030, 0.00824653
201408020040, 0.00184462
201408020050, 0.0184462
201408020100, 0.0300564
201408020110, 0.00596788
201408020120, 0.0512153
201408020130, 0.00553385
201408020140, 0.0332031
201408020150, 0.00499132
201408020200, 0.185004
201408020210, 0.0322266
201408020220, 0.0963542
201408020230, 0.00206163
201408020240, 0.0465495
201408020250, 0.253689
201408020300, 0.0441623
201408020310, 0
201408020320, 0.0353733
201408020330, 0.0143229
201408020340, 0.024197
201408020350, 0.10026
201408020400, 0.424371
201408020410, 0.492839
201408020420, 0.237847
201408020430, 0.305881
201408020440, 0.240994
201408020450, 0.313151
201408020500, 0.195095
201408020510, 0.138672
201408020520, 0.0990668
201408020530, 0.023546
201408020540, 0.00379774
201408020550, 0.0257161
201408020600, 0.0279948
201408020610, 0.00184462
201408020620, 0.0212674
201408020630, 0.0501302
201408020640, 0.129991
201408020650, 0.0407986
201408020700, 0.0434028
201408020710, 0.0454644
201408020720, 0.0194227
201408020730, 0.085829
201408020740, 0.109375
201408020800, 0.109918
201408020810, 0.0780165
201408020820, 0.0175781
201408020830, 0.000325521
201408020840, 0.00303819
201408020850, 0
201408020900, 0.023763
201408020910, 0.0973307
201408020920, 0.055013
201408020930, 0.000542535
201408020940, 0.0260417
201408020950, 0.0277778
201408021000, 0.00965712
201408021010, 0.0185547
201408021020, 0
201408021030, 0
201408021040, 0.100803
201408021050, 0.357856
201408021100, 0.093316
201408021110, 0.620334
201408021120, 0.023546
201408021130, 0.507921
201408021140, 0.752387
201408021150, 1.53689
201408021200, 1.85992
201408021210, 1.54731
201408021220, 1.90224
201408021230, 1.51237
201408021240, 0.940321
201408021250, 1.26009
201408021300, 1.46615
201408021310, 1.45464
201408021320, 1.22765
201408021330, 0.245009
201408021340, 0.631076
201408021350, 0.734375
201408021400, 0.198242
201408021410, 0.0813802
201408021420, 0.0501302
201408021430, 0.552192
201408021440, 0.069553
201408021450, 0.0222439
201408021500, 0.238173
201408021510, 0.224935
201408021520, 0.386068
201408021530, 0.152778
201408021540, 1.03027
201408021550, 0.844076
201408021600, 1.0025
201408021610, 0.36122
201408021620, 0.949436
201408021630, 0.9898
201408021640, 1.51291
201408021650, 1.46853
201408021700, 0.46951
201408021710, 0.629449
201408021720, 0.462999
201408021730, 1.35156
201408021740, 0.39822
201408021750, 0.72895
201408021800, 0.386502
201408021810, 0.00390625
201408021820, 1.62326
201408021830, 0.342773
201408021840, 0.21799
201408021850, 0.349392
201408021900, 0.464301
201408021910, 0.187609
201408021920, 0.468967
201408021930, 0.192817
201408021940, 0.685655
201408021950, 0.813368
201408022000, 0.250434
201408022010, 0.167643
201408022020, 0.319227
201408022030, 0.0493707
201408022040, 0.123264
201408022050, 0.48329
201408022100, 0.723307
201408022110, 0.323568
201408022120, 0.486871
201408022130, 0.68826
201408022140, 0.59375
201408022150, 0.90918
201408022200, 0.770942
201408022210, 0.829644
201408022220, 1.94564
201408022230, 0.935438
201408022240, 0.763129
201408022250, 0.0359158
201408022300, 0.776259
201408022310, 0.627279
201408022320, 0.564236
201408022330, 0.0538194
201408022340, 0.0596788
201408022350, 0.862847
201408030000, 0.357639
201408030010, 0.038737
201408030020, 0.0200738
201408030030, 0.195855
201408030040, 0.000108507
201408030050, 0.0104167
201408030110, 0.0325521
201408030120, 0.550998
201408030130, 0.130534
201408030140, 0.214518
201408030150, 0.0852865
201408030200, 0.000651042
201408030210, 0.0445964
201408030220, 0.402127
201408030230, 0.00954861
201408030240, 0.138672
201408030250, 0.307292
201408030300, 0.031901
201408030310, 0.00358073
201408030320, 0.0161675
201408030330, 0.129883
201408030340, 0.0104167
201408030350, 0.0320095
201408030400, 0.152018
201408030410, 0.145508
201408030420, 0.573893
201408030430, 0.582899
201408030440, 0.491102
201408030450, 0.336914
201408030500, 0.149631
201408030510, 0.463867
201408030520, 0.273655
201408030530, 0.521376
201408030540, 0.63954
201408030550, 0.714844
201408030600, 0.851562
201408030610, 0.532878
201408030620, 0.638021
201408030630, 0.60536
201408030640, 0.367622
201408030650, 0.389431
201408030700, 0.466688
201408030710, 0.417969
201408030720, 0.240017
201408030730, 0.187066
201408030740, 0.126953
201408030750, 0.918294
201408030800, 0.177843
201408030810, 0.993815
201408030820, 0.0411241
201408030830, 0.077908
201408030840, 0.12424
201408030850, 0.00412326
201408030900, 0.0580512
201408030910, 0.125543
201408030920, 0.0671658
201408030930, 0.0190972
201408030940, 0.00141059
201408030950, 0.187609
201408031000, 0.00130208
201408031010, 0.0712891
201408031020, 0
201408031030, 0.196072
201408031040, 0.0210503
201408031050, 0.0658637
201408031100, 0.258898
201408031110, 0.973958
201408031120, 0
201408031130, 1.26638
201408031140, 0
201408031150, 0.0195312
201408031200, 0.558268
201408031210, 1.35221
201408031220, 3.05425
201408031230, 1.37847
201408031240, 3.93229
201408031250, 3.25619
201408031300, 2.59115
201408031310, 1.11664
201408031320, 2.16352
201408031330, 3.2028
201408031340, 2.01953
201408031350, 1.80154
201408031400, 2.11089
201408031410, 4.338
201408031420, 1.00347
201408031430, 3.10406
201408031440, 1.72797
201408031450, 1.15115
201408031500, 0.85319
201408031510, 2.30566
201408031520, 1.77018
201408031530, 1.35612
201408031540, 3.8393
201408031550, 3.24132
201408031600, 2.00033
201408031610, 2.69987
201408031620, 1.94368
201408031630, 1.43359
201408031640, 2.46191
201408031650, 0.720595
201408031700, 1.22374
201408031710, 1.31066
201408031720, 0.878689
201408031730, 1.02452
201408031740, 0.209418
201408031750, 0.484809
201408031800, 1.29036
201408031810, 1.14855
201408031820, 0.827257
201408031830, 1.69553
201408031840, 0.505425
201408031850, 0.232856
201408031900, 1.38357
201408031910, 0.969293
201408031920, 3.24924
201408031930, 1.04926
201408031940, 1.34169
201408031950, 1.50467
201408032000, 3.17285
201408032010, 1.30924
201408032020, 1.05892
201408032030, 0.50727
201408032040, 0.400065
201408032050, 0.379232
201408032100, 0.784722
201408032110, 0.919596
201408032120, 0.951389
201408032130, 1.34125
201408032140, 1.56445
201408032150, 1.77018
201408032200, 1.81641
201408032210, 1.72569
201408032220, 2.15419
201408032230, 2.06315
201408032240, 1.60167
201408032250, 1.91515
201408032300, 2.26356
201408032310, 2.30306
201408032320, 1.95399
201408032330, 2.6479
201408032340, 1.44531
201408032350, 1.9248
201408040000, 3.213
201408040010, 1.54405
201408040020, 0.369358
201408040030, 0.101454
201408040040, 0.991428
201408040050, 4.38715
201408040100, 4.25412
201408040110, 5.14442
201408040120, 3.18826
201408040130, 3.10645
201408040140, 3.67187
201408040150, 3.85514
201408040200, 3.02409
201408040210, 2.94488
201408040220, 3.96929
201408040230, 3.55501
201408040240, 2.4439
201408040250, 2.11209
201408040300, 1.338
201408040310, 0.454319
201408040320, 0.442708
201408040330, 0.349718
201408040340, 0.253581
201408040350, 0.45931
201408040400, 0.607964
201408040410, 0.197917
201408040420, 1.20117
201408040430, 0.282118
201408040440, 0.869249
201408040450, 1.11751
201408040500, 0.19987
201408040510, 0.838542
201408040520, 0.652344
201408040530, 0.901367
201408040540, 0.145725
201408040550, 0.722656
201408040600, 0.635634
201408040610, 0.91135
201408040620, 1.33507
201408040630, 0.877604
201408040640, 0.775282
201408040650, 0.707899
201408040700, 0.401042
201408040710, 0.915148
201408040720, 0.882053
201408040730, 0.665473
201408040740, 1.02539
201408040750, 1.00792
201408040800, 1.45833
201408040810, 0.578885
201408040820, 0.368707
201408040830, 0.701823
201408040840, 0.541124
201408040850, 2.3724
201408040900, 0.639648
201408040910, 2.3176
201408040920, 1.99501
201408040930, 0.16428
201408040940, 0.0217014
201408040950, 0.845378
201408041000, 0.424371
201408041010, 0.298177
201408041020, 1.62326
201408041030, 2.59863
201408041040, 1.80067
201408041050, 2.26997
201408041100, 2.14594
201408041110, 3.57823
201408041120, 2.92112
201408041130, 2.99414
201408041140, 2.00857
201408041150, 3.86979
201408041200, 3.47439
201408041210, 3.69466
201408041220, 3.46973
201408041230, 3.5893
201408041240, 3.34625
201408041250, 2.87609
201408041300, 3.96039
201408041310, 6.09668
201408041320, 4.13813
201408041330, 3.48926
201408041340, 6.42339
201408041350, 3.87467
201408041400, 5.28049
201408041410, 3.63694
201408041420, 5.64855
201408041430, 3.37945
201408041440, 5.0816
201408041450, 5.53244
201408041500, 4.16819
201408041510, 3.33843
201408041520, 2.45736
201408041530, 7.0472
201408041540, 3.35623
201408041550, 1.59039
201408041600, 4.17632
201408041610, 2.68978
201408041620, 3.1122
201408041630, 1.63336
201408041640, 1.18262
201408041650, 1.73427
201408041700, 2.12055
201408041710, 2.39442
201408041720, 3.37457
201408041730, 2.06087
201408041740, 3.15506
201408041750, 4.5638
201408041800, 3.06673
201408041810, 2.80924
201408041820, 5.19803
201408041830, 5.43142
201408041840, 5.84993
201408041850, 3.13314
201408041900, 3.2806
201408041910, 3.77756
201408041920, 3.48958
201408041930, 4.01801
201408041940, 4.44141
201408041950, 3.25423
201408042000, 2.96984
201408042010, 2.61882
201408042020, 2.32639
201408042030, 2.11513
201408042040, 2.10178
201408042050, 2.08062
201408042100, 1.99436
201408042110, 1.87934
201408042120, 2.35764
201408042130, 2.00033
201408042140, 2.23307
201408042150, 2.13097
201408042200, 1.90679
201408042210, 1.73796
201408042220, 1.83691
201408042230, 0.870226
201408042240, 1.52344
201408042250, 1.47103
201408042300, 1.29264
201408042310, 0.968424
201408042320, 1.03158
201408042330, 1.30425
201408042340, 1.24316
201408042350, 1.06239
201408050000, 0.420898
201408050010, 0.289062
201408050020, 0.0469835
201408050030, 0.360894
201408050040, 0.00705295
201408050050, 0.403537
201408050100, 0.590495
201408050110, 0.030599
201408050120, 0.0143229
201408050130, 0.142253
201408050140, 0.00292969
201408050150, 0.0142144
201408050200, 0.200955
201408050210, 0.474284
201408050220, 0.169271
201408050230, 0.104275
201408050240, 0.078125
201408050250, 0.102431
201408050300, 0.0730252
201408050310, 0.0170356
201408050320, 0.0835503
201408050330, 0.568793
201408050340, 0.0646701
201408050350, 0.605035
201408050400, 0.386393
201408050410, 0.143012
201408050420, 0.582357
201408050430, 0.43967
201408050440, 0.558485
201408050450, 0.229492
201408050500, 0.136502
201408050510, 0.0755208
201408050520, 0.509983
201408050530, 0.483615
201408050540, 0.0693359
201408050550, 0.00564236
201408050600, 0.0443793
201408050610, 0.0265842
201408050620, 0.0031467
201408050630, 0.121962
201408050640, 0.266276
201408050650, 0.0607639
201408050700, 0.567817
201408050710, 0.643446
201408050720, 0.939453
201408050730, 0.39171
201408050740, 0.0826823
201408050750, 0.00607639
201408050800, 0.0602214
201408050810, 0.0434028
201408050820, 0.100152
201408050830, 0.0678168
201408050840, 0.441515
201408050850, 0.159505
201408050900, 0.363824
201408050910, 0.000976562
201408050920, 0.224067
201408050930, 0.00119358
201408050940, 0.0355903
201408050950, 0.00770399
201408051000, 0.00379774
201408051010, 0.0184462
201408051020, 0.0477431
201408051030, 0.000108507
201408051040, 0.0540365
201408051050, 0.000108507
201408051100, 0.0214844
201408051110, 0.0110677
201408051120, 0.0015191
201408051130, 0.0144314
201408051140, 0.0031467
201408051150, 0.0108507
201408051200, 0.000217014
201408051210, 0.0335286
201408051220, 0.10829
201408051230, 0.0531684
201408051240, 0.0528429
201408051250, 0.0438368
201408051300, 0.0857205
201408051310, 0.312174
201408051320, 0.0996094
201408051330, 0.0117188
201408051340, 0.0709635
201408051350, 0.128364
201408051400, 0.305881
201408051410, 0.188477
201408051420, 0.222439
201408051430, 0.163194
201408051440, 0.147027
201408051450, 0.646918
201408051500, 0.0915799
201408051510, 0.0580512
201408051520, 0.0202908
201408051530, 0.231445
201408051540, 0.312066
201408051550, 0.499457
201408051600, 0.146593
201408051610, 0.520833
201408051620, 0.16645
201408051630, 0.436957
201408051640, 0.0356988
201408051650, 0.0124783
201408051700, 0.201497
201408051710, 0.57704
201408051720, 0.0407986
201408051730, 0.703776
201408051740, 0.471463
201408051750, 0.376085
201408051800, 0.0845269
201408051810, 0.184353
201408051820, 0.0362413
201408051830, 0.0595703
201408051840, 0.284397
201408051850, 0.0173611
201408051900, 0.498915
201408051910, 0.570855
201408051920, 0.06977
201408051930, 0.881944
201408051940, 0.0953776
201408051950, 0.359701
201408052000, 0.232639
201408052010, 0.0337457
201408052020, 0.19477
201408052030, 0.327582
201408052040, 0.0999349
201408052050, 0.0894097
201408052100, 0.0146484
201408052110, 0.129123
201408052120, 0.0192057
201408052130, 0
201408052140, 0.0222439
201408052150, 0.328776
201408052200, 0.0210503
201408052210, 0.0669488
201408052220, 1.00651
201408052230, 0.463759
201408052240, 1.03602
201408052250, 0.570964
201408052300, 1.213
201408052310, 0.700629
201408052320, 0.950738
201408052330, 0.458008
201408052340, 0.168728
201408052350, 1.06413
201408060000, 0.169271
201408060010, 0.396376
201408060020, 1.06478
201408060030, 0.700629
201408060040, 0.634657
201408060050, 0.579319
201408060100, 0.729492
201408060110, 0.833659
201408060120, 0.852973
201408060130, 0.634223
201408060140, 0.613607
201408060150, 0.350694
201408060200, 0.161567
201408060210, 1.6505
201408060220, 0.339952
201408060230, 2.03809
201408060240, 2.6378
201408060250, 2.1901
201408060300, 2.31619
201408060310, 2.36621
201408060320, 2.02778
201408060330, 1.88954
201408060340, 1.85167
201408060350, 2.17188
201408060400, 2.43327
201408060410, 2.75119
201408060420, 2.61003
201408060430, 2.54264
201408060440, 2.65994
201408060450, 2.66504
201408060500, 1.40777
201408060510, 1.54188
201408060520, 1.66547
201408060530, 0.475043
201408060540, 0.326389
201408060550, 1.08247
201408060600, 0.998589
201408060610, 0.210069
201408060620, 0.0801866
201408060630, 0.283529
201408060640, 0.290907
201408060650, 1.16016
201408060700, 0.0170356
201408060710, 0.000108507
201408060720, 0.000542535
201408060730, 0.0734592
201408060740, 0.0906033
201408060750, 0.0494792
201408060800, 0.427626
201408060810, 0.0757378
201408060820, 0.116319
201408060830, 0.000542535
201408060840, 0.00249566
201408060850, 0.000325521
201408060900, 0.0112847
201408060910, 0
201408060920, 0.0232205
201408060930, 0.000976562
201408060940, 0
201408060950, 0.000325521
201408061000, 0.00217014
201408061010, 0.0112847
201408061020, 0.00987413
201408061030, 0.0105252
201408061040, 0.0282118
201408061050, 0.0103082
201408061100, 0.000108507
201408061110, 0.330187
201408061120, 0.675998
201408061130, 0.481771
201408061140, 0.770833
201408061150, 0.13444
201408061200, 0.609809
201408061210, 0.062934
201408061220, 0.000759549
201408061230, 0.000217014
201408061240, 0.13878
201408061250, 0.0567491
201408061300, 0.432509
201408061310, 0.311089
201408061320, 0.645074
201408061330, 0.555447
201408061340, 0.258355
201408061350, 0.823134
201408061400, 1.68641
201408061410, 1.08822
201408061420, 1.46658
201408061430, 1.76389
201408061440, 1.31727
201408061450, 0.468316
201408061500, 1.70226
201408061510, 1.20747
201408061520, 1.61046
201408061530, 1.69922
201408061540, 1.94086
201408061550, 1.67459
201408061600, 1.59397
201408061610, 2.04839
201408061620, 1.26063
201408061630, 2.01855
201408061640, 1.30187
201408061650, 1.48275
201408061700, 0.858941
201408061710, 0.701606
201408061720, 0.820095
201408061730, 0.859375
201408061740, 0.572917
201408061750, 0.546658
201408061800, 1.00553
201408061810, 0.169488
201408061820, 0.812608
201408061830, 0.460937
201408061840, 0.0436198
201408061850, 0.093316
201408061900, 0.146918
201408061910, 0.292209
201408061920, 0.0506727
201408061930, 0.078776
201408061940, 0.106771
201408061950, 0.0352648
201408062000, 0.157444
201408062010, 0.334961
201408062020, 0.249674
201408062030, 0.175998
201408062040, 0.167643
201408062050, 0.121311
201408062100, 0.0628255
201408062110, 0.304796
201408062120, 0.161133
201408062130, 0.147244
201408062140, 0.0124783
201408062150, 0.27105
201408062200, 0.383572
201408062210, 0.0991753
201408062220, 0.379123
201408062230, 0.724175
201408062240, 0.417752
201408062250, 0.376302
201408062300, 0.496745
201408062310, 0.761719
201408062320, 0.349501
201408062330, 0.462565
201408062340, 0.329427
201408062350, 0.371311
201408070000, 0.180013
201408070010, 0.121094
201408070020, 0.223416
201408070030, 0.123915
201408070040, 0.0485026
201408070050, 0.00792101
201408070100, 0.0269097
201408070110, 0.0575087
201408070120, 0.00130208
201408070130, 0.054796
201408070140, 0.447917
201408070150, 0.167969
201408070200, 0.0923394
201408070210, 0.255751
201408070220, 0.334527
201408070230, 0.0837674
201408070240, 0.930013
201408070250, 0.204427
201408070300, 0.915256
201408070310, 0.71875
201408070320, 1.18859
201408070330, 1.95432
201408070340, 1.57823
201408070350, 1.49631
201408070400, 1.21549
201408070410, 2.5064
201408070420, 1.78526
201408070430, 0.801541
201408070440, 1.77029
201408070450, 1.60666
201408070500, 1.65397
201408070510, 1.36111
201408070520, 1.09125
201408070530, 1.08181
201408070540, 1.30046
201408070550, 2.32661
201408070600, 1.52365
201408070610, 0.830187
201408070620, 0.90191
201408070630, 1.28689
201408070640, 0.246745
201408070650, 0.635742
201408070700, 0.865994
201408070710, 0.802951
201408070720, 1.35037
201408070730, 0.786024
201408070740, 0.421224
201408070750, 0.338216
201408070800, 0.219293
201408070810, 0.919162
201408070820, 2.12836
201408070830, 1.39193
201408070840, 0.667426
201408070850, 0.180556
201408070900, 0.312717
201408070910, 0.10395
201408070920, 0.0616319
201408070930, 0.0678168
201408070940, 0.0128038
201408070950, 0.181749
201408071000, 0.329319
201408071010, 0.489583
201408071020, 0.604709
201408071030, 1.01172
201408071040, 0.882487
201408071050, 0.99566
201408071100, 0.737522
201408071110, 0.465061
201408071120, 0.0809462
201408071130, 0.715603
201408071140, 0.121853
201408071150, 0.232313
201408071200, 0.499566
201408071210, 1.26161
201408071220, 1.79026
201408071230, 1.63661
201408071240, 1.29959
201408071250, 1.73253
201408071300, 1.87348
201408071310, 1.87207
201408071320, 3.77875
201408071330, 3.66254
201408071340, 2.93837
201408071350, 4.9974
201408071400, 4.00987
201408071410, 6.68815
201408071420, 5.67372
201408071430, 4.71419
201408071440, 6.94195
201408071450, 6.00391
201408071500, 5.97049
201408071510, 4.97374
201408071520, 5.79655
201408071530, 5.78798
201408071540, 4.315
201408071550, 5.15017
201408071600, 5.42665
201408071610, 4.75271
201408071620, 5.10948
201408071630, 6.40668
201408071640, 4.39898
201408071650, 3.68978
201408071700, 3.41243
201408071710, 2.57845
201408071720, 2.69618
201408071730, 2.84234
201408071740, 2.58778
201408071750, 2.33767
201408071800, 2.16808
201408071810, 2.50434
201408071820, 2.36621
201408071830, 0.97602
201408071840, 0.941081
201408071850, 0.952257
201408071900, 2.05946
201408071910, 0.934245
201408071920, 1.29579
201408071930, 1.98188
201408071940, 1.14529
201408071950, 1.01128
201408072000, 2.34701
201408072010, 1.2844
201408072020, 1.29688
201408072030, 1.75434
201408072040, 1.58247
201408072050, 1.24262
201408072100, 0.817274
201408072110, 1.20725
201408072120, 0.847982
201408072130, 0.72309
201408072140, 0.801541
201408072150, 0.771267
201408072200, 1.09201
201408072210, 0.731445
201408072220, 0.684353
201408072230, 0.454644
201408072240, 0.263129
201408072250, 0.21224
201408072300, 0.128689
201408072310, 0.077474
201408072320, 0.0352648
201408072330, 0.0168186
201408072340, 0.0202908
201408072350, 0.0173611
201408080000, 0.00922309
201408080010, 0.0436198
201408080020, 0.0427517
201408080030, 0.0972222
201408080040, 0.0897352
201408080050, 0.246202
201408080100, 0.0928819
201408080110, 0.257921
201408080120, 0.310764
201408080130, 0.390191
201408080140, 0.490994
201408080150, 0.59451
201408080200, 0.941732
201408080210, 0.669162
201408080220, 0.742405
201408080230, 0.948242
201408080240, 0.250977
201408080250, 0.500108
201408080300, 0.57997
201408080310, 0.246962
201408080320, 0.647244
201408080330, 0.439996
201408080340, 0.327257
201408080350, 0.642578
201408080400, 0.0822483
201408080410, 0.303602
201408080420, 0.635525
201408080430, 0.862088
201408080440, 1.09266
201408080450, 0.722548
201408080500, 0.706272
201408080510, 1.32737
201408080520, 1.05859
201408080530, 0.722005
201408080540, 0.935655
201408080550, 0.0460069
201408080600, 0.614475
201408080610, 0.525825
201408080620, 0.72526
201408080630, 0.551975
201408080640, 0.6773
201408080650, 0.409071
201408080700, 1.44488
201408080710, 0.332248
201408080720, 0.340278
201408080730, 0.144423
201408080740, 0.00347222
201408080750, 0.0544705
201408080800, 0.389214
201408080810, 0.0601128
201408080820, 0.0423177
201408080830, 0.391602
201408080840, 0.256293
201408080850, 0.561523
201408080900, 0.56977
201408080910, 0.504991
201408080920, 0.334418
201408080930, 0.460395
201408080940, 0.590603
201408080950, 0.847656
201408081000, 1.22526
201408081010, 0.285156
201408081020, 0.499674
201408081030, 0.55523
201408081040, 0.208008
201408081050, 0.585829
201408081100, 0.00141059
201408081110, 1.08757
201408081120, 0.454861
201408081130, 1.30762
201408081140, 1.10211
201408081150, 0.977431
201408081200, 1.1492
201408081210, 0.485677
201408081220, 1.15148
201408081230, 0.700738
201408081240, 0.74924
201408081250, 1.18804
201408081300, 0.787001
201408081310, 0.49273
201408081320, 0.646593
201408081330, 0.67079
201408081340, 0.678168
201408081350, 0.204644
201408081400, 1.12467
201408081410, 0.825304
201408081420, 0.518989
201408081430, 0.761936
201408081440, 0.999674
201408081450, 0.855577
201408081500, 1.88932
201408081510, 1.32769
201408081520, 0.79579
201408081530, 1.05859
201408081540, 1.06261
201408081550, 1.01487
201408081600, 1.20953
201408081610, 1.3929
201408081620, 1.14594
201408081630, 1.23861
201408081640, 1.00184
201408081650, 1.03765
201408081700, 2.01302
201408081710, 1.0778
201408081720, 1.3112
201408081730, 0.670356
201408081740, 0.870768
201408081750, 1.64703
201408081800, 1.15929
201408081810, 1.08919
201408081820, 1.00488
201408081830, 1.12131
201408081840, 1.54286
201408081850, 1.37294
201408081900, 1.16819
201408081910, 1.42839
201408081920, 1.16927
201408081930, 1.09549
201408081940, 0.765734
201408081950, 0.998155
201408082000, 1.06489
201408082010, 1.6939
201408082020, 1.10189
201408082030, 1.39214
201408082040, 0.618707
201408082050, 1.06467
201408082100, 0.64822
201408082110, 0.635742
201408082120, 0.836697
201408082130, 1.03255
201408082140, 1.10503
201408082150, 0.788411
201408082200, 0.75651
201408082210, 0.164388
201408082220, 0.322374
201408082230, 0.160807
201408082240, 0.113715
201408082250, 0.183268
201408082300, 0.113607
201408082310, 0.194227
201408082320, 0
201408082330, 0.47385
201408082340, 0.093099
201408082350, 0.00390625
201408090000, 0.108832
201408090010, 0.0031467
201408090020, 0.0268012
201408090030, 0.106011
201408090040, 0.104601
201408090050, 0.00119358
201408090100, 0.0394965
201408090110, 0.133355
201408090120, 0.031901
201408090130, 0.68533
201408090140, 0.146593
201408090150, 0.0150825
201408090200, 0.143338
201408090210, 0.304036
201408090220, 0.124023
201408090230, 0.134115
201408090240, 0.00726997
201408090250, 0.0201823
201408090300, 0.0120443
201408090310, 0
201408090320, 0.0436198
201408090330, 0.00857205
201408090340, 0.00813802
201408090350, 0.00227865
201408090400, 0.0015191
201408090410, 0.000976562
201408090420, 0.000651042
201408090430, 0
201408090440, 0
201408090450, 0.000976562
201408090500, 0.000108507
201408090510, 0
201408090520, 0
201408090530, 0.00444878
201408090540, 0.000217014
201408090550, 0.000976562
201408090600, 0.000651042
201408090610, 0
201408090620, 0.00672743
201408090630, 0.000108507
201408090650, 0.00227865
201408090700, 0
201408090710, 0.000651042
201408090720, 0
201408090730, 0.000976562
201408090740, 0.000108507
201408090750, 0
201408090800, 0
201408090810, 0.00488281
201408090820, 0.00347222
201408090830, 0.00173611
201408090840, 0.0101997
201408090850, 0.00585938
201408090900, 0.126302
201408090910, 0.0177951
201408090920, 0.015408
201408090930, 0.0222439
201408090940, 0.00607639
201408090950, 0.00824653
201408091000, 0.0117188
201408091010, 0.00954861
201408091020, 0.0283203
201408091030, 0
201408091040, 0.016059
201408091050, 0.0238715
201408091100, 0.00987413
201408091110, 0.0189887
201408091120, 0.0194227
201408091130, 0.00141059
201408091140, 0.0094401
201408091150, 0
201408091200, 0.00835503
201408091210, 0.138129
201408091220, 0.128472
201408091230, 0.0825738
201408091240, 0.388455
201408091250, 0.505534
201408091300, 0.632704
201408091310, 0.608398
201408091320, 0.600477
201408091330, 0.598199
201408091340, 0.882487
201408091350, 0.69911
201408091400, 0.71365
201408091410, 0.590495
201408091420, 0.828885
201408091430, 0.957357
201408091440, 0.909397
201408091450, 0.248264
201408091500, 0.213867
201408091510, 0.324761
201408091520, 0.0696615
201408091530, 0.31543
201408091540, 0.612196
201408091550, 0.0205078
201408091600, 0.209744
201408091610, 0.0865885
201408091620, 0.0940755
201408091630, 0.720595
201408091640, 0.575087
201408091650, 0.711806
201408091700, 0.533854
201408091710, 1.71582
201408091720, 0.829644
201408091730, 1.3877
201408091740, 0.279297
201408091750, 0.830078
201408091800, 0.939779
201408091810, 0.530816
201408091820, 0.544162
201408091830, 0.0397135
201408091840, 0.596897
201408091850, 0.138346
201408091900, 0.0904948
201408091910, 0.0265842
201408091920, 0.138672
201408091930, 0.0123698
201408091940, 0.411567
201408091950, 0.488824
201408092000, 0.0138889
201408092010, 0.0170356
201408092020, 0.0101997
201408092030, 0.00379774
201408092040, 0
201408092050, 0.0110677
201408092100, 0.000759549
201408092110, 0.205404
201408092120, 0.0199653
201408092130, 0.0438368
201408092140, 0.160699
201408092150, 0.0327691
201408092200, 0.724826
201408092210, 0.250868
201408092220, 0.279405
201408092230, 0.223741
201408092240, 0.806315
201408092250, 0.706706
201408092300, 0.587782
201408092310, 0.905273
201408092320, 0.894857
201408092330, 1.57064
201408092340, 0.847548
201408092350, 0.693685
201408100000, 0.111654
201408100010, 0.00119358
201408100020, 0.00477431
201408100030, 0.0170356
201408100040, 0.00455729
201408100050, 0.0680339
201408100100, 0.0198568
201408100110, 0.100369
201408100120, 0.00792101
201408100130, 0.0282118
201408100140, 0.0371094
201408100150, 0.0884332
201408100200, 0.0421007
201408100210, 0.00509983
201408100220, 0.0286458
201408100230, 0.0146484
201408100240, 0.0150825
201408100250, 0.00282118
201408100300, 0.0104167
201408100310, 0.0234375
201408100320, 0.0265842
201408100330, 0.00141059
201408100340, 0.0094401
201408100350, 0.016276
201408100400, 0.000217014
201408100410, 0.000217014
201408100420, 0
201408100430, 0.0198568
201408100440, 0.00336372
201408100450, 0.0210503
201408100500, 0.00748698
201408100510, 0
201408100520, 0.000651042
201408100530, 0.00325521
201408100540, 0.000434028
201408100550, 0.0301649
201408100600, 0.000108507
201408100610, 0.016059
201408100620, 0
201408100630, 0.00271267
201408100640, 0
201408100650, 0.00336372
201408100700, 0.0212674
201408100710, 0
201408100720, 0.000217014
201408100730, 0
201408100740, 0
201408100750, 0.107422
201408100800, 0
201408100810, 0
201408100820, 0.00553385
201408100830, 0.0016276
201408100840, 0
201408100850, 0
201408100900, 0.000108507
201408100910, 0.000434028
201408100920, 0
201408100930, 0.0112847
201408100940, 0
201408100950, 0
201408101000, 0
201408101020, 0
201408101030, 0
201408101040, 0.000976562
201408101050, 0.103841
201408101100, 0.000434028
201408101110, 0.000108507
201408101120, 0.000108507
201408101130, 0
201408101140, 0.00868056
201408101150, 0.00542535
201408101200, 0
201408101210, 0.015842
201408101220, 0.00889757
201408101230, 0.0139974
201408101240, 0.0115017
201408101250, 0.227865
201408101300, 0.681966
201408101310, 0.545573
201408101320, 1.36003
201408101330, 0.355686
201408101340, 0.45421
201408101350, 0.793186
201408101400, 0.347873
201408101410, 0.462674
201408101420, 0.344076
201408101430, 0.453125
201408101440, 0.47526
201408101450, 0.429253
201408101500, 1.0918
201408101510, 0.891927
201408101520, 0.769857
201408101530, 4.24707
201408101540, 4.3546
201408101550, 0.97092
201408101600, 1.15734
201408101610, 3.53961
201408101620, 1.56651
201408101630, 0.873915
201408101640, 2.97255
201408101650, 0.950629
201408101700, 0.432834
201408101710, 2.64225
201408101720, 1.90951
201408101730, 2.20432
201408101740, 1.28993
201408101750, 0.254232
201408101800, 1.04514
201408101810, 1.57563
201408101820, 1.42719
201408101830, 2.24772
201408101840, 0.285699
201408101850, 0.797526
201408101900, 0.501628
201408101910, 0.841688
201408101920, 0.878581
201408101930, 0.420464
201408101940, 0.677192
201408101950, 0.92947
201408102000, 0.933485
201408102010, 0.527452
201408102020, 0.548286
201408102030, 0.478624
201408102040, 0.443902
201408102050, 0.0297309
201408102100, 0.162435
201408102110, 0.790799
201408102120, 0.149089
201408102130, 1.2436
201408102140, 0.378798
201408102150, 0.0603299
201408102200, 0.153646
201408102210, 0.0919054
201408102220, 0.160048
201408102230, 0.146593
201408102240, 0.0448134
201408102250, 0.519965
201408102300, 0.182943
201408102310, 0.748155
201408102320, 0.463542
201408102330, 0.101237
201408102340, 0.109375
201408102350, 0.000542535
201408110000, 0.0970052
201408110010, 0.023546
201408110020, 0.000217014
201408110030, 0.0349392
201408110040, 0.0117188
201408110050, 0.0246311
201408110100, 0.00878906
201408110110, 0.0128038
201408110120, 0.0225694
201408110130, 0.0404731
201408110140, 0.0412326
201408110150, 0.148329
201408110200, 0.0251736
201408110210, 0.0244141
201408110220, 0.0268012
201408110230, 0.129232
201408110240, 0.0405816
201408110250, 0.254666
201408110300, 0.214084
201408110310, 0.160156
201408110320, 0.119466
201408110330, 0.143338
201408110340, 0.145291
201408110350, 0.0378689
201408110400, 0.122613
201408110410, 0.329427
201408110420, 0.148546
201408110430, 0.462891
201408110440, 0.180881
201408110450, 0.0938585
201408110500, 0.0666233
201408110510, 0.0729167
201408110520, 0
201408110530, 0.13303
201408110540, 0.0290799
201408110550, 0.0847439
201408110600, 0.149848
201408110610, 0.106445
201408110620, 0.195421
201408110630, 0.104601
201408110640, 0.000542535
201408110650, 0.0907118
201408110700, 0.00878906
201408110710, 0.0946181
201408110720, 0.0403646
201408110730, 0.0321181
201408110740, 0.0315755
201408110750, 0.0452474
201408110800, 0.110026
201408110810, 0.162326
201408110820, 0.216037
201408110830, 0.0961372
201408110840, 0.0950521
201408110900, 0.00141059
201408110910, 0.0133464
201408110920, 0.0936415
201408110930, 0.124457
201408110940, 0.0203993
201408110950, 0.03125
201408111000, 0.0174696
201408111010, 0.0311415
201408111020, 0.06977
201408111030, 0.0260417
201408111040, 0.0271267
201408111050, 0.00575087
201408111100, 0.0113932
201408111110, 0.0505642
201408111120, 0
201408111130, 0.0638021
201408111140, 0
201408111150, 0.00607639
201408111200, 0.000217014
201408111210, 0.0195312
201408111220, 0.00173611
201408111230, 0.0613064
201408111240, 0.109049
201408111250, 1.99316
201408111300, 0.419922
201408111310, 4.86632
201408111320, 0.817708
201408111330, 3.02051
201408111340, 2.92177
201408111350, 3.91493
201408111400, 2.64594
201408111410, 1.79167
201408111420, 1.24468
201408111430, 1.73286
201408111440, 1.61643
201408111450, 1.33474
201408111500, 1.96441
201408111510, 1.45779
201408111520, 1.71712
201408111530, 3.6505
201408111540, 1.75087
201408111550, 2.41124
201408111600, 2.06196
201408111610, 2.65072
201408111620, 2.05545
201408111630, 2.52854
201408111640, 1.82075
201408111650, 1.60026
201408111700, 1.41623
201408111710, 1.35916
201408111720, 2.35243
201408111730, 1.56999
201408111740, 1.6951
201408111750, 1.22049
201408111800, 0.971788
201408111810, 0.971463
201408111820, 1.03733
201408111830, 1.41059
201408111840, 1.24219
201408111850, 1.00282
201408111900, 1.00586
201408111910, 0.828559
201408111920, 0.702148
201408111930, 0.351997
201408111940, 0.83648
201408111950, 0.914931
201408112000, 0.31467
201408112010, 0.797201
201408112020, 0.722765
201408112030, 0.671224
201408112040, 0.666775
201408112050, 0.887478
201408112100, 0.649957
201408112110, 0.639974
201408112120, 0.739909
201408112130, 1.11328
201408112140, 0.673611
201408112150, 0.782986
201408112200, 0.769097
201408112210, 0.778212
201408112220, 0.789496
201408112230, 0.775391
201408112240, 0.759766
201408112250, 0.735026
201408112300, 0.732422
201408112310, 0.698568
201408112320, 0.672852
201408112330, 0.404514
201408112340, 0.47385
201408112350, 0.000108507
201408120000, 0.000542535
201408120010, 0
201408120020, 0.0174696
201408120030, 0.0354818
201408120040, 0.000108507
201408120050, 0.0302734
201408120100, 0.015408
201408120110, 0.0460069
201408120120, 0.00802951
201408120130, 0.00271267
201408120140, 0.00683594
201408120150, 0
201408120200, 0.00108507
201408120210, 0.167318
201408120220, 0.132921
201408120230, 0.18023
201408120240, 0.00726997
201408120250, 0.0422092
201408120300, 0.0215929
201408120310, 0.0788845
201408120320, 0.0973307
201408120330, 0.0915799
201408120340, 0.0954861
201408120350, 0.14898
201408120400, 0.565538
201408120410, 0.129883
201408120420, 0.125
201408120430, 0.0469835
201408120440, 0.110135
201408120450, 0.0999349
201408120500, 0.279514
201408120510, 0.139757
201408120520, 0.120334
201408120530, 0.164605
201408120540, 0.0130208
201408120550, 0.100803
201408120600, 0.144748
201408120610, 0.248698
201408120620, 0.14974
201408120630, 0.10829
201408120640, 0.122287
201408120650, 0.132378
201408120700, 0.0172526
201408120710, 0.0179036
201408120720, 0.119032
201408120730, 0.0590278
201408120740, 0.180339
201408120750, 0.0413411
201408120800, 0.000108507
201408120810, 0.0993924
201408120820, 0.15115
201408120830, 0.00878906
201408120840, 0.00596788
201408120850, 0.0517578
201408120900, 0.0199653
201408120910, 0.00173611
201408120920, 0.00813802
201408120930, 0.015842
201408120940, 0.0046658
201408120950, 0.0520833
201408121000, 0.0197483
201408121010, 0.0762804
201408121020, 0.078125
201408121030, 0.0422092
201408121040, 0.0334201
201408121050, 0.0589193
201408121100, 0
201408121110, 0.03125
201408121120, 0.0743273
201408121130, 0.133464
201408121140, 0.030599
201408121200, 0.00585938
201408121210, 0.156576
201408121220, 0.000434028
201408121230, 0.0015191
201408121240, 0.0159505
201408121250, 0.631293
201408121300, 0.712565
201408121310, 0.147678
201408121320, 0
201408121330, 0.0456814
201408121340, 0.957248
201408121350, 0.151042
201408121400, 0.451606
201408121410, 1.05317
201408121420, 0.665582
201408121430, 0.520291
201408121440, 0.0164931
201408121450, 1.64529
201408121500, 1.60818
201408121510, 1.87565
201408121520, 1.39204
201408121530, 1.56413
201408121540, 1.28993
201408121550, 2.06228
201408121600, 0.982639
201408121610, 0.934679
201408121620, 1.97591
201408121630, 1.15451
201408121640, 0.824219
201408121650, 1.02094
201408121700, 0.862196
201408121710, 0.769857
201408121720, 1.04308
201408121730, 1.07997
201408121740, 0.839952
201408121750, 0.797635
201408121800, 1.10156
201408121810, 0.780707
201408121820, 0.592773
201408121830, 0.680881
201408121840, 0.651584
201408121850, 0.687174
201408121900, 0.388346
201408121910, 0.635634
201408121920, 0.946723
201408121930, 0.322049
201408121940, 0.709093
201408121950, 0.455404
201408122000, 0.580512
201408122010, 0.292969
201408122020, 0.611437
201408122030, 0.951172
201408122040, 0.10178
201408122050, 0.000434028
201408122100, 0.140734
201408122110, 0.00130208
201408122120, 0.0136719
201408122130, 0.0171441
201408122140, 0.00379774
201408122150, 0.000868056
201408122200, 0
201408122210, 0.000325521
201408122220, 0.0183377
201408122230, 0.00792101
201408122240, 0.00694444
201408122250, 0.0236545
201408122300, 0
201408122310, 0.00509983
201408122320, 0.071072
201408122330, 0.00499132
201408122340, 0.00195312
201408122350, 0.00379774
201408130000, 0.00477431
201408130010, 0.00271267
201408130020, 0.00184462
201408130030, 0.0276693
201408130040, 0.0481771
201408130050, 0.0469835
201408130100, 0.0491536
201408130110, 0.0730252
201408130120, 0.0757378
201408130130, 0.00260417
201408130140, 0.213325
201408130150, 0.0859375
201408130450, 0.000868056
201408131050, 0.0258247
201408131100, 0.00499132
201408131110, 0.0416667
201408131120, 0.00379774
201408131130, 0.0680339
201408131140, 0.00173611
201408131150, 0.00184462
201408131200, 0.0961372
201408131210, 0.0179036
201408131220, 0.0390625
201408131230, 0.0417752
201408131240, 0.0593533
201408131250, 0.023329
201408131300, 0.0137804
201408131310, 0.00206163
201408131320, 0.00575087
201408131330, 0.00379774
201408131340, 0.00716146
201408131350, 0.00759549
201408131400, 0.00868056
201408131410, 0.00379774
201408131420, 0.0106337
201408131430, 0.0125868
201408131440, 0.00358073
201408131450, 0.0100911
201408131500, 0.0222439
201408131510, 0
201408131520, 0
201408131530, 0.0221354
201408131540, 0.0133464
201408131550, 0.0016276
201408131600, 0
201408131610, 0
201408131620, 0
201408131630, 0
201408131640, 0
201408131650, 0.000108507
201408131700, 0.00195312
201408131710, 0.00119358
201408131720, 0.00184462
201408131730, 0
201408131740, 0.000651042
201408131750, 0.00575087
201408131800, 0.00108507
201408131810, 0.000108507
201408131820, 0.00206163
201408131830, 0.00412326
201408131840, 0.000976562
201408131850, 0.00173611
201408131900, 0.00141059
201408131910, 0
201408131920, 0.00748698
201408131930, 0
201408131940, 0.00640191
201408131950, 0.00347222
201408132000, 0.0272352
201408132010, 0.022895
201408132020, 0.000108507
201408132030, 0.0078125
201408132040, 0
201408132050, 0
201408132100, 0
201408132110, 0.000868056
201408132120, 0.00130208
201408132130, 0.00488281
201408132140, 0.0397135
201408132150, 0.27691
201408132200, 0.00325521
201408132210, 0.0995009
201408132220, 0.0755208
201408132230, 0.00575087
201408132240, 0.0210503
201408132250, 0.00661892
201408132300, 0.0666233
201408132310, 0.137044
201408132320, 0.982096
201408132330, 0.0717231
201408132340, 0.354926
201408132350, 0.031901
201408140000, 0.0826823
201408140010, 0.0128038
201408140020, 0.647244
201408140030, 0.0184462
201408140040, 0.0839844
201408140050, 0.0404731
201408140100, 0.213867
201408140110, 0.149631
201408140120, 0.0487196
201408140130, 0.0824653
201408140140, 0.281576
201408140150, 0.0971137
201408140200, 0
201408140210, 0.260634
201408140220, 0.103624
201408140230, 0.0744358
201408140240, 0.101454
201408140250, 0
201408140300, 0.0337457
201408140310, 0.00271267
201408140320, 0.00379774
201408140330, 0.0526259
201408140340, 0.0123698
201408140350, 0.145725
201408140400, 0.498589
201408140410, 0.419488
201408140420, 0.0119358
201408140430, 0.0303819
201408140440, 0
201408140450, 0.00889757
201408140500, 0
201408140520, 0.00336372
201408140530, 0.00401476
201408140540, 0.0142144
201408140550, 0.00575087
201408140600, 0.0116102
201408140610, 0
201408140620, 0.00737847
201408140630, 0.0148655
201408140640, 0.0015191
201408140650, 0.0141059
201408140700, 0.0604384
201408140710, 0.0093316
201408140720, 0.0299479
201408140730, 0.06977
201408140740, 0.308051
201408140750, 0.528103
201408140800, 0.239149
201408140810, 0.254991
201408140820, 0.124023
201408140830, 0.215169
201408140840, 0.0453559
201408140850, 0.0378689
201408140900, 0.170139
201408140910, 0.0886502
201408140920, 0.00520833
201408140930, 0.00379774
201408140940, 0.257704
201408140950, 0.247613
201408141000, 0.202365
201408141010, 1.61762
201408141020, 0.526042
201408141030, 0.969835
201408141040, 0.666884
201408141050, 0.321181
201408141100, 0.0375434
201408141110, 0.226237
201408141120, 0.56033
201408141130, 1.38618
201408141140, 0.504991
201408141150, 0.285482
201408141200, 0.00846354
201408141210, 0.249674
201408141220, 0.0245226
201408141230, 0.637912
201408141240, 0.507161
201408141250, 0.111003
201408141300, 0.0581597
201408141310, 0.640951
201408141320, 0.524523
201408141330, 0.612088
201408141340, 0.42947
201408141350, 0.633572
201408141400, 0.200412
201408141410, 0.420247
201408141420, 0.278971
201408141430, 0.48546
201408141440, 0.345378
201408141450, 0.0455729
201408141500, 0.392578
201408141510, 0.328559
201408141520, 0.414062
201408141530, 0.197049
201408141540, 0.176215
201408141550, 0.144097
201408141600, 0.206055
201408141610, 0.251519
201408141620, 0.101345
201408141630, 0.039605
201408141640, 0.348524
201408141650, 1.42622
201408141700, 0.81033
201408141710, 1.2513
201408141720, 0.58355
201408141730, 1.00933
201408141740, 0.275499
201408141750, 0.758898
201408141800, 1.94195
201408141810, 2.09874
201408141820, 2.00911
201408141830, 3.07313
201408141840, 3.45877
201408141850, 2.18273
201408141900, 2.74544
201408141910, 1.61534
201408141920, 1.45269
201408141930, 1.76508
201408141940, 1.86046
201408141950, 2.80566
201408142000, 2.65148
201408142010, 3.18544
201408142020, 4.24002
201408142030, 3.35417
201408142040, 5.11209
201408142050, 2.54427
201408142100, 3.29536
201408142110, 3.07986
201408142120, 1.08626
201408142130, 2.14128
201408142140, 3.63498
201408142150, 3.9477
201408142200, 2.54232
201408142210, 3.38173
201408142220, 2.03277
201408142230, 2.46159
201408142240, 1.64692
201408142250, 1.74794
201408142300, 2.81565
201408142310, 0.99273
201408142320, 1.17784
201408142330, 0.162543
201408142340, 0.530924
201408142350, 0.00759549
201408150000, 0.493815
201408150010, 0
201408150020, 0.357096
201408150030, 1.74306
201408150040, 0.858181
201408150050, 0.0213759
201408150100, 0.599067
201408150110, 0.675456
201408150120, 0.892036
201408150130, 0.0726997
201408150140, 0.0847439
201408150150, 0.12793
201408150200, 3.00803
201408150210, 0.951389
201408150220, 1.9668
201408150230, 1.24555
201408150240, 1.75651
201408150250, 1.59972
201408150300, 1.20291
201408150310, 1.52018
201408150320, 0.977539
201408150330, 1.20009
201408150340, 0.692925
201408150350, 0.488607
201408150400, 0.111437
201408150410, 0.00976562
201408150420, 0.188368
201408150430, 0.446615
201408150440, 1.2168
201408150450, 1.39616
201408150500, 1.8584
201408150510, 1.66981
201408150520, 1.30002
201408150530, 1.57248
201408150540, 0.86339
201408150550, 0.295356
201408150600, 0.973633
201408150610, 0.601454
201408150620, 1.9005
201408150630, 0.0214844
201408150640, 0.466797
201408150650, 0.783854
201408150700, 1.17426
201408150710, 1.40636
201408150720, 1.55718
201408150730, 2.16862
201408150740, 2.24371
201408150750, 1.48676
201408150800, 1.46951
201408150810, 1.8316
201408150820, 1.92209
201408150830, 1.82878
201408150840, 1.02279
201408150850, 0.152235
201408150900, 0
201408150910, 0.0798611
201408150920, 0.481554
201408150930, 0.448351
201408150940, 0.738715
201408150950, 0.411784
201408151000, 2.04688
201408151010, 0.193251
201408151020, 0.000434028
201408151030, 0.0517578
201408151040, 0.00965712
201408151050, 0.198785
201408151100, 0
201408151110, 0
201408151120, 0.000108507
201408151130, 0.00705295
201408151140, 0.183485
201408151150, 0.11339
201408151200, 0.112847
201408151210, 0.352865
201408151220, 1.11198
201408151230, 0.317708
201408151240, 0.268229
201408151250, 0.580838
201408151300, 0.615885
201408151310, 0.188477
201408151320, 0.700412
201408151330, 0.131836
201408151340, 0.799045
201408151350, 0.534614
201408151400, 0.369792
201408151410, 0.345703
201408151420, 0.119575
201408151430, 0.0877821
201408151440, 0.00759549
201408151450, 0.000759549
201408151500, 0.693034
201408151510, 0
201408151520, 0
201408151530, 0.00108507
201408151540, 0.0558811
201408151550, 0.00271267
201408151600, 1.75662
201408151610, 0.330512
201408151620, 0.356337
201408151630, 0.0514323
201408151640, 0
201408151650, 0.0271267
201408151700, 0.289062
201408151710, 0.422635
201408151720, 2.00998
201408151730, 1.09201
201408151740, 1.03277
201408151750, 0.539388
201408151800, 0.64171
201408151810, 0.273763
201408151820, 0.844401
201408151830, 0.478624
201408151840, 0.977973
201408151850, 0.135308
201408151900, 1.04188
201408151910, 1.29612
201408151920, 0.718642
201408151930, 0.0938585
201408151940, 0.0996094
201408151950, 0.0329861
201408152000, 0.00716146
201408152010, 0.159288
201408152020, 0.321723
201408152030, 0.000542535
201408152040, 0.0268012
201408152050, 0.106554
201408152100, 0.321615
201408152110, 0.220269
201408152120, 0.0329861
201408152130, 0.00368924
201408152140, 0
201408152150, 0
201408152200, 0
201408152210, 0.000108507
201408152220, 0.00130208
201408152230, 0.000217014
201408152240, 0.000108507
201408152250, 0
201408152300, 0.00282118
201408152310, 0.0282118
201408152320, 0.277669
201408152330, 0.0376519
201408152340, 0.0370009
201408152350, 0.0662977
201408160000, 0
201408160010, 0.206489
201408160020, 0.247287
201408160030, 0.286784
201408160040, 0.2602
201408160050, 0.157335
201408160100, 0.16786
201408160110, 0.169488
201408160120, 0.22526
201408160130, 0.0753038
201408160140, 0.128038
201408160150, 0.166775
201408160200, 0.153863
201408160210, 0.208659
201408160220, 0.0503472
201408160230, 0
201408160240, 0.00390625
201408160250, 0.0103082
201408160300, 0.0078125
201408160310, 0.0849609
201408160320, 0.0129123
201408160330, 0
201408160340, 0.00130208
201408160350, 0
201408160400, 0.0144314
201408160410, 0.0188802
201408160420, 0.00108507
201408160430, 0.00173611
201408160440, 0.022895
201408160450, 0
201408160500, 0.0212674
201408160520, 0.00271267
201408160530, 0.00488281
201408160540, 0.00802951
201408160550, 0
201408160600, 0.0377604
201408160610, 0.0212674
201408160620, 0.0508898
201408160630, 0.0451389
201408160640, 0.0713976
201408160650, 0.085829
201408160700, 0.11697
201408160710, 0.0093316
201408160720, 0.0412326
201408160730, 0.104492
201408160740, 0.0329861
201408160750, 0.0194227
201408160810, 0.000759549
201408160820, 0.000108507
201408160830, 0.203885
201408160840, 0.000108507
201408160850, 0.00705295
201408160900, 0.0741102
201408160910, 0.0443793
201408160920, 0.0651042
201408160930, 0.000108507
201408160940, 0.0731337
201408160950, 0.0881076
201408161000, 0.093533
201408161010, 0.109701
201408161020, 0.0358073
201408161030, 0.0137804
201408161040, 0.06977
201408161050, 0.0700955
201408161100, 0.0138889
201408161110, 0.186306
201408161120, 0.0426432
201408161130, 0.266276
201408161140, 0.165473
201408161150, 0.348199
201408161200, 0.440538
201408161210, 0.370551
201408161220, 0.265625
201408161230, 0.340495
201408161240, 0.0141059
201408161250, 0.116753
201408161300, 0.434896
201408161310, 0.631293
201408161320, 0.358398
201408161330, 0.970269
201408161340, 0.629774
201408161350, 0.743273
201408161400, 0.00672743
201408161410, 0.015625
201408161420, 0.370768
201408161430, 0.0170356
201408161440, 0.000108507
201408161450, 0.0821398
201408161500, 0
201408161510, 0.147678
201408161520, 0.0653212
201408161530, 0
201408161540, 0
201408161550, 0.0287543
201408161600, 0.0110677
201408161610, 0.0194227
201408161620, 0.023546
201408161630, 0
201408161640, 0.349175
201408161650, 0
201408161700, 0.32628
201408161710, 0.00195312
201408161720, 0.307617
201408161730, 0.362522
201408161740, 0.00108507
201408161750, 0.00292969
201408161800, 0.0166016
201408161810, 0.16352
201408161820, 0.0683594
201408161830, 0.361545
201408161840, 0.176866
201408161850, 0.166667
201408161900, 0.0182292
201408161910, 0.0271267
201408161920, 0.137804
201408161930, 0.0453559
201408161940, 0.123155
201408161950, 0.0577257
201408162000, 0.0342882
201408162010, 0.145399
201408162020, 0.0152995
201408162030, 0.0831163
201408162040, 0
201408162050, 0.000217014
201408162100, 0
201408162110, 0.00770399
201408162120, 0.0423177
201408162130, 0.0890842
201408162140, 0.159288
201408162150, 0
201408162200, 0.00119358
201408162210, 0.0366753
201408162220, 0
201408162230, 0.00206163
201408162240, 0.0301649
201408162250, 0.0527344
201408162300, 0.0394965
201408162310, 0.346788
201408162320, 0.0520833
201408162330, 0.0304905
201408162340, 0.147569
201408162350, 0.0185547
201408170000, 0.023763
201408170010, 0.023112
201408170020, 0.000217014
201408170030, 0.0199653
201408170040, 0.0840929
201408170050, 0.0454644
201408170100, 0.0680339
201408170110, 1.88455
201408170120, 0.0207248
201408170130, 0.0641276
201408170140, 0.0538194
201408170150, 0.00846354
201408170200, 0.00434028
201408170210, 0.0240885
201408170220, 0.0292969
201408170230, 0.024197
201408170240, 0.153537
201408170250, 3.41254
201408170300, 0.104709
201408170310, 0.0989583
201408170320, 0.488498
201408170330, 0.0883247
201408170340, 0.672852
201408170350, 0.232639
201408170400, 0.0564236
201408170410, 0.0435113
201408170420, 0.0687934
201408170430, 0.236979
201408170440, 0.848958
201408170450, 1.23991
201408170500, 0.496528
201408170510, 0.716797
201408170520, 0.512044
201408170530, 1.04275
201408170540, 0.421766
201408170550, 1.3572
201408170600, 0.927734
201408170610, 0.0365668
201408170620, 0.795464
201408170630, 0.762044
201408170640, 1.12674
201408170650, 0.919922
201408170700, 0.957031
201408170710, 1.57747
201408170720, 3.07834
201408170730, 1.611
201408170750, 0.913194
201408170800, 0.625434
201408170810, 1.29243
201408170820, 0.783746
201408170830, 0.268772
201408170840, 0.742622
201408170850, 0.43023
201408170900, 0.648546
201408170910, 0.189779
201408170920, 0.362847
201408170930, 0.159397
201408170940, 0.145616
201408170950, 0.00520833
201408171000, 0.10536
201408171010, 0.101997
201408171020, 0.178277
201408171030, 0.507812
201408171040, 0.606011
201408171050, 0.619141
201408171100, 0.452691
201408171120, 0.335286
201408171130, 0.611437
201408171140, 0.0928819
201408171150, 0.0748698
201408171200, 0.0672743
201408171210, 0.0925564
201408171220, 0.0786675
201408171230, 0.0240885
201408171240, 0.167535
201408171250, 0.856771
201408171300, 0.42296
201408171310, 0.335069
201408171320, 1.55035
201408171330, 0.148003
201408171340, 0.282444
201408171350, 0.0168186
201408171400, 0.00303819
201408171410, 0.190864
201408171420, 0.0287543
201408171430, 0.0736762
201408171440, 0.0250651
201408171450, 0.00857205
201408171500, 0.31033
201408171510, 0.0802951
201408171520, 0.0511068
201408171530, 0.109701
201408171540, 0.00184462
201408171550, 0.1148
201408171600, 0.0597873
201408171610, 0.179145
201408171620, 0.0368924
201408171630, 0.0700955
201408171640, 0.513455
201408171650, 0.0203993
201408171700, 0.0634766
201408171710, 0.0323351
201408171720, 0.108724
201408171730, 0.180664
201408171740, 0.137261
201408171750, 0.0447049
201408171800, 0.0249566
201408171810, 0.030599
201408171820, 0.168186
201408171830, 0.134006
201408171840, 0.206706
201408171850, 0.103624
201408171900, 0.15625
201408171910, 0.000976562
201408171920, 0.0491536
201408171930, 0.2398
201408171940, 0.191081
201408171950, 0.0253906
201408172000, 0.0218099
201408172010, 0.0142144
201408172020, 0.015191
201408172030, 0.047309
201408172040, 0.00542535
201408172050, 0.0411241
201408172100, 0.0343967
201408172110, 0.00119358
201408172120, 0.0457899
201408172130, 0.109375
201408172140, 0.149631
201408172150, 0
201408172200, 0.0321181
201408172210, 0.246745
201408172220, 0.0351562
201408172230, 0.00954861
201408172240, 0.0307075
201408172250, 0.0523003
201408172300, 0.180881
201408172310, 0.014974
201408172320, 0.0592448
201408172330, 0
201408172340, 0.257812
201408172350, 0.27474
201408180000, 0.368056
201408180010, 0.0130208
201408180020, 0.00379774
201408180030, 0.491645
201408180040, 0.468641
201408180050, 0.00119358
201408180100, 0.313911
201408180110, 0.423286
201408180120, 0.524414
201408180130, 0.252821
201408180140, 0.266059
201408180150, 0.132595
201408180200, 0.16059
201408180210, 0.325846
201408180220, 0.848524
201408180230, 1.00662
201408180240, 1.4222
201408180250, 1.63108
201408180300, 1.82498
201408180310, 1.98069
201408180320, 2.35959
201408180330, 2.9898
201408180340, 2.23828
201408180350, 1.99468
201408180400, 1.81684
201408180410, 1.7321
201408180420, 1.90386
201408180430, 1.46419
201408180440, 1.76096
201408180450, 1.76931
201408180500, 1.4656
201408180510, 1.86111
201408180520, 1.7436
201408180530, 2.1722
201408180540, 1.59104
201408180550, 2.12153
201408180600, 1.76454
201408180610, 1.0944
201408180620, 1.1378
201408180630, 1.95822
201408180640, 1.21376
201408180650, 1.11686
201408180700, 1.51573
201408180710, 1.29319
201408180720, 1.07346
201408180730, 0.87934
201408180740, 0.50076
201408180750, 0.448785
201408180800, 0.333333
201408180810, 0.311957
201408180820, 0.588216
201408180830, 0.114149
201408180840, 0.319336
201408180850, 0.104492
201408180900, 0.1926
201408180910, 0.0506727
201408180920, 0.0143229
201408180930, 0.0111762
201408180940, 0.0061849
201408180950, 0.0266927
201408181000, 0.0364583
201408181010, 0.0977648
201408181020, 0.40408
201408181030, 0.371745
201408181040, 0.195312
201408181050, 0.309245
201408181100, 0.332031
201408181110, 0.221571
201408181120, 0.274414
201408181130, 0.32194
201408181140, 0.317925
201408181150, 0.118381
201408181200, 0.078342
201408181210, 0.000434028
201408181220, 0
201408181230, 0.0167101
201408181240, 0.0415582
201408181250, 0.00987413
201408181300, 0.0360243
201408181310, 0.00423177
201408181320, 0.00336372
201408181330, 0.0227865
201408181340, 0.000325521
201408181350, 0.0155165
201408181400, 0.00705295
201408181410, 0.070421
201408181420, 0.000325521
201408181430, 0.0338542
201408181440, 0.0794271
201408181450, 0.0693359
201408181500, 0.0804036
201408181510, 0.0681424
201408181520, 0.0801866
201408181530, 0.0715061
201408181540, 0.105577
201408181550, 0.00651042
201408181600, 0.0902778
201408181610, 0.0184462
201408181620, 0.0828993
201408181630, 0.0601128
201408181640, 0.0673828
201408181650, 0.0144314
201408181700, 0.143338
201408181710, 0.0735677
201408181720, 0.0902778
201408181730, 0.232747
201408181740, 0.085829
201408181750, 0.107313
201408181800, 0.579102
201408181810, 0.32921
201408181820, 0.656141
201408181830, 0.286784
201408181840, 0.492188
201408181850, 0.308268
201408181900, 0.408529
201408181910, 0.417535
201408181920, 0.207791
201408181930, 0.426324
201408181940, 0.360569
201408181950, 0.139648
201408182000, 0.108507
201408182010, 0.0872396
201408182020, 0.101128
201408182030, 0.136176
201408182040, 0.0351562
201408182050, 0.0660807
201408182100, 0.0356988
201408182110, 0.0715061
201408182120, 0.022895
201408182130, 0.00954861
201408182140, 0.0553385
201408182150, 0.00358073
201408182200, 0.000651042
201408182210, 0.0669488
201408182220, 0.0693359
201408182230, 0.152127
201408182240, 0.0155165
201408182250, 0.093533
201408182300, 0.254883
201408182310, 0.402344
201408182320, 0.538628
201408182330, 0.0307075
201408182340, 0
201408182350, 0.0144314
201408190000, 0.0690104
201408190020, 0.763346
201408190030, 0.353841
201408190040, 0.760851
201408190050, 0.224284
201408190100, 0.375217
201408190110, 0.171007
201408190120, 0.265734
201408190130, 0.0197483
201408190140, 0.274089
201408190150, 0.40549
201408190200, 0.731988
201408190210, 1.0281
201408190220, 1.10883
201408190230, 0.948351
201408190240, 0.862739
201408190250, 1.60927
201408190300, 1.05545
201408190310, 1.07574
201408190320, 0.968099
201408190330, 1.69021
201408190340, 0.876302
201408190350, 1.42177
201408190400, 1.70356
201408190410, 1.39822
201408190420, 1.66211
201408190430, 1.47515
201408190440, 1.2908
201408190450, 0.9273
201408190500, 0.889757
201408190510, 0.980252
201408190520, 0.876736
201408190530, 1.02409
201408190540, 0.741211
201408190550, 0.612196
201408190600, 1.30556
201408190610, 1.25467
201408190620, 1.37023
201408190630, 1.3048
201408190640, 0.513129
201408190650, 0.849609
201408190700, 1.55577
201408190710, 0.986003
201408190720, 1.30371
201408190730, 0.950955
201408190740, 1.014
201408190750, 0.976345
201408190800, 1.06825
201408190810, 1.68533
201408190820, 0.984267
201408190830, 0.973307
201408190840, 0.736003
201408190850, 2.14301
201408190900, 1.05024
201408190910, 0.599718
201408190920, 0.156141
201408190930, 0.730686
201408190940, 0.85536
201408190950, 0.597548
201408191000, 0.374891
201408191010, 0.252062
201408191020, 0.604926
201408191030, 0.677192
201408191040, 0.705512
201408191050, 0.659288
201408191100, 0.61339
201408191110, 0.334635
201408191120, 0.240017
201408191130, 0.450521
201408191140, 0.376194
201408191150, 0.0254991
201408191200, 0.536241
201408191210, 0
201408191220, 0.000325521
201408191230, 0.151367
201408191240, 0.000542535
201408191250, 0.152778
201408191300, 0.0121528
201408191310, 0.125109
201408191320, 0.0349392
201408191330, 0.0223524
201408191340, 0.0761719
201408191350, 0.039605
201408191400, 0.016059
201408191410, 0.055013
201408191420, 0.030816
201408191430, 0.0260417
201408191440, 0.0390625
201408191450, 0.0588108
201408191500, 0.331706
201408191510, 0.0568576
201408191520, 0.086697
201408191530, 0.408854
201408191540, 0.0643446
201408191550, 1.42383
201408191600, 0.364475
201408191610, 0.0718316
201408191620, 0.970812
201408191630, 0.616536
201408191640, 1.40462
201408191650, 1.5217
201408191700, 1.60341
201408191710, 1.80241
201408191720, 1.83225
201408191730, 2.24566
201408191740, 2.30946
201408191750, 2.523
201408191800, 1.7373
201408191810, 2.45291
201408191820, 2.06402
201408191830, 2.06717
201408191840, 2.36339
201408191850, 1.49306
201408191900, 1.26313
201408191910, 1.46094
201408191920, 0.94911
201408191930, 0.56684
201408191940, 1.47027
201408191950, 1.85113
201408192000, 0.333984
201408192010, 0.66059
201408192020, 0.293837
201408192030, 0.500977
201408192040, 0.224175
201408192050, 0.349718
201408192100, 0.372613
201408192110, 0.283312
201408192120, 0.211155
201408192130, 0.39388
201408192140, 0.0370009
201408192150, 0.0870226
201408192200, 0.100477
201408192210, 0.0815972
201408192220, 0.0536024
201408192230, 0.0275608
201408192240, 0.0281033
201408192250, 0.0184462
201408192300, 0.0283203
201408192310, 0.0078125
201408192320, 0.00998264
201408192330, 0.000759549
201408192340, 0.0335286
201408192350, 0.00488281
201408200000, 0.0061849
201408200010, 0.164931
201408200020, 0.3852
201408200030, 0.0476345
201408200040, 0.225803
201408200050, 0.000759549
201408200100, 0.211372
201408200110, 0.193142
201408200120, 0.983832
201408200130, 1.19184
201408200140, 1.85449
201408200150, 2.35786
201408200200, 3.20421
201408200210, 3.36697
201408200220, 4.1849
201408200230, 3.61263
201408200240, 2.9286
201408200250, 3.12554
201408200300, 3.4311
201408200310, 3.2322
201408200320, 3.15896
201408200330, 3.11513
201408200340, 2.69054
201408200350, 3.03353
201408200400, 2.62967
201408200410, 2.19271
201408200420, 3.08757
201408200430, 0.459744
201408200440, 2.26801
201408200450, 2.29427
201408200500, 2.05599
201408200510, 1.93045
201408200520, 1.37131
201408200530, 1.42459
201408200540, 0.614692
201408200550, 0.438585
201408200600, 0.354492
201408200610, 0.158312
201408200620, 0.189887
201408200630, 0.64898
201408200640, 0.149848
201408200650, 0.507161
201408200700, 0.194987
201408200710, 0.145508
201408200720, 0.207248
201408200730, 0.238824
201408200740, 0.119575
201408200750, 0.00575087
201408200800, 0.12424
201408200810, 0.109592
201408200820, 0.311957
201408200830, 0.070638
201408200840, 0.000868056
201408200850, 0.0134549
201408200900, 0.0400391
201408200910, 0.00802951
201408200920, 0.0215929
201408200930, 0.0174696
201408200940, 0
201408200950, 0.00792101
201408201000, 0.0744358
201408201010, 0.0392795
201408201020, 0.062283
201408201030, 0.0138889
201408201040, 0.0199653
201408201050, 0
201408201100, 0
201408201110, 0.000759549
201408201120, 0.000542535
201408201130, 0.00455729
201408201140, 0.00878906
201408201150, 0.0144314
201408201200, 0.00640191
201408201210, 0.00217014
201408201220, 0
201408201230, 0.0502387
201408201240, 0.0179036
201408201250, 0.00249566
201408201300, 0.015408
201408201310, 0.251953
201408201320, 0.352865
201408201330, 0.274631
201408201340, 0.120117
201408201350, 0.10829
201408201400, 0.89605
201408201410, 1.01378
201408201420, 1.62771
201408201430, 1.26183
201408201440, 1.57617
201408201450, 1.55089
201408201500, 2.22993
201408201510, 1.75141
201408201520, 2.59321
201408201530, 3.6059
201408201540, 1.77756
201408201550, 2.08236
201408201600, 3.64551
201408201610, 2.69238
201408201620, 2.11415
201408201630, 2.78494
201408201640, 1.94846
201408201650, 2.88824
201408201700, 3.58279
201408201710, 2.38314
201408201720, 2.33377
201408201730, 3.47059
201408201740, 4.25542
201408201750, 4.01237
201408201800, 3.08312
201408201810, 2.23079
201408201820, 2.20464
201408201830, 3.24892
201408201840, 2.72135
201408201850, 2.14833
201408201900, 2.12229
201408201910, 1.77745
201408201920, 1.91515
201408201930, 0.845703
201408201940, 1.0204
201408201950, 1.08398
201408202000, 1.6786
201408202010, 1.02582
201408202020, 0.745117
201408202030, 0.837999
201408202040, 1.32867
201408202050, 0.912977
201408202100, 0.805556
201408202110, 1.15972
201408202120, 0.789279
201408202130, 0.758464
201408202140, 0.540148
201408202150, 0.735894
201408202200, 0.579102
201408202220, 0.393012
201408202230, 0.440647
201408202240, 0.371202
201408202250, 0.322374
201408202300, 0.660699
201408202310, 0.601345
201408202320, 0.295681
201408202330, 0.0185547
201408202340, 0.0486111
201408202350, 0.0257161
201408210000, 0.000759549
201408210010, 0.0122613
201408210020, 0.0906033
201408210030, 0.0415582
201408210040, 0.000217014
201408210050, 0.0123698
201408210100, 0.000108507
201408210110, 0.0144314
201408210120, 0.0980903
201408210130, 0.153863
201408210140, 0.331163
201408210150, 0.310438
201408210200, 0.319878
201408210210, 0.390734
201408210220, 0.35102
201408210230, 0.386936
201408210240, 0.148872
201408210250, 0.238173
201408210300, 0.301866
201408210310, 0.253581
201408210320, 0.153971
201408210330, 0.238607
201408210340, 0.59668
201408210350, 0.49783
201408210400, 0.0966797
201408210410, 0.187174
201408210420, 0.508138
201408210430, 0.336589
201408210440, 0.5676
201408210450, 0.376411
201408210500, 0.463433
201408210510, 0.0791016
201408210520, 0.290365
201408210530, 0.209418
201408210540, 0.0818142
201408210550, 0.191081
201408210600, 0.0265842
201408210610, 0.0615234
201408210620, 0.187609
201408210630, 0.00922309
201408210640, 0.0195312
201408210650, 0.0655382
201408210710, 0.0213759
201408210720, 0.00477431
201408210730, 0.0131293
201408210740, 0.023329
201408210750, 0.0427517
201408210800, 0.0894097
201408210810, 0.164497
201408210820, 0.380859
201408210830, 0.354167
201408210840, 0.0505642
201408210850, 0.0490451
201408210900, 0.0155165
201408210910, 0
201408210920, 0.00347222
201408210930, 0.00292969
201408210940, 0.000108507
201408210950, 0.00564236
201408211000, 0.0508898
201408211010, 0.00575087
201408211020, 0
201408211030, 0.00716146
201408211040, 0.00640191
201408211100, 0.00325521
201408211110, 0.000108507
201408211120, 0.0131293
201408211130, 0.000868056
201408211140, 0
201408211150, 0
201408211200, 0
201408211210, 0
201408211220, 0.0100911
201408211230, 0
201408211240, 0.00260417
201408211250, 0.000434028
201408211300, 0.00683594
201408211310, 0.0221354
201408211320, 0.0137804
201408211330, 0.030816
201408211340, 0.0672743
201408211350, 0.0122613
201408211400, 0.0806207
201408211410, 0.146376
201408211420, 0.121745
201408211430, 0.14822
201408211440, 0.200304
201408211450, 0.109049
201408211500, 0.171332
201408211510, 0.0250651
201408211520, 0.193576
201408211530, 0.0348307
201408211540, 0.16645
201408211550, 0.112413
201408211600, 0.0193142
201408211610, 0.0959201
201408211620, 0.152344
201408211630, 0.0772569
201408211640, 0.124457
201408211650, 0.115343
201408211700, 0.0123698
201408211710, 0.1148
201408211720, 0.000108507
201408211730, 0.0479601
201408211740, 0.0461155
201408211750, 0.0802951
201408211800, 0.0527344
201408211810, 0.102539
201408211820, 0.0486111
201408211830, 0.0898438
201408211840, 0.113932
201408211850, 0.0826823
201408211900, 0.0732422
201408211910, 0.0562066
201408211920, 0.00336372
201408211930, 0.0343967
201408211940, 0.144965
201408211950, 0.0993924
201408212000, 0.0616319
201408212010, 0.085829
201408212020, 0.0655382
201408212030, 0.126411
201408212040, 0.0946181
201408212050, 0.0897352
201408212100, 0.101671
201408212110, 0.0128038
201408212120, 0.085395
201408212130, 0.0361328
201408212140, 0.047309
201408212150, 0.000108507
201408212200, 0.00651042
201408212210, 0.00564236
201408212220, 0.000542535
201408212230, 0
201408212240, 0.00976562
201408212250, 0.00477431
201408212300, 0.0379774
201408212310, 0.0141059
201408212320, 0.000759549
201408212330, 0.000108507
201408212340, 0.0479601
201408212350, 0.00108507
201408220000, 0.00227865
201408220010, 0.0590278
201408220020, 0.321072
201408220030, 0.0520833
201408220040, 0.0264757
201408220050, 0.000542535
201408220100, 0.0355903
201408220110, 0.225369
201408220120, 0.00336372
201408220130, 0.0499132
201408220140, 0.0392795
201408220150, 0.266168
201408220200, 0.0922309
201408220210, 0.159397
201408220220, 0.0404731
201408220230, 0.00835503
201408220240, 0.580838
201408220250, 0.501194
201408220300, 0.0488281
201408220310, 0.0444878
201408220320, 0.00770399
201408220330, 0.162543
201408220340, 0.000108507
201408220350, 0.360352
201408220400, 0
201408220410, 0.000759549
201408220420, 0.0441623
201408220440, 0.00726997
201408220450, 0
201408220500, 0.143229
201408220510, 0.000108507
201408220520, 0.00857205
201408220530, 0.000325521
201408220540, 0.00336372
201408220550, 0.0715061
201408220600, 0
201408220610, 0
201408220710, 0
201408220720, 0.0185547
201408220730, 0.00390625
201408220740, 0.000108507
201408220750, 0.00542535
201408220800, 0.0352648
201408220810, 0.0443793
201408220820, 0.00987413
201408220830, 0
201408220840, 0.000651042
201408220850, 0
201408220900, 0.0252821
201408220910, 0
201408220920, 0.0283203
201408220930, 0.00195312
201408220940, 0.00108507
201408220950, 0.000868056
201408221000, 0.00661892
201408221010, 0
201408221020, 0
201408221030, 0.0201823
201408221040, 0.0145399
201408221050, 0.0182292
201408221100, 0.00173611
201408221110, 0.00368924
201408221120, 0.0525174
201408221130, 0
201408221140, 0
201408221150, 0.00423177
201408221200, 0.0244141
201408221210, 0.0467665
201408221220, 0.0397135
201408221230, 0.0169271
201408221240, 0.0639106
201408221250, 0.0808377
201408221300, 0.0531684
201408221310, 0.0386285
201408221320, 0.0628255
201408221330, 0.0575087
201408221340, 0.0567491
201408221350, 0.000108507
201408221400, 0.0491536
201408221410, 0.0749783
201408221420, 0.0429688
201408221430, 0.0279948
201408221440, 0
201408221450, 0.0320095
201408221500, 0.00868056
201408221510, 0.00184462
201408221520, 0.0896267
201408221530, 0.00195312
201408221540, 0.000651042
201408221550, 0.0272352
201408221600, 0.00857205
201408221610, 0.046658
201408221620, 0.313151
201408221630, 0.129991
201408221640, 0.116862
201408221650, 0.00596788
201408221700, 0.054362
201408221710, 0.0169271
201408221720, 0.00564236
201408221730, 0.0336372
201408221740, 0.0380859
201408221750, 0.0307075
201408221800, 0.0504557
201408221810, 0.0180122
201408221820, 0.0538194
201408221830, 0.0377604
201408221840, 0.0399306
201408221850, 0.0753038
201408221900, 0.0553385
201408221910, 0.12066
201408221920, 0.0440538
201408221930, 0.0492622
201408221940, 0.00716146
201408221950, 0.0321181
201408222000, 0.118598
201408222010, 0.0664062
201408222020, 0.00141059
201408222030, 0.0115017
201408222040, 0.00651042
201408222050, 0.00792101
201408222100, 0.00759549
201408222110, 0.0259332
201408222120, 0
201408222130, 0.0130208
201408222140, 0.00260417
201408222150, 0.0227865
201408222200, 0.000868056
201408222210, 0.0187717
201408222220, 0.0107422
201408222230, 0.0219184
201408222240, 0.000108507
201408222250, 0.0909288
201408222300, 0.000651042
201408222310, 0.0142144
201408222320, 0.00531684
201408222330, 0.0122613
201408222340, 0.000868056
201408222350, 0
201408230000, 0.00325521
201408230010, 0.00368924
201408230020, 0
201408230030, 0.016059
201408230040, 0.0257161
201408230050, 0.0608724
201408230100, 0.0409071
201408230110, 0.0258247
201408230120, 0.0879991
201408230130, 0.0675998
201408230140, 0.299154
201408230150, 0.0981988
201408230200, 0.0715061
201408230210, 0.128038
201408230220, 0.0109592
201408230230, 0.129123
201408230240, 0.0685764
201408230250, 0.140734
201408230300, 0.194119
201408230310, 0.0838759
201408230320, 0.144423
201408230330, 0.280056
201408230340, 0.263129
201408230350, 0.189996
201408230400, 0.371853
201408230410, 0.1824
201408230420, 0.0770399
201408230430, 0.528103
201408230440, 0.828776
201408230450, 0.83572
201408230500, 0.504449
201408230510, 0.492404
201408230520, 0.389214
201408230530, 0.554905
201408230540, 0.59082
201408230550, 0.66276
201408230600, 0.520182
201408230610, 0.0616319
201408230620, 0.555447
201408230630, 0.0682509
201408230640, 0.421549
201408230650, 0.292318
201408230700, 0.326497
201408230710, 0.094184
201408230720, 0.136936
201408230730, 0.00206163
201408230740, 0.0551215
201408230750, 0.0219184
201408230800, 0.086046
201408230810, 0.513129
201408230820, 0.353407
201408230830, 0.676107
201408230840, 0.334852
201408230850, 0.00108507
201408230900, 0.00596788
201408230910, 0.000976562
201408230920, 0.0168186
201408230930, 0.0128038
201408230940, 0.00444878
201408230950, 0
201408231000, 0.0150825
201408231010, 0.00173611
201408231020, 0.00390625
201408231030, 0.0188802
201408231040, 0.00683594
201408231050, 0.031684
201408231100, 0.00108507
201408231110, 0.0196398
201408231120, 0.0117188
201408231130, 0.024197
201408231140, 0
201408231150, 0.0183377
201408231200, 0.0610894
201408231210, 0.121745
201408231220, 0.0421007
201408231230, 0.00542535
201408231240, 0.00336372
201408231250, 0.0139974
201408231300, 0.0262587
201408231310, 0
201408231320, 0.0661892
201408231330, 0.00336372
201408231340, 0.139648
201408231350, 0.115451
201408231400, 0.00661892
201408231410, 0.022678
201408231420, 0.552734
201408231430, 0.0527344
201408231440, 0.0967882
201408231450, 0.0435113
201408231500, 0.0364583
201408231510, 0.0133464
201408231520, 0.0281033
201408231530, 0.00401476
201408231540, 0.103841
201408231550, 0.0146484
201408231600, 0.062283
201408231610, 0.129666
201408231620, 0.235786
201408231630, 0.271918
201408231640, 0.00347222
201408231650, 0.000759549
201408231700, 0.652127
201408231710, 0.435655
201408231720, 0.536458
201408231730, 0.202582
201408231740, 0.312391
201408231750, 0.0810547
201408231800, 0.000976562
201408231810, 0.544922
201408231820, 0.24273
201408231830, 0.0144314
201408231840, 0.0721571
201408231850, 0.354167
201408231900, 0.000108507
201408231910, 0.000868056
201408231920, 0.417969
201408231930, 0.000325521
201408231940, 0.0317925
201408231950, 0.0786675
201408232000, 0.345052
201408232010, 0.0838759
201408232020, 0.0257161
201408232030, 0.335069
201408232040, 0.0249566
201408232050, 0.0506727
201408232100, 0.0155165
201408232110, 0.00531684
201408232120, 0.0591363
201408232130, 0.0016276
201408232140, 0.00368924
201408232150, 0.0256076
201408232200, 0.0161675
201408232210, 0
201408232220, 0.0116102
201408232230, 0.00184462
201408232240, 0.000976562
201408232250, 0.0329861
201408232300, 0.000325521
201408232310, 0
201408232320, 0.00260417
201408232330, 0.00434028
201408232340, 0
201408232350, 0
201408240000, 0
201408240010, 0.00998264
201408240020, 0.0211589
201408240030, 0.023112
201408240040, 0.0621745
201408240050, 0.015625
201408240100, 0.0355903
201408240110, 0.0374349
201408240120, 0.0119358
201408240130, 0.0133464
201408240140, 0.0112847
201408240150, 0.000868056
201408240200, 0.00249566
201408240210, 0.21148
201408240220, 0.0386285
201408240230, 0.00303819
201408240240, 0.0106337
201408240250, 0.217882
201408240300, 0.000976562
201408240310, 0.0171441
201408240320, 0.350152
201408240330, 0.154839
201408240340, 0.759115
201408240350, 0.448785
201408240400, 0.183377
201408240410, 0.0825738
201408240420, 0.689019
201408240430, 0.538954
201408240440, 0
201408240450, 0.749783
201408240500, 1.14128
201408240510, 1.05035
201408240520, 0.19911
201408240530, 0.41862
201408240540, 0.157118
201408240550, 0.0718316
201408240600, 0.270508
201408240610, 0.540039
201408240620, 0.0555556
201408240630, 0.0307075
201408240640, 0.1977
201408240650, 0.217665
201408240700, 1.49555
201408240710, 0.0222439
201408240720, 0.00900608
201408240730, 0.0093316
201408240740, 0.191515
201408240750, 0.439562
201408240800, 0.261393
201408240810, 0.25651
201408240820, 0.0100911
201408240830, 0.0605469
201408240840, 0.00368924
201408240850, 0.295681
201408240900, 0.039388
201408240910, 0.171658
201408240920, 0.144097
201408240930, 0.0728082
201408240940, 0.133247
201408240950, 0.046875
201408241000, 0.0565321
201408241010, 0.070638
201408241020, 0.0496962
201408241030, 0.0754123
201408241040, 0.15408
201408241050, 0.161567
201408241100, 0.215929
201408241110, 0.0482856
201408241120, 0.0457899
201408241130, 0.0212674
201408241140, 0.00596788
201408241150, 0.0424262
201408241200, 0.0431858
201408241210, 0.0223524
201408241220, 0.0390625
201408241230, 0.0424262
201408241240, 0.0150825
201408241250, 0.000976562
201408241300, 0.000542535
201408241310, 0.358398
201408241320, 0.000217014
201408241330, 0.124023
201408241340, 0.00488281
201408241350, 0.0136719
201408241400, 0.0350477
201408241410, 0.333767
201408241420, 0.0830078
201408241430, 0.192166
201408241440, 1.01226
201408241450, 0.472439
201408241500, 0.198351
201408241510, 0.48839
201408241520, 0.0137804
201408241530, 0.469727
201408241540, 0.282335
201408241550, 1.07172
201408241600, 0.647027
201408241610, 0.653103
201408241620, 1.23058
201408241630, 0.899306
201408241640, 1.11111
201408241650, 0.608615
201408241700, 0.460937
201408241710, 0.60026
201408241720, 0.0146484
201408241730, 0.722114
201408241740, 0.993598
201408241750, 0.00119358
201408241800, 0.0183377
201408241810, 0.0370009
201408241820, 0.0257161
201408241830, 0.0142144
201408241840, 0.0377604
201408241850, 0.0353733
201408241900, 0.0259332
201408241910, 0.02398
201408241920, 0.0142144
201408241930, 0.0322266
201408241940, 0.0332031
201408241950, 0.0101997
201408242000, 0
201408242010, 0.0220269
201408242020, 0.0167101
201408242030, 0.0210503
201408242040, 0.0015191
201408242050, 0.00195312
201408242100, 0.0119358
201408242110, 0.00217014
201408242120, 0.0104167
201408242130, 0
201408242140, 0.0887587
201408242150, 0.0131293
201408242200, 0.00336372
201408242210, 0.0252821
201408242220, 0
201408242230, 0.000108507
201408242240, 0.000542535
201408242250, 0
201408242300, 0.00694444
201408242310, 0.00206163
201408242320, 0.00542535
201408242330, 0
201408242340, 0.121311
201408242350, 0.00249566
201408250000, 0
201408250010, 0.00141059
201408250020, 0
201408250030, 0.00607639
201408250040, 0.000542535
201408250050, 0.0163845
201408250100, 0.00444878
201408250110, 0.00813802
201408250120, 0.00878906
201408250130, 0.00520833
201408250140, 0.0120443
201408250150, 0.404297
201408250200, 0.430664
201408250210, 0.00249566
201408250220, 0.023763
201408250230, 0.396484
201408250240, 0.453668
201408250250, 0.797743
201408250300, 0.483181
201408250310, 0.302083
201408250320, 0.850152
201408250330, 1.55968
201408250340, 1.28559
201408250350, 1.46105
201408250400, 1.88118
201408250410, 1.00456
201408250420, 1.58735
201408250430, 2.02745
201408250440, 2.04525
201408250450, 1.29253
201408250500, 1.67122
201408250510, 1.22645
201408250520, 1.10981
201408250530, 0.383247
201408250540, 0.00173611
201408250550, 0.42372
201408250600, 0.0437283
201408250610, 0.412652
201408250620, 0.48253
201408250630, 0.365777
201408250640, 0.754123
201408250650, 0.0735677
201408250700, 0.0692274
201408250710, 0.0215929
201408250720, 0.0190972
201408250730, 0.176107
201408250740, 0.560547
201408250750, 0.114909
201408250800, 0.0664062
201408250810, 0.262261
201408250820, 0
201408250830, 0.422092
201408250840, 0.00661892
201408250850, 0.00846354
201408250900, 0
201408250910, 0.0209418
201408250920, 0.0104167
201408250930, 0.0222439
201408250940, 0.0784505
201408250950, 0.00900608
201408251000, 0.0195312
201408251010, 0.0282118
201408251020, 0.000976562
201408251030, 0.0289714
201408251040, 0.00412326
201408251050, 0.00303819
201408251100, 0.269206
201408251110, 0.0375434
201408251120, 0.000434028
201408251130, 0.00390625
201408251140, 0.139865
201408251150, 0.00683594
201408251200, 0.0447049
201408251210, 0.0589193
201408251220, 0.022895
201408251230, 0
201408251240, 0.00130208
201408251250, 0.0152995
201408251300, 0
201408251310, 0.00716146
201408251320, 0
201408251330, 0.00748698
201408251340, 0.165473
201408251350, 0
201408251400, 0.000108507
201408251410, 0.00564236
201408251420, 0
201408251430, 0.00401476
201408251440, 0.00141059
201408251450, 0
201408251500, 0.00238715
201408251510, 0.00976562
201408251520, 0.0137804
201408251530, 0.00206163
201408251540, 0.403103
201408251550, 0.14247
201408251600, 0.279297
201408251610, 0.00520833
201408251620, 0.00423177
201408251630, 0.0107422
201408251640, 0.0187717
201408251650, 0.00238715
201408251700, 0.00227865
201408251710, 0
201408251720, 0
201408251730, 0.0234375
201408251740, 0.0187717
201408251750, 0.0294054
201408251800, 0.00824653
201408251810, 0.00379774
201408251820, 0.0521918
201408251830, 0.268989
201408251840, 0.0199653
201408251850, 0.00390625
201408251900, 0
201408251910, 0.000217014
201408251920, 0
201408251930, 0.000325521
201408251940, 0.000325521
201408251950, 0.0120443
201408252000, 0.000434028
201408252010, 0.000108507
201408252020, 0
201408252030, 0
201408252040, 0
201408252050, 0
201408252100, 0.000542535
201408252110, 0.00119358
201408252120, 0.00770399
201408252130, 0.00759549
201408252140, 0.000217014
201408252150, 0.00607639
201408252200, 0.016059
201408252210, 0.0254991
201408252220, 0.00249566
201408252230, 0
201408252240, 0
201408252250, 0
201408252300, 0
201408252310, 0.00509983
201408252320, 0.00661892
201408252330, 0.00770399
201408252340, 0.00119358
201408252350, 0
201408260000, 0.0105252
201408260010, 0.0201823
201408260020, 0.0123698
201408260030, 0.482313
201408260040, 0.00119358
201408260050, 0.00390625
201408260100, 0.00358073
201408260110, 0.0392795
201408260120, 0.00553385
201408260130, 0.0143229
201408260140, 0.000325521
201408260150, 0.0122613
201408260200, 0.000542535
201408260210, 0.0196398
201408260220, 0.0188802
201408260230, 0.016276
201408260240, 0.00336372
201408260250, 0.0016276
201408260300, 0.00206163
201408260310, 0.0167101
201408260320, 0.0291884
201408260330, 0.0514323
201408260340, 0.0145399
201408260350, 0.0220269
201408260400, 0.0362413
201408260410, 0.0551215
201408260420, 0.0129123
201408260430, 0.115126
201408260440, 0.000868056
201408260450, 0.0243056
201408260500, 0.0062934
201408260510, 0.0675998
201408260520, 0.0137804
201408260530, 0.0518663
201408260540, 0
201408260550, 0.015408
201408260600, 0.0198568
201408260610, 0.000108507
201408260620, 0.000108507
201408260630, 0.000759549
201408260640, 0.0198568
201408260700, 0.00217014
201408260710, 0
201408260720, 0
201408260730, 0.000108507
201408260740, 0.000542535
201408260750, 0.00889757
201408260800, 0.0101997
201408260810, 0.046441
201408260820, 0.024197
201408260830, 0
201408260840, 0.0442708
201408260850, 0.000759549
201408260900, 0.0220269
201408260910, 0.0015191
201408260920, 0.00303819
201408260930, 0.0355903
201408260940, 0
201408260950, 0.0186632
201408261000, 0.499566
201408261010, 0.031684
201408261020, 0.0499132
201408261030, 0.184245
201408261040, 0.0177951
201408261050, 0.928385
201408261100, 0.0031467
201408261110, 0.0169271
201408261120, 0.000868056
201408261130, 0.0253906
201408261140, 0.00542535
201408261150, 0.37793
201408261200, 0.000434028
201408261210, 0.000325521
201408261220, 0.0061849
201408261230, 0.00987413
201408261240, 0.000542535
201408261250, 0.0895182
201408261300, 0.0175781
201408261310, 0.00607639
201408261320, 0.109592
201408261330, 0.0558811
201408261340, 0.000217014
201408261350, 0.00130208
201408261400, 0
201408261410, 0
201408261420, 0
201408261430, 0.00607639
201408261440, 0.00173611
201408261450, 0.00857205
201408261500, 0.00282118
201408261510, 0.00911458
201408261520, 0
201408261530, 0.120334
201408261540, 0.0762804
201408261550, 0.250651
201408261600, 0.100694
201408261610, 0.00282118
201408261620, 1.31597
201408261630, 0.636719
201408261640, 0.0819227
201408261650, 0.0376519
201408261700, 0.00347222
201408261710, 0.137044
201408261720, 0.164062
201408261730, 0.00108507
201408261750, 0.0613064
201408261800, 0.303602
201408261810, 0.474392
201408261820, 0.18099
201408261830, 0.17003
201408261840, 0.245226
201408261850, 0.411675
201408261900, 0.0991753
201408261910, 0.651801
201408261920, 0.405165
201408261930, 0.205838
201408261940, 0.808051
201408261950, 0.123806
201408262000, 2.03863
201408262010, 1.07237
201408262020, 1.35862
201408262030, 1.32563
201408262040, 0.576389
201408262050, 1.77821
201408262100, 1.11882
201408262110, 1.1326
201408262120, 2.14214
201408262130, 0.564236
201408262140, 0.9375
201408262150, 1.12261
201408262200, 0.535482
201408262210, 0.00206163
201408262220, 0.43316
201408262230, 0.0286458
201408262240, 1.19737
201408262250, 0.438694
201408262300, 0.21799
201408262310, 0.134332
201408262320, 0.0132378
201408262330, 0.590278
201408262340, 0.0298394
201408262350, 0
201408270000, 0.00292969
201408270010, 0.174154
201408270020, 0.420898
201408270030, 0
201408270040, 0.00249566
201408270050, 0.0977648
201408270100, 0.00553385
201408270110, 0.0062934
201408270120, 0
201408270130, 0.128364
201408270140, 0.015842
201408270150, 0.000325521
201408270200, 0.055013
201408270210, 0.00119358
201408270220, 0.00401476
201408270230, 0.0386285
201408270240, 0
201408270250, 0.000108507
201408270300, 0.00488281
201408270310, 0.0129123
201408270320, 0
201408270330, 0.0119358
201408270340, 0
201408270350, 0.000325521
201408270400, 0.0833333
201408270410, 0.0253906
201408270420, 0.499674
201408270430, 0
201408270440, 0.171115
201408270450, 0.173177
201408270500, 0.483073
201408270510, 0.39247
201408270520, 0.382704
201408270530, 1.02246
201408270540, 0.0410156
201408270550, 0.00195312
201408270600, 0.308377
201408270610, 0.0760634
201408270620, 0.444987
201408270630, 0
201408270640, 0.264214
201408270650, 0.858181
201408270700, 0.0514323
201408270710, 0
201408270720, 0.00813802
201408270730, 0.0227865
201408270740, 0.398329
201408270750, 0.290256
201408270800, 0.203559
201408270810, 0.397895
201408270820, 0.00206163
201408270830, 0.145074
201408270840, 0.255751
201408270850, 0.0016276
201408270900, 0
201408270910, 0
201408270920, 0
201408270930, 0.0107422
201408270940, 0.00108507
201408270950, 0.107205
201408271000, 0
201408271010, 0
201408271020, 0
201408271030, 0.0131293
201408271040, 0.00868056
201408271050, 0.0578342
201408271100, 0.0390625
201408271110, 0.0128038
201408271120, 0.0327691
201408271130, 0.00954861
201408271140, 0.000325521
201408271150, 0.00575087
201408271200, 0.946398
201408271210, 0.0780165
201408271220, 0.00954861
201408271230, 0.0234375
201408271240, 0.047309
201408271250, 0.053928
201408271300, 0.0685764
201408271310, 0.0544705
201408271320, 0.0296224
201408271330, 0.0415582
201408271340, 0.0349392
201408271350, 0.00271267
201408271400, 0.00759549
201408271410, 0
201408271420, 0.000108507
201408271430, 0.0171441
201408271440, 0
201408271450, 0
201408271500, 0.0211589
201408271510, 0.047526
201408271520, 0.0373264
201408271530, 0.0336372
201408271540, 0
201408271550, 0.0113932
201408271600, 0.0200738
201408271610, 0
201408271620, 0
201408271630, 0.000325521
201408271640, 0.05523
201408271650, 0.00173611
201408271700, 0.0119358
201408271710, 0.085612
201408271720, 0
201408271730, 0.0220269
201408271740, 0
201408271750, 0.127713
201408271800, 0.00748698
201408271810, 0
201408271820, 0
201408271830, 0.00954861
201408271840, 0
201408271850, 0.0321181
201408271900, 0.000759549
201408271910, 0.00358073
201408271920, 0
201408271930, 0.0521918
201408271940, 0.0015191
201408271950, 0.0193142
201408272000, 0
201408272010, 0.0349392
201408272020, 0
201408272030, 0.00184462
201408272040, 0
201408272050, 0.00379774
201408272100, 0.0161675
201408272110, 0.00488281
201408272120, 0.0110677
201408272130, 0.00227865
201408272140, 0.0094401
201408272150, 0.00260417
201408272200, 0.00737847
201408272210, 0.0253906
201408272220, 0.176975
201408272230, 0.160265
201408272240, 0.0136719
201408272250, 0.00672743
201408272300, 0.171332
201408272310, 0.0251736
201408272320, 0.00835503
201408272330, 0.0131293
201408272340, 0.0467665
201408272350, 0.00737847
201408280000, 0.0558811
201408280010, 0.0442708
201408280020, 0.0474175
201408280030, 0.202474
201408280040, 0.283095
201408280050, 0.863281
201408280100, 0.446181
201408280110, 0.571181
201408280120, 0.90842
201408280130, 0.207899
201408280140, 0.663954
201408280150, 0.700629
201408280200, 0.525391
201408280210, 0.541992
201408280220, 1.12717
201408280230, 0.939996
201408280240, 0.263563
201408280250, 0.932726
201408280300, 0.786892
201408280310, 0.819444
201408280320, 0.47092
201408280330, 0.0794271
201408280340, 0.508681
201408280350, 0.361111
201408280400, 0.818034
201408280410, 0.328342
201408280420, 0.229601
201408280430, 1.00217
201408280440, 1.10883
201408280450, 2.176
201408280500, 2.7526
201408280510, 2.78678
201408280520, 2.23644
201408280530, 3.42101
201408280540, 2.93848
201408280550, 2.65104
201408280600, 3.61773
201408280610, 3.79883
201408280620, 5.01378
201408280630, 3.36317
201408280640, 3.39019
201408280650, 2.39019
201408280700, 2.74816
201408280710, 1.61122
201408280720, 1.06695
201408280730, 2.01237
201408280740, 2.34852
201408280750, 1.23665
201408280800, 2.63249
201408280810, 2.12815
201408280820, 1.13097
201408280830, 1.47559
201408280840, 2.2372
201408280850, 0.974175
201408280900, 0.203885
201408280910, 0.893772
201408280920, 0.0985243
201408280930, 0.938477
201408280940, 0.320095
201408280950, 0.926432
201408281000, 2.11643
201408281010, 1.03841
201408281020, 0.196723
201408281030, 0.970486
201408281040, 0.705187
201408281050, 0.819444
201408281100, 1.31619
201408281110, 1.29026
201408281120, 1.11133
201408281130, 1.10135
201408281140, 1.09798
201408281150, 2.13292
201408281200, 2.40213
201408281210, 2.81348
201408281220, 1.87576
201408281230, 1.47515
201408281240, 2.05154
201408281250, 2.25564
201408281300, 2.16884
201408281310, 2.10037
201408281320, 3.07964
201408281330, 1.49674
201408281340, 2.52973
201408281350, 2.324
201408281400, 2.94054
201408281410, 2.45475
201408281420, 3.43294
201408281430, 4.04959
201408281440, 3.77257
201408281450, 4.29253
201408281500, 4.18674
201408281510, 5.26888
201408281520, 5.32509
201408281530, 5.41743
201408281540, 4.60992
201408281550, 5.287
201408281600, 5.28288
201408281610, 5.23535
201408281620, 3.41157
201408281630, 3.5281
201408281640, 4.54839
201408281650, 3.47255
201408281700, 4.64605
201408281710, 3.43869
201408281720, 2.9554
201408281730, 3.64366
201408281740, 2.52539
201408281750, 2.98665
201408281800, 1.76432
201408281810, 1.59907
201408281820, 2.30035
201408281830, 2.51139
201408281840, 2.44141
201408281850, 2.69455
201408281900, 2.41406
201408281910, 2.38336
201408281920, 2.57867
201408281930, 1.64583
201408281940, 1.69488
201408281950, 1.59559
201408282000, 1.19607
201408282010, 1.33941
201408282020, 1.73796
201408282030, 1.30751
201408282040, 1.74219
201408282050, 0.662109
201408282100, 1.72049
201408282110, 1.23958
201408282120, 2.22428
201408282130, 3.59136
201408282140, 2.88173
201408282150, 1.71181
201408282200, 1.70323
201408282210, 2.03494
201408282220, 1.10189
201408282230, 2.49121
201408282240, 1.66623
201408282250, 1.93598
201408282300, 2.20747
201408282310, 2.74978
201408282320, 2.20866
201408282330, 2.37272
201408282340, 1.68392
201408282350, 1.69086
201408290000, 0.377496
201408290010, 1.11903
201408290020, 2.22276
201408290030, 0.451063
201408290040, 2.28375
201408290050, 2.13878
201408290100, 0.707682
201408290110, 1.59993
201408290120, 2.98275
201408290130, 3.52593
201408290140, 0.827908
201408290150, 2.01975
201408290200, 2.71289
201408290210, 4.81424
201408290220, 2.91797
201408290230, 3.55089
201408290240, 3.09288
201408290250, 5.50054
201408290300, 3.94151
201408290310, 4.4668
201408290320, 4.15918
201408290330, 4.57856
201408290340, 4.38129
201408290350, 3.10905
201408290400, 2.57954
201408290410, 2.73611
201408290420, 1.67904
201408290430, 0.889431
201408290440, 1.66688
201408290450, 2.18294
201408290500, 0.582682
201408290510, 0.40625
201408290520, 0.232856
201408290530, 0.0173611
201408290540, 0.163411
201408290550, 0.302083
201408290600, 0.0744358
201408290620, 0.0457899
201408290630, 0.0332031
201408290640, 0.0571832
201408290650, 0.000868056
201408290700, 0.00271267
201408290710, 0.00520833
201408290720, 0.0566406
201408290730, 0.000325521
201408290740, 0.00434028
201408290750, 0.0111762
201408290800, 0.000217014
201408290810, 0.00173611
201408290820, 0.000217014
201408290830, 0.00716146
201408290840, 0.195964
201408290850, 0.0644531
201408290900, 0.0343967
201408290910, 0.0929905
201408290930, 0.00846354
201408290940, 0.0211589
201408290950, 0.00455729
201408291000, 0.0238715
201408291010, 0.0016276
201408291020, 0.0212674
201408291030, 0.0339627
201408291040, 0.0549045
201408291050, 0.0356988
201408291100, 0.00477431
201408291110, 0.0129123
201408291120, 0.00401476
201408291130, 0.0107422
201408291140, 0
201408291150, 0.0379774
201408291200, 0.0135634
201408291210, 0.00575087
201408291220, 0.0343967
201408291230, 0.0997179
201408291240, 0.0973307
201408291250, 0.145074
201408291300, 0.0616319
201408291310, 0.0633681
201408291320, 0.0202908
201408291330, 0.122938
201408291340, 0.0960286
201408291350, 0.0476345
201408291400, 0.0691189
201408291410, 0.00108507
201408291420, 0.0847439
201408291430, 0.0294054
201408291440, 0.0850694
201408291450, 0.00336372
201408291500, 0.0141059
201408291510, 0.0279948
201408291520, 0.0333116
201408291530, 0
201408291540, 0.0215929
201408291550, 0.0300564
201408291600, 0
201408291610, 0.161784
201408291620, 0
201408291630, 0.0046658
201408291640, 0.00716146
201408291650, 0.0187717
201408291700, 0
201408291710, 0
201408291720, 0.000217014
201408291730, 0.0248481
201408291740, 0.0164931
201408291750, 0.00553385
201408291800, 0.0243056
201408291810, 0.0238715
201408291820, 0.00379774
201408291830, 0.0142144
201408291840, 0.000217014
201408291850, 0.518121
201408291900, 0.00195312
201408291910, 0.0362413
201408291920, 0.000651042
201408291930, 0.0106337
201408291940, 0.0378689
201408291950, 0.00672743
201408292000, 0.00108507
201408292010, 0.000325521
201408292020, 0.000325521
201408292030, 0
201408292040, 0.0205078
201408292050, 0.00249566
201408292100, 0.000868056
201408292110, 0.000651042
201408292120, 0.031033
201408292130, 0.0180122
201408292140, 0.0286458
201408292150, 0.00292969
201408292200, 0.000542535
201408292210, 0.0094401
201408292220, 0
201408292230, 0.000217014
201408292240, 0.00412326
201408292250, 0.0119358
201408292300, 0.0640191
201408292310, 0.249566
201408292320, 0.0544705
201408292330, 0.0533854
201408292340, 0.0169271
201408292350, 0
201408300000, 0.00271267
201408300010, 0.0922309
201408300020, 0.0574002
201408300030, 0.134657
201408300040, 0.48112
201408300050, 0.0279948
201408300100, 0.0130208
201408300110, 0.0182292
201408300120, 0.0144314
201408300130, 0.00271267
201408300140, 0.0825738
201408300150, 0.0283203
201408300220, 0.0831163
201408300230, 0.0333116
201408300250, 0.000108507
201408300300, 0.0062934
201408300310, 0.070855
201408300320, 0.0474175
201408300330, 0.093099
201408300340, 0.0665148
201408300350, 0.0744358
201408300400, 0.000108507
201408300410, 0.0576172
201408300420, 0.00217014
201408300430, 0
201408300440, 0.023763
201408300450, 0.000759549
201408300500, 0.00575087
201408300510, 0
201408300520, 0
201408300530, 0.00195312
201408300540, 0
201408300550, 0.00976562
201408300600, 0
201408300610, 0.000759549
201408300620, 0
201408300630, 0.000976562
201408300640, 0
201408300650, 0.000325521
201408300700, 0.00824653
201408300710, 0.00358073
201408300720, 0.0105252
201408300730, 0.0015191
201408300740, 0.0370009
201408300750, 0.00640191
201408300800, 0.0250651
201408300810, 0.104926
201408300820, 0.143338
201408300830, 0.365885
201408300840, 0.0366753
201408300850, 0
201408300900, 0.0139974
201408300910, 0.0335286
201408300920, 0.0328776
201408300930, 0.016276
201408300940, 0.153971
201408300950, 0.0200738
201408301000, 0.0562066
201408301010, 0.0518663
201408301020, 0.023112
201408301030, 0.022678
201408301040, 0.0325521
201408301050, 0.000108507
201408301100, 0.0171441
201408301110, 0.000868056
201408301120, 0.0250651
201408301130, 0.0770399
201408301140, 0.00412326
201408301150, 0.0667318
201408301200, 0.635742
201408301210, 0.0667318
201408301220, 0.0757378
201408301230, 0.0219184
201408301240, 0.0015191
201408301250, 0.000542535
201408301300, 0.0046658
201408301310, 0.00358073
201408301320, 0.00119358
201408301330, 0.0249566
201408301340, 0.00336372
201408301350, 0
201408301400, 0.00987413
201408301410, 0.0492622
201408301420, 0.00195312
