201806010000, 3.24967
201806010010, 2.93424
201806010020, 2.18826
201806010030, 1.23481
201806010040, 0.919813
201806010050, 0.278971
201806010100, 0.121636
201806010110, 1.44466
201806010120, 3.86317
201806010130, 8.07281
201806010140, 9.98003
201806010150, 11.0936
201806010200, 11.7086
201806010210, 11.4682
201806010220, 13.3405
201806010230, 13.7454
201806010240, 13.6454
201806010250, 13.7585
201806010300, 14.4302
201806010310, 14.4708
201806010320, 14.8809
201806010330, 15.7305
201806010340, 15.9349
201806010350, 15.87
201806010400, 16.1586
201806010410, 15.7858
201806010420, 15.3665
201806010430, 14.4976
201806010440, 14.018
201806010450, 13.4554
201806010500, 11.865
201806010510, 10.2426
201806010520, 10.1873
201806010530, 8.29568
201806010540, 7.58398
201806010550, 6.51725
201806010600, 5.80208
201806010610, 4.41905
201806010620, 2.81749
201806010630, 2.64019
201806010640, 1.68066
201806010650, 0.887587
201806010700, 0.66569
201806010710, 0.615343
201806010720, 0.279297
201806010730, 0.149197
201806010740, 0.070421
201806010750, 0.0634766
201806010800, 0.0164931
201806010810, 0.0093316
201806010820, 0.00726997
201806010830, 0.0171441
201806010840, 0.0342882
201806010850, 0.000108507
201806010900, 0.00531684
201806010910, 0.0128038
201806010920, 0
201806010930, 0
201806010940, 0.0254991
201806010950, 0.21365
201806011000, 0.00238715
201806011010, 0
201806011020, 0.247396
201806011030, 0.120768
201806011040, 0.0796441
201806011050, 0.133898
201806011100, 0
201806011110, 0.107422
201806011120, 0.330404
201806011130, 0.163194
201806011140, 0.0409071
201806011150, 0
201806011200, 0.141819
201806011210, 0.0288628
201806011220, 1.45226
201806011230, 1.38509
201806011240, 1.53136
201806011250, 0.816949
201806011300, 0.864149
201806011310, 0.190972
201806011320, 0.572266
201806011330, 0.768121
201806011340, 0.546115
201806011350, 0.636393
201806011400, 0.625868
201806011410, 1.27279
201806011420, 1.40636
201806011430, 1.46691
201806011440, 1.8227
201806011450, 1.84592
201806011500, 1.75087
201806011510, 2.65256
201806011520, 2.07042
201806011530, 3.19488
201806011540, 3.7271
201806011550, 4.17057
201806011600, 3.19151
201806011610, 2.68859
201806011620, 2.61957
201806011630, 2.62424
201806011640, 2.05859
201806011650, 1.89117
201806011700, 1.91168
201806011710, 1.64193
201806011720, 1.26584
201806011730, 0.606011
201806011740, 0.756185
201806011750, 1.26877
201806011800, 1.06923
201806011810, 1.07726
201806011820, 1.16319
201806011830, 1.08149
201806011840, 1.57161
201806011850, 1.17155
201806011900, 1.91493
201806011910, 1.60135
201806011920, 1.56217
201806011930, 1.11773
201806011940, 1.92763
201806011950, 1.97689
201806012000, 3.05621
201806012010, 1.93197
201806012020, 1.53049
201806012030, 1.21506
201806012040, 0.815213
201806012050, 0.727865
201806012100, 0.829102
201806012110, 1.1071
201806012120, 1.01997
201806012130, 1.34983
201806012140, 0.332248
201806012150, 0.339952
201806012200, 0.225911
201806012210, 0.0645616
201806012220, 0.333008
201806012230, 0.207248
201806012240, 0.416775
201806012250, 0.483507
201806012300, 0.0500217
201806012310, 0.171007
201806012320, 0.0463325
201806012330, 0.0302734
201806012340, 0
201806012350, 0.0582682
201806020000, 0
201806020010, 0.0246311
201806020020, 0.0771484
201806020030, 0.0825738
201806020040, 0.52474
201806020050, 0.244032
201806020100, 0.483724
201806020110, 1.29167
201806020120, 1.24544
201806020130, 1.37305
201806020140, 1.60145
201806020150, 2.19
201806020200, 2.32639
201806020210, 2.83963
201806020220, 3.80805
201806020230, 3.82248
201806020240, 4.23459
201806020250, 5.34527
201806020300, 6.16113
201806020310, 6.53472
201806020320, 6.80946
201806020330, 6.75684
201806020340, 6.96213
201806020350, 7.00846
201806020400, 7.10037
201806020410, 7.14692
201806020420, 7.11122
201806020430, 7.63032
201806020440, 7.92611
201806020450, 8.01682
201806020500, 8.01986
201806020510, 7.32303
201806020520, 7.96072
201806020530, 7.29319
201806020540, 6.05176
201806020550, 5.91319
201806020600, 6.13411
201806020610, 5.72504
201806020620, 4.89865
201806020630, 4.57791
201806020640, 3.80035
201806020650, 3.54297
201806020700, 3.15028
201806020710, 2.54395
201806020720, 1.75423
201806020730, 2.59321
201806020740, 2.1888
201806020750, 1.7577
201806020800, 2.08865
201806020810, 1.73188
201806020820, 1.60938
201806020830, 1.44065
201806020840, 1.22418
201806020850, 2.40918
201806020900, 2.44108
201806020910, 2.15245
201806020920, 2.44933
201806020930, 3.35308
201806020940, 3.08843
201806020950, 3.3686
201806021000, 2.78396
201806021010, 3.33572
201806021020, 3.76454
201806021030, 4.53841
201806021040, 3.31858
201806021050, 3.40788
201806021100, 2.83257
201806021110, 3.44455
201806021120, 2.90007
201806021130, 2.72776
201806021140, 1.99664
201806021150, 1.75087
201806021200, 1.8673
201806021210, 1.72515
201806021220, 1.37891
201806021230, 1.62261
201806021240, 1.49164
201806021250, 1.63553
201806021300, 1.42209
201806021310, 2.5077
201806021320, 1.71007
201806021330, 1.24653
201806021340, 1.60189
201806021350, 1.82378
201806021400, 1.75456
201806021410, 0.924696
201806021420, 0.517144
201806021430, 0.765517
201806021440, 0.677192
201806021450, 0.502604
201806021500, 0.47819
201806021510, 0.318359
201806021520, 0.453233
201806021530, 0.615994
201806021540, 0.0585938
201806021550, 0.193576
201806021600, 0.0285373
201806021610, 0.00455729
201806021620, 0
201806021630, 0.0265842
201806021640, 0.0198568
201806021650, 0.0276693
201806021700, 0.0126953
201806021710, 0.0174696
201806021720, 0.0441623
201806021730, 0.031684
201806021740, 0
201806021750, 0.00434028
201806021800, 0
201806021810, 0.00759549
201806021820, 0.245443
201806021830, 0.275825
201806021840, 0.414931
201806021850, 0.424696
201806021900, 0.183485
201806021910, 0.00651042
201806021920, 0.000651042
201806021930, 0
201806021940, 0.000976562
201806021950, 0.167209
201806022000, 0.000976562
201806022010, 0.00130208
201806022020, 0
201806022030, 0
201806022040, 0.0103082
201806022050, 0.0016276
201806022100, 0
201806022110, 0.0343967
201806022120, 0.015191
201806022130, 0.0078125
201806022140, 0.0212674
201806022150, 0.0333116
201806022200, 0.0299479
201806022210, 0.000108507
201806022220, 0.0116102
201806022230, 0.00596788
201806022240, 0.0601128
201806022250, 0.00770399
201806022300, 0.00705295
201806022310, 0.00206163
201806022320, 0.000542535
201806022330, 0.00303819
201806022340, 0.00846354
201806022350, 0.00585938
201806030000, 0.000434028
201806030010, 0.015191
201806030020, 0.0341797
201806030030, 0.260525
201806030040, 0.505968
201806030050, 0.015625
201806030100, 0.0485026
201806030110, 0.449544
201806030120, 0.618056
201806030130, 0.266819
201806030140, 0.521267
201806030150, 0.555773
201806030200, 0.423177
201806030210, 0.536133
201806030220, 0.273546
201806030230, 0.216254
201806030240, 0.207791
201806030250, 0.148003
201806030300, 1.14095
201806030310, 0.183377
201806030320, 0.212565
201806030330, 0.12576
201806030340, 0.254557
201806030350, 0.208116
201806030400, 0.146701
201806030410, 0.3227
201806030420, 0.367079
201806030430, 0.351562
201806030440, 0.200955
201806030450, 0.201714
201806030500, 0.170898
201806030510, 0.122179
201806030520, 0.258247
201806030530, 0.155816
201806030550, 0.247613
201806030600, 0.0198568
201806030610, 0.0488281
201806030620, 0.0146484
201806030630, 0.055013
201806030640, 0.0348307
201806030650, 0.0325521
201806030710, 0.0183377
201806030720, 0.00607639
201806030730, 0.00455729
201806030750, 0.0349392
201806030800, 0.122287
201806030810, 0.0926649
201806030820, 0.0168186
201806030830, 0.0209418
201806030840, 0.0126953
201806030850, 0.00249566
201806030900, 0
201806030910, 0.00509983
201806030920, 0.00401476
201806030930, 0
201806030940, 0.00184462
201806030950, 0.015625
201806031000, 0.000976562
201806031010, 0.00271267
201806031020, 0.00857205
201806031030, 0.0375434
201806031040, 0.0157335
201806031050, 0.00954861
201806031100, 0.00292969
201806031110, 0.0230035
201806031120, 0.00726997
201806031130, 0.0120443
201806031140, 0.00227865
201806031150, 0.000108507
201806031200, 0.00390625
201806031210, 0
201806031220, 0.0375434
201806031230, 0.00130208
201806031240, 0.00531684
201806031250, 0.0111762
201806031300, 0.00130208
201806031310, 0.00173611
201806031320, 0.00564236
201806031340, 0
201806031350, 0.0061849
201806031400, 0.00249566
201806031410, 0.0130208
201806031420, 0.0015191
201806031430, 0.0182292
201806031440, 0.00846354
201806031450, 0
201806031500, 0.0120443
201806031510, 0
201806031530, 0
201806031540, 0.0078125
201806031550, 0.000759549
201806031600, 0.00488281
201806031610, 0.0329861
201806031620, 0.0176866
201806031630, 0.00303819
201806031650, 0.0596788
201806031700, 0.101997
201806031710, 0.125326
201806031720, 0.127604
201806031730, 0.132921
201806031740, 0.150499
201806031750, 0.0517578
201806031800, 0.119141
201806031810, 0.107964
201806031820, 0
201806031830, 0
201806031840, 0.00130208
201806031850, 0
201806031900, 0.00868056
201806031910, 0
201806031920, 0
201806031930, 0
201806031940, 0.000108507
201806031950, 0.00119358
201806032000, 0.00954861
201806032010, 0.00553385
201806032020, 0.00227865
201806032030, 0.014974
201806032040, 0.015842
201806032050, 0.00206163
201806032100, 0
201806032110, 0.000217014
201806032120, 0.0186632
201806032130, 0.0108507
201806032140, 0.00911458
201806032150, 0.0112847
201806032200, 0
201806032210, 0.000868056
201806032220, 0.0214844
201806032230, 0.00249566
201806032240, 0.0182292
201806032250, 0
201806032300, 0
201806032310, 0.00260417
201806032320, 0.0524089
201806032330, 0.000542535
201806032350, 0.00249566
201806040000, 0.0211589
201806040010, 0
201806040020, 0
201806040030, 0
201806040040, 0.0422092
201806040050, 0.0488281
201806040100, 0
201806040110, 0.0988498
201806040120, 0.0607639
201806040130, 0.128906
201806040140, 0.191515
201806040150, 0.0429688
201806040200, 0.149414
201806040210, 0.19184
201806040220, 0.383789
201806040230, 0.538628
201806040240, 0.68533
201806040250, 0.372938
201806040300, 0.487739
201806040310, 0.464735
201806040320, 0.216797
201806040330, 0.153103
201806040340, 0.0692274
201806040350, 0.327799
201806040400, 0.105577
201806040410, 0.055447
201806040420, 0.288845
201806040430, 0.111871
201806040440, 0.390082
201806040450, 0.283963
201806040500, 0.207791
201806040510, 0.0533854
201806040520, 0.982313
201806040530, 0.160699
201806040540, 0.583442
201806040550, 0.316949
201806040600, 0.0842014
201806040610, 0.930013
201806040620, 0.129449
201806040630, 0.0294054
201806040640, 0.063151
201806040650, 1.01204
201806040700, 0.0366753
201806040710, 0.0556641
201806040720, 0.181641
201806040730, 0.187174
201806040740, 0.57997
201806040750, 0.595052
201806040800, 1.00716
201806040810, 0.454319
201806040820, 0.232313
201806040840, 0.00238715
201806040850, 0.30013
201806040900, 0.756076
201806040910, 0.251736
201806040920, 0.0513238
201806040930, 0.298611
201806040940, 0.216146
201806040950, 0.0363498
201806041000, 0.169379
201806041010, 0.0872396
201806041020, 0.591363
201806041050, 1.81185
201806041100, 0.750217
201806041110, 1.00825
201806041120, 0.311849
201806041130, 1.72862
201806041140, 1.45703
201806041150, 0.91786
201806041200, 1.37511
201806041210, 0.586372
201806041220, 0.613932
201806041230, 0.374132
201806041240, 0.00260417
201806041250, 0.699978
201806041300, 0.410156
201806041310, 0.534288
201806041320, 0.711372
201806041330, 1.36914
201806041340, 0.533529
201806041350, 0.82053
201806041400, 0.599718
201806041410, 0.463867
201806041420, 0.390191
201806041430, 0.389431
201806041440, 0.226671
201806041450, 0.164931
201806041500, 0.215386
201806041510, 0.137153
201806041520, 0.321289
201806041530, 0.145725
201806041540, 0.264214
201806041550, 0.515082
201806041600, 0.0463325
201806041610, 0.0432943
201806041620, 0.155165
201806041630, 0.111328
201806041640, 0.0170356
201806041650, 0.0218099
201806041700, 0.0349392
201806041710, 0.121419
201806041720, 0.224175
201806041730, 0.0230035
201806041740, 0.00217014
201806041750, 0.217556
201806041800, 0.0600043
201806041810, 0.631619
201806041820, 0.00390625
201806041830, 0.42806
201806041840, 0.0605469
201806041850, 0.196506
201806041900, 0.377496
201806041910, 0.401042
201806041920, 0.592014
201806041930, 0.544813
201806041940, 1.54753
201806041950, 1.45269
201806042000, 1.30273
201806042010, 1.54568
201806042020, 1.87901
201806042030, 1.4056
201806042040, 1.69727
201806042050, 1.4311
201806042100, 1.30924
201806042110, 1.18555
201806042120, 1.7296
201806042130, 1.49935
201806042140, 1.21853
201806042150, 1.45931
201806042200, 1.96278
201806042220, 1.51823
201806042230, 0.654405
201806042240, 1.05914
201806042250, 0.0936415
201806042300, 1.3572
201806042310, 1.75336
201806042320, 1.29351
201806042330, 1.70161
201806042340, 1.50727
201806042350, 1.38249
201806050000, 1.50391
201806050010, 1.28071
201806050020, 1.16851
201806050030, 1.43989
201806050040, 2.88086
201806050050, 2.4617
201806050100, 3.40321
201806050110, 2.16569
201806050120, 1.29525
201806050130, 1.3469
201806050140, 0.929145
201806050150, 0.472656
201806050200, 0.92372
201806050210, 1.08952
201806050220, 1.52376
201806050230, 0.793945
201806050240, 0.849718
201806050250, 0.371094
201806050300, 0.876302
201806050310, 0.724175
201806050320, 0.902452
201806050330, 0.198785
201806050340, 0.126411
201806050350, 0.940864
201806050400, 0.855035
201806050410, 0.595703
201806050420, 0.535482
201806050430, 0.365451
201806050440, 0.430881
201806050450, 0.505317
201806050500, 0.761502
201806050510, 1.0497
201806050520, 1.32346
201806050530, 0.775608
201806050540, 1.20584
201806050550, 0.292643
201806050600, 0.488064
201806050610, 0.297743
201806050620, 0.547201
201806050630, 0.514214
201806050640, 0.139214
201806050650, 0.444661
201806050700, 0.0491536
201806050710, 0.0968967
201806050720, 0.14822
201806050730, 1.13639
201806050740, 0.595595
201806050750, 0.212565
201806050800, 0.31543
201806050810, 1.12164
201806050820, 1.0344
201806050830, 0.941406
201806050840, 1.19227
201806050850, 1.10677
201806050900, 0.482639
201806050910, 0.690104
201806050920, 0.809896
201806050930, 0.15842
201806050940, 1.88932
201806050950, 1.16808
201806051000, 3.87305
201806051010, 4.02322
201806051020, 4.48579
201806051030, 3.79731
201806051040, 2.65245
201806051050, 1.95291
201806051100, 2.45714
201806051110, 1.2321
201806051120, 0.807943
201806051130, 0.744683
201806051140, 2.27148
201806051150, 0.979818
201806051200, 1.27192
201806051210, 1.03765
201806051220, 0.764106
201806051230, 0.697157
201806051240, 2.16374
201806051250, 1.69868
201806051300, 1.19021
201806051310, 0.72092
201806051320, 0.479709
201806051330, 1.2347
201806051340, 0.647678
201806051350, 0.99273
201806051400, 0.825195
201806051410, 1.13845
201806051420, 1.49327
201806051430, 1.51584
201806051440, 2.62229
201806051450, 2.61024
201806051500, 3.20822
201806051510, 2.05056
201806051520, 1.57031
201806051530, 2.04525
201806051540, 2.50445
201806051550, 2.8967
201806051600, 2.5127
201806051610, 2.815
201806051620, 2.96441
201806051630, 3.40983
201806051640, 3.59516
201806051650, 3.57943
201806051700, 3.18414
201806051710, 3.00868
201806051720, 3.44944
201806051730, 2.85742
201806051740, 2.12435
201806051750, 2.09918
201806051800, 1.70833
201806051810, 0.91276
201806051820, 1.22114
201806051830, 0.573459
201806051840, 0.278971
201806051850, 0.13151
201806051900, 0.395616
201806051910, 0.283637
201806051920, 0.251411
201806051930, 0.229926
201806051940, 0.194878
201806051950, 0.0181207
201806052000, 0.00596788
201806052010, 0.0814887
201806052020, 0.300998
201806052030, 0
201806052040, 0.0122613
201806052050, 0.105143
201806052100, 0.00477431
201806052110, 0.148655
201806052120, 0.0658637
201806052130, 0.223524
201806052140, 0.20714
201806052150, 0.108724
201806052200, 1.55805
201806052210, 0.320312
201806052220, 0.235243
201806052230, 0.00737847
201806052240, 0.279731
201806052300, 0.119358
201806052310, 0.15332
201806052320, 0.314453
201806052330, 0.233507
201806052340, 0.0595703
201806052350, 0.113932
201806060000, 0.10829
201806060010, 0.062717
201806060020, 0.0366753
201806060030, 0.0275608
201806060040, 0.0821398
201806060050, 0
201806060100, 0.0272352
201806060120, 0.669705
201806060130, 0.000651042
201806060140, 0.0093316
201806060150, 0.106771
201806060200, 0.038954
201806060210, 0.000542535
201806060220, 0.0336372
201806060230, 0
201806060240, 0.172526
201806060300, 0.0031467
201806060310, 0.116319
201806060320, 0.135851
201806060330, 0.00206163
201806060340, 0.00401476
201806060350, 0.00227865
201806060410, 0.00358073
201806060420, 0
201806060430, 0.0159505
201806060440, 0.0438368
201806060450, 0.0742188
201806060510, 0.274523
201806060520, 0.278754
201806060540, 0.0192057
201806060550, 0.0163845
201806060610, 0
201806060620, 0.360677
201806060630, 0.000108507
201806060640, 0
201806060650, 0
201806060700, 0
201806060710, 0.000868056
201806060720, 0
201806060730, 0.192057
201806060740, 0.209744
201806060750, 0.0015191
201806060810, 0
201806060820, 0.00737847
201806060830, 0.0609809
201806060850, 0.0139974
201806060900, 0.119249
201806060920, 0.00206163
201806060930, 0.0189887
201806060940, 0.0315755
201806060950, 0
201806061000, 0.00716146
201806061010, 0.00238715
201806061030, 0.139974
201806061040, 0.000325521
201806061050, 0.0181207
201806061110, 0.0285373
201806061120, 0
201806061140, 0
201806061150, 0.0209418
201806061200, 0.0268012
201806061210, 0
201806061220, 0.00726997
201806061230, 0.0104167
201806061240, 0.0390625
201806061250, 0.00108507
201806061300, 0.00217014
201806061310, 0.0174696
201806061320, 0.00119358
201806061330, 0
201806061340, 0.00119358
201806061350, 0.000217014
201806061400, 0.00217014
201806061410, 0.00585938
201806061420, 0.00130208
201806061430, 0.0167101
201806061440, 0.00748698
201806061450, 0.00195312
201806061500, 0.00184462
201806061510, 0.0356988
201806061520, 0.000434028
201806061530, 0.0411241
201806061540, 0.0135634
201806061550, 0.00130208
201806061600, 0.00412326
201806061610, 0.00553385
201806061620, 0.0184462
201806061630, 0.0134549
201806061640, 0.00282118
201806061650, 0.00694444
201806061700, 0.0198568
201806061710, 0.0211589
201806061720, 0.0161675
201806061730, 0.0185547
201806061750, 0.0665148
201806061800, 0.0218099
201806061810, 0.0105252
201806061820, 0.0132378
201806061830, 0.0100911
201806061840, 0.0311415
201806061850, 0.0016276
201806061900, 0.0101997
201806061910, 0.0120443
201806061920, 0.00509983
201806061930, 0.00954861
201806061940, 0.0123698
201806061950, 0
201806062000, 0.000542535
201806062010, 0.000434028
201806062020, 0.000542535
201806062030, 0
201806062040, 0.113064
201806062050, 0.0016276
201806062100, 0.00227865
201806062110, 0
201806062120, 0.000651042
201806062130, 0.00130208
201806062140, 0
201806062150, 0
201806062200, 0
201806062210, 0.000217014
201806062220, 0
201806062230, 0
201806062240, 0
201806062250, 0
201806062310, 0
201806062320, 0.00119358
201806062330, 0.0212674
201806062340, 0
201806062350, 0
201806070000, 0
201806070010, 0.000108507
201806070020, 0
201806070030, 0
201806070040, 0
201806070050, 0.0115017
201806070100, 0
201806070110, 0.000108507
201806070120, 1.31684
201806070130, 2.29058
201806070140, 3.92817
201806070150, 4.28971
201806070200, 5.2334
201806070210, 5.87576
201806070220, 6.93631
201806070230, 6.66178
201806070240, 7.18674
201806070250, 7.41515
201806070300, 7.82107
201806070310, 7.13086
201806070320, 7.77789
201806070330, 7.55024
201806070340, 8.2334
201806070350, 8.10427
201806070400, 8.39833
201806070410, 7.88726
201806070420, 7.15994
201806070430, 6.20888
201806070440, 6.42394
201806070450, 6.16916
201806070500, 6.45681
201806070510, 6.31706
201806070520, 6.25564
201806070530, 4.87218
201806070540, 5.38954
201806070550, 5.41026
201806070600, 5.19542
201806070610, 4.54709
201806070620, 4.78526
201806070630, 4.80414
201806070640, 4.74056
201806070650, 4.41819
201806070700, 4.00553
201806070710, 3.95312
201806070720, 3.65408
201806070730, 3.2143
201806070740, 1.92014
201806070750, 1.81923
201806070800, 1.10373
201806070810, 0.718642
201806070820, 0.595595
201806070830, 0.0665148
201806070840, 0.00325521
201806070850, 0.00282118
201806070900, 0.0304905
201806070910, 0.45204
201806070930, 0.0130208
201806070940, 0
201806070950, 0.000542535
201806071000, 0
201806071010, 0.000108507
201806071020, 0.000217014
201806071030, 0.000434028
201806071040, 0.00130208
201806071050, 0
201806071100, 0
201806071110, 0.00520833
201806071120, 0.0197483
201806071130, 0.0258247
201806071140, 0
201806071150, 0.0031467
201806071200, 0.000217014
201806071210, 0.000108507
201806071220, 0
201806071230, 0.023763
201806071240, 0.173937
201806071250, 0.0120443
201806071300, 0.111437
201806071310, 0.127062
201806071320, 0.330946
201806071330, 0.553711
201806071340, 0.858724
201806071350, 0.901042
201806071400, 0.663845
201806071410, 0.515625
201806071420, 0.00954861
201806071430, 0.00423177
201806071440, 0.270399
201806071450, 0.188368
201806071500, 0.00477431
201806071510, 0.0136719
201806071520, 0.0321181
201806071530, 0.0415582
201806071540, 0.0206163
201806071550, 0.110026
201806071600, 0.00184462
201806071610, 0.00770399
201806071620, 0.0116102
201806071630, 0.0843099
201806071640, 0.0214844
201806071650, 0.0313585
201806071700, 0.12576
201806071710, 0.271701
201806071720, 0.17372
201806071730, 0.0300564
201806071740, 0.241319
201806071750, 0
201806071800, 0
201806071810, 0
201806071820, 0.0724826
201806071830, 0
201806071840, 0.0309245
201806071850, 0.529622
201806071900, 0.00922309
201806071910, 0.0292969
201806071920, 0.0205078
201806071930, 0.0111762
201806071940, 0.0147569
201806071950, 0.00390625
201806072000, 0.00694444
201806072010, 0.031467
201806072020, 0.000542535
201806072030, 0.00401476
201806072040, 0.0557726
201806072050, 0
201806072100, 0.00292969
201806072110, 0.00260417
201806072120, 0.00303819
201806072130, 0.000108507
201806072140, 0.0227865
201806072150, 0.00292969
201806072200, 0.00238715
201806072210, 0.0061849
201806072220, 0.00325521
201806072230, 0.00737847
201806072240, 0
201806072250, 0
201806072300, 0.00661892
201806072310, 0.271376
201806072320, 0.343533
201806072330, 0.392578
201806072340, 0.294271
201806072350, 0.112413
201806080000, 0.00303819
201806080010, 0.132053
201806080020, 0.359158
201806080030, 0.285916
201806080040, 0.41276
201806080050, 0.526042
201806080100, 0.115343
201806080110, 0.942925
201806080120, 2.2704
201806080130, 2.13194
201806080140, 1.57509
201806080150, 1.39334
201806080200, 1.57444
201806080210, 1.20627
201806080220, 1.34885
201806080230, 1.18772
201806080240, 1.28516
201806080250, 0.819119
201806080300, 0.587999
201806080310, 1.08225
201806080320, 0.268663
201806080330, 0.786241
201806080340, 0.706923
201806080350, 0.337457
201806080400, 0.120226
201806080410, 0.144206
201806080420, 0.0131293
201806080430, 0
201806080440, 0.0449219
201806080450, 0.000108507
201806080500, 0.00390625
201806080510, 0.182183
201806080520, 0.047092
201806080530, 0.00770399
201806080540, 0.0674913
201806080550, 0.00108507
201806080600, 0.00813802
201806080610, 0.00607639
201806080620, 0.0283203
201806080630, 0.0113932
201806080640, 0.00401476
201806080650, 0.0597873
201806080700, 0.000542535
201806080710, 0
201806080720, 0.00499132
201806080730, 0.000108507
201806080740, 0
201806080750, 0.00640191
201806080800, 0.0016276
201806080810, 0
201806080820, 0.0336372
201806080830, 0.0417752
201806080840, 0.0572917
201806080850, 0.00520833
201806080900, 0.0311415
201806080910, 0.0167101
201806080920, 0.199327
201806080930, 0.506727
201806080940, 0.606771
201806080950, 0.242079
201806081000, 0.144531
201806081010, 0.0782335
201806081020, 0.00748698
201806081030, 0.0118273
201806081040, 0.0111762
201806081050, 0.00564236
201806081100, 0.00705295
201806081110, 0.00520833
201806081120, 0.0328776
201806081130, 0.0375434
201806081140, 0.00553385
201806081150, 0.078125
201806081200, 0.024197
201806081210, 0.0078125
201806081220, 0.0332031
201806081230, 0.0322266
201806081240, 0.233832
201806081250, 0.118598
201806081300, 0.023329
201806081310, 0.37066
201806081320, 0.00911458
201806081330, 0.108398
201806081340, 0.00488281
201806081350, 0.0105252
201806081400, 0.00141059
201806081410, 0.0015191
201806081420, 0.00835503
201806081430, 0.0062934
201806081440, 0.000108507
201806081450, 0.000651042
201806081500, 0.00640191
201806081510, 0.00271267
201806081520, 0.03852
201806081530, 0.0103082
201806081540, 0
201806081550, 0.0352648
201806081600, 0.112739
201806081610, 0.0571832
201806081620, 0.0432943
201806081630, 0.0450304
201806081640, 0.0188802
201806081650, 0.0130208
201806081700, 0.406684
201806081710, 0.233832
201806081720, 0.642253
201806081730, 0.508355
201806081740, 0.262912
201806081750, 0.511502
201806081800, 0.220812
201806081810, 0.0415582
201806081820, 0.0659722
201806081830, 0.0762804
201806081840, 0.0401476
201806081850, 0.0777995
201806081900, 0.000651042
201806081910, 0.0109592
201806081920, 0.0136719
201806081930, 0.157444
201806081940, 0
201806081950, 0.00640191
201806082000, 0.000542535
201806082010, 0
201806082020, 0.00271267
201806082030, 0.0232205
201806082040, 0.14605
201806082050, 0.0254991
201806082100, 0
201806082110, 0
201806082120, 0.0016276
201806082130, 0.00813802
201806082140, 0
201806082150, 0.00520833
201806082200, 0.00390625
201806082210, 0.0123698
201806082220, 0.00651042
201806082230, 0.0674913
201806082240, 0.000325521
201806082300, 0.0279948
201806082310, 0.00379774
201806082320, 0.0166016
201806082330, 0.0304905
201806082340, 0.193902
201806082350, 0
201806090000, 0.160156
201806090010, 0
201806090020, 0.100911
201806090030, 0.207031
201806090040, 0.0346137
201806090050, 0.0429688
201806090100, 0.0448134
201806090110, 0.0584852
201806090120, 0.0136719
201806090130, 0.279514
201806090140, 0.553277
201806090150, 0.949761
201806090200, 0.58941
201806090210, 0.641059
201806090220, 0.557183
201806090230, 0.649523
201806090240, 0.681424
201806090250, 0.568902
201806090300, 1.13726
201806090310, 1.08832
201806090320, 1.01541
201806090330, 1.11447
201806090350, 1.0077
201806090400, 1.03689
201806090410, 0.921549
201806090420, 0.791884
201806090430, 0.836806
201806090440, 0.834418
201806090450, 1.37478
201806090500, 0.981988
201806090510, 1.07715
201806090520, 1.62739
201806090530, 0.831055
201806090540, 1.01107
201806090550, 0.61339
201806090600, 0.405382
201806090610, 0.847982
201806090620, 0.326931
201806090630, 1.25684
201806090640, 0.958225
201806090650, 0.577691
201806090700, 0.509006
201806090710, 0.64898
201806090720, 0.419705
201806090730, 0.401367
201806090740, 0.428277
201806090750, 0.1352
201806090810, 0.0321181
201806090830, 0.0585938
201806090840, 0.0379774
201806090850, 0.0111762
201806090900, 0.0413411
201806090910, 0.0202908
201806090920, 0.0147569
201806090930, 0.000434028
201806090940, 0.0390625
201806090950, 0.00195312
201806091000, 0.0015191
201806091010, 0.0303819
201806091020, 0.000759549
201806091030, 0.0142144
201806091040, 0.00368924
201806091050, 0.000217014
201806091100, 0
201806091110, 0
201806091120, 0.0243056
201806091130, 0
201806091140, 0
201806091150, 0.000325521
201806091200, 0
201806091210, 0.000651042
201806091220, 0
201806091230, 0.00119358
201806091240, 0.00813802
201806091250, 0.000651042
201806091300, 0.00889757
201806091310, 0.000108507
201806091320, 0.0046658
201806091330, 0.00119358
201806091340, 0.00564236
201806091350, 0.0133464
201806091400, 0.00238715
201806091410, 0
201806091420, 0.00141059
201806091430, 0.0062934
201806091440, 0.00813802
201806091450, 0.00672743
201806091500, 0.000434028
201806091510, 0.00607639
201806091520, 0.00868056
201806091530, 0.0220269
201806091540, 0.000108507
201806091550, 0.00423177
201806091600, 0
201806091610, 0.00347222
201806091620, 0
201806091630, 0
201806091640, 0.00455729
201806091650, 0.00358073
201806091700, 0.00141059
201806091710, 0.00249566
201806091720, 0.00509983
201806091730, 0.00195312
201806091740, 0.00347222
201806091750, 0.000976562
201806091800, 0
201806091810, 0
201806091820, 0.00227865
201806091830, 0.000976562
201806091840, 0.000325521
201806091900, 0.015408
201806091910, 0.00271267
201806091920, 0.00141059
201806091930, 0.00770399
201806091940, 0.0210503
201806092000, 0.00271267
201806092010, 0.00900608
201806092020, 0.00260417
201806092030, 0.00846354
201806092040, 0.00141059
201806092050, 0.0401476
201806092100, 0.000868056
201806092110, 0.00965712
201806092120, 0.00770399
201806092140, 0.047092
201806092200, 0.0218099
201806092210, 0
201806092230, 0.00412326
201806092240, 0.0142144
201806092250, 0.000108507
201806092300, 0.000325521
201806092310, 0
201806092330, 0.00217014
201806092340, 0.0046658
201806092350, 0.000651042
201806100000, 0.0332031
201806100010, 0.000217014
201806100020, 0.0194227
201806100030, 0.0199653
201806100040, 0.0201823
201806100050, 0.016276
201806100100, 0.00900608
201806100110, 0.0188802
201806100120, 0.00347222
201806100130, 0.00575087
201806100140, 0.00878906
201806100150, 0.000868056
201806100200, 0.00640191
201806100210, 0.00726997
201806100220, 0.00423177
201806100230, 0.0094401
201806100240, 0.000542535
201806100250, 0.00358073
201806100300, 0.00835503
201806100310, 0.00477431
201806100320, 0
201806100330, 0.0152995
201806100340, 0.0683594
201806100350, 0.0128038
201806100400, 0.0166016
201806100410, 0.0163845
201806100420, 0.00661892
201806100430, 0.0130208
201806100440, 0.00911458
201806100500, 0
201806100510, 0.000325521
201806100520, 0.000217014
201806100530, 0.0016276
201806100540, 0.0031467
201806100550, 0.000217014
201806100600, 0
201806100610, 0.000542535
201806100620, 0.00423177
201806100630, 0
201806100640, 0
201806100650, 0
201806100700, 0.000759549
201806100710, 0
201806100720, 0.000542535
201806100730, 0
201806100740, 0.000868056
201806100750, 0.00282118
201806100800, 0.00173611
201806100810, 0.0139974
201806100820, 0.0453559
201806100830, 0.00835503
201806100840, 0.00119358
201806100850, 0.0062934
201806100900, 0.00683594
201806100910, 0
201806100920, 0.00108507
201806100930, 0.00227865
201806100940, 0.0109592
201806100950, 0.000217014
201806101000, 0.0221354
201806101010, 0.00379774
201806101030, 0.000759549
201806101040, 0.0016276
201806101050, 0
201806101100, 0.000108507
201806101110, 0.000759549
201806101120, 0
201806101130, 0
201806101140, 0.00792101
201806101150, 0.00444878
201806101200, 0.00868056
201806101210, 0
201806101220, 0.000434028
201806101230, 0
201806101240, 0.0115017
201806101250, 0.0126953
201806101300, 0.0271267
201806101310, 0.0031467
201806101320, 0.0518663
201806101330, 0.00792101
201806101340, 0.00596788
201806101350, 0.00564236
201806101400, 0.0176866
201806101410, 0
201806101420, 0.000976562
201806101430, 0.0212674
201806101440, 0.000108507
201806101450, 0.000759549
201806101500, 0.000325521
201806101510, 0.000325521
201806101520, 0.00358073
201806101530, 0.0113932
201806101540, 0.00195312
201806101550, 0.000325521
201806101600, 0.00813802
201806101610, 0.0129123
201806101620, 0.00922309
201806101630, 0.00792101
201806101650, 0.00672743
201806101700, 0.00292969
201806101710, 0.00401476
201806101720, 0.016276
201806101730, 0.0220269
201806101740, 0.00325521
201806101750, 0.000108507
201806101800, 0.000217014
201806101810, 0.0145399
201806101820, 0.00227865
201806101830, 0.000976562
201806101840, 0.0368924
201806101850, 0.00976562
201806101900, 0.00325521
201806101910, 0.0164931
201806101930, 0.00368924
201806101940, 0.0262587
201806101950, 0.0363498
201806102000, 0.00249566
201806102010, 0.00878906
201806102020, 0.000108507
201806102030, 0.00488281
201806102040, 0.00336372
201806102050, 0.00488281
201806102100, 0.00770399
201806102110, 0.0118273
201806102120, 0.00900608
201806102130, 0.0325521
201806102140, 0.00390625
201806102150, 0.000759549
201806102200, 0
201806102210, 0.000759549
201806102220, 0.0148655
201806102230, 0.0277778
201806102240, 0.0120443
201806102250, 0.0107422
201806102300, 0.00303819
201806102310, 0.000217014
201806102320, 0.00987413
201806102330, 0.0183377
201806102350, 0.0137804
201806110000, 0.000542535
201806110020, 0.00596788
201806110030, 0.0176866
201806110040, 0
201806110100, 0.0307075
201806110110, 0
201806110120, 0.275065
201806110130, 0.756944
201806110140, 1.21756
201806110200, 0.99924
201806110210, 0.91352
201806110220, 0.859375
201806110230, 0.741754
201806110240, 0.404297
201806110250, 1.26378
201806110300, 1.39453
201806110310, 1.39681
201806110320, 1.1964
201806110330, 1.20801
201806110340, 1.21745
201806110350, 0.460503
201806110400, 0.732639
201806110410, 0.307292
201806110420, 0.262587
201806110430, 0.640625
201806110440, 0.449002
201806110450, 0.467448
201806110500, 0.654839
201806110510, 1.09722
201806110520, 0.563911
201806110530, 0.658637
201806110540, 0.588759
201806110550, 0.827474
201806110600, 0.54145
201806110610, 0.380751
201806110620, 0.391493
201806110630, 0.0604384
201806110640, 0
201806110650, 0.0110677
201806110700, 0.0850694
201806110710, 0.00379774
201806110720, 0.0194227
201806110730, 0
201806110740, 0
201806110750, 0.0354818
201806110800, 0.0232205
201806110810, 0
201806110820, 0.0412326
201806110830, 0.0376519
201806110840, 0.0159505
201806110850, 0.0134549
201806110900, 0.0134549
201806110910, 0
201806110930, 0.00759549
201806110940, 0.00260417
201806111000, 0.0747613
201806111020, 0.000217014
201806111040, 0.00694444
201806111050, 0.0294054
201806111100, 0.00141059
201806111110, 0
201806111120, 0.00900608
201806111130, 0.0015191
201806111140, 0.0260417
201806111150, 0.000108507
201806111200, 0.00119358
201806111210, 0.00238715
201806111220, 0
201806111230, 0.000108507
201806111240, 0
201806111250, 0
201806111300, 0.00227865
201806111310, 0.000325521
201806111320, 0.0166016
201806111330, 0.0015191
201806111340, 0.00976562
201806111350, 0.00358073
201806111400, 0.000325521
201806111410, 0
201806111420, 0
201806111430, 0.00542535
201806111440, 0
201806111450, 0.00292969
201806111500, 0.000108507
201806111510, 0.000108507
201806111520, 0.0147569
201806111530, 0.000868056
201806111540, 0.000434028
201806111550, 0
201806111600, 0
201806111610, 0
201806111620, 0
201806111630, 0
201806111640, 0.00141059
201806111650, 0.000325521
201806111700, 0
201806111710, 0.00260417
201806111720, 0.000108507
201806111730, 0.0146484
201806111740, 0
201806111750, 0.000108507
201806111800, 0
201806111810, 0.0016276
201806111820, 0
201806111830, 0.0062934
201806111840, 0
201806111850, 0
201806111900, 0
201806111910, 0.00108507
201806111920, 0.000976562
201806111930, 0.00379774
201806111940, 0.000217014
201806111950, 0.000108507
201806112000, 0.0016276
201806112010, 0.000868056
201806112020, 0
201806112030, 0
201806112040, 0.00184462
201806112050, 0.0121528
201806112100, 0.000325521
201806112110, 0.0046658
201806112120, 0
201806112130, 0.000759549
201806112140, 0.000542535
201806112150, 0.0145399
201806112200, 0
201806112210, 0.00434028
201806112230, 0.00770399
201806112240, 0.00238715
201806112250, 0.000217014
201806112300, 0.000976562
201806112310, 0.0161675
201806112320, 0.0275608
201806112330, 0
201806112340, 0
201806112350, 0.0185547
201806120000, 0.0112847
201806120010, 0.00520833
201806120040, 0.104275
201806120050, 0.00792101
201806120100, 0.000217014
201806120110, 0.00651042
201806120120, 0.885851
201806120130, 2.04264
201806120140, 3.41819
201806120150, 4.33974
201806120200, 4.8852
201806120210, 5.16645
201806120220, 4.97971
201806120230, 5.26226
201806120240, 5.57954
201806120250, 5.92687
201806120300, 5.94586
201806120310, 5.84201
201806120320, 4.77018
201806120330, 5.49512
201806120340, 5.14204
201806120350, 3.84256
201806120400, 3.73806
201806120410, 3.14355
201806120420, 2.30154
201806120430, 1.80425
201806120440, 1.50749
201806120450, 1.17817
201806120500, 0.560004
201806120510, 0.39898
201806120520, 0.237847
201806120530, 0.0434028
201806120540, 0.00434028
201806120550, 0.015842
201806120600, 0.0273438
201806120610, 0.0147569
201806120620, 0.0488281
201806120630, 0.00759549
201806120640, 0.00661892
201806120650, 0.0259332
201806120700, 0.0175781
201806120710, 0.00792101
201806120720, 0.0110677
201806120730, 0.0101997
201806120740, 0.0108507
201806120750, 0.0111762
201806120800, 0
201806120810, 0.00227865
201806120820, 0
201806120830, 0.00889757
201806120840, 0.00802951
201806120850, 0
201806120900, 0.0174696
201806120910, 0
201806120930, 0.0103082
201806120940, 0
201806120950, 0
201806121000, 0.0500217
201806121010, 0.0442708
201806121020, 0.535482
201806121030, 0.193359
201806121040, 0.188368
201806121050, 0.0828993
201806121100, 0.00564236
201806121110, 0.0736762
201806121120, 0.706923
201806121130, 0.0276693
201806121140, 0.444444
201806121150, 0.0693359
201806121200, 0.886719
201806121210, 0.000434028
201806121220, 0.590169
201806121230, 0.807075
201806121240, 0.917318
201806121250, 0.952474
201806121300, 0.785699
201806121310, 1.33019
201806121320, 0.121528
201806121330, 0.527669
201806121340, 1.37435
201806122050, 0.834418
201806122100, 0.369358
201806122110, 0.519857
201806122120, 0.506402
201806122130, 0.772244
201806122140, 0.37793
201806122150, 0.577582
201806122200, 0.493381
201806122210, 0.314996
201806122220, 0.376519
201806122230, 0.00900608
201806122240, 0
201806122250, 0
201806122300, 0
201806122310, 0.329753
201806122320, 0.252387
201806122330, 0.207465
201806122340, 0.55089
201806122350, 0.772895
201806130000, 0.153646
201806130010, 0.0888672
201806130020, 1.22027
201806130030, 0.69184
201806130040, 0.952908
201806130050, 0.766168
201806130100, 0.0661892
201806130110, 1.28158
201806130120, 0.70931
201806130130, 1.29525
201806130140, 1.84212
201806130150, 1.66287
201806130200, 2.08019
201806130210, 0.849392
201806130220, 2.1237
201806130230, 1.86664
201806130240, 0.854492
201806130250, 1.04753
201806130300, 0.387912
201806130310, 1.52658
201806130320, 1.31988
201806130330, 0.396593
201806130340, 0.379232
201806130350, 0.172201
201806130400, 0.380534
201806130410, 0.0405816
201806130420, 0.0434028
201806130430, 0.0209418
201806130440, 0.0359158
201806130500, 0.0106337
201806130510, 0.00520833
201806130520, 0.0078125
201806130530, 0.0240885
201806130540, 0.00846354
201806130550, 0.0046658
201806130600, 0.00108507
201806130610, 0.00455729
201806130620, 0.000542535
201806130630, 0
201806130640, 0
201806130650, 0.00119358
201806130700, 0.00792101
201806130710, 0
201806130720, 0
201806130730, 0
201806130740, 0.0210503
201806130750, 0.00206163
201806130800, 0.016059
201806130810, 0.0302734
201806130820, 0
201806130830, 0.000108507
201806130840, 0
201806130850, 0.0116102
201806130900, 0.00705295
201806130910, 0.0423177
201806130920, 0.0015191
201806130930, 0.000868056
201806130940, 0.0212674
201806130950, 0.00553385
201806131010, 0.00195312
201806131020, 0.000542535
201806131030, 0.000217014
201806131040, 0
201806131050, 0
201806131100, 0
201806131110, 0.000108507
201806131120, 0.000325521
201806131130, 0.000217014
201806131150, 0.00564236
201806131200, 0
201806131210, 0.000325521
201806131220, 0
201806131230, 0.000108507
201806131240, 0
201806131250, 0.000434028
201806131510, 0
201806131520, 0.000217014
201806131530, 0
201806131540, 0.00368924
201806131550, 0.000976562
201806131600, 0.000759549
201806131610, 0.000108507
201806131620, 0.0046658
201806131630, 0.000542535
201806131640, 0.00564236
201806131650, 0.00423177
201806131700, 0
201806131710, 0.00108507
201806131720, 0.0119358
201806131730, 0.00531684
201806131740, 0.00542535
201806131750, 0.0110677
201806131800, 0.0132378
201806131810, 0.130317
201806131820, 0.100152
201806131830, 0.18457
201806131840, 0.316189
201806131850, 0.430013
201806131900, 0.262804
201806131910, 0.413954
201806131920, 0.414497
201806131930, 0.365343
201806131940, 0.37717
201806131950, 0.484484
201806132000, 1.19716
201806132010, 1.25879
201806132020, 1.60145
201806132030, 1.5089
201806132040, 1.99978
201806132050, 1.9796
201806132100, 1.93891
201806132110, 2.54915
201806132120, 2.6339
201806132130, 2.57118
201806132140, 2.40603
201806132150, 2.50619
201806132200, 2.30827
201806132210, 1.86187
201806132220, 1.99794
201806132230, 1.38411
201806132240, 1.2474
201806132250, 1.29264
201806132300, 1.14963
201806132310, 1.17556
201806132320, 1.41949
201806132330, 1.55295
201806132340, 1.9158
201806132350, 1.28364
201806140000, 1.32389
201806140010, 1.84147
201806140020, 1.67307
201806140030, 0.95204
201806140040, 1.30187
201806140050, 1.81901
201806140100, 1.20367
201806140110, 0.730903
201806140120, 1.07791
201806140130, 1.35742
201806140140, 0.768663
201806140150, 1.55187
201806140200, 2.91493
201806140210, 3.11111
201806140220, 3.3278
201806140230, 2.98774
201806140240, 1.83453
201806140250, 1.86914
201806140300, 1.69227
201806140310, 1.92502
201806140320, 1.7194
201806140330, 0.901476
201806140340, 2.41211
201806140350, 2.07878
201806140400, 1.90061
201806140410, 0.753906
201806140420, 1.06738
201806140430, 1.5383
201806140440, 0.860569
201806140450, 0.896267
201806140500, 1.47114
201806140510, 0.00325521
201806140520, 0.00206163
201806140530, 0.291667
201806140540, 0.342773
201806140550, 0.590169
201806140600, 1.16547
201806140610, 0.0342882
201806140620, 1.07964
201806140630, 0.60536
201806140640, 0.00661892
201806140650, 0
201806140700, 0.138346
201806140710, 0.0672743
201806140720, 0.171441
201806140730, 0.0527344
201806140740, 0.591254
201806140750, 0.987847
201806140800, 0.333116
201806140810, 1.31868
201806140820, 2.7462
201806140830, 2.33062
201806140840, 2.56847
201806140850, 1.26769
201806140900, 1.06651
201806140910, 1.46604
201806140920, 1.47038
201806140930, 2.03993
201806140940, 1.5931
201806140950, 2.35829
201806141000, 1.29178
201806141010, 1.27962
201806141020, 1.65082
201806141030, 1.37598
201806141040, 0.953776
201806141050, 1.07313
201806141100, 0.91645
201806141110, 0.478516
201806141120, 1.17177
201806141130, 1.11187
201806141140, 0.0243056
201806141150, 0.070855
201806141200, 0.105143
201806141210, 0.0236545
201806141220, 0.357205
201806141230, 0.718642
201806141240, 0.388563
201806141250, 0.000217014
201806141300, 0.226454
201806141310, 0.0104167
201806141320, 0.15191
201806141330, 0.000976562
201806141340, 0.000217014
201806141350, 0
201806141400, 0.000976562
201806141410, 0.00813802
201806141420, 0.000108507
201806141430, 0.0103082
201806141440, 0.00423177
201806141450, 0.0131293
201806141500, 0.0536024
201806141510, 0.0430773
201806141520, 0.419162
201806141530, 0.0247396
201806141540, 0.772352
201806141550, 0.588759
201806141600, 0.487956
201806141610, 0.254232
201806141630, 0.704102
201806141640, 2.03179
201806141650, 2.22732
201806141700, 2.39269
201806141710, 1.56771
201806141720, 1.523
201806141730, 1.58257
201806141740, 1.31597
201806141750, 0.662218
201806141800, 1.36936
201806141810, 1.90234
201806141820, 1.56066
201806141830, 1.71083
201806141840, 0.932726
201806141850, 1.09408
201806141900, 0.531684
201806141910, 1.12218
201806141920, 0.369792
201806141930, 0.626845
201806141940, 0.879991
201806141950, 0.753364
201806142000, 0.361437
201806142010, 0.415799
201806142020, 0.465278
201806142030, 0.674371
201806142040, 0.81543
201806142050, 1.5969
201806142100, 1.78006
201806142110, 2.31825
201806142120, 1.98383
201806142130, 1.77018
201806142140, 1.98351
201806142150, 2.45855
201806142200, 2.08767
201806142210, 1.83561
201806142220, 0.875434
201806142230, 1.15289
201806142240, 0.314345
201806142300, 0.245985
201806142310, 0.158529
201806142320, 0.00217014
201806142330, 0.0227865
201806142350, 0.00249566
201806150010, 0.00358073
201806150020, 0.0132378
201806150030, 0.985026
201806150100, 0.0145399
201806150110, 0.031684
201806150120, 0.138238
201806150130, 0.645399
201806150140, 1.00228
201806150150, 1.98785
201806150200, 1.31727
201806150210, 1.94586
201806150220, 2.06467
201806150230, 2.13119
201806150240, 1.79568
201806150250, 1.80729
201806150300, 1.71246
201806150310, 1.65701
201806150320, 1.773
201806150330, 1.40234
201806150340, 1.19325
201806150350, 0.802951
201806150400, 1.32823
201806150410, 0.539497
201806150420, 0.500543
201806150430, 1.59462
201806150440, 1.02279
201806150450, 0.759549
201806150500, 0.488064
201806150510, 0.508138
201806150530, 0.0031467
201806150540, 0.0297309
201806150550, 0
201806150600, 0
201806150610, 0.204427
201806150620, 0
201806150630, 0.0322266
201806150650, 0.000108507
201806150700, 0
201806150720, 0.000542535
201806150730, 0.00108507
201806150740, 0.00184462
201806150800, 0.000217014
201806150810, 0
201806150820, 0.0817057
201806150830, 0.023763
201806150840, 0
201806150900, 0
201806150910, 0
201806150920, 0.0194227
201806150930, 0
201806150940, 0
201806150950, 0.0952691
201806151000, 0.000217014
201806151010, 0.0348307
201806151020, 0.014974
201806151040, 0.0488281
201806151050, 0.00824653
201806151100, 0.0015191
201806151110, 0.00564236
201806151120, 0.054362
201806151130, 0.0128038
201806151140, 0.0529514
201806151150, 0.0129123
201806151200, 0.0217014
201806151210, 0.0427517
201806151220, 0.0351562
201806151230, 0.078342
201806151240, 0.0504557
201806151250, 0.00509983
201806151300, 0
201806151310, 0.00802951
201806151320, 0
201806151330, 0.237196
201806151340, 0.070638
201806151350, 0.000217014
201806151400, 0.00260417
201806151410, 0.000868056
201806151420, 0.000868056
201806151430, 0.00434028
201806151440, 0.00238715
201806151450, 0.240343
201806151500, 0
201806151510, 0.59668
201806151520, 0.0711806
201806151530, 0.850369
201806151540, 0.881293
201806151550, 0.438368
201806151600, 0.0198568
201806151610, 0.29579
201806151620, 0.133138
201806151630, 1.73904
201806151640, 1.57552
201806151650, 1.3049
201806151700, 1.61144
201806151710, 0.338759
201806151720, 0.310438
201806151730, 0.482205
201806151740, 1.79536
201806151750, 2.10276
201806151800, 0.431641
201806151810, 2.03125
201806151820, 2.29839
201806151830, 0.922309
201806151840, 1.31359
201806151850, 0.731879
201806151900, 1.29883
201806151910, 0.674371
201806151920, 1.40723
201806151930, 1.56727
201806151940, 0.633247
201806151950, 0.0457899
201806152000, 0.145399
201806152010, 0.15115
201806152020, 0.0402561
201806152030, 0.652778
201806152040, 0.0354818
201806152050, 0.0190972
201806152100, 0.00596788
201806152110, 0.00325521
201806152120, 0.054796
201806152130, 0.00184462
201806152140, 0.00575087
201806152150, 0.00184462
201806152200, 0.373047
201806152210, 0.405924
201806152220, 0.629774
201806152230, 0.613064
201806152240, 1.71799
201806152250, 1.79807
201806152300, 1.97635
201806152310, 1.06261
201806152320, 2.20443
201806152330, 2.18446
201806152340, 1.1161
201806152350, 2.52007
201806160000, 1.986
201806160010, 1.0855
201806160020, 1.41656
201806160030, 1.06489
201806160040, 2.95443
201806160050, 2.66037
201806160100, 0.996853
201806160110, 1.23665
201806160120, 2.2245
201806160130, 3.11361
201806160140, 2.24295
201806160150, 3.73199
201806160200, 2.16764
201806160210, 2.34983
201806160220, 0.784614
201806160230, 1.99826
201806160240, 1.24653
201806160250, 2.86957
201806160300, 0.693685
201806160310, 1.44596
201806160320, 1.2041
201806160330, 0.156576
201806160340, 0.63661
201806160350, 1.40213
201806160400, 0.801432
201806160410, 1.14421
201806160420, 1.24316
201806160430, 0.900933
201806160440, 0.0824653
201806160450, 0.144531
201806160500, 0.776801
201806160510, 1.13921
201806160520, 0.690538
201806160530, 0.00130208
201806160540, 0.280165
201806160550, 0.0381944
201806160600, 0.094184
201806160610, 0.18316
201806160620, 0.0757378
201806160630, 0.063151
201806160640, 0.0440538
201806160650, 0.00260417
201806160700, 0.0299479
201806160710, 0.0062934
201806160720, 0.00434028
201806160730, 0.00596788
201806160740, 0.015191
201806160750, 0.00292969
201806160800, 0.0438368
201806160810, 0.104058
201806160820, 0.000217014
201806160830, 0.188694
201806160840, 0.723307
201806160850, 0.00770399
201806160900, 0
201806160910, 0.0639106
201806160920, 0.0209418
201806160930, 0.113932
201806160940, 0.00607639
201806160950, 0.00792101
201806161000, 0.0405816
201806161010, 0.0511068
201806161020, 0.000108507
201806161030, 0.00217014
201806161040, 0.00672743
201806161050, 0.0832248
201806161100, 0.061849
201806161110, 0.263021
201806161120, 0.173611
201806161130, 0.122613
201806161140, 0.311632
201806161150, 0.467339
201806161200, 0.362413
201806161210, 0.0261502
201806161220, 0.481988
201806161230, 0.609592
201806161240, 0.63661
201806161250, 0.111111
201806161300, 0.0290799
201806161310, 0.190321
201806161320, 0.307075
201806161330, 0.253147
201806161340, 0.425022
201806161350, 0.200846
201806161400, 0.3852
201806161410, 0.747613
201806161420, 0.937717
201806161430, 1.14128
201806161440, 1.44412
201806161450, 1.2832
201806161500, 1.00651
201806161510, 1.46929
201806161520, 1.62164
201806161530, 0.852648
201806161540, 1.38477
201806161550, 1.75358
201806161600, 1.60851
201806161610, 1.90929
201806161620, 1.80165
201806161630, 0.782227
201806161640, 1.78711
201806161650, 1.54221
201806161700, 1.62446
201806161710, 2.22201
201806161720, 0.670356
201806161730, 1.17122
201806161740, 1.38585
201806161750, 1.53809
201806161800, 1.43804
201806161810, 1.65495
201806161820, 1.63097
201806161830, 1.90343
201806161840, 2.0599
201806161850, 2.04026
201806161900, 2.16276
201806161910, 2.22418
201806161920, 2.30013
201806161930, 2.12337
201806161940, 2.06944
201806161950, 2.23231
201806162000, 2.14399
201806162010, 2.26899
201806162020, 1.81532
201806162030, 1.96235
201806162040, 1.66471
201806162050, 1.56901
201806162100, 1.50684
201806162110, 1.38336
201806162120, 1.11263
201806162130, 1.51009
201806162140, 0.900174
201806162150, 1.13325
201806162200, 0.667969
201806162210, 0.770942
201806162220, 0.686632
201806162230, 0.670681
201806162240, 0.792209
201806162250, 0.943359
201806162300, 0.799588
201806162310, 0.709852
201806162320, 0.847222
201806162330, 0.878906
201806162340, 0.725152
201806162350, 0.633898
201806170000, 0.718533
201806170010, 0.584744
201806170020, 0.341905
201806170030, 0.289605
201806170040, 0.0889757
201806170050, 0.062934
201806170100, 0.120226
201806170110, 0.133355
201806170120, 0.0108507
201806170130, 0.03125
201806170140, 0.122287
201806170150, 0.399957
201806170200, 0.59668
201806170210, 0.691081
201806170220, 1.35069
201806170230, 0.927951
201806170240, 1.02018
201806170250, 0.877604
201806170300, 0.229601
201806170310, 0.776476
201806170320, 0.331923
201806170330, 0.243381
201806170340, 0.857313
201806170350, 0.239041
201806170400, 0.284614
201806170410, 0.0381944
201806170420, 0.152344
201806170430, 0.0141059
201806170440, 0.113173
201806170450, 0.0186632
201806170500, 0.0754123
201806170510, 0.0512153
201806170520, 0.611545
201806170530, 0
201806170540, 0.450087
201806170550, 0.0211589
201806170600, 0.0474175
201806170610, 0.0690104
201806170620, 0
201806170630, 0.0321181
201806170640, 0.102322
201806170650, 0.208225
201806170700, 0.0503472
201806170710, 0.0542535
201806170720, 0.039605
201806170730, 0.0238715
201806170740, 0.000976562
201806170750, 0.031467
201806170800, 0.0227865
201806170810, 0.047526
201806170820, 0.085612
201806170830, 0.0286458
201806170840, 0.110569
201806170850, 0.0260417
201806170900, 0.0712891
201806170910, 0.0421007
201806170920, 0.0681424
201806170930, 0.221788
201806170940, 0.0834418
201806170950, 0.0016276
201806171000, 0.0910373
201806171010, 0.047526
201806171020, 0.0594618
201806171030, 0.422201
201806171040, 0.249674
201806171050, 0.111437
201806171100, 0.212131
201806171110, 0.207899
201806171120, 0.187934
201806171130, 0.106445
201806171140, 0.232639
201806171150, 0.103841
201806171200, 0.0966797
201806171210, 0.179579
201806171220, 0.510851
201806171230, 0.136176
201806171240, 0.37207
201806171250, 0.110786
201806171300, 0.220052
201806171310, 0.0815972
201806171320, 0.195095
201806171330, 0.0046658
201806171340, 0.0137804
201806171350, 0.0897352
201806171400, 0.118056
201806171410, 0.155165
201806171420, 0.0016276
201806171430, 0
201806171440, 0.0016276
201806171450, 0.0199653
201806171500, 0.0123698
201806171510, 0.0889757
201806171520, 0.0881076
201806171530, 0.0132378
201806171540, 0.000108507
201806171550, 0.0418837
201806171600, 0.0256076
201806171610, 0.0523003
201806171620, 0.0173611
201806171630, 0.0139974
201806171640, 0.634874
201806171650, 0.674262
201806171700, 0.403429
201806171710, 0.39605
201806171720, 0.470378
201806171730, 0.394748
201806171740, 2.25879
201806171750, 1.29709
201806171800, 2.07834
201806171810, 1.4975
201806171820, 2.71962
201806171830, 3.66395
201806171840, 2.84104
201806171850, 1.72374
201806171900, 2.80935
201806171910, 1.72743
201806171920, 2.07292
201806171930, 1.90582
201806171940, 2.40636
201806171950, 2.52431
201806172000, 2.02702
201806172010, 2.51411
201806172020, 3.48622
201806172030, 3.63694
201806172040, 1.426
201806172050, 1.53592
201806172100, 1.74034
201806172110, 0.735677
201806172120, 0.0472005
201806172130, 0.34158
201806172140, 0.275174
201806172150, 0.308811
201806172200, 0.786784
201806172210, 0.85178
201806172220, 1.52203
201806172230, 1.10786
201806172240, 1.37858
201806172250, 1.03646
201806172300, 1.11133
201806172310, 1.26606
201806172320, 2.2577
201806172330, 3.05838
201806172340, 3.40039
201806172350, 3.77669
201806180000, 3.58236
201806180010, 3.08062
201806180020, 3.87945
201806180030, 5.30501
201806180040, 5.53103
201806180050, 7.84267
201806180100, 7.00239
201806180110, 9.34353
201806180120, 8.47331
201806180130, 8.61241
201806180140, 8.81337
201806180150, 7.83702
201806180200, 6.47721
201806180210, 7.63487
201806180220, 6.31803
201806180230, 6.36165
201806180240, 5.60829
201806180250, 4.78082
201806180300, 5.7347
201806180310, 4.34863
201806180320, 3.63574
201806180330, 3.20584
201806180340, 3.12815
201806180350, 1.97255
201806180400, 1.69694
201806180410, 1.47287
201806180420, 1.20953
201806180430, 1.97504
201806180440, 1.55707
201806180450, 1.19716
201806180500, 0.539822
201806180510, 0.45714
201806180530, 0.505208
201806180540, 0.738824
201806180550, 0.606228
201806180600, 0.723307
201806180610, 0.498915
201806180620, 0.438368
201806180630, 0.412001
201806180640, 0.136176
201806180650, 0.17372
201806180700, 0.317491
201806180710, 0.00857205
201806180720, 0
201806180730, 0.788629
201806180740, 0.540256
201806180750, 1.34918
201806180800, 0.935113
201806180810, 1.85959
201806180820, 1.19683
201806180830, 1.54579
201806180840, 1.32465
201806180850, 1.22049
201806180900, 1.19086
201806180910, 1.69564
201806180920, 1.16732
201806180930, 1.52138
201806180940, 1.60992
201806180950, 2.38845
201806181000, 2.32888
201806181010, 1.86263
201806181020, 1.5561
201806181030, 1.99924
201806181040, 0.393772
201806181050, 0.609266
201806181100, 1.89692
201806181110, 1.89475
201806181120, 1.45725
201806181130, 0.906467
201806181140, 2.01172
201806181150, 1.05534
201806181200, 1.19271
201806181210, 1.20974
201806181220, 1.25065
201806181230, 1.69434
201806181240, 1.30556
201806181250, 1.39931
201806181300, 2.94336
201806181310, 3.37348
201806181320, 1.9796
201806181330, 1.89312
201806181340, 3.36133
201806181350, 4.42426
201806181400, 3.81055
201806181410, 2.32715
201806181420, 2.73926
201806181430, 3.4962
201806181440, 2.57281
201806181450, 3.60059
201806181500, 2.84581
201806181510, 2.94651
201806181520, 2.787
201806181530, 2.64551
201806181540, 1.92101
201806181550, 1.31163
201806181600, 1.28092
201806181610, 1.79492
201806181620, 1.47135
201806181630, 1.01432
201806181640, 0.961914
201806181650, 1.49609
201806181700, 0.636827
201806181710, 1.27973
201806181720, 1.1799
201806181730, 0.933702
201806181740, 0.920898
201806181750, 1.50694
201806181800, 1.56315
201806181810, 2.38704
201806181820, 1.07878
201806181830, 1.21506
201806181840, 1.34342
201806181850, 2.04405
201806181900, 1.47255
201806181910, 1.57031
201806181920, 0.421766
201806181930, 0.858398
201806181940, 0
201806181950, 0.0209418
201806182000, 0.287326
201806182010, 0.179688
201806182020, 0.0936415
201806182030, 0.157661
201806182040, 0.26747
201806182050, 0.478299
201806182100, 0.151693
201806182110, 0.368273
201806182120, 0.309028
201806182130, 0.30089
201806182140, 0.268121
201806182150, 0.315755
201806182200, 0.513563
201806182210, 0.0590278
201806182220, 0.0919054
201806182240, 0.142578
201806182250, 0.00336372
201806182300, 0.121528
201806182310, 0.0313585
201806182320, 0.0513238
201806182330, 0.0983073
201806182340, 0.120009
201806182350, 0.349609
201806190000, 0.949978
201806190010, 0.9324
201806190020, 0.570747
201806190030, 0.53776
201806190040, 0.578233
201806190050, 0.46072
201806190100, 0.338433
201806190110, 0.0940755
201806190120, 0.858181
201806190130, 0.35753
201806190140, 0.692491
201806190150, 1.13227
201806190200, 1.1148
201806190210, 1.19325
201806190220, 0.959635
201806190230, 0.406901
201806190240, 0.99197
201806190250, 0.127496
201806190300, 0.785265
201806190310, 0.428711
201806190320, 0.0822483
201806190330, 0.524957
201806190340, 0.0885417
201806190350, 0.000325521
201806190400, 0.047092
201806190410, 0.232639
201806190420, 0.0669488
201806190430, 0.161024
201806190440, 0.264757
201806190450, 0.123155
201806190500, 0.163628
201806190520, 0.0605469
201806190530, 0.0469835
201806190540, 0.102214
201806190550, 0.000651042
201806190600, 0.0152995
201806190620, 0.0135634
201806190630, 0.00509983
201806190640, 0.000217014
201806190650, 0.00130208
201806190700, 0.000434028
201806190710, 0.00878906
201806190720, 0.0131293
201806190730, 0
201806190740, 0.0015191
201806190750, 0.00108507
201806190800, 0.00379774
201806190810, 0.0339627
201806190820, 0.00564236
201806190830, 0.00401476
201806190840, 0.0278863
201806190850, 0.00271267
201806190900, 0
201806190910, 0
201806190920, 0.00119358
201806190930, 0.000434028
201806190940, 0.0015191
201806190950, 0.000108507
201806191000, 0.000217014
201806191010, 0.0236545
201806191020, 0.0152995
201806191030, 0.00130208
201806191040, 0.137587
201806191050, 0.00379774
201806191100, 0.000542535
201806191110, 0.00108507
201806191120, 0.00846354
201806191130, 0.016059
201806191140, 0.0169271
201806191150, 0.00173611
201806191200, 0.030816
201806191210, 0.0728082
201806191220, 0.0534939
201806191230, 0.0016276
201806191240, 0.023112
201806191250, 0.053928
201806191300, 0.0264757
201806191310, 0.0251736
201806191320, 0.0187717
201806191330, 0.0431858
201806191340, 0.0380859
201806191350, 0.0425347
201806191400, 0.0364583
201806191410, 0.0415582
201806191420, 0.0577257
201806191430, 0.00737847
201806191440, 0.210069
201806191450, 0.0482856
201806191500, 0.36773
201806191510, 0.319444
201806191520, 0.13661
201806191530, 0.277669
201806191540, 0.476997
201806191550, 0.396593
201806191600, 0.143989
201806191610, 0.445096
201806191620, 0.286458
201806191630, 0.753798
201806191640, 0.545681
201806191650, 0.634549
201806191700, 0.529839
201806191710, 0.362196
201806191720, 0.597439
201806191730, 0.238715
201806191740, 0.0948351
201806191750, 0.317925
201806191800, 0.138889
201806191810, 0.0567491
201806191820, 0.024197
201806191830, 0.122721
201806191840, 0.158854
201806191850, 0.062066
201806191900, 0.0265842
201806191910, 0.00922309
201806191920, 0.0234375
201806191930, 0.0832248
201806191940, 0.0791016
201806191950, 0.143555
201806192000, 0.15549
201806192010, 0.0917969
201806192020, 0.0661892
201806192030, 0.0275608
201806192040, 0.157227
201806192050, 0.238607
201806192100, 0.254666
201806192110, 0.222765
201806192120, 0.22168
201806192130, 0.204753
201806192140, 0.178494
201806192150, 0.183702
201806192200, 0.000651042
201806192210, 0.0307075
201806192220, 0.0590278
201806192230, 0.0421007
201806192240, 0.0272352
201806192250, 0.00184462
201806192300, 0.00726997
201806192310, 0.000542535
201806192320, 0.0167101
201806192330, 0.0105252
201806192340, 0.000434028
201806192350, 0
201806200000, 0.00455729
201806200010, 0.00596788
201806200020, 0.00542535
201806200030, 0.000759549
201806200040, 0.000325521
201806200050, 0.00401476
201806200100, 0.000759549
201806200110, 0.000434028
201806200120, 0
201806200130, 0.00347222
201806200140, 0.0110677
201806200150, 0.0148655
201806200200, 0.00206163
201806200210, 0
201806200220, 0
201806200240, 0
201806200250, 0.000325521
201806200300, 0.0031467
201806200310, 0.0130208
201806200320, 0.000976562
201806200340, 0.00726997
201806200350, 0.00553385
201806200400, 0.00206163
201806200410, 0.0135634
201806200420, 0
201806200450, 0.00141059
201806200500, 0.00119358
201806200510, 0.00141059
201806200520, 0.000325521
201806200530, 0
201806200540, 0
201806200550, 0.000434028
201806200600, 0.00444878
201806200610, 0.0681424
201806200620, 0.00640191
201806200630, 0.00108507
201806200640, 0.000651042
201806200650, 0
201806200700, 0.000759549
201806200710, 0
201806200730, 0.00249566
201806200740, 0.00325521
201806200750, 0.000868056
201806200800, 0.00477431
201806200810, 0.00108507
201806200820, 0.000651042
201806200830, 0.000868056
201806200840, 0.00260417
201806200850, 0.000542535
201806200910, 0.0015191
201806200920, 0.000651042
201806200930, 0
201806200940, 0.000108507
201806200950, 0.0262587
201806201000, 0.00347222
201806201010, 0.00119358
201806201020, 0.000108507
201806201030, 0.031684
201806201040, 0.153103
201806201050, 0
201806201100, 0.0152995
201806201110, 0.29872
201806201120, 0.237413
201806201130, 0.000868056
201806201140, 0.294379
201806201150, 0.64898
201806201200, 0.107747
201806201210, 0.227865
201806201220, 0.1352
201806201230, 0.102539
201806201240, 0.214084
201806201250, 0.472548
201806201300, 0.451714
201806201310, 0.465278
201806201320, 0.676758
201806201330, 0.606988
201806201340, 0.304688
201806201350, 0.000542535
201806201400, 0.0986328
201806201410, 0
201806201420, 0.375434
201806201430, 0.351128
201806201440, 0.938368
201806201450, 0.0278863
201806201500, 0.00292969
201806201510, 0.00835503
201806201520, 0.00607639
201806201530, 0.00292969
201806201540, 0.0214844
201806201550, 0.00271267
201806201600, 0.0304905
201806201610, 0.0664062
201806201620, 0.046224
201806201630, 0.240126
201806201640, 0.243273
201806201650, 0.25651
201806201700, 1.48557
201806201710, 2.26877
201806201720, 1.36176
201806201730, 2.12695
201806201740, 2.9809
201806201750, 1.24089
201806201800, 2.09527
201806201810, 2.26747
201806201820, 2.23101
201806201830, 3.06727
201806201840, 3.18327
201806201850, 1.45595
201806201900, 2.86599
201806201910, 1.17491
201806201920, 1.12435
201806201930, 1.38336
201806201940, 0.489909
201806201950, 0.38444
201806202000, 0.548503
201806202010, 1.00846
201806202020, 0.768229
201806202030, 0.813585
201806202040, 0.00444878
201806202050, 0.382053
201806202100, 0.00596788
201806202110, 0.68967
201806202120, 0.22526
201806202130, 0.804688
201806202140, 0.401259
201806202150, 0.34592
201806202200, 0.310764
201806202210, 0.208225
201806202220, 0.368273
201806202230, 0.376519
201806202240, 0.19553
201806202250, 0.144531
201806202300, 0.937066
201806202310, 1.07975
201806202320, 0.870226
201806202330, 0.739692
201806202340, 0.41569
201806202350, 0.121745
201806210000, 0.0690104
201806210010, 0.00531684
201806210020, 0.00857205
201806210030, 0.0218099
201806210040, 0.00748698
201806210050, 0.0266927
201806210100, 0.0329861
201806210110, 0.0290799
201806210120, 0.0169271
201806210130, 0.0486111
201806210140, 0.016059
201806210150, 0.00694444
201806210200, 0.0184462
201806210210, 0.0251736
201806210220, 0.0272352
201806210230, 0.0252821
201806210250, 0.120768
201806210300, 0.0257161
201806210310, 0
201806210320, 0.00542535
201806210330, 0.00141059
201806210340, 0
201806210350, 0.0046658
201806210400, 0
201806210410, 0.00260417
201806210420, 0
201806210430, 0.00748698
201806210440, 0
201806210450, 0.0451389
201806210500, 0
201806210510, 0
201806210520, 0
201806210540, 0.0374349
201806210550, 0
201806210610, 0.000108507
201806210620, 0
201806210630, 0.00303819
201806210650, 0.000651042
201806210710, 0.0015191
201806210720, 0
201806210730, 0.00607639
201806210810, 0.015625
201806210820, 0.000325521
201806210830, 0.00976562
201806210840, 0.0110677
201806210850, 0.000325521
201806210900, 0.00520833
201806210910, 0
201806210920, 0.0152995
201806210930, 0.000217014
201806210940, 0.00119358
201806210950, 0.0176866
201806211010, 0.00455729
201806211020, 0.000217014
201806211030, 0.000217014
201806211040, 0.00553385
201806211100, 0.0016276
201806211110, 0.000217014
201806211120, 0
201806211140, 0.000325521
201806211150, 0.000542535
201806211200, 0
201806211210, 0.000542535
201806211220, 0.000868056
201806211230, 0.000217014
201806211240, 0.00390625
201806211250, 0
201806211300, 0
201806211310, 0.00889757
201806211320, 0.0093316
201806211330, 0.000108507
201806211340, 0.000108507
201806211350, 0.000651042
201806211400, 0.00509983
201806211410, 0.000325521
201806211420, 0.00271267
201806211430, 0.00444878
201806211440, 0.000542535
201806211450, 0
201806211500, 0.00217014
201806211510, 0.000108507
201806211520, 0
201806211530, 0.000434028
201806211540, 0.000325521
201806211550, 0
201806211600, 0.000434028
201806211610, 0
201806211620, 0
201806211630, 0
201806211640, 0
201806211650, 0
201806211700, 0.00271267
201806211710, 0.000434028
201806211720, 0.000108507
201806211730, 0.00184462
201806211740, 0.000325521
201806211750, 0.00336372
201806211800, 0
201806211810, 0.000217014
201806211820, 0.000217014
201806211830, 0.000542535
201806211840, 0
201806211850, 0.000217014
201806211900, 0
201806211910, 0
201806211920, 0
201806211930, 0.000325521
201806211940, 0.00130208
201806211950, 0.000651042
201806212000, 0.000868056
201806212010, 0.000976562
201806212020, 0.000108507
201806212030, 0
201806212040, 0
201806212050, 0.0062934
201806212100, 0
201806212110, 0
201806212120, 0.00227865
201806212130, 0
201806212140, 0.00108507
201806212150, 0.00260417
201806212200, 0.00238715
201806212210, 0.00412326
201806212220, 0
201806212230, 0.000434028
201806212240, 0.000976562
201806212250, 0.00575087
201806212300, 0.00802951
201806212320, 0.000325521
201806212330, 0
201806212340, 0.00206163
201806212350, 0.000325521
201806220000, 0.0016276
201806220010, 0
201806220020, 0.000108507
201806220030, 0.000759549
201806220040, 0.00195312
201806220100, 0.000108507
201806220110, 0.000868056
201806220120, 0.00390625
201806220130, 0.0124783
201806220140, 0.00509983
201806220150, 0.00119358
201806220200, 0.00379774
201806220210, 0
201806220220, 0.000217014
201806220240, 0.000325521
201806220250, 0.000434028
201806220300, 0
201806220310, 0.00748698
201806220320, 0.00705295
201806220340, 0
201806220350, 0
201806220400, 0.00119358
201806220410, 0
201806220420, 0.00716146
201806220430, 0
201806220440, 0
201806220450, 0
201806220500, 0.000325521
201806220510, 0
201806220520, 0.00119358
201806220530, 0
201806220540, 0.00195312
201806220550, 0.000325521
201806220600, 0.000759549
201806220610, 0
201806220620, 0
201806220630, 0.000651042
201806220640, 0.00542535
201806220650, 0.00303819
201806220700, 0.000325521
201806220710, 0.00184462
201806220720, 0
201806220730, 0.000868056
201806220740, 0.000434028
201806220750, 0
201806220800, 0
201806220810, 0.000108507
201806220820, 0.00282118
201806220830, 0.000108507
201806220840, 0.00368924
201806220900, 0.000108507
201806220920, 0.000217014
201806220930, 0.000325521
201806220940, 0.000868056
201806220950, 0.000651042
201806221000, 0
201806221010, 0.000759549
201806221020, 0
201806221030, 0.00141059
201806221040, 0.0016276
201806221050, 0.00130208
201806221100, 0.00889757
201806221110, 0.00130208
201806221120, 0.00119358
201806221130, 0.00141059
201806221140, 0.0269097
201806221150, 0.0683594
201806221200, 0.131402
201806221210, 0.164171
201806221220, 0.208984
201806221230, 0.272895
201806221240, 0.232313
201806221250, 0.174045
201806221300, 0.0729167
201806221310, 0.0817057
201806221320, 0.0996094
201806221330, 0.0636936
201806221340, 0.0452474
201806221350, 0.055447
201806221400, 0.0421007
201806221410, 0.0480686
201806221420, 0.0349392
201806221430, 0.0112847
201806221440, 0.0399306
201806221450, 0.0332031
201806221500, 0.0431858
201806221510, 0.0288628
201806221520, 0.0362413
201806221530, 0.0549045
201806221540, 0.0499132
201806221550, 0.069553
201806221600, 0.0678168
201806221610, 0.0632595
201806221620, 0.270508
201806221630, 0.0938585
201806221640, 0.0747613
201806221650, 0.0583767
201806221700, 0.0360243
201806221710, 0.0450304
201806221720, 0.0377604
201806221730, 0.0292969
201806221740, 0.0509983
201806221750, 0.0465495
201806221800, 0.063151
201806221810, 0.047526
201806221820, 0.0610894
201806221830, 0.0250651
201806221840, 0.0199653
201806221850, 0.0147569
201806221900, 0.0304905
201806221910, 0.159722
201806221920, 0.134223
201806221930, 0.0317925
201806221940, 0.0217014
201806221950, 0.0252821
201806222000, 0.0220269
201806222010, 0.0311415
201806222020, 0.0360243
201806222030, 0.178277
201806222040, 0.0604384
201806222050, 0.0938585
201806222100, 0.0889757
201806222110, 0.158312
201806222120, 0.0659722
201806222130, 0.0689019
201806222140, 0.0738932
201806222150, 0.0374349
201806222200, 0.0246311
201806222210, 0.0279948
201806222220, 0.0257161
201806222230, 0.0379774
201806222240, 0.0261502
201806222250, 0.0298394
201806222300, 0.0225694
201806222310, 0.0579427
201806222320, 0.031033
201806222330, 0.0176866
201806222340, 0.0245226
201806222350, 0.0289714
201806230000, 0.0289714
201806230010, 0.0152995
201806230020, 0.0169271
201806230030, 0.0138889
201806230040, 0.0277778
201806230050, 0.00878906
201806230100, 0.0218099
201806230110, 0.00282118
201806230120, 0.480903
201806230130, 0.0640191
201806230140, 0.781576
201806230150, 0.00878906
201806230200, 0.439453
201806230210, 0.0208333
201806230220, 0.0218099
201806230230, 0.983832
201806230240, 0.0405816
201806230250, 0.152886
201806230300, 1.20573
201806230310, 0.391927
201806230320, 1.5867
201806230330, 1.41265
201806230340, 0.613607
201806230350, 0.684028
201806230400, 0.511502
201806230410, 0.580729
201806230420, 0.587131
201806230430, 0.560113
201806230440, 0.411458
201806230450, 0.698568
201806230500, 0.40191
201806230510, 0.364041
201806230520, 0.257812
201806230530, 0.0186632
201806230540, 0.130208
201806230550, 0.0164931
201806230600, 0.00651042
201806230610, 0.031901
201806230620, 0.0353733
201806230630, 0.0112847
201806230640, 0.0173611
201806230650, 0.0174696
201806230700, 0.0291884
201806230710, 0.0923394
201806230720, 0.0173611
201806230730, 0.0355903
201806230740, 0.0232205
201806230750, 0.00509983
201806230800, 0.0145399
201806230810, 0.0307075
201806230820, 0.00976562
201806230830, 0.0173611
201806230840, 0.0115017
201806230850, 0.00455729
201806230900, 0.00694444
201806230910, 0.0103082
201806230920, 0.0183377
201806230930, 0.00531684
201806230940, 0.00954861
201806230950, 0.00390625
201806231000, 0.0197483
201806231010, 0.00477431
201806231020, 0.00672743
201806231030, 0.0106337
201806231040, 0.00759549
201806231050, 0.00759549
201806231100, 0.0161675
201806231110, 0.024197
201806231120, 0.0292969
201806231130, 0.00965712
201806231140, 0.235677
201806231150, 0.295464
201806231200, 0.501519
201806231210, 0.707357
201806231220, 1.03668
201806231230, 1.53505
201806231240, 1.28895
201806231250, 1.47765
201806231300, 2.04481
201806231310, 2.66623
201806231320, 2.38455
201806231330, 2.69542
201806231340, 2.64507
201806231350, 2.9069
201806231400, 2.6747
201806231410, 2.87424
201806231420, 3.34125
201806231430, 2.3151
201806231440, 2.08843
201806231450, 2.50911
201806231500, 2.04134
201806231510, 2.21376
201806231520, 1.14876
201806231530, 1.21061
201806231540, 1.18641
201806231550, 1.46115
201806231600, 0.808268
201806231610, 0.684462
201806231620, 0.893229
201806231630, 0.776801
201806231640, 0.716363
201806231650, 0.685547
201806231700, 0.757487
201806231710, 0.48763
201806231720, 0.374891
201806231730, 1.1186
201806231740, 0.735352
201806231750, 0.656359
201806231800, 0.735243
201806231810, 0.259766
201806231820, 0.453668
201806231830, 0.988173
201806231840, 0.667752
201806231850, 0.702691
201806231900, 0.959201
201806231910, 0.576497
201806231920, 0.782769
201806231930, 0.477973
201806231940, 0.955295
201806231950, 0.61773
201806232000, 0.967448
201806232010, 0.759332
201806232020, 0.653103
201806232030, 0.894314
201806232040, 0.948242
201806232050, 1.86491
201806232100, 1.88965
201806232110, 2.5115
201806232120, 2.00618
201806232130, 2.46593
201806232140, 3.02713
201806232150, 3.33333
201806232200, 3.02767
201806232210, 2.77821
201806232220, 2.08832
201806232230, 2.07595
201806232240, 2.62413
201806232250, 2.16612
201806232300, 2.82389
201806232310, 2.67274
201806232320, 2.34896
201806232330, 1.95291
201806232340, 1.42426
201806232350, 1.72201
201806240000, 0.712565
201806240010, 0.640625
201806240020, 0.929688
201806240030, 0.53559
201806240040, 0.418403
201806240050, 0.126302
201806240100, 0.0324436
201806240110, 0.0592448
201806240120, 0.145833
201806240130, 0.100586
201806240140, 0.185655
201806240150, 0.0511068
201806240200, 0.392687
201806240210, 0.356879
201806240220, 0.701497
201806240230, 0.431207
201806240240, 0.445096
201806240250, 0.358615
201806240300, 0.13954
201806240310, 0.144748
201806240320, 0.047092
201806240330, 0.283529
201806240340, 0.0375434
201806240350, 0.109592
201806240400, 0.0504557
201806240410, 0.0125868
201806240420, 0.00358073
201806240430, 0
201806240440, 0.0759549
201806240450, 0.00282118
201806240500, 0
201806240510, 0.00173611
201806240540, 0.0332031
201806240550, 0.0155165
201806240600, 0.0119358
201806240610, 0.070421
201806240620, 0.0973307
201806240640, 0.0900608
201806240650, 0.0878906
201806240700, 0.223741
201806240710, 0.11046
201806240720, 0.129449
201806240730, 0.106771
201806240740, 0.335503
201806240750, 0.100803
201806240800, 0.00553385
201806240810, 0.0168186
201806240820, 0.077691
201806240830, 0.198676
201806240840, 0.221571
201806240850, 0.09375
201806240900, 0.0215929
201806240910, 0.0367839
201806240920, 0.201931
201806240930, 0.00401476
201806240940, 0.00249566
201806240950, 0.000542535
201806241000, 0
201806241010, 0.0245226
201806241020, 0.234266
201806241030, 0.0658637
201806241040, 0.506293
201806241050, 0.392036
201806241100, 1.78516
201806241110, 0.000542535
201806241120, 0.942491
201806241130, 0.897135
201806241140, 0.48329
201806241150, 1.05241
201806241200, 0.971788
201806241210, 1.48817
201806241220, 1.98123
201806241240, 1.45855
201806241250, 1.16471
201806241300, 0.479058
201806241310, 0.0195312
201806241320, 0.00857205
201806241330, 0.225803
201806241340, 0.216146
201806241350, 0.646484
201806241400, 0.797309
201806241410, 1.81304
201806241420, 1.52962
201806241430, 1.81163
201806241440, 2.48025
201806241450, 2.3099
201806241500, 2.49761
201806241510, 2.20388
201806241520, 2.52984
201806241530, 2.04308
201806241540, 1.60286
201806241550, 0.962674
201806241600, 0.889974
201806241610, 0.306858
201806241620, 0.339193
201806241630, 0.323785
201806241640, 0.190213
201806241650, 0.409397
201806241700, 0.144857
201806241710, 0.522135
201806241720, 0.44477
201806241730, 0.595378
201806241740, 0.401693
201806241750, 1.44922
201806241800, 2.08518
201806241810, 1.92719
201806241820, 2.28418
201806241830, 2.21658
201806241840, 1.6199
201806241850, 2.02279
201806241900, 1.61187
201806241910, 1.6275
201806241920, 2.01519
201806241930, 2.20291
201806241940, 2.0548
201806241950, 2.03743
201806242000, 1.90256
201806242010, 1.81293
201806242020, 1.43099
201806242030, 1.17014
201806242040, 1.28841
201806242050, 1.03092
201806242100, 0.998155
201806242110, 1.01823
201806242120, 0.952908
201806242130, 0.703668
201806242140, 0.680881
201806242150, 0.602756
201806242200, 1.13856
201806242210, 1.65289
201806242220, 1.64681
201806242230, 0.596788
201806242240, 0.426758
201806242250, 0.458333
201806242300, 0.468967
201806242310, 0.447049
201806242320, 0.371853
201806242330, 0.384006
201806242340, 0.309787
201806242350, 0.0821398
201806250000, 0.0812717
201806250010, 0.055013
201806250020, 0.0175781
201806250030, 0.0110677
201806250040, 0.00282118
201806250050, 0.0445964
201806250100, 0.015842
201806250110, 0.0639106
201806250120, 0.0218099
201806250130, 0.015191
201806250140, 0.054796
201806250150, 0.0185547
201806250200, 0.0630425
201806250210, 0.0970052
201806250220, 0.254232
201806250230, 0.296549
201806250240, 0.21658
201806250250, 0.349935
201806250300, 0.327148
201806250310, 0.445312
201806250320, 0.462674
201806250330, 0.691189
201806250340, 0.35612
201806250350, 1.02387
201806250400, 1.23427
201806250410, 1.08355
201806250420, 0.521159
201806250430, 0.499674
201806250440, 0.240994
201806250450, 0.248047
201806250500, 0.211263
201806250510, 0.164931
201806250520, 0.166884
201806250530, 0.263129
201806250540, 0.314236
201806250550, 0.337023
201806250600, 0.366645
201806250610, 0.292752
201806250620, 0.307075
201806250630, 0.343207
201806250640, 0.235352
201806250650, 0.0193142
201806250700, 0.0251736
201806250710, 0.0521918
201806250720, 0.0301649
201806250730, 0.0121528
201806250740, 0.00553385
201806250750, 0.0197483
201806250800, 0.00347222
201806250810, 0.00271267
201806250820, 0.00878906
201806250830, 0.00922309
201806250840, 0.00813802
201806250850, 0.00434028
201806250900, 0.0523003
201806250910, 0
201806250920, 0.00108507
201806250930, 0.0137804
201806250940, 0.00889757
201806250950, 0
201806251000, 0
201806251010, 0.0281033
201806251020, 0.00184462
201806251030, 0
201806251040, 0.000542535
201806251050, 0.00217014
201806251100, 0.0563151
201806251110, 0
201806251120, 0.000976562
201806251130, 0.000108507
201806251150, 0.000325521
201806251210, 0.077474
201806251220, 0.0583767
201806251230, 0.000759549
201806251240, 0.00651042
201806251250, 0.0269097
201806251300, 0.00292969
201806251310, 0.0046658
201806251320, 0.00705295
201806251330, 0.00303819
201806251340, 0.00737847
201806251350, 0.0117188
201806251400, 0.0167101
201806251410, 0.0016276
201806251420, 0.00694444
201806251430, 0.00509983
201806251440, 0.0176866
201806251450, 0.0325521
201806251500, 0.0455729
201806251510, 0.015408
201806251520, 0.0328776
201806251530, 0.00575087
201806251540, 0.00423177
201806251550, 0.201497
201806251600, 0.203885
201806251610, 0.156467
201806251620, 0.208876
201806251630, 0.183485
201806251640, 0.13737
201806251650, 0.000651042
201806251700, 0.1977
201806251710, 0.293837
201806251720, 0.0521918
201806251730, 0.0179036
201806251740, 0.539171
201806251750, 0.00813802
201806251800, 0.0105252
201806251810, 0.00564236
201806251820, 0.0163845
201806251830, 0.153971
201806251840, 0.0432943
201806251850, 0.143989
201806251900, 0
201806251910, 0.000108507
201806251920, 0
201806251930, 0.0103082
201806251940, 0.0015191
201806251950, 0.00542535
201806252000, 0.0100911
201806252010, 0.000434028
201806252020, 0
201806252030, 0.00217014
201806252040, 0.0015191
201806252050, 0.000325521
201806252100, 0.000976562
201806252110, 0.0171441
201806252120, 0.00195312
201806252130, 0.00130208
201806252140, 0.00770399
201806252150, 0.0324436
201806252200, 0.0500217
201806252210, 0.0416667
201806252220, 0.0166016
201806252230, 0.00716146
201806252240, 0.00412326
201806252250, 0.0103082
201806252300, 0.09375
201806252310, 0.00596788
201806252320, 0.00217014
201806252330, 0.000434028
201806252340, 0.132053
201806252350, 0.00227865
201806260000, 0.000759549
201806260010, 0.00520833
201806260020, 0.00325521
201806260030, 0.000217014
201806260040, 0.00792101
201806260050, 0.00564236
201806260100, 0.000217014
201806260110, 0.00260417
201806260120, 0.00553385
201806260130, 0.000868056
201806260140, 0.0294054
201806260150, 0.00575087
201806260200, 0.0124783
201806260210, 0.0435113
201806260220, 0.00325521
201806260230, 0.00358073
201806260240, 0.00303819
201806260250, 0.0180122
201806260300, 0.00358073
201806260310, 0.0015191
201806260320, 0.00564236
201806260340, 0.0276693
201806260350, 0.0814887
201806260400, 0.0571832
201806260410, 0.143989
201806260420, 0.0760634
201806260510, 0.0477431
201806260520, 0.0857205
201806260530, 0.00987413
201806260540, 0.00922309
201806260550, 0
201806260600, 0.00108507
201806260610, 0
201806260620, 0.0061849
201806260630, 0.00130208
201806260640, 0.000108507
201806260700, 0
201806260710, 0.000108507
201806260720, 0.0016276
201806260730, 0
201806260740, 0
201806260750, 0.00542535
201806260800, 0.00509983
201806260810, 0.0163845
201806260820, 0.0252821
201806260830, 0.0406901
201806260840, 0.0953776
201806260850, 0.223307
201806260900, 0.0655382
201806260910, 0.0277778
201806260940, 0.185981
201806260950, 0.120985
201806261000, 0.0528429
201806261010, 0.0675998
201806261020, 0.0736762
201806261030, 0.129123
201806261040, 0.3125
201806261050, 0.24273
201806261110, 0.0549045
201806261120, 0.0339627
201806261130, 0.16059
201806261140, 0.000217014
201806261150, 0.0213759
201806261200, 0.0111762
201806261210, 0.00553385
201806261220, 0.031467
201806261230, 0.0016276
201806261240, 0.0401476
201806261250, 0.000325521
201806261300, 0.00347222
201806261310, 0.00347222
201806261320, 0.0115017
201806261330, 0.0101997
201806261340, 0.0015191
201806261350, 0.00434028
201806261400, 0.00227865
201806261410, 0.00922309
201806261420, 0.00726997
201806261430, 0.000108507
201806261440, 0.0119358
201806261450, 0.0104167
201806261500, 0.00412326
201806261510, 0.0015191
201806261520, 0.00737847
201806261530, 0.00217014
201806261540, 0.0132378
201806261550, 0.0276693
201806261600, 0.0681424
201806261610, 0.0414497
201806261620, 0.208008
201806261630, 0
201806261640, 0.0181207
201806261650, 0.0338542
201806261700, 0.0457899
201806261710, 0.0271267
201806261720, 0.0302734
201806261730, 0.0214844
201806261740, 0.0375434
201806261750, 0.106445
201806261800, 0.19553
201806261810, 0.10395
201806261820, 0.0686849
201806261830, 0.0485026
201806261840, 0.148112
201806261850, 0.039171
201806261900, 0.0329861
201806261910, 0.0807292
201806261920, 0.0388455
201806261930, 0.00607639
201806261940, 0.0139974
201806261950, 0.0187717
201806262000, 0.0232205
201806262010, 0.0487196
201806262020, 0.0404731
201806262030, 0.00260417
201806262040, 0.0517578
201806262050, 0.00575087
201806262100, 0.0304905
201806262110, 0.0297309
201806262120, 0.0276693
201806262130, 0.0173611
201806262140, 0.0262587
201806262150, 0.00531684
201806262200, 0.0180122
201806262210, 0.00195312
201806262220, 0.0244141
201806262230, 0.00509983
201806262240, 0.0093316
201806262250, 0.00119358
201806262300, 0
201806262310, 0.00325521
201806262320, 0.039171
201806262330, 0.222765
201806262340, 0.0206163
201806262350, 0.0257161
201806270000, 0.0273438
201806270010, 0.00401476
201806270020, 0.247613
201806270030, 0.0155165
201806270040, 0.023763
201806270050, 0.0392795
201806270100, 0.686089
201806270110, 0.0405816
201806270120, 1.3163
201806270130, 0.953342
201806270140, 1.48307
201806270150, 1.76042
201806270200, 1.67448
201806270210, 2.11589
201806270220, 1.7181
201806270230, 0.804796
201806270240, 2.47255
201806270250, 0.781358
201806270300, 1.20475
201806270310, 1.29362
201806270320, 0.680773
201806270330, 1.4349
201806270340, 1.46951
201806270350, 0.26161
201806270400, 0.759766
201806270410, 0.227539
201806270420, 0.242079
201806270430, 0.031684
201806270440, 0.00954861
201806270450, 0.0605469
201806270500, 0
201806270510, 0.807943
201806270520, 1.05588
201806270530, 0.316623
201806270540, 0.0832248
201806270550, 0.0601128
201806270600, 0.0813802
201806270610, 0.407878
201806270620, 0.53635
201806270630, 0.0359158
201806270640, 0.0274523
201806270650, 0.0223524
201806270700, 0.0103082
201806270710, 0.0046658
201806270720, 0.131185
201806270730, 0.00672743
201806270740, 0.0136719
201806270750, 0.0384115
201806270800, 0.0094401
201806270810, 0.106337
201806270820, 0.00108507
201806270830, 0.00206163
201806270840, 0.0222439
201806270850, 0.00998264
201806270900, 0.046875
201806270910, 0.00716146
201806270920, 0.0341797
201806270930, 0.0967882
201806270940, 0.0373264
201806270950, 0.0321181
201806271000, 0.0215929
201806271010, 0.00477431
201806271020, 0.0103082
201806271030, 0.366862
201806271040, 0.00358073
201806271050, 0.000434028
201806271100, 0.00358073
201806271110, 0.00477431
201806271120, 0.0129123
201806271130, 0.0150825
201806271140, 0.0135634
201806271150, 0.0138889
201806271200, 0.00206163
201806271210, 0.0061849
201806271220, 0.00271267
201806271230, 0.00520833
201806271240, 0.00770399
201806271250, 0.00726997
201806271300, 0.00227865
201806271310, 0.00911458
201806271320, 0.0031467
201806271330, 0.0161675
201806271340, 0.0146484
201806271350, 0.0109592
201806271400, 0.0163845
201806271410, 0.038303
201806271420, 0.0479601
201806271430, 0.0303819
201806271440, 0.00434028
201806271450, 0.0371094
201806271500, 0.0498047
201806271510, 0.0301649
201806271520, 0.0334201
201806271530, 0.0289714
201806271540, 0.0147569
201806271550, 0.0342882
201806271600, 0.0256076
201806271610, 0.0379774
201806271620, 0.0222439
201806271630, 0.0315755
201806271640, 0.031467
201806271650, 0.0419922
201806271700, 0.031901
201806271710, 0.0061849
201806271720, 0.031901
201806271730, 0.105252
201806271740, 0.0168186
201806271750, 0.0439453
201806271800, 0.313477
201806271810, 0.48546
201806271820, 0.433702
201806271830, 0.563477
201806271840, 0.0947266
201806271850, 0.311957
201806271900, 0.410265
201806271910, 0.520291
201806271920, 1.06597
201806271930, 1.05404
201806271940, 1.21799
201806271950, 0.718207
201806272000, 0.518555
201806272010, 0.306532
201806272020, 1.33767
201806272030, 1.58474
201806272040, 1.83312
201806272050, 2.60113
201806272100, 1.45909
201806272110, 1.34158
201806272120, 0.312066
201806272130, 0.359592
201806272140, 0.108724
201806272150, 0.014974
201806272200, 0.0376519
201806272210, 0.000108507
201806272220, 0.0169271
201806272230, 0.440647
201806272240, 0.31326
201806272250, 0.415907
201806272300, 0.30306
201806272310, 0.798069
201806272320, 1.01074
201806272330, 0.926758
201806272340, 0.998155
201806272350, 2.3826
201806280000, 1.79026
201806280010, 0.986111
201806280020, 1.46224
201806280030, 0.48546
201806280040, 0.67513
201806280050, 0.313151
201806280100, 0.0101997
201806280110, 0.0572917
201806280120, 0.529622
201806280130, 0.885634
201806280140, 1.33366
201806280150, 1.78917
201806280200, 0.652344
201806280210, 0.355143
201806280220, 0.0736762
201806280230, 0.119358
201806280240, 0.0716146
201806280250, 1.05219
201806280300, 0.117513
201806280310, 0.160373
201806280320, 0.23112
201806280330, 0.210395
201806280340, 0.248047
201806280350, 0.0824653
201806280400, 0.530382
201806280410, 0.604709
201806280420, 0.392904
201806280430, 0.240126
201806280440, 0.264865
201806280450, 0.304905
201806280500, 0.23253
201806280510, 0.0605469
201806280520, 0.0901693
201806280530, 0.0124783
201806280540, 0.0110677
201806280550, 0.023329
201806280600, 0.0658637
201806280610, 0.00553385
201806280620, 0.0838759
201806280630, 0.0370009
201806280640, 0.123047
201806280650, 0.301215
201806280700, 0.0143229
201806280710, 0.0424262
201806280720, 0.0423177
201806280730, 0.015408
201806280740, 0.0365668
201806280750, 0.00759549
201806280800, 0.0172526
201806280810, 0.0479601
201806280820, 0.181858
201806280830, 0.0253906
201806280840, 0.739909
201806280850, 0.804036
201806280900, 1.07617
201806280910, 0.626953
201806280920, 0.38878
201806280930, 0.717448
201806280940, 0.657335
201806280950, 0.829102
201806281000, 1.11469
201806281010, 1.13715
201806281020, 1.6224
201806281030, 1.47569
201806281040, 1.75803
201806281050, 2.20757
201806281100, 1.99642
201806281110, 1.79036
201806281120, 1.39475
201806281130, 1.40278
201806281140, 1.05252
201806281150, 0.898654
201806281200, 0.994358
201806281210, 0.912869
201806281220, 0.98036
201806281230, 1.435
201806281240, 2.4745
201806281250, 2.56749
201806281300, 2.26031
201806281310, 2.01107
201806281320, 2.23698
201806281330, 1.71202
201806281340, 2.37793
201806281350, 2.48872
201806281400, 2.47515
201806281410, 3.01107
201806281420, 1.76693
201806281430, 1.78754
201806281440, 2.51866
201806281450, 2.68294
201806281500, 2.73188
201806281510, 3.65809
201806281520, 4.08518
201806281530, 4.426
201806281540, 4.77756
201806281550, 5.76183
201806281600, 6.44575
201806281610, 7.4248
201806281620, 6.49891
201806281630, 6.32248
201806281640, 6.54221
201806281650, 6.35525
201806281700, 5.5752
201806281710, 5.4235
201806281720, 4.5753
201806281730, 4.86165
201806281740, 3.94965
201806281750, 3.9987
201806281800, 3.57661
201806281810, 2.898
201806281820, 2.87565
201806281830, 3.26877
201806281840, 4.36426
201806281850, 4.26834
201806281900, 4.81142
201806281910, 4.3929
201806281920, 4.18663
201806281930, 4.69965
201806281940, 4.66851
201806281950, 3.51682
201806282000, 4.32693
201806282010, 4.67958
201806282020, 5.30914
201806282030, 4.80328
201806282040, 4.61936
201806282050, 5.20942
201806282100, 4.72027
201806282110, 4.40104
201806282120, 4.58084
201806282130, 4.53744
201806282140, 3.67209
201806282150, 3.48416
201806282200, 3.34668
201806282210, 3.20747
201806282220, 3.05805
201806282230, 2.94141
201806282240, 2.85493
201806282250, 2.02246
201806282300, 1.58149
201806282310, 1.51823
201806282320, 0.669596
201806282330, 0.478299
201806282340, 0.256944
201806282350, 0.468533
201806290000, 0.844944
201806290010, 1.07856
201806290020, 0.803277
201806290030, 1.94857
201806290040, 3.14789
201806290050, 3.49034
201806290100, 3.70041
201806290110, 5.05176
201806290120, 4.71278
201806290130, 5.36773
201806290140, 6.36697
201806290150, 6.26421
201806290200, 4.17263
201806290210, 4.99186
201806290220, 4.77539
201806290230, 5.04753
201806290240, 6.50738
201806290250, 6.75521
201806290300, 6.46745
201806290310, 5.72559
201806290320, 5.51107
201806290330, 5.59093
201806290340, 6.56706
201806290350, 6.02745
201806290400, 4.2156
201806290410, 4.4375
201806290420, 2.7628
201806290430, 2.63845
201806290440, 2.79894
201806290450, 2.01541
201806290500, 1.95139
201806290510, 1.74392
201806290520, 1.69293
201806290530, 2.05208
201806290540, 1.94911
201806290550, 2.22374
201806290600, 2.57313
201806290610, 2.57563
201806290620, 2.09766
201806290630, 1.93902
201806290640, 1.34592
201806290650, 1.35655
201806290700, 1.56163
201806290710, 1.27376
201806290720, 1.5663
201806290730, 1.1276
201806290740, 1.50879
201806290750, 0.858507
201806290800, 1.1301
201806290810, 1.07422
201806290820, 1.43001
201806290830, 0.514865
201806290840, 0.263672
201806290850, 0.12576
201806290900, 0.02398
201806290910, 0.325629
201806290920, 0.112956
201806290930, 0.0809462
201806290940, 0.358181
201806290950, 0.434245
201806291010, 0.442491
201806291020, 0.210178
201806291030, 0.184245
201806291040, 0.180556
201806291050, 0.0380859
201806291100, 0.0898438
201806291110, 0.137153
201806291120, 0.375543
201806291130, 0.145399
201806291140, 0.17079
201806291150, 0.211806
201806291200, 0.12934
201806291210, 0.173611
201806291220, 0.166992
201806291230, 0.135959
201806291240, 0.0270182
201806291250, 0.0135634
201806291300, 0.00347222
201806291310, 0.00835503
201806291320, 0.0105252
201806291330, 0.00651042
201806291340, 0.00705295
201806291350, 0.00575087
201806291400, 0.0217014
201806291410, 0.0134549
201806291420, 0.0171441
201806291430, 0.0132378
201806291440, 0.0292969
201806291450, 0.0249566
201806291500, 0.038303
201806291510, 0.0302734
201806291520, 0.0202908
201806291530, 0.00575087
201806291540, 0.00651042
201806291550, 0.00379774
201806291600, 0.00737847
201806291610, 0.00553385
201806291620, 0.00499132
201806291630, 0.0119358
201806291640, 0.0078125
201806291650, 0.0234375
201806291700, 0.0166016
201806291710, 0.00694444
201806291720, 0.0328776
201806291730, 0.0141059
201806291740, 0.0447049
201806291750, 0.0526259
201806291800, 0.0563151
201806291810, 0.00368924
201806291820, 0.0061849
201806291830, 0.0209418
201806291840, 0.0504557
201806291850, 0.0338542
201806291900, 0.0131293
201806291910, 0.0839844
201806291920, 0.0609809
201806291930, 0.0138889
201806291940, 0.0168186
201806291950, 0.0110677
201806292000, 0.0703125
201806292010, 0.0664062
201806292020, 0.179688
201806292030, 0.144314
201806292040, 0.366753
201806292050, 0.339301
201806292100, 0.765082
201806292110, 0.953451
201806292120, 1.00488
201806292130, 1.18327
201806292140, 1.55773
201806292150, 1.22146
201806292200, 1.15994
201806292210, 0.977214
201806292220, 0.773438
201806292230, 0.63444
201806292240, 0.438477
201806292250, 0.309462
201806292300, 0.289605
201806292310, 0.281901
201806292320, 0.0874566
201806292330, 0.574327
201806292340, 0.608507
201806292350, 0.663303
201806300000, 0.747721
201806300010, 0.57194
201806300020, 0.13444
201806300030, 0.168186
201806300040, 0.213216
201806300050, 0.233724
201806300100, 0.244141
201806300110, 0.28852
201806300120, 0.368924
201806300130, 0.734267
201806300140, 0.441623
201806300150, 0.592231
201806300200, 0.427843
201806300210, 0.425022
201806300220, 0.131836
201806300230, 0.143989
201806300240, 0.203993
201806300250, 0.284939
201806300300, 0.264865
201806300310, 0.226237
201806300320, 0.16135
201806300330, 0.160265
201806300340, 0.0170356
201806300350, 0.0220269
201806300400, 0.038303
201806300410, 0.0224609
201806300420, 0.0707465
201806300430, 0.199653
201806300440, 0.215603
201806300450, 0.242947
201806300500, 0.200521
201806300510, 0.134332
201806300520, 0.0981988
201806300530, 0.055013
201806300540, 0.00748698
201806300550, 0.00726997
201806300600, 0.0134549
201806300610, 0.00596788
201806300620, 0.0103082
201806300630, 0.00325521
201806300640, 0.0130208
201806300650, 0.00813802
201806300700, 0.0108507
201806300710, 0.0101997
201806300720, 0.0118273
201806300730, 0.00998264
201806300740, 0.00868056
201806300750, 0.00130208
201806300800, 0.00661892
201806300810, 0.00130208
201806300820, 0.00206163
201806300830, 0
201806300840, 0.0104167
201806300850, 0.00965712
201806300900, 0.0166016
201806300910, 0.00965712
201806300920, 0.0551215
201806300930, 0.0119358
201806300940, 0.0447049
201806300950, 0.0115017
201806301000, 0.0768229
201806301010, 0.0143229
201806301020, 0.342556
201806301030, 0.37717
201806301040, 0.724826
201806301050, 0.849826
201806301100, 0.86556
201806301110, 0.910807
201806301120, 0.902561
201806301130, 0.929796
201806301140, 1.00282
201806301150, 0.959527
201806301200, 1.04839
201806301210, 1.00521
201806301220, 1.03201
201806301230, 1.0089
201806301240, 0.878255
201806301250, 0.825629
201806301300, 0.934896
201806301310, 0.905165
201806301320, 1.28255
201806301330, 1.50749
201806301340, 1.97027
201806301350, 2.53613
201806301400, 3.4005
201807010000, 2.18544
201807010010, 1.90386
201807010020, 2.66309
201807010030, 2.30729
201807010040, 3.03917
201807010050, 4.5472
201807010100, 4.85048
201807010110, 2.38325
201807010120, 1.84386
201807010130, 2.06228
201807010140, 1.58713
201807010150, 1.66884
201807010200, 1.64724
201807010210, 0.813043
201807010220, 0.786241
201807010230, 0.1148
201807010240, 0.352322
201807010250, 0.476128
201807010300, 0.586372
201807010310, 0.566406
201807010320, 0.821072
201807010330, 0.291016
201807010340, 0.532769
201807010350, 0.459093
201807010400, 0.857639
201807010410, 0.867188
201807010420, 0.594401
201807010430, 0.621202
201807010440, 0.797635
201807010450, 0.47819
201807010500, 0.405816
201807010510, 0.108507
201807010520, 0.00368924
201807010530, 0.00998264
201807010550, 0.0159505
201807010600, 0.00694444
201807010610, 0.02398
201807010620, 0.00922309
201807010630, 0.0147569
201807010640, 0.0176866
201807010650, 0.0093316
201807010710, 0
201807010720, 0
201807010730, 0
201807010740, 0
201807010750, 0
201807010800, 0.0120443
201807010810, 0.00672743
201807010830, 0.00108507
201807010840, 0
201807010850, 0.000325521
201807010900, 0.000759549
201807010910, 0
201807010920, 0
201807010930, 0
201807010940, 0
201807010950, 0
201807011000, 0
201807011010, 0
201807011020, 0.00184462
201807011030, 0
201807011040, 0
201807011050, 0.00108507
201807011100, 0.00206163
201807011110, 0
201807011130, 0.000217014
201807011140, 0.00217014
201807011150, 0.0113932
201807011200, 0
201807011210, 0.0633681
201807011220, 0.352865
201807011230, 0.0565321
201807011240, 0.103516
201807011250, 0.00868056
201807011300, 0.0643446
201807011310, 0.0564236
201807011320, 0.128038
201807011330, 0.18099
201807011340, 0.750651
201807011350, 1.21604
201807011400, 1.09364
201807011410, 0.899848
201807011420, 0.751953
201807011430, 0.295464
201807011440, 0.77105
201807011450, 1.10634
201807011500, 1.09158
201807011510, 1.80382
201807011520, 2.48307
201807011530, 2.28548
201807011540, 3.53776
201807011550, 2.99946
201807011600, 3.40126
201807011610, 3.42665
201807011620, 3.6416
201807011630, 3.26638
201807011640, 3.64735
201807011650, 3.81402
201807011700, 3.35894
201807011710, 3.05946
201807011720, 2.73492
201807011730, 2.74436
201807011740, 2.90842
201807011750, 3.27224
201807011800, 3.51584
201807011810, 3.69054
201807011820, 3.15267
201807011830, 2.83181
201807011840, 2.61079
201807011850, 2.78917
201807011900, 2.04514
201807011910, 2.0829
201807011920, 1.88466
201807011930, 1.93739
201807011940, 1.75087
201807011950, 1.9503
201807012000, 2.26161
201807012010, 2.16233
201807012020, 2.03733
201807012030, 1.91081
201807012040, 2.28754
201807012050, 2.15636
201807012100, 1.94748
201807012110, 1.97266
201807012120, 1.85286
201807012130, 2.06131
201807012140, 1.92437
201807012150, 2.18793
201807012200, 1.88618
201807012210, 1.8189
201807012220, 2.20812
201807012230, 2.13422
201807012240, 2.19119
201807012250, 1.71506
201807012300, 1.83496
201807012310, 1.60666
201807012320, 1.88466
201807012330, 2.26704
201807012340, 2.64757
201807012350, 2.58691
201807020000, 2.52897
201807020010, 2.49056
201807020020, 1.57954
201807020030, 1.14931
201807020040, 2.09516
201807020050, 1.28939
201807020100, 1.65972
201807020110, 0.282444
201807020120, 0.23253
201807020130, 0.20638
201807020140, 0.0429688
201807020150, 0.0670573
201807020200, 0.0353733
201807020210, 0.143229
201807020220, 0.0726997
201807020230, 0.128364
201807020240, 0.154839
201807020250, 0.188802
201807020300, 0.76747
201807020310, 1.17958
201807020320, 1.4171
201807020330, 1.65224
201807020340, 2.62131
201807020350, 2.94434
201807020400, 3.19466
201807020410, 2.73904
201807020420, 2.12771
201807020430, 1.70562
201807020440, 0.997613
201807020450, 0.695638
201807020500, 0.534288
201807020510, 0.688043
201807020520, 0.596354
201807020530, 0.644423
201807020540, 0.514865
201807020550, 0.250434
201807020600, 0.375868
201807020610, 0.138997
201807020620, 0.499674
201807020630, 0.644965
201807020640, 0.775065
201807020650, 0.58648
201807020700, 0.357964
201807020710, 0.531793
201807020720, 0.59299
201807020730, 0.717773
201807020740, 0.411675
201807020750, 0.411784
201807020800, 0.243707
201807020810, 0.0678168
201807020820, 0.440972
201807020830, 0.760417
201807020840, 0.488064
201807020850, 0.683051
201807020900, 0.637153
201807020910, 0.85753
201807020920, 1.07682
201807020930, 1.03711
201807020940, 1.28277
201807020950, 1.37598
201807021000, 0.884766
201807021010, 0.666341
201807021020, 0.308594
201807021030, 0.360569
201807021040, 0.0633681
201807021050, 0.0513238
201807021100, 0.00423177
201807021110, 0.00531684
201807021120, 0.0750868
201807021130, 0.0108507
201807021140, 0.00271267
201807021150, 0.0877821
201807021200, 0.1352
201807021210, 0.201497
201807021220, 0.0120443
201807021230, 0.077691
201807021240, 0.241753
201807021250, 0.181098
201807021300, 0.202148
201807021310, 0.15115
201807021320, 0.0434028
201807021330, 0.00477431
201807021340, 0.0143229
201807021350, 0.00596788
201807021400, 0.00303819
201807021410, 0.0490451
201807021420, 0.014974
201807021430, 0.0508898
201807021440, 0.0632595
201807021450, 0.0476345
201807021500, 0.000217014
201807021510, 0.00553385
201807021520, 0.0182292
201807021530, 0.0133464
201807021540, 0.0130208
201807021550, 0.0281033
201807021600, 0.0195312
201807021610, 0.0412326
201807021620, 0.00889757
201807021630, 0
201807021640, 0.00195312
201807021650, 0.0206163
201807021700, 0.016276
201807021710, 0.000434028
201807021720, 0.00770399
201807021730, 0.00911458
201807021740, 0
201807021750, 0.00477431
201807021800, 0.00716146
201807021810, 0.0392795
201807021820, 0.00401476
201807021830, 0
201807021840, 0.0212674
201807021850, 0.00184462
201807021900, 0.0210503
201807021910, 0.0264757
201807021920, 0.00336372
201807021930, 0.0150825
201807021940, 0.0251736
201807021950, 0.0150825
201807022000, 0.0432943
201807022010, 0.0417752
201807022020, 0.0409071
201807022030, 0.0119358
201807022040, 0.0721571
201807022050, 0.047309
201807022100, 0.0276693
201807022110, 0.0335286
201807022120, 0.0249566
201807022130, 0.0458984
201807022140, 0.0266927
201807022150, 0.101671
201807022200, 0.0656467
201807022210, 0.102756
201807022220, 0.181641
201807022230, 0.363498
201807022240, 0.419379
201807022250, 0.307509
201807022300, 0.0832248
201807022310, 0.248264
201807022320, 0.383789
201807022330, 0.371311
201807022340, 0.431315
201807022350, 0.318468
201807030000, 0.270508
201807030010, 0.27105
201807030020, 0.023329
201807030030, 0.0479601
201807030040, 0.0381944
201807030050, 0.0500217
201807030100, 0.260417
201807030110, 0.0190972
201807030120, 0.582791
201807030130, 0.452908
201807030140, 0.0505642
201807030150, 0.104601
201807030200, 0.160265
201807030210, 0.158203
201807030220, 0.211155
201807030230, 0.409288
201807030240, 0.305556
201807030250, 0.311198
201807030300, 0.305339
201807030310, 0.343641
201807030320, 0.786458
201807030330, 0.851562
201807030340, 0.65191
201807030350, 0.719293
201807030400, 0.678602
201807030410, 0.633355
201807030420, 0.307943
201807030430, 1.08702
201807030440, 1.22743
201807030450, 1.30773
201807030500, 1.02224
201807030510, 0.854275
201807030520, 1.34722
201807030530, 1.43815
201807030540, 1.51704
201807030550, 1.70128
201807030600, 1.85406
201807030610, 1.85026
201807030620, 1.92155
201807030630, 1.45898
201807030640, 1.20508
201807030650, 1.11513
201807030700, 0.962674
201807030710, 0.759332
201807030720, 0.543294
201807030730, 0.465603
201807030740, 0.439887
201807030750, 0.350911
201807030800, 0.34592
201807030810, 0.149306
201807030820, 0.0335286
201807030830, 0.0125868
201807030840, 0.0016276
201807030850, 0.00412326
201807030900, 0.0192057
201807030910, 0.0606554
201807030920, 0.14171
201807030930, 0.0565321
201807030940, 0.0283203
201807030950, 0.0274523
201807031000, 0.0148655
201807031010, 0.0130208
201807031020, 0.00368924
201807031030, 0.00401476
201807031040, 0.00401476
201807031050, 0.00195312
201807031100, 0.0119358
201807031110, 0.0108507
201807031120, 0.00217014
201807031130, 0.0135634
201807031140, 0
201807031150, 0.0109592
201807031200, 0.0363498
201807031210, 0.168077
201807031220, 0.123915
201807031230, 0.191949
201807031240, 0.261827
201807031250, 0.449653
201807031300, 0.279731
201807031310, 0.994358
201807031320, 0.89605
201807031330, 0.965495
201807031340, 1.26606
201807031350, 1.32346
201807031400, 1.39149
201807031410, 1.32932
201807031420, 1.33355
201807031430, 1.19151
201807031440, 1.27995
201807031450, 0.0576172
201807031500, 0.0221354
201807031510, 0.0840929
201807031520, 0.0453559
201807031530, 0.0526259
201807031540, 0.0277778
201807031550, 0.0335286
201807031600, 0.0372179
201807031610, 0.137587
201807031620, 0.0115017
201807031630, 0.014974
201807031640, 0.0206163
201807031650, 0.0378689
201807031700, 0.00390625
201807031710, 0.00347222
201807031720, 0.00596788
201807031730, 0.00564236
201807031740, 0.00444878
201807031750, 0.00423177
201807031800, 0.0016276
201807031810, 0.000651042
201807031820, 0.0015191
201807031830, 0.000651042
201807031840, 0.0176866
201807031850, 0.00141059
201807031900, 0.405924
201807031910, 0
201807031920, 0.000217014
201807031930, 0.0274523
201807031940, 0.00249566
201807031950, 0
201807032000, 0.00238715
201807032010, 0
201807032020, 0
201807032030, 0.00759549
201807032040, 0.00173611
201807032050, 0.00130208
201807032100, 0.00260417
201807032110, 0.0016276
201807032120, 0.00737847
201807032130, 0.0588108
201807032140, 0.0078125
201807032150, 0.0171441
201807032200, 0.00238715
201807032210, 0.00130208
201807032220, 0.0183377
201807032230, 0.0105252
201807032240, 0.00499132
201807032250, 0.02398
201807032300, 0.0711806
201807032310, 0.225911
201807032320, 0.689236
201807032330, 1.16005
201807032340, 1.60004
201807032350, 1.37554
201807040000, 1.19249
201807040010, 1.03234
201807040020, 0.989909
201807040030, 0.688911
201807040040, 0.527127
201807040050, 0.411241
201807040100, 0.68099
201807040110, 0.320421
201807040120, 0.280599
201807040130, 1.16287
201807040140, 1.59245
201807040150, 1.29633
201807040200, 0.692708
201807040210, 1.19965
201807040220, 1.65278
201807040230, 1.73177
201807040240, 1.78071
201807040250, 1.79633
201807040300, 1.95595
201807040310, 2.17622
201807040320, 2.48231
201807040330, 2.81207
201807040340, 2.95182
201807040350, 3.18728
201807040400, 3.34418
201807040410, 3.37381
201807040420, 3.42155
201807040430, 3.30187
201807040440, 3.35297
201807040450, 3.45139
201807040500, 3.5638
201807040510, 3.72526
201807040520, 3.84766
201807040530, 3.97927
201807040540, 3.90582
201807040550, 3.82639
201807040600, 3.42394
201807040610, 2.58301
201807040620, 2.04286
201807040630, 1.48383
201807040640, 0.567817
201807040650, 0.380642
201807040700, 0.352539
201807040710, 0.206489
201807040720, 0.0664062
201807040730, 0.0549045
201807040740, 0.0061849
201807040750, 0.0279948
201807040800, 0.0681424
201807040810, 0.0353733
201807040820, 0.0399306
201807040830, 0.114909
201807040840, 0.22092
201807040850, 0.0527344
201807040900, 0.0256076
201807040910, 0.223199
201807040920, 0.0169271
201807040930, 0.0740017
201807040940, 0.12283
201807040950, 0.0272352
201807041000, 0.0107422
201807041010, 0.0282118
201807041020, 0.00987413
201807041030, 0.0592448
201807041040, 0.0354818
201807041050, 0.0031467
201807041100, 0.00824653
201807041110, 0.00282118
201807041120, 0.00911458
201807041130, 0.00271267
201807041140, 0.00325521
201807041150, 0.0113932
201807041200, 0.0294054
201807041210, 0.00835503
201807041220, 0.0142144
201807041230, 0.00878906
201807041240, 0.00390625
201807041250, 0.0203993
201807041300, 0.00954861
201807041310, 0.00661892
201807041320, 0.0600043
201807041330, 0.0062934
201807041340, 0.00705295
201807041350, 0.022678
201807041400, 0.101997
201807041410, 0.162218
201807041420, 0.0217014
201807041430, 0.0141059
201807041440, 0.0579427
201807041450, 0.00509983
201807041500, 0.0272352
201807041510, 0.0377604
201807041520, 0.015842
201807041530, 0.00878906
201807041540, 0.0175781
201807041550, 0.022895
201807041600, 0.0647786
201807041610, 0.122179
201807041620, 0.125434
201807041630, 0.0491536
201807041640, 0.16786
201807041650, 0.440104
201807041700, 0.487196
201807041710, 0.788954
201807041720, 0.673069
201807041730, 0.65625
201807041740, 0.533095
201807041750, 0.626411
201807041800, 0.445421
201807041810, 0.942708
201807041820, 0.993924
201807041830, 0.933919
201807041840, 0.869575
201807041850, 0.856988
201807041900, 0.817817
201807041910, 0.454102
201807041920, 0.274848
201807041930, 0.070638
201807041940, 0.0168186
201807041950, 0.0731337
201807042000, 0.0845269
201807042010, 0.0876736
201807042020, 0.350043
201807042030, 0.426758
201807042040, 0.602648
201807042050, 0.444444
201807042100, 0.378472
201807042110, 0.940213
201807042120, 1.26226
201807042130, 1.28396
201807042140, 1.76465
201807042150, 1.76736
201807042200, 1.81391
201807042210, 1.64789
201807042220, 1.71072
201807042230, 1.58898
201807042240, 1.41819
201807042250, 1.38639
201807042300, 1.4643
201807042310, 1.1378
201807042320, 0.864258
201807042330, 1.19195
201807042340, 1.2475
201807042350, 1.14475
201807050000, 0.617079
201807050010, 0.238064
201807050020, 0.280924
201807050030, 0.23546
201807050040, 0.112739
201807050050, 0.0630425
201807050100, 0.119141
201807050110, 0.0613064
201807050120, 0.06977
201807050130, 0.184245
201807050140, 0.718207
201807050150, 0.807617
201807050200, 1.03266
201807050210, 1.03743
201807050220, 1.15061
201807050230, 0.931641
201807050240, 1.13639
201807050250, 1.18142
201807050300, 1.44803
201807050310, 1.84907
201807050320, 2.34408
201807050330, 2.27973
201807050340, 2.48774
201807050350, 2.5191
201807050400, 2.42687
201807050410, 2.75434
201807050420, 3.11838
201807050430, 3.26497
201807050440, 3.68392
201807050450, 4.04286
201807050500, 4.06586
201807050510, 4.3431
201807050520, 4.46387
201807050530, 4.95822
201807050540, 5.28635
201807050550, 5.79178
201807050600, 6.04405
201807050610, 6.27984
201807050620, 6.53744
201807050630, 6.65831
201807050640, 7.06966
201807050650, 7.26367
201807050700, 7.01953
201807050710, 6.83344
201807050720, 7.21398
201807050730, 6.96951
201807050740, 6.72602
201807050750, 6.45388
201807050800, 5.82161
201807050810, 5.0803
201807050820, 4.50076
201807050830, 4.3903
201807050840, 4.37316
201807050850, 3.35362
201807050900, 3.15788
201807050910, 2.3508
201807050920, 2.30859
201807050930, 2.23047
201807050940, 2.18294
201807050950, 1.63997
201807051000, 1.75998
201807051010, 1.59028
201807051020, 1.33724
201807051030, 1.27018
201807051040, 1.59299
201807051050, 1.13487
201807051100, 1.52138
201807051110, 2.0727
201807051120, 1.09733
201807051130, 1.43045
201807051140, 1.56478
201807051150, 1.45812
201807051200, 1.20801
201807051210, 1.02214
201807051220, 0.992079
201807051230, 1.13759
201807051240, 1.05794
201807051250, 1.07585
201807051300, 1.46257
201807051310, 1.75553
201807051320, 2.20985
201807051330, 2.25477
201807051340, 2.14855
201807051350, 2.13715
201807051400, 2.55404
201807051410, 2.73568
201807051420, 2.93316
201807051430, 3.08854
201807051440, 2.92752
201807051450, 3.21289
201807051500, 2.92285
201807051510, 2.61589
201807051520, 2.56185
201807051530, 2.45432
201807051540, 2.7717
201807051550, 2.5102
201807051600, 2.70291
201807051610, 3.46723
201807051620, 3.29557
201807051630, 3.80219
201807051640, 3.60395
201807051650, 3.50901
201807051700, 3.03548
201807051710, 2.56988
201807051720, 2.71332
201807051730, 2.6033
201807051740, 1.7207
201807051750, 1.6875
201807051800, 0.997938
201807051810, 0.85829
201807051820, 0.586155
201807051830, 0.71799
201807051840, 0.384766
201807051850, 0.350586
201807051900, 0.402452
201807051910, 1.29036
201807051920, 1.2577
201807051930, 1.19423
201807051940, 1.12641
201807051950, 0.749457
201807052000, 1.05414
201807052010, 1.88607
201807052020, 2.66515
201807052030, 3.12088
201807052040, 3.57292
201807052050, 3.75532
201807052100, 3.90712
201807052110, 3.33876
201807052120, 3.6429
201807052130, 3.61838
201807052140, 3.02962
201807052150, 3.03993
201807052200, 2.4464
201807052210, 2.13672
201807052220, 2.01411
201807052230, 2.23861
201807052240, 2.06185
201807052250, 2.10059
201807052300, 1.3278
201807052310, 1.64301
201807052320, 1.34158
201807052330, 1.12782
201807052340, 0.597114
201807052350, 0.301541
201807060000, 0.13151
201807060010, 0.0461155
201807060020, 0.0791016
201807060030, 0.022895
201807060040, 0.00227865
201807060050, 0.0016276
201807060100, 0.0212674
201807060110, 0.926649
201807060120, 2.83832
201807060130, 3.26172
201807060140, 3.20855
201807060150, 4.47407
201807060200, 4.87153
201807060210, 5.30816
201807060220, 5.09928
201807060230, 4.68207
201807060240, 4.30263
201807060250, 3.8087
201807060300, 3.56923
201807060310, 3.18305
201807060320, 2.54894
201807060330, 3.05425
201807060340, 1.58691
201807060350, 2.36393
201807060400, 1.68012
201807060410, 1.88607
201807060420, 1.32921
201807060430, 0.862956
201807060440, 1.13325
201807060450, 1.98264
201807060500, 2.54568
201807060510, 1.37565
201807060520, 0.350911
201807060530, 0.185655
201807060540, 0.596029
201807060550, 0.428277
201807060600, 0.299913
201807060610, 0.00206163
201807060620, 0
201807060630, 0
201807060640, 0.0146484
201807060650, 0
201807060700, 0
201807060710, 0
201807060720, 0
201807060730, 0
201807060740, 0
201807060750, 0.0328776
201807060800, 0.00835503
201807060810, 0
201807060820, 0
201807060830, 0.171549
201807060840, 0.20128
201807060850, 0.26888
201807060900, 0.383247
201807060910, 0.142253
201807060920, 0.365017
201807060930, 0.485243
201807060940, 0.331163
201807060950, 0.422092
201807061000, 0.747396
201807061010, 1.37272
201807061020, 0.378147
201807061030, 0.75944
201807061050, 0
201807061100, 0.949002
201807061110, 0.861871
201807061120, 0.533095
201807061130, 0.546115
201807061140, 0.782986
201807061150, 0.602431
201807061200, 0.35753
201807061210, 0.390516
201807061220, 0.335938
201807061230, 0.529514
201807061240, 0.135634
201807061250, 0.884657
201807061300, 0.718207
201807061310, 0.349392
201807061320, 0.0664062
201807061330, 0.0811632
201807061340, 0.0401476
201807061350, 0.00412326
201807061400, 0.0324436
201807061410, 0.00119358
201807061420, 0.0113932
201807061430, 0.00379774
201807061440, 0.000759549
201807061450, 0.00303819
201807061500, 0.0120443
201807061510, 0.00998264
201807061520, 0
201807061530, 0.00141059
201807061540, 0.0146484
201807061550, 0.000434028
201807061600, 0.0289714
201807061610, 0.0296224
201807061620, 0.0236545
201807061630, 0.0115017
201807061640, 0.0277778
201807061650, 0.00911458
201807061700, 0.00607639
201807061710, 0.181858
201807061720, 0.126411
201807061730, 0.669705
201807061740, 0.124566
201807061750, 0.00835503
201807061800, 1.17567
201807061810, 0.621311
201807061820, 1.04221
201807061830, 0.730469
201807061840, 0.722765
201807061850, 0.853299
201807061900, 1.12782
201807061910, 0.278429
201807061920, 1.29134
201807061930, 0.405816
201807061940, 1.02778
201807061950, 0.724935
201807062000, 0.294271
201807062010, 0.882379
201807062020, 0.91428
201807062030, 1.44716
201807062040, 1.54395
201807062050, 1.46452
201807062100, 0.762478
201807062110, 0.765951
201807062120, 0.862088
201807062130, 0.495768
201807062140, 0.222656
201807062150, 0.389865
201807062200, 0.86263
201807062210, 1.58127
201807062220, 1.44748
201807062230, 0.611979
201807062240, 0.933594
201807062250, 1.03255
201807062300, 0.946506
201807062310, 1.30675
201807062320, 0.909831
201807062330, 1.2972
201807062340, 1.08268
201807062350, 0.979275
201807070000, 0.665907
201807070010, 0.472222
201807070020, 0.248155
201807070030, 0.17513
201807070040, 0.0641276
201807070050, 0.0481771
201807070100, 0.0767144
201807070110, 0.139648
201807070120, 0.108941
201807070130, 0.0406901
201807070140, 0.0368924
201807070150, 0.0499132
201807070200, 0.0222439
201807070210, 0.0272352
201807070220, 0.000868056
201807070230, 0.0163845
201807070240, 0.015191
201807070250, 0.0400391
201807070300, 0.121745
201807070310, 0.0903863
201807070320, 0.0411241
201807070330, 0.0195312
201807070340, 0.00889757
201807070350, 0.00325521
201807070400, 0.0016276
201807070410, 0.00130208
201807070420, 0
201807070430, 0
201807070440, 0
201807070450, 0.000434028
201807070500, 0
201807070510, 0
201807070520, 0.0183377
201807070530, 0.000651042
201807070540, 0
201807070550, 0.000325521
201807070600, 0
201807070610, 0
201807070620, 0.00238715
201807070630, 0.00423177
201807070640, 0
201807070650, 0.000325521
201807070700, 0.000976562
201807070710, 0.00358073
201807070730, 0.00130208
201807070750, 0.000217014
201807070800, 0
201807070810, 0.00227865
201807070820, 0.00455729
201807070830, 0.0046658
201807070840, 0.0062934
201807070850, 0
201807070900, 0.00206163
201807070910, 0.0117188
201807070920, 0
201807070930, 0.00173611
201807070940, 0
201807070950, 0.0185547
201807071000, 0
201807071010, 0.0015191
201807071020, 0.00640191
201807071040, 0.00585938
201807071050, 0.000217014
201807071100, 0.00325521
201807071110, 0
201807071120, 0.00737847
201807071130, 0.000434028
201807071140, 0
201807071150, 0.000542535
201807071200, 0
201807071210, 0
201807071220, 0.000434028
201807071230, 0
201807071240, 0
201807071250, 0
201807071300, 0
201807071310, 0
201807071320, 0
201807071330, 0.00130208
201807071340, 0.000325521
201807071350, 0
201807071400, 0.000868056
201807071410, 0.000759549
201807071420, 0.000434028
201807071430, 0.0100911
201807071440, 0.00868056
201807071450, 0.000542535
201807071510, 0.00173611
201807071520, 0.00520833
201807071530, 0.0016276
201807071540, 0.00303819
201807071550, 0.0016276
201807071600, 0
201807071610, 0.000108507
201807071620, 0
201807071630, 0.00868056
201807071640, 0.00726997
201807071650, 0.0101997
201807071700, 0.00575087
201807071710, 0.00477431
201807071720, 0.00726997
201807071730, 0.00683594
201807071740, 0.0196398
201807071750, 0.00987413
201807071800, 0.0192057
201807071810, 0.200304
201807071820, 0.483724
201807071830, 0.782661
201807071840, 0.584635
201807071850, 0.393121
201807071900, 0.162109
201807071910, 0.00238715
201807071920, 0.00260417
201807071930, 0.00585938
201807071940, 0.0260417
201807071950, 0.0157335
201807072000, 0.00716146
201807072010, 0.00271267
201807072020, 0.0455729
201807072030, 0.0166016
201807072040, 0.0142144
201807072050, 0.00477431
201807072100, 0.00553385
201807072110, 0
201807072120, 0.00651042
201807072130, 0.0234375
201807072140, 0.169922
201807072150, 0.11697
201807072200, 0.181858
201807072210, 0.119683
201807072220, 0.00292969
201807072230, 0.00119358
201807072240, 0.000651042
201807072250, 0.000759549
201807072300, 0.000108507
201807072310, 0.0141059
201807072320, 0.00477431
201807072330, 0
201807072340, 0.0110677
201807072350, 0.000108507
201807080000, 0.0431858
201807080010, 0.000651042
201807080020, 0.069553
201807080030, 0.00444878
201807080040, 0.000651042
201807080050, 0.0343967
201807080100, 0.0534939
201807080110, 0.0806207
201807080120, 0.137478
201807080130, 0.383898
201807080140, 0.364366
201807080150, 0.466797
201807080200, 0.695638
201807080210, 1.52159
201807080220, 0.855035
201807080230, 0.790473
201807080240, 0.780816
201807080250, 1.27789
201807080300, 1.70106
201807080310, 2.60471
201807080320, 2.92415
201807080330, 3.3852
201807080340, 3.29785
201807080350, 4.12674
201807080400, 3.70681
201807080410, 4.01834
201807080420, 4.31576
201807080430, 4.32281
201807080440, 4.19911
201807080450, 4.32617
201807080500, 4.45215
201807080510, 4.29167
201807080520, 4.08811
201807080530, 3.65777
201807080540, 3.16395
201807080550, 2.51519
201807080600, 1.84559
201807080610, 2.38238
201807080620, 2.09657
201807080630, 2.8495
201807080640, 2.71072
201807080650, 2.48014
201807080700, 1.40679
201807080710, 1.2232
201807080720, 1.13477
201807080730, 1.07834
201807080740, 1.12099
201807080750, 0.840495
201807080800, 0.586046
201807080810, 0.19553
201807080820, 0.208008
201807080830, 1.49772
201807080840, 0.158312
201807080850, 0.0125868
201807080900, 0
201807080910, 0.00195312
201807080920, 0.0100911
201807080930, 0.372938
201807080940, 0.000651042
201807080950, 0.00260417
201807081000, 0.000434028
201807081010, 0.158529
201807081020, 0.0078125
201807081030, 0.106337
201807081040, 0.038737
201807081050, 0.0942925
201807081100, 0.00455729
201807081110, 0.923069
201807081120, 0.324761
201807081130, 0.971246
201807081140, 0.557617
201807081150, 0.855035
201807081200, 0.468859
201807081210, 0.665473
201807081220, 0.274197
201807081230, 0.08648
201807081240, 0.16786
201807081250, 0.0152995
201807081300, 0.0205078
201807081310, 0.0261502
201807081320, 1.01432
201807081330, 0.00206163
201807081340, 1.44032
201807081350, 1.01031
201807081400, 0.566732
201807081410, 0.876845
201807081420, 0.165799
201807081430, 0.41276
201807081440, 1.02767
201807081450, 0.214627
201807081500, 0.165039
201807081510, 0.740994
201807081520, 0.00965712
201807081530, 0.205621
201807081540, 0.0355903
201807081550, 0.236654
201807081600, 0.063151
201807081610, 0.0376519
201807081620, 0.29579
201807081630, 0.00759549
201807081640, 0.0270182
201807081650, 0.00596788
201807081700, 0.0907118
201807081710, 0.000217014
201807081720, 0.000108507
201807081730, 0.0257161
201807081740, 0.00412326
201807081750, 0.0031467
201807081800, 0.0143229
201807081810, 0.242513
201807081820, 1.65007
201807081830, 0.679253
201807081840, 1.04557
201807081850, 0.342231
201807081900, 1.04275
201807081910, 0.267578
201807081920, 0.158529
201807081930, 0.237305
201807081940, 1.06087
201807081950, 0.0061849
201807082000, 0.132378
201807082010, 0.015191
201807082020, 0.123047
201807082030, 0.00726997
201807082040, 0.568576
201807082050, 0.778646
201807082100, 0.484484
201807082110, 0.561523
201807082120, 0.000434028
201807082130, 0.623915
201807082140, 0.00325521
201807082150, 0.00238715
201807082200, 0.314019
201807082210, 0.423503
201807082220, 0.00358073
201807082230, 0.00130208
201807082240, 0.658854
201807082250, 0.0031467
201807082300, 0
201807082310, 0.0213759
201807082320, 0.775282
201807082330, 0.00336372
201807082340, 0.495334
201807082350, 0.00412326
201807090000, 0.304796
201807090010, 0.00358073
201807090020, 0.364692
201807090030, 0.0078125
201807090040, 0.0445964
201807090050, 0.0665148
201807090100, 0.11773
201807090110, 0.268338
201807090120, 0.400499
201807090130, 0.523546
201807090140, 1.02127
201807090150, 1.18316
201807090200, 2.11882
201807090210, 3.01747
201807090220, 3.97689
201807090230, 4.18848
201807090240, 4.07758
201807090250, 3.75532
201807090300, 5.16493
201807090310, 6.4834
201807090320, 6.9566
201807090330, 7.39247
201807090340, 7.39464
201807090350, 7.81142
201807090400, 7.89724
201807090410, 7.95432
201807090420, 8.30328
201807090430, 7.59104
201807090440, 5.62457
201807090450, 5.90582
201807090500, 4.91927
201807090510, 2.85308
201807090520, 1.60916
201807090530, 3.25282
201807090540, 2.72363
201807090550, 2.22602
201807090600, 2.78548
201807090610, 2.81912
201807090620, 3.06879
201807090630, 2.70595
201807090640, 2.92383
201807090650, 2.76031
201807090700, 2.29058
201807090710, 1.78136
201807090720, 1.77702
201807090730, 1.94401
201807090740, 1.74718
201807090750, 2.53852
201807090800, 1.34093
201807090810, 0.592231
201807090820, 0.267795
201807090830, 0.0912543
201807090840, 0.131076
201807090850, 0.393772
201807090900, 0.0810547
201807090910, 0.00878906
201807090920, 1.44227
201807090930, 0.0330946
201807090940, 0.413845
201807090950, 0.0115017
201807091000, 0.00379774
201807091010, 0.0113932
201807091020, 0.712023
201807091030, 0.837457
201807091040, 0.407118
201807091050, 0.00998264
201807091100, 0.0132378
201807091110, 0.0078125
201807091120, 0.00900608
201807091130, 0.0107422
201807091140, 0.00217014
201807091150, 0.0078125
201807091200, 0.00130208
201807091210, 0.0139974
201807091220, 0.0173611
201807091230, 0.0164931
201807091240, 0.414171
201807091250, 0.0094401
201807091300, 0.0118273
201807091310, 0.0419922
201807091320, 0.00434028
201807091330, 0.0062934
201807091340, 0.0437283
201807091350, 0.0168186
201807091400, 0.024197
201807091410, 0.00585938
201807091420, 0.0307075
201807091430, 0.0402561
201807091440, 0.0356988
201807091450, 0.0390625
201807091500, 0.039822
201807091510, 0.0251736
201807091520, 0.0370009
201807091530, 0.0208333
201807091540, 0.038737
201807091550, 0.00379774
201807091600, 0.0507812
201807091610, 0.0244141
201807091620, 0.0163845
201807091630, 0.0378689
201807091640, 0.0287543
201807091650, 0.00705295
201807091700, 0.02398
201807091710, 0.0292969
201807091720, 0.00640191
201807091730, 0.0321181
201807091740, 0.00770399
201807091750, 0.00531684
201807091800, 0.00889757
201807091810, 0.0122613
201807091820, 0.0148655
201807091830, 0.00694444
201807091840, 0.00119358
201807091850, 0.000651042
201807091900, 0.0406901
201807091910, 0.00542535
201807091920, 0.0221354
201807091930, 0.00900608
201807091940, 0.0745443
201807091950, 0.00857205
201807092000, 0.00531684
201807092010, 0.00792101
201807092020, 0.00531684
201807092030, 0.00998264
201807092040, 0.0188802
201807092050, 0.0117188
201807092100, 0.00434028
201807092110, 0.00303819
201807092120, 0.000868056
201807092130, 0
201807092140, 0.000108507
201807092150, 0
201807092200, 0
201807092210, 0
201807092220, 0
201807092230, 0.0245226
201807092240, 0.0844184
201807092250, 0.138129
201807092300, 0.169705
201807092310, 0.283854
201807092320, 0.361545
201807092330, 0.0197483
201807092340, 0.159614
201807092350, 0.752713
201807100000, 0.0078125
201807100010, 0.396267
201807100020, 0.0117188
201807100030, 0.18674
201807100040, 0.0802951
201807100050, 0.375109
201807100100, 0.624674
201807100110, 0.421658
201807100120, 0.954536
201807100130, 1.63336
201807100140, 2.41417
201807100150, 2.73882
201807100200, 2.52517
201807100210, 2.69314
201807100220, 3.01421
201807100230, 1.95334
201807100240, 1.95432
201807100250, 2.03928
201807100300, 1.2513
201807100310, 0.841471
201807100320, 1.17307
201807100330, 1.37587
201807100340, 0.860134
201807100350, 1.28299
201807100400, 1.14562
201807100410, 1.64453
201807100420, 1.37576
201807100430, 2.08865
201807100440, 1.64757
201807100450, 1.96246
201807100500, 1.69336
201807100510, 2.78581
201807100520, 2.90473
201807100530, 3.22363
201807100540, 4.18707
201807100550, 5.0357
201807100600, 5.60699
201807100610, 5.46441
201807100620, 5.45171
201807100630, 5.7615
201807100640, 6.37977
201807100650, 4.93077
201807100700, 5.13108
201807100710, 5.08485
201807100720, 4.53147
201807100730, 3.4873
201807100740, 2.90961
201807100750, 1.94803
201807100800, 2.30751
201807100810, 1.26714
201807100820, 1.05805
201807100830, 0.425239
201807100840, 0.119032
201807100850, 0.0244141
201807100900, 0.0113932
201807100910, 0.0465495
201807100920, 0.00889757
201807100930, 0.0184462
201807100940, 0.00726997
201807100950, 0.00488281
201807101000, 0.0110677
201807101010, 0.00846354
201807101020, 0.00705295
201807101030, 0.00716146
201807101040, 0.0109592
201807101050, 0.0270182
201807101100, 0.000434028
201807101110, 0.0125868
201807101120, 0.00542535
201807101130, 0.00141059
201807101140, 0.00141059
201807101150, 0
201807101200, 0.000651042
201807101210, 0.00292969
201807101220, 0.000542535
201807101230, 0.00792101
201807101240, 0.000542535
201807101250, 0
201807101300, 0.0111762
201807101310, 0.000434028
201807101320, 0.00368924
201807101330, 0.00141059
201807101340, 0.00260417
201807101350, 0.00911458
201807101400, 0.00238715
201807101410, 0.00292969
201807101420, 0.000759549
201807101430, 0.0016276
201807101440, 0.00217014
201807101450, 0.00683594
201807101500, 0.0250651
201807101510, 0.000759549
201807101520, 0.00227865
201807101530, 0.0666233
201807101540, 0.00911458
201807101550, 0.00759549
201807101600, 0.0209418
201807101610, 0.0479601
201807101620, 0.0078125
201807101630, 0.154622
201807101640, 0.695855
201807101650, 0.120985
201807101700, 0.273329
201807101710, 0.874349
201807101720, 1.60753
201807101730, 1.62923
201807101740, 2.28396
201807101750, 1.73188
201807101800, 1.74089
201807101810, 2.18012
201807101820, 2.80924
201807101830, 3.89779
201807101840, 3.58474
201807101850, 3.80197
201807101900, 4.09635
201807101910, 4.7015
201807101920, 3.54102
201807101930, 3.15441
201807101940, 2.03624
201807101950, 1.93099
201807102000, 1.50076
201807102010, 1.07954
201807102020, 0.869249
201807102030, 0.601454
201807102040, 0.0648872
201807102050, 0.147244
201807102100, 0.00423177
201807102110, 0.00965712
201807102120, 0.0122613
201807102130, 0.00217014
201807102140, 0.000217014
201807102150, 0.000651042
201807102200, 0.00759549
201807102210, 0.0101997
201807102220, 0.0139974
201807102230, 0.0534939
201807102240, 0.0657552
201807102250, 0.0642361
201807102300, 0.117405
201807102310, 0.158095
201807102320, 0.234918
201807102330, 0.643446
201807102340, 0.338867
201807102350, 0.583333
201807110000, 0.440104
201807110010, 0.609484
201807110020, 0.699653
201807110030, 0.730686
201807110040, 0.691298
201807110050, 0.503255
201807110100, 0.32997
201807110110, 0.558811
201807110120, 0.643338
201807110130, 1.13477
201807110140, 0.698351
201807110150, 1.08279
201807110200, 1.33898
201807110210, 1.26812
201807110220, 1.49599
201807110230, 1.2972
201807110240, 1.20041
201807110250, 1.20193
201807110300, 0.992839
201807110310, 0.923069
201807110320, 0.833984
201807110330, 0.722656
201807110340, 0.661458
201807110350, 0.583225
201807110400, 0.40842
201807110410, 0.157986
201807110420, 0.0442708
201807110430, 0.00249566
201807110440, 0.0328776
201807110450, 0.0061849
201807110500, 0.0439453
201807110510, 0.022678
201807110520, 0.0180122
201807110530, 0.109158
201807110540, 0.102105
201807110550, 0.0219184
201807110600, 0.030599
201807110610, 0.155056
201807110620, 0.0094401
201807110630, 0.000976562
201807110640, 0.00488281
201807110650, 0.0182292
201807110700, 0.0720486
201807110710, 0.191189
201807110720, 0.248047
201807110730, 0.0720486
201807110740, 0.106879
201807110750, 0.086046
201807110800, 0.0307075
201807110810, 0.0031467
201807110820, 0.0453559
201807110830, 0.151584
201807110840, 0.241319
201807110850, 0.0282118
201807110900, 0.000325521
201807110910, 0.000325521
201807110920, 0.108181
201807110930, 0.0123698
201807110940, 0
201807110950, 0
201807111000, 0.000434028
201807111010, 0.000651042
201807111020, 0
201807111030, 0
201807111040, 0.000976562
201807111050, 0
201807111110, 0.000325521
201807111120, 0.00292969
201807111130, 0.00217014
201807111140, 0
201807111150, 0.00195312
201807111200, 0.000542535
201807111210, 0.0436198
201807111220, 0.0641276
201807111230, 0.0258247
201807111240, 0.0278863
201807111250, 0.00379774
201807111300, 0.0125868
201807111310, 0.00434028
201807111320, 0.00271267
201807111330, 0.00282118
201807111340, 0.0129123
201807111350, 0.00195312
201807111400, 0.00184462
201807111410, 0
201807111420, 0.00607639
201807111430, 0.00271267
201807111440, 0.00271267
201807111450, 0.0108507
201807111500, 0.0107422
201807111510, 0.000108507
201807111520, 0.00575087
201807111530, 0
201807111540, 0.0219184
201807111550, 0.0129123
201807111600, 0.00195312
201807111610, 0.015191
201807111620, 0.0209418
201807111630, 0.0254991
201807111640, 0.0106337
201807111650, 0.0146484
201807111700, 0.0094401
201807111710, 0.0016276
201807111720, 0.00227865
201807111730, 0.00423177
201807111740, 0.00217014
201807111750, 0.00802951
201807111800, 0.000651042
201807111810, 0.000434028
201807111820, 0.00922309
201807111830, 0.0016276
201807111840, 0.00672743
201807111850, 0.383138
201807111900, 0.289388
201807111910, 0.302843
201807111920, 0.126953
201807111930, 0.054362
201807111940, 0.120226
201807111950, 0.0182292
201807112000, 0.0195312
201807112010, 0.0094401
201807112020, 0.0374349
201807112030, 0.00748698
201807112040, 0.0999349
201807112050, 0.00651042
201807112100, 0.0590278
201807112110, 0.131944
201807112120, 0.712891
201807112130, 0.99056
201807112140, 0.916016
201807112150, 0.8023
201807112200, 0.935221
201807112210, 0.397027
201807112220, 0.0896267
201807112230, 0.119466
201807112240, 0.0786675
201807112250, 0.202799
201807112300, 0.111111
201807112310, 0.37934
201807112320, 0.46799
201807112330, 0.262912
201807112340, 0.121853
201807112350, 0.211155
201807120000, 0.720812
201807120010, 0.766168
201807120020, 0.707574
201807120030, 0.771159
201807120040, 0.701823
201807120050, 0.772135
201807120100, 0.629449
201807120110, 0.282552
201807120120, 0.28049
201807120130, 0.647786
201807120140, 0.525282
201807120150, 0.492513
201807120200, 0.460286
201807120210, 0.479926
201807120220, 0.360894
201807120230, 0.350477
201807120240, 0.330946
201807120250, 0.323242
201807120300, 0.334635
201807120310, 0.34885
201807120320, 0.285699
201807120330, 0.338216
201807120340, 0.343424
201807120350, 0.347439
201807120400, 0.433268
201807120410, 0.409939
201807120420, 0.445638
201807120430, 0.429905
201807120440, 0.349501
201807120450, 0.315972
201807120500, 0.147895
201807120510, 0.15701
201807120520, 0.156576
201807120530, 0.0610894
201807120540, 0.0322266
201807120550, 0.0240885
201807120600, 0.070421
201807120610, 0.0686849
201807120620, 0.0123698
201807120630, 0.039822
201807120640, 0.0525174
201807120650, 0.134006
201807120700, 0.086046
201807120710, 0.0431858
201807120720, 0.0729167
201807120730, 0.163303
201807120740, 0.0556641
201807120750, 0.0272352
201807120800, 0.0118273
201807120810, 0.000325521
201807120820, 0.000542535
201807120830, 0
201807120840, 0
201807120850, 0.00173611
201807120900, 0
201807120910, 0.000217014
201807120920, 0
201807120930, 0.0219184
201807120940, 0.00705295
201807120950, 0.000434028
201807121000, 0
201807121010, 0.000868056
201807121020, 0
201807121030, 0
201807121040, 0.0016276
201807121050, 0
201807121100, 0.000217014
201807121110, 0
201807121120, 0
201807121130, 0
201807121140, 0
201807121150, 0.00434028
201807121200, 0.0061849
201807121210, 0.00173611
201807121220, 0.00184462
201807121230, 0.00748698
201807121240, 0.00792101
201807121250, 0.00368924
201807121300, 0.000108507
201807121310, 0.0131293
201807121320, 0.00640191
201807121330, 0.0198568
201807121340, 0.00553385
201807121350, 0.0222439
201807121400, 0.0301649
201807121410, 0.0417752
201807121420, 0.0169271
201807121430, 0.0337457
201807121440, 0.023329
201807121450, 0.0371094
201807121500, 0.0482856
201807121510, 0.022678
201807121520, 0.00368924
201807121530, 0.0578342
201807121540, 0.00878906
201807121550, 0.0251736
201807121600, 0.0270182
201807121610, 0.0170356
201807121620, 0.0461155
201807121630, 0.0250651
201807121640, 0.185438
201807121650, 0.114258
201807121700, 0.636285
201807121710, 0.830187
201807121720, 1.0549
201807121730, 1.03982
201807121740, 0.992839
201807121750, 1.08019
201807121800, 1.07476
201807121810, 0.93099
201807121820, 0.800998
201807121830, 0.734049
201807121840, 0.721137
201807121850, 0.705512
201807121900, 0.587565
201807121910, 0.681966
201807121920, 0.418728
201807121930, 0.331814
201807121940, 0.271159
201807121950, 0.227214
201807122000, 0.16059
201807122010, 0.140734
201807122020, 0.0988498
201807122030, 0.0595703
201807122040, 0.062066
201807122050, 0.238607
201807122100, 0.113607
201807122110, 0.172418
201807122120, 0.331923
201807122130, 0.0745443
201807122140, 0.282986
201807122150, 0.0556641
201807122200, 0.123155
201807122210, 0.229818
201807122220, 0.140516
201807122230, 0.133789
201807122240, 0.252279
201807122250, 0.10612
201807122300, 0.68674
201807122310, 0.444444
201807122320, 0.346354
201807122330, 0.772569
201807122340, 0.700955
201807122350, 0.315321
201807130000, 0.169379
201807130010, 0.182509
201807130020, 0.173611
201807130030, 0.237739
201807130040, 0.0700955
201807130050, 0.23329
201807130100, 0.222114
201807130110, 0.00564236
201807130120, 0.00607639
201807130130, 0.00575087
201807130140, 0.030599
201807130150, 0.113824
201807130200, 0.245985
201807130210, 0.143446
201807130220, 0.272569
201807130230, 0.108073
201807130240, 0.29796
201807130250, 0.352322
201807130300, 0.478733
201807130310, 0.87934
201807130320, 0.903212
201807130330, 0.446181
201807130340, 0.998372
201807130350, 0.770399
201807130400, 0.650716
201807130410, 0.633247
201807130420, 0.485352
201807130430, 0.5523
201807130440, 0.655165
201807130450, 0.264323
201807130500, 0.216363
201807130510, 0.0677083
201807130520, 0.238281
201807130530, 0.457574
201807130540, 0.617296
201807130550, 0.999783
201807130600, 1.00608
201807130610, 1.20095
201807130620, 1.03309
201807130630, 0.803385
201807130640, 0.475586
201807130650, 0.389106
201807130700, 0.274089
201807130710, 0.483941
201807130720, 0.00640191
201807130730, 0.0179036
201807130740, 0.0202908
201807130750, 0.000108507
201807130800, 0.00227865
201807130810, 0.00444878
201807130820, 0
201807130830, 0
201807130840, 0.000868056
201807130850, 0.00325521
201807130900, 0.000759549
201807130910, 0.00401476
201807130920, 0.00520833
201807130930, 0.00282118
201807130940, 0.00640191
201807130950, 0.00976562
201807131000, 0.016059
201807131010, 0.169813
201807131020, 0.653429
201807131030, 0.73839
201807131040, 1.02517
201807131050, 1.19553
201807131100, 1.50857
201807131110, 1.44488
201807131120, 0.252821
201807131130, 1.61621
201807131140, 2.02333
201807131150, 1.49002
201807131200, 1.96105
201807131210, 2.17307
201807131220, 2.96365
201807131230, 3.69694
201807131240, 4.36361
201807131250, 4.36198
201807131300, 5.52268
201807131310, 6.47613
201807131320, 6.54546
201807131330, 6.07791
201807131340, 6.11089
201807131350, 5.8316
201807131400, 5.74056
201807131410, 5.56793
201807131420, 6.28168
201807131430, 6.85807
201807131440, 6.18414
201807131450, 6.65668
201807131500, 6.88531
201807131510, 6.48166
201807131520, 6.38661
201807131530, 6.20627
201807131540, 7.04872
201807131550, 6.0791
201807131600, 5.7309
201807131610, 5.59256
201807131620, 6.0816
201807131630, 6.09256
201807131640, 6.3048
201807131650, 5.83529
201807131700, 5.40592
201807131710, 4.94705
201807131720, 3.95551
201807131730, 3.71398
201807131740, 3.69184
201807131750, 3.25521
201807131800, 3.18967
201807131810, 2.96484
201807131820, 2.82487
201807131830, 3.13162
201807131840, 2.89345
201807131850, 2.74913
201807131900, 2.54156
201807131910, 2.22233
201807131920, 2.23166
201807131930, 2.3648
201807131940, 1.78049
201807131950, 2.11447
201807132000, 1.86545
201807132010, 2.01465
201807132020, 1.91395
201807132030, 2.25499
201807132040, 2.44585
201807132050, 2.1811
201807132100, 1.97114
201807132110, 2.13628
201807132120, 2.06662
201807132130, 2.3087
201807132140, 2.15506
201807132150, 2.1696
201807132200, 2.18012
201807132210, 2.21289
201807132220, 2.20822
201807132230, 2.32628
201807132240, 2.26345
201807132250, 2.74457
201807132300, 2.88064
201807132310, 3.54329
201807132320, 4.10026
201807132330, 4.26562
201807132340, 4.43077
201807132350, 4.54112
201807140000, 4.8839
201807140010, 4.98926
201807140020, 6.03635
201807140030, 6.26096
201807140040, 5.47884
201807140050, 5.09928
201807140100, 4.40918
201807140110, 4.6352
201807140120, 4.91916
201807140130, 4.90224
201807140140, 5.25998
201807140150, 4.84071
201807140200, 4.76704
201807140210, 4.78798
201807140220, 5.03299
201807140230, 4.88878
201807140240, 4.63845
201807140250, 4.46495
201807140300, 4.6582
201807140310, 4.34896
201807140320, 3.9158
201807140330, 4.07639
201807140340, 4.24436
201807140350, 4.30523
201807140400, 4.29612
201807140410, 3.9502
201807140420, 3.53982
201807140430, 3.69325
201807140440, 3.97678
201807140450, 2.62142
201807140500, 2.04156
201807140510, 1.57086
201807140520, 1.04427
201807140530, 0.771593
201807140540, 0.559679
201807140550, 0.565972
201807140600, 0.457899
201807140610, 0.198134
201807140620, 0.234809
201807140630, 0.145616
201807140640, 0.114909
201807140650, 0.291775
201807140700, 0.519206
201807140710, 0.293294
201807140720, 0.218424
201807140730, 0.157444
201807140740, 0.117622
201807140750, 0.208116
201807140800, 0.271701
201807140810, 0.0247396
201807140820, 0.560764
201807140830, 1.09549
201807140840, 1.12044
201807140850, 0.933919
201807140900, 0.0755208
201807140910, 0.0321181
201807140920, 0.000108507
201807140930, 0.00792101
201807140940, 0.0260417
201807140950, 0.0213759
201807141010, 0.0093316
201807141020, 0.0207248
201807141030, 0.0093316
201807141040, 0.0120443
201807141050, 0.0139974
201807141100, 0.0110677
201807141110, 0.00759549
201807141120, 0.0175781
201807141130, 0.0232205
201807141140, 0.0138889
201807141150, 0.00987413
201807141200, 0.0100911
201807141210, 0.00683594
201807141220, 0.00661892
201807141230, 0
201807141240, 0.00965712
201807141250, 0
201807141300, 0
201807141310, 0
201807141320, 0.00889757
201807141330, 0.202474
201807141340, 0.0119358
201807141350, 0.00846354
201807141400, 0.0215929
201807141410, 0.283637
201807141420, 0.340278
201807141430, 0.25803
201807141440, 0.6926
201807141450, 1.07932
201807141500, 0.836155
201807141510, 0.283746
201807141520, 2.12836
201807141530, 2.25184
201807141540, 3.27344
201807141550, 2.96213
201807141600, 3.10091
201807141610, 1.26497
201807141620, 2.80187
201807141630, 2.54004
201807141640, 2.4477
201807141650, 0.799154
201807141700, 1.57086
201807141710, 2.34277
201807141720, 2.14355
201807141730, 2.87272
201807141740, 2.19412
201807141750, 2.34006
201807141800, 1.78136
201807141810, 1.60384
201807141820, 2.64551
201807141830, 2.7015
201807141840, 2.27593
201807141850, 3.0268
201807141900, 3.61567
201807141910, 4.17361
201807141920, 4.38086
201807141930, 4.3954
201807141940, 4.72049
201807141950, 5.01769
201807142000, 4.88097
201807142010, 4.80946
201807142020, 4.8048
201807142030, 4.30653
201807142040, 4.35786
201807142050, 4.24316
201807142100, 3.98828
201807142110, 4.51877
201807142120, 4.29384
201807142130, 4.79188
201807142140, 5.3852
201807142150, 5.97385
201807142200, 5.70464
201807142210, 5.64898
201807142220, 6.51161
201807142230, 7.80697
201807142240, 6.5549
201807142250, 6.53765
201807142300, 6.92437
201807142310, 5.70562
201807142320, 5.1224
201807142330, 4.21343
201807142340, 3.93099
201807142350, 2.45443
201807150000, 3.22472
201807150010, 3.43859
201807150020, 3.71723
201807150030, 4.11816
201807150040, 4.53689
201807150050, 4.88639
201807150100, 4.28309
201807150110, 4.12598
201807150120, 3.32639
201807150130, 3.03451
201807150140, 2.87576
201807150150, 2.39171
201807150200, 2.37999
201807150210, 1.97385
201807150220, 1.63336
201807150230, 1.30621
201807150240, 1.66851
201807150250, 1.61111
201807150300, 1.3099
201807150310, 1.06977
201807150320, 1.28874
201807150330, 0.971571
201807150340, 0.703342
201807150350, 0.198134
201807150400, 0.219835
201807150410, 0.131185
201807150420, 0.157878
201807150430, 0.414822
201807150440, 0.368381
201807150450, 0.215929
201807150500, 0.181966
201807150510, 0.50651
201807150520, 0.539931
201807150530, 0.405707
201807150540, 0.394097
201807150550, 0.200738
201807150600, 0.142253
201807150610, 0.0311415
201807150620, 0.046441
201807150630, 0.0179036
201807150640, 0.0454644
201807150650, 0.0136719
201807150700, 0.022678
201807150710, 0.0061849
201807150720, 0.0251736
201807150730, 0.219835
201807150740, 0.585069
201807150750, 0.75944
201807150800, 0.917643
201807150810, 0.803928
201807150820, 0.924913
201807150830, 1.39475
201807150840, 0.375977
201807150850, 0.427626
201807150900, 0.439996
201807150910, 0.402018
201807150920, 0.464844
201807150930, 0.373806
201807150940, 0.31543
201807150950, 0.321832
201807151000, 0.190755
201807151010, 0.186849
201807151020, 0.00835503
201807151030, 0.0122613
201807151040, 0.00683594
201807151050, 0.00347222
201807151100, 0.00651042
201807151110, 0.0062934
201807151120, 0.0093316
201807151130, 0.00238715
201807151140, 0.0520833
201807151150, 0.00813802
201807151200, 0.129883
201807151210, 0.374023
201807151220, 0.528429
201807151230, 0.582899
201807151240, 0.735894
201807151250, 0.750543
201807151300, 0.67806
201807151310, 0.698351
201807151320, 0.495117
201807151330, 0.657552
201807151340, 0.912543
201807151350, 0.953234
201807151400, 0.792752
201807151410, 0.86122
201807151420, 0.905599
201807151430, 1.06337
201807151440, 1.21322
201807151450, 1.2449
201807151500, 1.31315
201807151510, 1.43435
201807151520, 1.49175
201807151530, 1.30013
201807151540, 1.42177
201807151550, 1.41819
201807151600, 1.34234
201807151610, 1.41016
201807151620, 1.45378
201807151630, 1.48557
201807151640, 1.40104
201807151650, 1.38965
201807151700, 1.41851
201807151710, 1.42513
201807151720, 1.74577
201807151730, 1.56087
201807151740, 1.52083
201807151750, 1.2908
201807151800, 1.03407
201807151810, 1.28027
201807151820, 0.903212
201807151830, 1.11936
201807151840, 1.21354
201807151850, 1.01161
201807151900, 1.72591
201807151910, 1.49566
201807151920, 2.08474
201807151930, 1.72732
201807151940, 1.84918
201807151950, 1.43533
201807152000, 2.83225
201807152010, 1.93045
201807152020, 1.84733
201807152030, 2.375
201807152040, 1.85189
201807152050, 2.61382
201807152100, 2.85503
201807152110, 3.2449
201807152120, 3.86415
201807152130, 3.41645
201807152140, 2.6697
201807152150, 2.64833
201807152200, 3.25423
201807152210, 2.27745
201807152220, 2.49544
201807152230, 2.43913
201807152240, 1.86556
201807152250, 1.98058
201807152300, 2.57335
201807152310, 2.28114
201807152320, 1.68685
201807152330, 1.36914
201807152340, 1.3686
201807152350, 2.43175
201807160000, 2.77138
201807160010, 2.45421
201807160020, 1.89692
201807160030, 1.92849
201807160040, 2.71973
201807160050, 3.52246
201807160100, 3.92556
201807160110, 4.48785
201807160120, 5.97211
201807160130, 6.57357
201807160140, 6.77279
201807160150, 6.90766
201807160200, 6.77713
201807160210, 6.30718
201807160220, 7.00977
201807160230, 7.1365
201807160240, 6.83572
201807160250, 6.48112
201807160300, 6.51476
201807160310, 6.86024
201807160320, 7.64931
201807160330, 7.4031
201807160340, 7.63097
201807160350, 7.26584
201807160400, 7.00022
201807160410, 7.46441
201807160420, 9.06879
201807160430, 8.50955
201807160440, 8.18967
201807160450, 7.52376
201807160500, 6.51074
201807160510, 6.68815
201807160520, 6.39659
201807160530, 6.73709
201807160540, 6.63574
201807160550, 6.6607
201807160600, 6.79156
201807160610, 6.97016
201807160620, 7.03125
201807160630, 7.18902
201807160640, 7.77409
201807160650, 7.58908
201807160700, 7.49523
201807160710, 7.41732
201807160720, 7.26053
201807160730, 7.34245
201807160740, 7.34625
201807160750, 7.30762
201807160800, 7.02116
201807160810, 7.3916
201807160820, 7.79557
201807160830, 7.97396
201807160840, 7.9962
201807160850, 7.84961
201807160900, 7.31055
201807160910, 7.10894
201807160920, 7.20128
201807160930, 7.16016
201807160940, 7.14627
201807160950, 7.09418
201807161000, 6.98655
201807161010, 7.18468
201807161020, 6.95334
201807161030, 6.44151
201807161040, 6.24935
201807161050, 5.76997
201807161100, 5.54655
201807161110, 4.95334
201807161120, 4.6875
201807161130, 4.41233
201807161140, 4.63932
201807161150, 4.50955
201807161200, 4.60623
201807161210, 4.77648
201807161220, 4.92155
201807161230, 5.23405
201807161240, 5.49197
201807161250, 5.4758
201807161300, 5.41439
201807161310, 5.08974
201807161320, 5.2372
201807161330, 4.61089
201807161340, 4.30838
201807161350, 4.26736
201807161400, 3.53526
201807161410, 3.20964
201807161420, 2.58876
201807161430, 2.25347
201807161440, 2.38205
201807161450, 2.63498
201807161500, 2.69803
201807161510, 1.65951
201807161520, 1.40766
201807161530, 0.825521
201807161540, 0.482639
201807161550, 0.449002
201807161600, 0.846897
201807161610, 1.07834
201807161620, 1.389
201807161630, 1.0893
201807161640, 0.839952
201807161650, 0.574761
201807161700, 0.427083
201807161710, 0.130968
201807161720, 0.202582
201807161730, 0.528754
201807161740, 0.477431
201807161750, 0.658854
201807161800, 0.395399
201807161810, 0.369575
201807161820, 0.508572
201807161830, 0.511936
201807161840, 0.670139
201807161850, 0.651801
201807161900, 0.881619
201807161910, 0.975694
201807161920, 1.13314
201807161930, 0.952474
201807161940, 1.06717
201807161950, 1.0829
201807162000, 1.3674
201807162010, 1.36806
201807162020, 1.2474
201807162030, 1.26183
201807162040, 1.42491
201807162050, 1.45388
201807162100, 1.62164
201807162110, 1.31662
201807162120, 1.29666
201807162130, 1.20128
201807162140, 1.2156
201807162150, 1.70519
201807162200, 1.5804
201807162210, 2.17003
201807162220, 2.14822
201807162230, 2.26649
201807162240, 2.26313
201807162250, 2.93989
201807162300, 3.16439
201807162310, 3.38043
201807162320, 3.75326
201807162330, 3.33062
201807162340, 3.69976
201807162350, 2.74295
201807170000, 3.28863
201807170010, 4.09494
201807170020, 4.12684
201807170030, 4.28971
201807170040, 4.39996
201807170050, 5.43457
201807170100, 5.97645
201807170110, 6.56055
201807170120, 7.77485
201807170130, 8.87695
201807170140, 9.00922
201807170150, 10.3318
201807170200, 10.3072
201807170210, 9.95378
201807170220, 9.69607
201807170230, 10.404
201807170240, 10.1432
201807170250, 9.85601
201807170300, 9.10525
201807170310, 9.57986
201807170320, 10.1475
201807170330, 10.0802
201807170340, 9.99588
201807170350, 10.2482
201807170400, 9.8048
201807170410, 9.72342
201807170420, 10.028
201807170430, 9.77333
201807170440, 9.71886
201807170450, 9.19781
201807170500, 8.81586
201807170510, 8.82411
201807170520, 8.82227
201807170530, 9.00391
201807170540, 8.8929
201807170550, 8.4923
201807170600, 8.10764
201807170610, 8.18186
201807170620, 8.15234
201807170630, 8.26345
201807170640, 7.15734
201807170650, 7.02821
201807170700, 6.33127
201807170710, 5.85243
201807170720, 5.90213
201807170730, 5.0268
201807170740, 5.86306
201807170750, 6.19889
201807170800, 6.42285
201807170810, 4.61057
201807170820, 6.12489
201807170830, 5.96083
201807170840, 5.90994
201807170850, 4.02127
201807170900, 3.19358
201807170910, 3.41905
201807170920, 3.09983
201807170930, 2.32509
201807170940, 1.46213
201807170950, 1.91319
201807171000, 1.62858
201807171010, 2.25977
201807171020, 1.80219
201807171030, 2.2628
201807171040, 1.94748
201807171050, 1.93869
201807171100, 2.12522
201807171110, 1.71148
201807171120, 1.90017
201807171130, 2.14236
201807171140, 1.9401
201807171150, 1.41178
201807171200, 1.58648
201807171210, 1.47266
201807171220, 1.15809
201807171230, 1.21615
201807171240, 0.665582
201807171250, 0.10395
201807171300, 0
201807171310, 0
201807171320, 0.486871
201807171330, 0.226237
201807171340, 0.18826
201807171350, 0.52908
201807171400, 0.972222
201807171410, 1.66558
201807171420, 1.81402
201807171430, 2.39833
201807171440, 1.89323
201807171450, 3.00467
201807171500, 3.67046
201807171510, 3.75315
201807171520, 3.04145
201807171530, 3.46951
201807171540, 2.09104
201807171550, 3.81131
201807171600, 3.28385
201807171610, 3.27886
201807171620, 2.30284
201807171630, 1.63737
201807171640, 2.98817
201807171650, 2.71908
201807171700, 3.04102
201807171710, 1.9783
201807171720, 2.87891
201807171730, 2.824
201807171740, 2.03906
201807171750, 1.6071
201807171800, 0.599718
201807171810, 1.05458
201807171820, 0.816406
201807171830, 1.25846
201807171840, 0.915256
201807171850, 0.853516
201807171900, 1.34581
201807171910, 0.958876
201807171920, 0.161892
201807171930, 0.0745443
201807171940, 0.0367839
201807171950, 0.0884332
201807172000, 0.0600043
201807172010, 0.0251736
201807172020, 0.0980903
201807172030, 0.00260417
201807172040, 0.0923394
201807172050, 0.0474175
201807172100, 0.0169271
201807172110, 0.0417752
201807172120, 0.1199
201807172130, 0.0246311
201807172140, 0.0482856
201807172150, 0.00260417
201807172200, 0.00379774
201807172210, 0.0210503
201807172220, 0.0110677
201807172230, 0.159614
201807172240, 0.278646
201807172250, 0.398763
201807172310, 0.713976
201807172320, 1.10883
201807172330, 1.48014
201807172340, 1.54351
201807172350, 1.75174
201807180000, 1.9273
201807180010, 1.7181
201807180020, 2.10731
201807180030, 2.50022
201807180040, 3.37923
201807180050, 4.69488
201807180100, 5.59527
201807180110, 5.98611
201807180120, 6.43663
201807180130, 6.08366
201807180140, 5.91721
201807180150, 5.84364
201807180200, 4.9681
201807180210, 5.24099
201807180220, 5.72038
201807180230, 4.79384
201807180240, 4.56977
201807180250, 4.23318
201807180300, 4.73036
201807180310, 4.42969
201807180320, 3.79861
201807180330, 4.17177
201807180340, 4.66808
201807180350, 4.93566
201807180400, 5.10645
201807180410, 5.47732
201807180420, 5.42752
201807180430, 5.97732
201807180440, 5.70801
201807180450, 5.46072
201807180500, 6.12717
201807180510, 5.05241
201807180520, 5.89909
201807180530, 5.2423
201807180540, 4.47439
201807180550, 3.80946
201807180600, 3.80968
201807180610, 2.64334
201807180620, 2.29753
201807180630, 0.768446
201807180640, 0.83355
201807180650, 0.93674
201807180700, 0.802951
201807180710, 0.670573
201807180720, 0.502387
201807180730, 0.605252
201807180740, 1.02138
201807180750, 1.23416
201807180800, 1.23665
201807180810, 1.18273
201807180820, 0.538954
201807180830, 0.878038
201807180840, 1.05187
201807180850, 0.279514
201807180900, 0.0655382
201807180910, 0.167318
201807180920, 0.152452
201807180930, 0.0200738
201807180940, 0.0110677
201807180950, 0.0290799
201807181000, 0.00195312
201807181010, 0.00575087
201807181020, 0
201807181030, 0.00195312
201807181040, 0.00108507
201807181050, 0.000542535
201807181100, 0.00737847
201807181110, 0.0248481
201807181120, 0.00477431
201807181130, 0.00271267
201807181140, 0.0592448
201807181150, 0.0078125
201807181200, 0.00531684
201807181210, 0.00792101
201807181220, 0.00542535
201807181230, 0.00889757
201807181240, 0.00585938
201807181250, 0.00184462
201807181300, 0.00368924
201807181310, 0.0489366
201807181320, 0.000108507
201807181330, 0.000217014
201807181340, 0.0525174
201807181350, 0.140734
201807181400, 0.119358
201807181410, 0.106988
201807181420, 0.195095
201807181430, 0.153863
201807181440, 0.156576
201807181450, 0.0917969
201807181500, 0.0405816
201807181510, 0.0185547
201807181520, 0.0126953
201807181530, 0.0167101
201807181540, 0.00249566
201807181550, 0.0144314
201807181600, 0.00325521
201807181610, 0.0202908
201807181620, 0.00987413
201807181630, 0.0163845
201807181640, 0.00195312
201807181650, 0.0137804
201807181700, 0.00672743
201807181710, 0.00249566
201807181720, 0.00455729
201807181730, 0.0188802
201807181740, 0.039605
201807181750, 0.0504557
201807181800, 0.00596788
201807181820, 0.106554
201807181830, 0.143989
201807181840, 0.0138889
201807181850, 0.0452474
201807181900, 0.0274523
201807181910, 0.0429688
201807181920, 0.0444878
201807181930, 0.161024
201807181940, 0.0304905
201807181950, 0.00531684
201807182000, 0.0116102
201807182010, 0.00401476
201807182020, 0.0532769
201807182030, 0.000217014
201807182040, 0.110677
201807182050, 0.0195312
201807182100, 0.0188802
201807182110, 0.0263672
201807182120, 0.0556641
201807182130, 0.0786675
201807182140, 0.289605
201807182150, 0.0690104
201807182200, 0.209418
201807182210, 0.444878
201807182220, 1.08453
201807182230, 1.85829
201807182240, 2.89345
201807182250, 2.50456
201807182300, 3.30111
201807182310, 3.59668
201807182320, 3.72884
201807182330, 4.1811
201807182340, 4.40527
201807182350, 4.4847
201807190000, 4.67947
201807190010, 3.98958
201807190020, 4.10948
201807190030, 3.69347
201807190040, 3.4452
201807190050, 3.6926
201807190100, 2.81196
201807190110, 3.04915
201807190120, 3.85048
201807190130, 3.89941
201807190140, 3.98557
201807190150, 4.47917
201807190200, 4.57324
201807190210, 4.70985
201807190220, 4.52941
201807190230, 4.67947
201807190240, 4.56489
201807190250, 4.62652
201807190300, 4.61578
201807190310, 4.41406
201807190320, 4.43414
201807190330, 4.80132
201807190340, 4.29915
201807190350, 4.45204
201807190400, 4.33865
201807190410, 4.43023
201807190420, 4.42904
201807190430, 4.06337
201807190440, 3.69911
201807190450, 3.49392
201807190500, 3.67828
201807190510, 3.50987
201807190520, 3.20714
201807190530, 3.23112
201807190540, 2.94748
201807190550, 2.96962
201807190600, 2.97363
201807190610, 2.77919
201807190620, 2.19683
201807190630, 1.40451
201807190640, 1.13921
201807190650, 0.875977
201807190700, 0.738715
201807190710, 0.556858
201807190720, 0.695964
201807190730, 0.409939
201807190740, 0.421549
201807190750, 0.148438
201807190800, 0.130317
201807190810, 0.148329
201807190820, 0.0639106
201807190830, 0.0100911
201807190840, 0.000868056
201807190850, 0.00130208
201807190900, 0.00423177
201807190910, 0.00520833
201807190920, 0.014974
201807190930, 0.0148655
201807190950, 0.0815972
201807191000, 0.0684679
201807191010, 0.0120443
201807191020, 0.00792101
201807191030, 0.00347222
201807191040, 0.000651042
201807191050, 0.000542535
201807191100, 0.00119358
201807191110, 0.132053
201807191120, 0.00379774
201807191130, 0.000325521
201807191140, 0.00282118
201807191150, 0.000217014
201807191200, 0.0414497
201807191210, 0.00889757
201807191220, 0.0104167
201807191230, 0.0108507
201807191240, 0.00358073
201807191250, 0.0184462
201807191300, 0.00661892
201807191310, 0.0337457
201807191320, 0.0322266
201807191330, 0.0300564
201807191340, 0.0487196
201807191350, 0.0263672
201807191400, 0.0519748
201807191410, 0.0581597
201807191420, 0.168077
201807191430, 0.030599
201807191440, 0.0182292
201807191450, 0
201807191500, 0.00130208
201807191510, 0.113281
201807191520, 0.0348307
201807191530, 0.0772569
201807191540, 0.0203993
201807191550, 0.0200738
201807191600, 0.0155165
201807191610, 0.0284288
201807191620, 0.0309245
201807191630, 0.0438368
201807191640, 0.0476345
201807191650, 0.070421
201807191700, 0.32411
201807191710, 0.166016
201807191720, 0.213325
201807191730, 0.109484
201807191740, 0.339518
201807191750, 0.748481
201807191800, 0.40408
201807191810, 0.434136
201807191820, 0.647352
201807191830, 0.198568
201807191840, 0.0762804
201807191850, 0.221571
201807191900, 0.00282118
201807191910, 0.0534939
201807191920, 0.224826
201807191930, 0.243598
201807191940, 0.494032
201807191950, 1.28689
201807192000, 1.76769
201807192010, 1.81174
201807192020, 1.90951
201807192030, 2.33268
201807192040, 2.29763
201807192050, 2.32107
201807192100, 2.6403
201807192110, 2.22645
201807192120, 2.27159
201807192130, 2.35525
201807192140, 2.34559
201807192150, 1.62587
201807192200, 1.56228
201807192210, 1.48546
201807192220, 1.72016
201807192230, 1.33051
201807192240, 2.43631
201807192250, 2.46072
201807192300, 2.94032
201807192310, 3.50857
201807192320, 4.27539
201807192330, 5.13639
201807192340, 5.50119
201807192350, 6.09451
201807200000, 6.13596
201807200010, 6.46484
201807200020, 5.55783
201807200030, 5.0714
201807200040, 5.68967
201807200050, 6.55588
201807200100, 7.03961
201807200110, 6.91873
201807200120, 7.51161
201807200130, 8.20985
201807200140, 8.54861
201807200150, 8.88509
201807200200, 9.22146
201807200210, 9.31879
201807200220, 9.37413
201807200230, 9.3826
201807200240, 9.12424
201807200250, 8.91461
201807200300, 9.27941
201807200310, 8.33138
201807200320, 8.20649
201807200330, 8.09766
201807200340, 7.57064
201807200350, 7.76541
201807200400, 7.39073
201807200410, 6.95898
201807200420, 7.26801
201807200430, 7.10156
201807200440, 7.3648
201807200450, 7.32183
201807200500, 7.67122
201807200510, 7.64931
201807200520, 7.33583
201807200530, 7.49154
201807200540, 6.56141
201807200550, 6.11263
201807200600, 4.98872
201807200610, 4.70171
201807200620, 4.34907
201807200630, 4.39963
201807200640, 3.68859
201807200650, 3.81217
201807200700, 3.14974
201807200710, 3.16526
201807200720, 2.93077
201807200730, 2.6505
201807200740, 2.53982
201807200750, 2.32726
201807200800, 2.5395
201807200810, 2.77181
201807200820, 2.5191
201807200830, 3.03212
201807200840, 2.79297
201807200850, 2.16005
201807200900, 1.66005
201807200910, 1.64225
201807200920, 1.34201
201807200930, 1.37522
201807200940, 0.574436
201807200950, 0.888021
201807201000, 0.728082
201807201010, 0.51161
201807201020, 0.115126
201807201030, 0.086697
201807201040, 0.0145399
201807201050, 0.0551215
201807201100, 0.0259332
201807201110, 0.00661892
201807201120, 0.000434028
201807201130, 0.0120443
201807201140, 0.00596788
201807201150, 0.00271267
201807201200, 0.00292969
201807201210, 0.00488281
201807201220, 0.00499132
201807201230, 0.00336372
201807201240, 0.0209418
201807201250, 0.00282118
201807201300, 0.0179036
201807201310, 0.0138889
201807201320, 0.0410156
201807201330, 0.428168
201807201340, 0.40842
201807201350, 0.494792
201807201400, 0.446723
201807201410, 0.144965
201807201420, 0.282118
201807201430, 0.31684
201807201440, 0.192383
201807201450, 0.189019
201807201500, 0.141385
201807201510, 0.104492
201807201520, 0.694444
201807201530, 0.314996
201807201540, 0.535265
201807201550, 0.387044
201807201600, 0.593967
201807201610, 0.93099
201807201620, 0.564345
201807201630, 0.371419
201807201640, 0.21951
201807201650, 0.204102
201807201700, 0.11122
201807201710, 0.110894
201807201720, 0.069987
201807201730, 0.173611
201807201740, 0.0367839
201807201750, 0.0467665
201807201800, 0.0167101
201807201810, 0.0203993
201807201820, 0.0246311
201807201830, 0.0220269
201807201840, 0.0350477
201807201850, 0.0278863
201807201900, 0.0350477
201807201910, 0.0155165
201807201920, 0.0285373
201807201930, 0.0168186
201807201940, 0.022678
201807201950, 0.0336372
201807202000, 0.0168186
201807202010, 0.0211589
201807202020, 0.0247396
201807202030, 0.0177951
201807202040, 0.0187717
201807202050, 0.0300564
201807202100, 0.0164931
201807202110, 0.0265842
201807202120, 0.174805
201807202130, 0.00661892
201807202140, 0.0288628
201807202150, 0.173069
201807202200, 0.165907
201807202210, 0.155707
201807202220, 0.0995009
201807202230, 0.147786
201807202240, 0.239692
201807202250, 0.239583
201807202300, 0.226562
201807202310, 0.234375
201807202320, 0.24566
201807202330, 0.218207
201807202340, 0.347005
201807202350, 0.334527
201807210000, 0.494466
201807210010, 0.347873
201807210020, 0.93826
201807210030, 1.1748
201807210040, 1.53602
201807210050, 2.94184
201807210100, 3.81619
201807210110, 5.76411
201807210120, 7.09809
201807210130, 8.53342
201807210140, 9.30306
201807210150, 9.95855
201807210200, 10.3747
201807210210, 10.4689
201807210220, 11.1523
201807210230, 11.5066
201807210240, 11.5537
201807210250, 11.7337
201807210300, 12.0808
201807210310, 12.7038
201807210320, 12.8605
201807210330, 12.8596
201807210340, 12.6291
201807210350, 12.1496
201807210400, 11.8343
201807210410, 10.8719
201807210420, 10.6186
201807210430, 8.66623
201807210440, 7.87099
201807210450, 7.8316
201807210500, 6.55208
201807210510, 5.70931
201807210520, 5.54753
201807210530, 4.83767
201807210540, 4.56076
201807210550, 3.98058
201807210600, 3.96083
201807210610, 3.36502
201807210620, 3.54774
201807210630, 3.49392
201807210640, 3.33366
201807210650, 2.91884
201807210700, 2.84549
201807210710, 2.78244
201807210720, 2.60037
201807210730, 2.83355
201807210740, 2.26107
201807210750, 2.48145
201807210800, 2.34928
201807210810, 1.96777
201807210820, 3.11545
201807210830, 3.80805
201807210840, 3.40516
201807210850, 1.67839
201807210900, 1.08974
201807210910, 0.800456
201807210920, 1.26758
201807210930, 1.17828
201807210940, 1.68316
201807210950, 1.74327
201807211000, 1.79286
201807211010, 2.06055
201807211020, 2.16233
201807211030, 1.86697
201807211040, 1.7207
201807211050, 1.03863
201807211100, 1.17958
201807211110, 0.71658
201807211120, 0.768121
201807211130, 1.35905
201807211140, 1.30382
201807211150, 2.48817
201807211200, 2.7398
201807211210, 3.42806
201807211220, 2.37435
201807211230, 2.12869
201807211240, 1.97298
201807211250, 2.84983
201807211300, 3.2411
201807211310, 4.85124
201807211320, 5.48329
201807211330, 6.85427
201807211340, 7.33767
201807211350, 7.23969
201807211400, 7.02246
201807211410, 6.40267
201807211420, 6.65788
201807211430, 6.94021
201807211440, 6.98296
201807211450, 7.09429
201807211500, 6.861
201807211510, 6.61198
201807211520, 6.32964
201807211530, 6.49707
201807211540, 5.70085
201807211550, 5.10764
201807211600, 4.55859
201807211610, 4.77507
201807211620, 4.59961
201807211630, 4.41309
201807211640, 4.07975
201807211650, 4.162
201807211700, 4.29069
201807211710, 4.42741
201807211720, 4.1173
201807211730, 4.04915
201807211740, 3.40907
201807211750, 3.64084
201807211800, 4.29763
201807211810, 4.07661
201807211820, 4.18045
201807211830, 4.06608
201807211840, 3.90234
201807211850, 3.26042
201807211900, 2.75098
201807211910, 1.94293
201807211920, 1.5498
201807211930, 1.5957
201807211940, 1.81662
201807211950, 1.37576
201807212000, 1.44651
201807212010, 1.49501
201807212020, 1.22504
201807212030, 1.59961
201807212040, 1.37424
201807212050, 1.60862
201807212100, 1.20009
201807212110, 1.34332
201807212120, 1.34516
201807212130, 1.33572
201807212140, 1.54036
201807212150, 1.73774
201807212200, 1.91102
201807212210, 1.93273
201807212220, 1.76161
201807212230, 2.03874
201807212240, 2.65473
201807212250, 3.42242
201807212300, 3.63249
201807212310, 5.11979
201807212320, 5.75043
201807212330, 6.10059
201807212340, 6.49262
201807212350, 6.69737
201807220000, 7.05859
201807220010, 7.27843
201807220020, 7.28928
201807220030, 7.11762
201807220040, 7.48524
201807220050, 7.86024
201807220100, 8.71181
201807220110, 10.8521
201807220120, 12.3864
201807220130, 13.2636
201807220140, 13.4161
201807220150, 13.8507
201807220200, 14.8405
201807220210, 15.4962
201807220220, 15.76
201807220230, 15.5056
201807220240, 14.8604
201807220250, 14.1812
201807220300, 12.9908
201807220310, 11.6773
201807220320, 11.52
201807220330, 11.2099
201807220340, 10.4937
201807220350, 10.1466
201807220400, 10.2691
201807220410, 8.46593
201807220420, 7.72027
201807220430, 7.89876
201807220440, 7.93587
201807220450, 7.9222
201807220500, 7.53516
201807220510, 7.89724
201807220520, 7.76443
201807220530, 7.70801
201807220540, 7.60601
201807220550, 7.38639
201807220600, 7.49457
201807220610, 7.3355
201807220620, 7.41265
201807220630, 7.87207
201807220640, 8.53646
201807220650, 8.88021
201807220700, 8.29688
201807220710, 8.18804
201807220720, 8.24599
201807220730, 7.86263
201807220740, 7.88466
201807220750, 8.61827
201807220800, 7.27691
201807220810, 6.84451
201807220820, 7.06955
201807220830, 6.09104
201807220840, 6.35764
201807220850, 5.55197
201807220900, 4.82498
201807220910, 3.17697
201807220920, 2.76573
201807220930, 2.91884
201807220940, 3.02973
201807220950, 2.61328
201807221000, 3.18164
201807221010, 2.75673
201807221020, 2.74783
201807221030, 2.89681
201807221040, 2.46571
201807221050, 3.31641
201807221100, 2.95779
201807221110, 3.63129
201807221120, 3.00814
201807221130, 3.53852
201807221140, 3.34006
201807221150, 3.36502
201807221200, 3.72428
201807221210, 3.44781
201807221220, 4.4069
201807221230, 3.45052
201807221240, 2.4745
201807221250, 2.9643
201807221300, 4.5077
201807221310, 5.14366
201807221320, 5.48275
201807221330, 6.64507
201807221340, 6.42622
201807221350, 4.75727
201807221400, 4.10373
201807221410, 4.38303
201807221420, 3.84125
201807221430, 3.80545
201807221440, 4.17263
201807221450, 3.22852
201807221500, 2.92654
201807221510, 2.60862
201807221520, 2.51237
201807221530, 2.52376
201807221540, 2.63433
201807221550, 1.90668
201807221600, 2.05642
201807221610, 1.5293
201807221620, 1.21452
201807221630, 1.90918
201807221640, 1.60308
201807221650, 1.60319
201807221700, 1.49002
201807221710, 1.14052
201807221720, 1.57053
201807221730, 1.08963
201807221740, 1.82986
201807221750, 1.24436
201807221800, 1.24859
201807221810, 1.37804
201807221820, 1.20551
201807221830, 1.00825
201807221840, 0.981988
201807221850, 0.953017
201807221900, 0.956489
201807221910, 0.973416
201807221920, 0.921007
201807221930, 0.979167
201807221940, 0.965061
201807221950, 1.03505
201807222000, 0.964844
201807222010, 1.09364
201807222020, 1.14225
201807222030, 1.12023
201807222040, 1.12674
201807222050, 1.16428
201807222100, 1.15126
201807222110, 1.12793
201807222120, 1.10004
201807222130, 1.32595
201807222140, 1.36404
201807222150, 1.46766
201807222200, 1.574
201807222210, 1.41178
201807222220, 1.57172
201807222230, 1.23014
201807222240, 1.6786
201807222250, 2.29948
201807222300, 2.46029
201807222310, 3.32975
201807222320, 3.3316
201807222330, 3.46213
201807222340, 3.60514
201807222350, 4.04416
201807230000, 4.00315
201807230010, 4.37684
201807230020, 4.34885
201807230030, 4.61556
201807230040, 5.36035
201807230050, 6.40343
201807230100, 7.27148
201807230110, 8.05469
201807230120, 7.36317
201807230130, 7.63726
201807230140, 6.3469
201807230150, 6.70432
201807230200, 6.17893
201807230210, 5.03451
201807230220, 4.81304
201807230230, 4.06228
201807230240, 3.85536
201807230250, 4.96202
201807230300, 3.2194
201807230310, 2.80588
201807230320, 3.06651
201807230330, 1.83778
201807230340, 1.16406
201807230350, 1.19043
201807230400, 1.04395
201807230410, 1.08702
201807230420, 0.971571
201807230430, 0.885091
201807230440, 0.0590278
201807230450, 0.150825
201807230500, 0.424696
201807230510, 0
201807230520, 0
201807230530, 0.683051
201807230540, 0.676432
201807230550, 0.559462
201807230600, 0.834961
201807230610, 0.5727
201807230620, 0.631185
201807230630, 0.429253
201807230640, 0.117513
201807230650, 0.174154
201807230700, 0.0767144
201807230710, 0.665907
201807230720, 0.887912
201807230730, 0.918511
201807230740, 1.13704
201807230750, 1.27409
201807230800, 1.21582
201807230810, 1.24349
201807230820, 1.25412
201807230830, 0.757812
201807230840, 1.24468
201807230850, 2.18576
201807230900, 1.86534
201807230910, 0.868707
201807230920, 1.24588
201807230930, 0.469944
201807230940, 0.687608
201807230950, 0.488173
201807231000, 0.375
201807231010, 0.38737
201807231020, 0.307943
201807231030, 0.344293
201807231040, 0.218967
201807231050, 0.000217014
201807231110, 0.000759549
201807231120, 0.00434028
201807231130, 0.00358073
201807231140, 0.0113932
201807231150, 0.0445964
201807231200, 0.00878906
201807231210, 0.00368924
201807231220, 0.00705295
201807231230, 0.00390625
201807231240, 0.00683594
201807231250, 0.00813802
201807231300, 0.0148655
201807231310, 0.0217014
201807231320, 0.00770399
201807231330, 0.000325521
201807231340, 0.0196398
201807231350, 0.166124
201807231400, 0.0217014
201807231410, 0.138238
201807231420, 0.0132378
201807231430, 0.039605
201807231440, 0.023329
201807231450, 0.0171441
201807231500, 0.0105252
201807231510, 0.00889757
201807231520, 0.0144314
201807231530, 0.0350477
201807231540, 0.0182292
201807231550, 0.0337457
201807231600, 0.00195312
201807231610, 0.0743273
201807231620, 0.420356
201807231630, 0.0176866
201807231640, 0.0652127
201807231650, 0.233615
201807231700, 0.275608
201807231710, 0.129015
201807231720, 0.0868056
201807231730, 0.246853
201807231740, 0.0439453
201807231750, 0.0406901
201807231800, 0.0478516
201807231810, 0.163411
201807231820, 0.268663
201807231830, 0.179796
201807231840, 0.316515
201807231850, 0.409722
201807231900, 0.183811
201807231910, 0.406793
201807231920, 0.621202
201807231930, 0.109809
201807231940, 0.470269
201807231950, 0.689779
201807232000, 0.521484
201807232010, 0.500868
201807232020, 0.512804
201807232030, 0.615017
201807232040, 0.878798
201807232050, 0.78201
201807232100, 0.529839
201807232110, 0.788086
201807232120, 1.0816
201807232130, 1.42611
201807232140, 1.30968
201807232150, 1.4401
201807232200, 1.40093
201807232210, 1.40169
201807232220, 1.26877
201807232230, 1.05263
201807232240, 0.926324
201807232250, 1.10319
201807232300, 0.521484
201807232310, 1.21484
201807232320, 0.78635
201807232330, 1.07031
201807232340, 0.831163
201807232350, 1.43424
201807240000, 1.4911
201807240010, 1.59505
201807240020, 1.99555
201807240030, 2.64605
201807240040, 3.77669
201807240050, 4.82227
201807240100, 6.04622
201807240110, 7.78158
201807240120, 8.29557
201807240130, 9.3023
201807240140, 9.10113
201807240150, 9.34006
201807240200, 9.25412
201807240210, 9.03288
201807240220, 8.68891
201807240230, 9.01367
201807240240, 9.3406
201807240250, 9.38846
201807240300, 7.23633
201807240310, 7.2143
201807240320, 6.98785
201807240330, 5.84473
201807240340, 5.77995
201807240350, 5.35156
201807240400, 5.49316
201807240410, 3.62912
201807240420, 3.93511
201807240430, 4.87196
201807240440, 4.06087
201807240450, 4.84625
201807240500, 4.49674
201807240510, 4.40462
201807240520, 4.0625
201807240530, 3.49588
201807240540, 4.43066
201807240550, 4.34266
201807240600, 3.68403
201807240610, 2.68772
201807240620, 2.6811
201807240630, 2.19889
201807240640, 3.04579
201807240650, 3.66862
201807240700, 3.52821
201807240710, 2.40582
201807240720, 1.95009
201807240730, 1.68869
201807240740, 2.31521
201807240750, 2.63444
201807240800, 2.22526
201807240810, 1.71105
201807240820, 1.23882
201807240830, 1.73947
201807240840, 1.59559
201807240850, 1.71821
201807240900, 1.53982
201807240910, 1.03939
201807240920, 0.432075
201807240930, 0.85829
201807240940, 0.485135
201807240950, 0.285482
201807241000, 0.807509
201807241010, 0.436198
201807241020, 0.67296
201807241030, 0.848199
201807241040, 0.919271
201807241050, 0.443142
201807241100, 0.333876
201807241110, 0.0736762
201807241120, 0.0498047
201807241130, 0.104709
201807241140, 0.0425347
201807241150, 0.00130208
201807241200, 0.00488281
201807241210, 0.173937
201807241220, 0.200412
201807241230, 0.222331
201807241240, 0.255751
201807241250, 0.463759
201807241300, 0.514431
201807241310, 0.294596
201807241320, 0.651259
201807241330, 0.0360243
201807241340, 0.0453559
201807241350, 0.161133
201807241400, 0.0317925
201807241410, 0.00585938
201807241420, 0.0141059
201807241430, 0.0299479
201807241440, 0.0104167
201807241450, 0.00455729
201807241500, 0.015408
201807241510, 0.00542535
201807241520, 0.0203993
201807241530, 0.00412326
201807241540, 0.00672743
201807241550, 0.00358073
201807241600, 0.000868056
201807241610, 0.00726997
201807241620, 0.0015191
201807241630, 0.00249566
201807241640, 0.0130208
201807241650, 0.00846354
201807241700, 0.0169271
201807241710, 0.00173611
201807241720, 0.169162
201807241730, 0.0150825
201807241740, 0.0360243
201807241750, 0.270616
201807241800, 0.0775825
201807241810, 0.153103
201807241820, 0.0138889
201807241830, 0.172092
201807241840, 0.288303
201807241850, 0.278646
201807241900, 0.0284288
201807241910, 0.205295
201807241920, 0.264323
201807241930, 0.391927
201807241940, 0.500217
201807241950, 0.714084
201807242000, 0.540582
201807242010, 0.578885
201807242020, 0.0358073
201807242030, 0.115126
201807242040, 0.155273
201807242050, 0.209418
201807242100, 0.276476
201807242110, 0.214952
201807242120, 0.137587
201807242130, 0.177409
201807242140, 0.0159505
201807242150, 0.320638
201807242200, 0.23546
201807242210, 0.0653212
201807242220, 0.0451389
201807242230, 0.0836589
201807242240, 0.0188802
201807242250, 0.000434028
201807242300, 0.00390625
201807242310, 0.00227865
201807242320, 0.00336372
201807242330, 0.190321
201807242340, 0.349067
201807242350, 0.58138
201807250000, 0.677083
201807250010, 0.722765
201807250020, 0.664497
201807250030, 1.07639
201807250040, 1.55393
201807250050, 1.83073
201807250100, 3.19607
201807250110, 4.58648
201807250120, 6.12381
201807250130, 6.82248
201807250140, 7.19846
201807250150, 7.25586
201807250200, 6.78689
201807250210, 6.89507
201807250220, 6.3367
201807250230, 6.63477
201807250240, 6.49306
201807250250, 5.98785
201807250300, 5.44727
201807250310, 4.89138
201807250320, 4.47982
201807250330, 4.57248
201807250340, 4.18631
201807250350, 3.83822
201807250400, 2.41743
201807250410, 2.51139
201807250420, 2.23796
201807250430, 2.87305
201807250440, 2.10221
201807250450, 1.34039
201807250500, 2.06825
201807250510, 1.79199
201807250520, 1.03299
201807250530, 0.652561
201807250540, 0.588216
201807250550, 0.402886
201807250600, 0.496528
201807250610, 0.0636936
201807250620, 0.246528
201807250630, 0.180339
201807250640, 0.0958116
201807250650, 0.0733507
201807250700, 0.148872
201807250710, 0.047526
201807250720, 0.0346137
201807250730, 0.0190972
201807250740, 0.0265842
201807250750, 0.00282118
201807250800, 0.0117188
201807250810, 0.0198568
201807250820, 0.12576
201807250830, 0.425239
201807250840, 0.957899
201807250850, 1.42242
201807250900, 1.06
201807250910, 0.327257
201807250920, 0.016276
201807250930, 0.0342882
201807250940, 0.0234375
201807250950, 0.038954
201807251000, 0.0118273
201807251010, 0.0225694
201807251020, 0.0183377
201807251030, 0.0217014
201807251040, 0.0209418
201807251050, 0.0148655
201807251100, 0.0112847
201807251110, 0.0222439
201807251120, 0.0182292
201807251130, 0.0168186
201807251140, 0.00412326
201807251150, 0.00520833
201807251200, 0.00889757
201807251210, 0.00911458
201807251220, 0.00651042
201807251230, 0.0110677
201807251240, 0.00900608
201807251250, 0.0172526
201807251300, 0.0106337
201807251310, 0.00824653
201807251320, 0.00846354
201807251330, 0.00455729
201807251340, 0.00173611
201807251350, 0.00325521
201807251400, 0.00640191
201807251410, 0.00716146
201807251420, 0.00434028
201807251430, 0
201807251440, 0.000108507
201807251450, 0.00303819
201807251500, 0.00217014
201807251510, 0
201807251520, 0.00260417
201807251530, 0.00282118
201807251540, 0.00444878
201807251550, 0.000651042
201807251600, 0.00509983
201807251610, 0.00260417
201807251620, 0.0213759
201807251630, 0.0141059
201807251640, 0.0143229
201807251650, 0.00379774
201807251700, 0.00824653
201807251710, 0.0169271
201807251720, 0.00238715
201807251730, 0.0177951
201807251740, 0.0124783
201807251750, 0.00683594
201807251800, 0.1824
201807251810, 0.200304
201807251820, 0.0537109
201807251830, 0.148329
201807251840, 0.199978
201807251850, 0.30599
201807251900, 0.136502
201807251910, 0.0299479
201807251920, 0.241428
201807251930, 0.189887
201807251940, 0.337457
201807251950, 0.349718
201807252000, 0.0351562
201807252010, 0.103407
201807252020, 0.0813802
201807252030, 0.120551
201807252040, 0.0755208
201807252050, 0.313477
201807252100, 0.332248
201807252110, 0.0569661
201807252120, 0.0517578
201807252130, 0
201807252140, 0.0141059
201807252150, 0.0152995
201807252200, 0.00379774
201807252210, 0.00585938
201807252220, 0.00520833
201807252230, 0.00661892
201807252240, 0.0274523
201807252250, 0.0100911
201807252310, 0.00260417
201807252320, 0.000868056
201807252330, 0
201807252340, 0.00173611
201807252350, 0.015625
201807260000, 0.145725
201807260010, 0.242513
201807260020, 0.260091
201807260040, 1.27799
201807260050, 1.90549
201807260100, 2.69868
201807260110, 3.58268
201807260120, 3.6301
201807260130, 3.56228
201807260140, 4.40213
201807260150, 4.42914
201807260200, 4.77235
201807260210, 4.64594
201807260220, 4.301
201807260230, 4.40343
201807260240, 4.03353
201807260250, 3.04861
201807260300, 2.74794
201807260310, 1.94813
201807260320, 1.20866
201807260330, 1.0332
201807260340, 0.609484
201807260350, 0.393663
201807260400, 0.315647
201807260410, 0.269097
201807260430, 0.181966
201807260440, 0.190321
201807260450, 0.137261
201807260500, 0.236545
201807260510, 0.201823
201807260520, 0.424588
201807260530, 0.868381
201807260540, 1.03451
201807260550, 1.07617
201807260600, 0.773329
201807260610, 0.557943
201807260620, 0.592882
201807260630, 0.502279
201807260640, 0.399197
201807260650, 0.316081
201807260700, 0.266602
201807260710, 0.370117
201807260720, 0.527886
201807260730, 0.384223
201807260740, 0.843533
201807260750, 0.864475
201807260800, 0.499349
201807260810, 0.62576
201807260820, 0.77105
201807260830, 0.592665
201807260840, 0.325521
201807260850, 1.25011
201807260900, 1.17893
201807260910, 1.80621
201807260920, 1.00206
201807260930, 1.53016
201807260940, 0.54286
201807260950, 1.07292
201807261000, 1.24566
201807261010, 1.58594
201807261020, 1.11306
201807261030, 0.940538
201807261040, 0.920464
201807261050, 1.15658
201807261100, 1.06261
201807261110, 1.34635
201807261120, 1.51997
201807261130, 2.53006
201807261140, 2.59614
201807261150, 3.15929
201807261200, 2.09408
201807261210, 2.13976
201807261220, 1.80501
201807261230, 1.55827
201807261240, 0.735677
201807261250, 0.820204
201807261300, 1.11165
201807261310, 1.10742
201807261320, 2.1224
201807261330, 1.92654
201807261340, 2.71202
201807261350, 2.4133
201807261400, 3.13683
201807261410, 3.4924
201807261420, 3.26183
201807261430, 2.40506
201807261440, 1.92122
201807261450, 1.54178
201807261500, 0.999023
201807261510, 1.35579
201807261520, 1.93652
201807261530, 2.01704
201807261540, 1.47895
201807261550, 1.00532
201807261600, 1.84679
201807261610, 1.57747
201807261620, 2.14551
201807261630, 1.17763
201807261640, 0.929796
201807261650, 0.123806
201807261700, 1.00532
201807261710, 0.898438
201807261720, 0.889431
201807261730, 1.23817
201807261740, 0.672526
201807261750, 0.841905
201807261800, 0.412435
201807261810, 0.382378
201807261820, 0.61339
201807261830, 0.54069
201807261840, 0.571181
201807261850, 1.33919
201807261900, 2.12891
201807261910, 2.94238
201807261920, 3.71408
201807261930, 2.50738
201807261940, 1.6684
201807261950, 1.37381
201807262000, 1.04742
201807262010, 1.71994
201807262020, 1.80816
201807262030, 1.57964
201807262040, 1.52886
201807262050, 0.900825
201807262100, 1.43641
201807262110, 1.81554
201807262120, 1.95931
201807262130, 1.48839
201807262140, 1.46267
201807262150, 1.72266
201807262200, 1.27344
201807262220, 1.47179
201807262230, 1.17958
201807262240, 1.00304
201807262250, 1.02224
201807262300, 0.845269
201807262310, 1.15321
201807262320, 1.11827
201807262330, 0.994575
201807262340, 0.967882
201807262350, 1.20009
201807270000, 0.978733
201807270010, 1.30056
201807270020, 1.70041
201807270030, 1.09256
201807270040, 0.993924
201807270050, 1.1059
201807270100, 3.00651
201807270110, 4.62923
201807270120, 6.31044
201807270130, 6.73351
201807270140, 5.35579
201807270150, 5.7411
201807270200, 8.25857
201807270210, 8.59136
201807270220, 11.5419
201807270230, 11.1361
201807270240, 10.0286
201807270250, 9.63976
201807270300, 8.05035
201807270310, 9.40875
201807270320, 8.37977
201807270330, 9.99121
201807270340, 8.99805
201807270350, 6.84918
201807270400, 6.80187
201807270410, 7.14138
201807270420, 7.0536
201807270430, 6.46669
201807270440, 5.15571
201807270450, 5.9349
201807270500, 6.06131
201807270510, 7.36675
201807270520, 6.52691
201807270530, 6.48351
201807270540, 5.19412
201807270550, 5.06044
201807270600, 4.45117
201807270610, 4.7678
201807270620, 4.28602
201807270630, 4.5498
201807270640, 3.9018
201807270650, 3.45964
201807270700, 3.2385
201807270710, 2.31348
201807270720, 3.68837
201807270730, 3.1748
201807270740, 2.13216
201807270750, 1.01411
201807270800, 1.55349
201807270810, 1.69672
201807270820, 1.33127
201807270830, 1.35297
201807270840, 1.06022
201807270850, 1.20573
201807270900, 0.834635
201807270910, 0.430556
201807270920, 0.436849
201807270930, 0.669054
201807270940, 0.635417
201807270950, 0.673828
201807271000, 0.655707
201807271010, 0.616536
201807271020, 0.378038
201807271030, 0.389431
201807271040, 0.448893
201807271050, 0.0094401
201807271100, 0.0016276
201807271110, 0.000759549
201807271120, 0.00423177
201807271130, 0.00238715
201807271140, 0.000217014
201807271150, 0.0016276
201807271200, 0.00217014
201807271210, 0.00260417
201807271220, 0.268229
201807271230, 0.202474
201807271240, 0.276042
201807271250, 0.205187
201807271300, 0.203993
201807271310, 0.305881
201807271320, 0.385742
201807271330, 0.34668
201807271340, 0.303928
201807271350, 0.328559
201807271400, 0.271159
201807271410, 0.314345
201807271420, 0.252387
201807271430, 0.323785
201807271440, 0.031033
201807271450, 0.0439453
201807271500, 0.297526
201807271510, 0.498372
201807271520, 0.0879991
201807271530, 0.168186
201807271540, 0.0302734
201807271550, 0.386176
201807271600, 0.117513
201807271610, 0.0189887
201807271620, 0.093316
201807271630, 0.30306
201807271640, 0.549371
201807271650, 0.358941
201807271700, 0.404622
201807271710, 0.483724
201807271720, 0.745334
201807271730, 0.655165
201807271740, 0.636176
201807271750, 0.948351
201807271800, 0.819336
201807271810, 0.844618
201807271820, 0.84299
201807271830, 0.674913
201807271840, 0.642904
201807271850, 0.634223
201807271900, 0.61697
201807271910, 0.994683
201807271920, 0.791775
201807271930, 0.60829
201807271940, 0.626736
201807271950, 0.679036
201807272000, 0.847331
201807272010, 0.407552
201807272020, 0.787435
201807272030, 0.731554
201807272040, 0.902235
201807272050, 1.10373
201807272100, 1.16829
201807272110, 0.904297
201807272120, 0.937392
201807272130, 0.68826
201807272140, 0.0474175
201807272150, 0.25076
201807272200, 0.132053
201807272210, 0.344184
201807272220, 0.232964
201807272230, 0.0370009
201807272240, 0.0294054
201807272250, 0.167209
201807272300, 0.176758
201807272310, 0.0989583
201807272320, 0.000325521
201807272330, 0.102756
201807272340, 0.411133
201807272350, 0.631076
201807280000, 0.809896
201807280010, 1.12023
201807280020, 1.05143
201807280030, 1.32422
201807280040, 2.20486
201807280050, 3.71365
201807280100, 4.94173
201807280110, 6.46333
201807280120, 7.2015
201807280130, 6.6275
201807280140, 6.59939
201807280150, 6.28819
201807280200, 6.07975
201807280210, 5.93598
201807280220, 5.68793
201807280230, 6.16026
201807280240, 6.18425
201807280250, 6.39258
201807280300, 6.57368
201807280310, 6.65462
201807280320, 6.59147
201807280330, 6.32422
201807280340, 5.55219
201807280350, 5.49631
201807280400, 5.47656
201807280410, 4.74458
201807280420, 4.57823
201807280430, 4.06207
201807280440, 4.46376
201807280450, 5.0319
201807280500, 4.80263
201807280510, 4.48839
201807280520, 4.34375
201807280530, 4.26204
201807280540, 3.8635
201807280550, 3.46115
201807280600, 2.72602
201807280610, 2.28027
201807280620, 1.72548
201807280630, 1.5038
201807280640, 1.08366
201807280650, 0.927192
201807280700, 1.37956
201807280710, 0.703125
201807280720, 1.23752
201807280730, 1.24674
201807280740, 1.1582
201807280750, 1.41547
201807280800, 1.86523
201807280810, 2.44195
201807280820, 1.36382
201807280830, 1.78928
201807280840, 1.59852
201807280850, 1.42318
201807280900, 1.21853
201807280910, 1.61936
201807280920, 1.33474
201807280930, 0.135742
201807280940, 0.168186
201807280950, 0.0833333
201807281000, 0.0322266
201807281010, 0.0607639
201807281020, 0.140625
201807281030, 0.0498047
201807281040, 0.00347222
201807281050, 0.0116102
201807281100, 0.0348307
201807281110, 0.0296224
201807281120, 0.0325521
201807281130, 0.00640191
201807281140, 0.131076
201807281150, 0.039605
201807281200, 0.0139974
201807281210, 0.0556641
201807281220, 0.0412326
201807281230, 0.0232205
201807281240, 0.0592448
201807281250, 0.0333116
201807281300, 0.0780165
201807281310, 0.0992839
201807281320, 0.105469
201807281330, 0.0404731
201807281340, 0.371202
201807281350, 0.442383
201807281400, 0.518446
201807281410, 0.560438
201807281420, 0.842882
201807281430, 0.957465
201807281440, 0.76888
201807281450, 0.966037
201807281500, 0.913086
201807281510, 1.02756
201807281520, 0.97168
201807281530, 0.592122
201807281540, 0.683702
201807281550, 0.57997
201807281600, 0.525065
201807281610, 0.692274
201807281620, 0.848524
201807281630, 0.425781
201807281640, 0.577365
201807281650, 0.529405
201807281700, 0.684136
201807281710, 0.727865
201807281720, 0.756727
201807281730, 1.05675
201807281740, 0.746745
201807281750, 0.952691
201807281800, 1.06467
201807281810, 1.0344
201807281820, 1.23383
201807281830, 1.10753
201807281840, 1.29579
201807281850, 1.11773
201807281900, 1.0485
201807281910, 1.13444
201807281920, 1.05197
201807281930, 0.888563
201807281940, 1.19368
201807281950, 0.800239
201807282000, 1.38802
201807282010, 1.53885
201807282020, 0.969618
201807282030, 1.31033
201807282040, 1.57075
201807282050, 0.980794
201807282100, 1.3049
201807282110, 1.05122
201807282120, 1.40831
201807282130, 1.88184
201807282140, 1.37945
201807282150, 0.871962
201807282200, 1.07704
201807282210, 0.546332
201807282220, 0.663737
201807282230, 0.722005
201807282240, 0.350586
201807282250, 0.00770399
201807282300, 0.0456814
201807282310, 0.184245
201807282320, 0.212348
201807282330, 0.286458
201807282340, 0.798503
201807282350, 1.14855
201807290000, 1.90549
201807290010, 1.5931
201807290020, 1.95519
201807290030, 1.48904
201807290040, 2.338
201807290050, 2.71615
201807290100, 3.16612
201807290110, 4.40115
201807290120, 5.50076
201807290130, 5.90126
201807290140, 5.56087
201807290150, 5.38227
201807290200, 4.48676
201807290210, 4.74794
201807290220, 4.61773
201807290230, 5.01704
201807290240, 5.1722
201807290250, 4.44086
201807290300, 4.61296
201807290310, 4.87901
201807290320, 4.92329
201807290330, 4.139
201807290340, 3.99523
201807290350, 4.04134
201807290400, 3.93392
201807290410, 3.92188
201807290420, 4.00184
201807290430, 3.93576
201807290440, 3.85894
201807290450, 4.49892
201807290500, 4.21408
201807290510, 3.79329
201807290520, 3.55827
201807290530, 3.65278
201807290540, 3.5127
201807290550, 3.26118
201807290600, 3.35384
201807290610, 2.66385
201807290620, 2.31369
201807290630, 1.6735
201807290640, 1.85449
201807290650, 1.22407
201807290700, 0.583333
201807290710, 0.482422
201807290740, 0.380208
201807290750, 0.34158
201807290800, 0.36697
201807290810, 0.299045
201807290820, 0.023112
201807290830, 0.0371094
201807290840, 0.0179036
201807290850, 0.000434028
201807290900, 0.0164931
201807290910, 0.0782335
201807290920, 0.24349
201807290930, 0.355903
201807290940, 0.27181
201807290950, 0.284397
201807291000, 0.129123
201807291010, 0.00477431
201807291020, 0.0202908
201807291030, 0.297418
201807291040, 0.106011
201807291050, 0.161892
201807291100, 0.00390625
201807291110, 0.0078125
201807291120, 0.00260417
201807291130, 0.0300564
201807291140, 0
201807291150, 0.00238715
201807291200, 0.200087
201807291210, 0
201807291220, 0
201807291230, 0
201807291240, 0.0285373
201807291250, 0.0031467
201807291300, 0.258464
201807291310, 0.0487196
201807291320, 0.0167101
201807291330, 0.0439453
201807291340, 0.00672743
201807291350, 0.535807
201807291400, 0.379666
201807291410, 0.415907
201807291420, 1.06901
201807291430, 1.09798
201807291440, 1.54894
201807291450, 1.4426
201807291500, 1.73817
201807291510, 1.16829
201807291520, 1.31825
201807291530, 1.32585
201807291540, 0.845161
201807291550, 0.631619
201807291600, 0.661784
201807291610, 0.821832
201807291620, 0.719727
201807291630, 0.313477
201807291640, 0.345595
201807291650, 0.154948
201807291700, 0.136393
201807291710, 0.405599
201807291720, 0.135308
201807291730, 0.229601
201807291740, 0.226888
201807291750, 0.447808
201807291800, 0.668077
201807291810, 0.83648
201807291820, 0.414822
201807291830, 0.447917
201807291840, 0.519857
201807291850, 1.03429
201807291900, 0.986762
201807291910, 0.847114
201807291920, 0.165148
201807291930, 0.181098
201807291940, 0.0493707
201807291950, 0.293294
201807292000, 0.108941
201807292010, 0.222765
201807292020, 0.387153
201807292030, 0.158203
201807292040, 0.0654297
201807292050, 0.162326
201807292100, 0.039605
201807292110, 0.039171
201807292120, 0.0893012
201807292130, 0.0261502
201807292140, 0.0128038
201807292150, 0.0581597
201807292200, 0.0126953
201807292210, 0.0207248
201807292220, 0.046875
201807292230, 0.0209418
201807292240, 0.0463325
201807292250, 0.047309
201807292300, 0.0218099
201807292310, 0.014974
201807292320, 0.0223524
201807292330, 0.0261502
201807292340, 0.0179036
201807292350, 0.143446
201807300000, 0.6875
201807300010, 0.530165
201807300020, 0.0137804
201807300030, 0.210178
201807300040, 0.517361
201807300050, 0.834418
201807300100, 1.56304
201807300110, 2.45454
201807300120, 3.42947
201807300130, 4.05686
201807300140, 4.74946
201807300150, 5.12717
201807300200, 5.6479
201807300210, 5.47873
201807300220, 5.7806
201807300230, 5.85417
201807300240, 5.82216
201807300250, 6.18142
201807300300, 6.38357
201807300310, 6.037
201807300320, 6.49924
201807300330, 6.14833
201807300340, 6.19292
201807300350, 5.74642
201807300400, 4.70584
201807300410, 4.61339
201807300420, 4.50391
201807300430, 4.13856
201807300440, 3.7921
201807300450, 3.51476
201808010000, 0.0414497
201808010010, 0.069987
201808010020, 0.171875
201808010030, 0.343859
201808010040, 0.173828
201808010050, 0.219835
201808010100, 0.293945
201808010110, 1.65332
201808010120, 2.81554
201808010130, 3.57997
201808010140, 3.7615
201808010150, 3.97276
201808010200, 4.21365
201808010210, 4.6314
201808010220, 4.83529
201808010230, 5.27246
201808010240, 5.42253
201808010250, 5.66439
201808010300, 5.47201
201808010310, 5.18826
201808010320, 4.91949
201808010330, 5.36144
201808010340, 5.72016
201808010350, 5.50575
201808010400, 5.17839
201808010410, 4.69184
201808010420, 5.25564
201808010430, 6.39225
201808010440, 5.96625
201808010450, 5.76801
201808010500, 5.24316
201808010510, 4.38748
201808010520, 5.18338
201808010530, 3.8342
201808010540, 3.86068
201808010550, 3.68218
201808010600, 4.22092
201808010610, 4.34559
201808010620, 4.7615
201808010630, 4.21658
201808010640, 3.87598
201808010650, 4.21691
201808010700, 3.565
201808010710, 3.39616
201808010720, 3.22494
201808010730, 3.61361
201808010740, 2.97656
201808010750, 2.89138
201808010800, 2.17231
201808010810, 1.70671
201808010820, 1.73882
201808010830, 1.58789
201808010840, 1.14453
201808010850, 1.17817
201808010900, 0.775065
201808010910, 1.40972
201808010920, 0.515842
201808010930, 0.832248
201808010940, 0.928168
201808010950, 0.557943
201808011000, 0.483181
201808011010, 0.328559
201808011020, 0.36773
201808011030, 0
201808011040, 0.290256
201808011050, 0.11697
201808011100, 0
201808011110, 0.0113932
201808011120, 0.203016
201808011130, 0
201808011140, 0
201808011150, 0
201808011200, 0.308811
201808011210, 0.287218
201808011220, 0
201808011230, 0
201808011240, 0
201808011250, 0.0311415
201808011300, 0.37934
201808011310, 0.258138
201808011320, 0.125543
201808011330, 0.200846
201808011340, 0.173177
201808011350, 0.125109
201808011400, 0.482639
201808011410, 0.832465
201808011420, 0.471354
201808011430, 0.753798
201808011440, 0.446723
201808011450, 1.17133
201808011500, 0.935981
201808011510, 1.05924
201808011520, 1.14149
201808011530, 0.905382
201808011540, 0.91786
201808011550, 1.28809
201808011600, 1.6696
201808011610, 1.7959
201808011620, 1.98796
201808011630, 1.9617
201808011640, 1.93294
201808011650, 2.12185
201808011700, 1.93826
201808011710, 1.8291
201808011720, 1.8673
201808011730, 1.60634
201808011740, 1.22928
201808011750, 0.983832
201808011800, 0.980469
201808011810, 1.00033
201808011820, 1.03678
201808011830, 0.690647
201808011840, 0.488173
201808011850, 0.647352
201808011900, 0.690864
201808011910, 0.479709
201808011920, 0.659614
201808011930, 0.731988
201808011940, 0.730143
201808011950, 0.96582
201808012000, 0.76378
201808012010, 0.94043
201808012020, 0.642361
201808012030, 0.728733
201808012040, 1.06825
201808012050, 0.929253
201808012100, 0.53852
201808012110, 0.534614
201808012120, 0.339084
201808012130, 0.112956
201808012140, 0.0332031
201808012150, 0.0199653
201808012200, 0.0298394
201808012210, 0.0180122
201808012220, 0.03125
201808012230, 0.12207
201808012240, 0.0264757
201808012250, 0.104926
201808012300, 0.245334
201808012310, 0.395291
201808012320, 0.047092
201808012330, 0.508355
201808012340, 0.582031
201808020000, 0.21224
201808020010, 0.177409
201808020020, 0.023763
201808020030, 0.681098
201808020040, 0.683485
201808020050, 1.10124
201808020100, 1.00477
201808020110, 0.763455
201808020120, 0.973524
201808020130, 0.404622
201808020140, 1.06402
201808020150, 0.6148
201808020200, 0.689996
201808020210, 0.620334
201808020220, 0.691298
201808020230, 0.733398
201808020240, 0.682075
201808020250, 0.83865
201808020300, 0.733724
201808020310, 0.772027
201808020320, 0.518772
201808020330, 1.04004
201808020340, 1.22602
201808020350, 0.441406
201808020400, 0.306207
201808020410, 0.51237
201808020420, 0.281793
201808020430, 0.547418
201808020440, 0.70128
201808020450, 0.152778
201808020500, 0.617296
201808020510, 0.515408
201808020520, 0.268012
201808020530, 0.321072
201808020540, 0.187934
201808020550, 0.454536
201808020600, 0.0161675
201808020610, 0.0698785
201808020620, 0.0526259
201808020630, 0.152235
201808020640, 0.0514323
201808020650, 0.120443
201808020700, 0.241645
201808020710, 0.0428602
201808020720, 0.584852
201808020730, 0.599284
201808020740, 0.192057
201808020750, 0.00520833
201808020800, 0.165799
201808020810, 0.0147569
201808020830, 0.0912543
201808020840, 0.144531
201808020850, 0.151367
201808020900, 0.385525
201808020910, 1.16688
201808020920, 1.40723
201808020930, 0.598741
201808020940, 1.37294
201808020950, 0.992513
201808021000, 0.468967
201808021010, 1.16471
201808021020, 0.994575
201808021030, 1.11871
201808021040, 0.977105
201808021050, 1.19021
201808021100, 0.5523
201808021110, 1.94499
201808021120, 2.31879
201808021130, 1.2947
201808021140, 2.73926
201808021150, 2.39334
201808021200, 1.84603
201808021210, 2.12522
201808021220, 3.2054
201808021230, 3.70269
201808021240, 3.72461
201808021250, 2.96463
201808021310, 2.92274
201808021320, 2.88748
201808021330, 1.83995
201808021340, 1.86176
201808021350, 0.851671
201808021400, 0.88878
201808021410, 1.20334
201808021430, 0.875
201808021450, 0.524306
201808021500, 0.23839
201808021510, 0.14898
201808021520, 0.220161
201808021530, 0.00444878
201808021540, 0.00108507
201808021550, 0.071072
201808021600, 0.0157335
201808021610, 0.147569
201808021620, 0.109049
201808021630, 0.0378689
201808021640, 0.0865885
201808021650, 0.128147
201808021700, 0.0616319
201808021710, 0.00195312
201808021720, 0.000217014
201808021730, 0.0386285
201808021740, 0.100694
201808021750, 0.165907
201808021800, 0.0891927
201808021810, 0.0159505
201808021820, 0.282552
201808021830, 0.00108507
201808021840, 0.0130208
201808021850, 0.0984158
201808021900, 0.333984
201808021910, 0.255642
201808021920, 0.484158
201808021930, 0.373589
201808021940, 0.403429
201808021950, 0.184787
201808022000, 0.428928
201808022010, 0.808811
201808022020, 0.874349
201808022030, 0.488064
201808022040, 0.0343967
201808022050, 0.00705295
201808022100, 0.0443793
201808022110, 0.0847439
201808022120, 0.317708
201808022130, 0.431641
201808022140, 0.225369
201808022150, 0.237739
201808022200, 0.0400391
201808022210, 0.00564236
201808022220, 0.00119358
201808022230, 0.0513238
201808022240, 0.0675998
201808022250, 0.0508898
201808022300, 0.0423177
201808022310, 0.0198568
201808022320, 0.0107422
201808022330, 0.0138889
201808022340, 0.242405
201808022350, 0.442166
201808030000, 0.588216
201808030010, 0.479709
201808030020, 0.198893
201808030030, 0.00835503
201808030040, 0.000976562
201808030050, 0.137587
201808030100, 0.581597
201808030110, 2.25629
201808030120, 3.95009
201808030130, 3.88737
201808030140, 3.33735
201808030150, 3.95996
201808030200, 3.37033
201808030210, 3.25651
201808030220, 3.30002
201808030230, 3.46788
201808030240, 3.52637
201808030250, 3.8801
201808030300, 4.42231
201808030310, 3.69076
201808030320, 2.80501
201808030330, 3.22298
201808030340, 4.02311
201808030350, 5.7487
201808030400, 3.49555
201808030410, 3.57487
201808030420, 5.94032
201808030430, 5.8023
201808030440, 5.75033
201808030450, 5.18663
201808030500, 5.52637
201808030510, 5.14931
201808030520, 5.19141
201808030530, 5.51931
201808030540, 5.51345
201808030550, 5.13618
201808030600, 4.57205
201808030610, 4.49707
201808030620, 4.76834
201808030630, 5.40766
201808030640, 5.66135
201808030650, 4.93598
201808030700, 4.44466
201808030710, 4.10862
201808030720, 4.21951
201808030730, 3.32997
201808030740, 3.22743
201808030750, 3.05632
201808030800, 2.77962
201808030810, 2.36415
201808030820, 2.75868
201808030830, 2.65983
201808030840, 2.26704
201808030850, 1.29688
201808030900, 0.40701
201808030910, 0.055013
201808030920, 0.023546
201808030930, 0.101671
201808030940, 0.0175781
201808030950, 0.0186632
201808031000, 0.00683594
201808031010, 0.0176866
201808031020, 0.0137804
201808031040, 0.107856
201808031050, 0.0791016
201808031100, 0.0608724
201808031120, 0.00282118
201808031130, 0.0419922
201808031140, 0.0450304
201808031150, 0.0736762
201808031200, 0.0621745
201808031210, 0.0506727
201808031220, 0.0123698
201808031230, 0.0200738
201808031240, 0.0123698
201808031250, 0.00260417
201808031300, 0.00238715
201808031310, 0.0182292
201808031320, 0.022895
201808031330, 0.00303819
201808031340, 0.00368924
201808031350, 0.00824653
201808031400, 0.0309245
201808031410, 0.00292969
201808031420, 0.0236545
201808031430, 0.0498047
201808031440, 0.0968967
201808031450, 0.0477431
201808031500, 0.0313585
201808031510, 0.0513238
201808031520, 0.137695
201808031530, 0.0888672
201808031540, 0.107422
201808031550, 0.15549
201808031600, 0.331055
201808031610, 0.000108507
201808031620, 0.47385
201808031630, 0.0486111
201808031640, 0.0626085
201808031650, 0.00141059
201808031700, 0.202474
201808031710, 0.0566406
201808031720, 0.00672743
201808031730, 0.147786
201808031740, 0.0234375
201808031750, 0.0230035
201808031800, 0.0775825
201808031810, 0.070855
201808031820, 0.0328776
201808031830, 0.279405
201808031840, 0.322917
201808031850, 0.0426432
201808031900, 0.134983
201808031910, 0.0694444
201808031920, 0.000976562
201808031930, 0.189128
201808031940, 0.00358073
201808031950, 0.0163845
201808032000, 0.0384115
201808032010, 0
201808032020, 0.00640191
201808032030, 0.0137804
201808032040, 0.000542535
201808032050, 0.0139974
201808032100, 0.0222439
201808032110, 0.0334201
201808032120, 0.13444
201808032130, 0.0261502
201808032140, 0.0182292
201808032150, 0.000325521
201808032200, 0.0407986
201808032210, 0.00759549
201808032220, 0.0279948
201808032230, 0.0195312
201808032240, 0.0199653
201808032250, 0.015842
201808032300, 0.0877821
201808032310, 0.0101997
201808032320, 0.00130208
201808032330, 0.0105252
201808032340, 0
201808032350, 0
201808040000, 0.000759549
201808040010, 0.00509983
201808040020, 0.00455729
201808040030, 0.014974
201808040040, 0.0119358
201808040050, 0.000108507
201808040100, 0.0542535
201808040110, 1.80588
201808040120, 2.20508
201808040130, 2.45605
201808040140, 1.88531
201808040150, 3.02984
201808040200, 3.63205
201808040210, 4.09874
201808040220, 4.338
201808040230, 4.36144
201808040240, 4.96278
201808040250, 5.12858
201808040300, 5.3699
201808040310, 5.31641
201808040320, 5.20573
201808040330, 5.12435
201808040340, 5.67784
201808040350, 5.43837
201808040400, 5.6123
201808040410, 4.94032
201808040420, 4.55512
201808040430, 5.03103
201808040440, 4.42589
201808040450, 5.45703
201808040500, 5.31749
201808040510, 5.18001
201808040520, 5.24208
201808040530, 5.19998
201808040540, 6.18956
201808040550, 5.91504
201808040600, 5.59071
201808040610, 5.07172
201808040620, 4.59104
201808040630, 4.12543
201808040640, 3.96484
201808040650, 3.86437
201808040700, 4.28451
201808040710, 4.53678
201808040720, 4.6964
201808040730, 4.84223
201808040740, 4.59842
201808040750, 4.48188
201808040800, 4.26725
201808040810, 4.49805
201808040820, 4.3928
201808040830, 4.09961
201808040840, 3.76628
201808040850, 3.97472
201808040900, 3.90994
201808040910, 3.57237
201808040920, 3.23155
201808040930, 3.11773
201808040940, 3.59234
201808040950, 3.66309
201808041000, 3.94271
201808041010, 3.52561
201808041020, 3.58073
201808041030, 3.46756
201808041040, 3.62055
201808041050, 3.47808
201808041100, 2.86165
201808041110, 3.17166
201808041120, 3.10145
201808041130, 3.91634
201808041140, 3.50846
201808041150, 3.16168
201808041200, 3.79351
201808041210, 3.49067
201808041220, 3.97374
201808041230, 4.23568
201808041240, 3.40647
201808041250, 3.38628
201808041300, 3.7168
201808041310, 3.49273
201808041320, 3.78016
201808041330, 3.6964
201808041340, 4.13477
201808041350, 3.73492
201808041400, 3.92849
201808041410, 4.37609
201808041420, 4.12131
201808041430, 4.74002
201808041440, 4.66254
201808041450, 4.61252
201808041500, 4.57118
201808041510, 4.34158
201808041520, 4.60514
201808041530, 4.26378
201808041540, 4.6951
201808041550, 5.10796
201808041600, 4.50271
201808041610, 4.99891
201808041620, 4.78928
201808041630, 4.86979
201808041640, 4.92513
201808041650, 5.12435
201808041700, 5.05208
201808041710, 5.58789
201808041720, 5.2474
201808041730, 4.72982
201808041740, 4.81543
201808041750, 5.38531
201808041800, 4.47038
201808041810, 4.1518
201808041820, 4.21365
201808041830, 4.87815
201808041840, 4.24653
201808041850, 4.36187
201808041900, 4.33854
201808041910, 3.65386
201808041920, 3.4413
201808041930, 3.06814
201808041940, 3.06662
201808041950, 2.83464
201808042000, 2.47309
201808042010, 2.5459
201808042020, 2.36144
201808042030, 2.10037
201808042040, 2.44043
201808042050, 1.73741
201808042100, 1.81109
201808042110, 1.85775
201808042120, 2.03602
201808042130, 2.14844
201808042140, 1.89345
201808042150, 1.65007
201808042200, 1.96647
201808042210, 1.8827
201808042220, 2.44661
201808042230, 2.30859
201808042240, 1.55914
201808042250, 2.10352
201808042300, 1.82758
201808042310, 1.15408
201808042320, 1.08105
201808042330, 1.05284
201808042340, 0.757704
201808042350, 0.709201
201808050000, 0.555013
201808050010, 0.456489
201808050020, 0.357096
201808050030, 0.0661892
201808050040, 0.0997179
201808050050, 1.09462
201808050100, 2.14952
201808050110, 3.16829
201808050120, 4.51313
201808050130, 4.42188
201808050140, 3.69238
201808050150, 3.40484
201808050200, 3.18793
201808050210, 2.99273
201808050220, 3.38433
201808050230, 3.8163
201808050240, 4.15636
201808050250, 4.22624
201808050300, 2.02951
201808050310, 2.26335
201808050320, 2.15061
201808050330, 2.1862
201808050340, 2.59733
201808050350, 2.04112
201808050400, 1.90213
201808050410, 1.74881
201808050420, 1.66493
201808050430, 2.44575
201808050440, 1.93034
201808050450, 2.07834
201808050500, 1.91319
201808050510, 2.44108
201808050520, 2.22667
201808050530, 1.62522
201808050540, 1.8406
201808050550, 1.75239
201808050600, 1.94173
201808050610, 1.08431
201808050620, 2.02203
201808050630, 1.14128
201808050640, 0.941515
201808050650, 1.30642
201808050700, 1.60308
201808050710, 1.59342
201808050720, 2.28071
201808050730, 2.22808
201808050740, 2.64594
201808050750, 1.82411
201808050800, 1.61567
201808050810, 1.87099
201808050820, 1.85384
201808050830, 2.90647
201808050840, 1.29438
201808050850, 0.940647
201808050900, 0.434896
201808050910, 0.0296224
201808050920, 0.0332031
201808050930, 0.213976
201808050940, 0.331489
201808050950, 1.00944
201808051000, 1.10026
201808051010, 1.07086
201808051020, 1.37099
201808051030, 1.19227
201808051040, 0.819878
201808051050, 0.698134
201808051100, 1.25163
201808051110, 1.69303
201808051120, 1.68457
201808051130, 1.69629
201808051140, 1.78201
201808051150, 1.45942
201808051200, 0.983181
201808051210, 1.12543
201808051220, 1.06369
201808051230, 0.995334
201808051240, 1.59201
201808051250, 1.38173
201808051300, 1.80642
201808051310, 1.80523
201808051320, 2.06131
201808051330, 2.30078
201808051340, 2.61437
201808051350, 2.32292
201808051400, 3.41233
201808051410, 3.51823
201808051420, 3.20052
201808051430, 3.37012
201808051440, 3.97276
201808051450, 4.45888
201808051500, 4.65332
201808051510, 4.40343
201808051520, 4.74197
201808051530, 5.50803
201808051540, 5.25293
201808051550, 5.81608
201808051600, 6.45714
201808051610, 4.8954
201808051620, 4.35428
201808051630, 4.4707
201808051640, 4.38574
201808051650, 4.55534
201808051700, 3.8967
201808051710, 4.01302
201808051720, 4.01714
201808051730, 3.11241
201808051740, 2.25
201808051750, 3.43859
201808051800, 2.93522
201808051810, 2.5268
201808051820, 1.4668
201808051830, 1.20432
201808051840, 0.999891
201808051850, 1.79731
201808051900, 2.39865
201808051910, 2.18609
201808051920, 1.45258
201808051930, 1.33626
201808051940, 1.11046
201808051950, 0.459744
201808052000, 0.319878
201808052010, 0.460286
201808052020, 0.690104
201808052030, 0.539605
201808052040, 0.703776
201808052050, 0.190213
201808052100, 0.0248481
201808052110, 0.0402561
201808052120, 0.0873481
201808052130, 0.281684
201808052140, 0.294054
201808052150, 0.0729167
201808052200, 0.1199
201808052210, 0.0733507
201808052220, 0.426324
201808052230, 0.194987
201808052240, 0.0501302
201808052250, 0.502713
201808052300, 0.0559896
201808052310, 0.305556
201808052320, 0.277995
201808052330, 0.5
201808052340, 0.600043
201808052350, 0.325195
201808060000, 0.00434028
201808060010, 0.000434028
201808060020, 0.000217014
201808060030, 0.000108507
201808060040, 0.210829
201808060050, 0.521701
201808060100, 1.01074
201808060110, 2.14551
201808060120, 2.11751
201808060130, 1.7028
201808060140, 1.39388
201808060150, 1.03201
201808060200, 0.695095
201808060210, 0.885091
201808060220, 1.1798
201808060230, 0.693793
201808060240, 0.654948
201808060250, 0.744249
201808060300, 0.862413
201808060310, 0.971029
201808060320, 0.810981
201808060330, 0.442491
201808060340, 0.25434
201808060350, 0.0354818
201808060400, 0.0638021
201808060410, 0.0224609
201808060420, 0.0992839
201808060430, 0.0789931
201808060440, 0.00173611
201808060450, 0
201808060500, 0.0517578
201808060510, 0.0583767
201808060520, 0.106662
201808060530, 0.0371094
201808060540, 0.0822483
201808060550, 0.0996094
201808060600, 0.00596788
201808060610, 0.425998
201808060620, 0.0700955
201808060630, 0.0995009
201808060640, 0.382378
201808060650, 0.137478
201808060700, 0.0163845
201808060710, 0.0789931
201808060720, 0.0384115
201808060730, 0.118924
201808060740, 0.293186
201808060750, 0.78049
201808060800, 0.882812
201808060810, 0.994249
201808060820, 1.0025
201808060830, 1.01031
201808060840, 0.014974
201808060850, 0.0268012
201808060900, 0.0100911
201808060910, 0.0126953
201808060920, 0.0046658
201808060930, 0.00585938
201808060940, 0.00759549
201808060950, 0.022678
201808061000, 0.00477431
201808061010, 0.00813802
201808061020, 0.0126953
201808061030, 0.0225694
201808061040, 0.160482
201808061050, 0.154188
201808061100, 0.0670573
201808061110, 0.0976562
201808061120, 0.127604
201808061130, 0.030816
201808061140, 0.148003
201808061150, 0.0770399
201808061200, 0.147569
201808061210, 0.0567491
201808061220, 0.728841
201808061230, 0.64681
201808061240, 0.782769
201808061250, 1.04525
201808061300, 0.860134
201808061310, 0.839518
201808061320, 1.04351
201808061330, 0.644965
201808061340, 0.838433
201808061350, 1.40473
201808061400, 0.74924
201808061410, 0.441189
201808061420, 0.267578
201808061430, 0.341797
201808061440, 0.289171
201808061450, 0.0580512
201808061500, 0.284505
201808061510, 0.136285
201808061520, 0.0168186
201808061530, 0.270616
201808061540, 0.191623
201808061550, 0.362956
201808061600, 0.14388
201808061610, 0.063151
201808061620, 0.15115
201808061630, 0.287652
201808061640, 0.304036
201808061650, 0.317817
201808061700, 0.127604
201808061710, 0.321398
201808061720, 0.21072
201808061730, 0.0885417
201808061740, 0.365017
201808061750, 0.380642
201808061800, 0.25217
201808061810, 0.621311
201808061820, 0.588976
201808061830, 0.519857
201808061840, 0.440538
201808061850,
201808061900, 0.373806
201808061910, 0.597439
201808061920, 0.256944
201808061930, 0.307726
201808061940, 0.0148655
201808061950, 0.209744
201808062000, 0.113281
201808062010, 0.113064
201808062020, 0.0276693
201808062030, 0.0105252
201808062040, 0.553711
201808062050, 0.741319
201808062100, 0.634766
201808062110, 1.09125
201808062120, 1.52431
201808062130, 1.07997
201808062140, 0.775174
201808062150, 0.866102
201808062200, 0.961263
201808062210, 0.816298
201808062220, 0.732964
201808062230, 0.728082
201808062240, 0.682075
201808062250, 0.973741
201808062300, 0.584961
201808062310, 0.448242
201808062320, 0.151367
201808062330, 0.0679253
201808062340, 0.0333116
201808062350, 0.0647786
201808070000, 0.173611
201808070010, 0.302409
201808070020, 0.289062
201808070030, 0.246745
201808070040, 0.456814
201808070050, 0.713216
201808070100, 1.47526
201808070110, 2.14106
201808070120, 2.96853
201808070130, 2.94987
201808070140, 2.93663
201808070150, 3.60471
201808070200, 3.56033
201808070210, 3.77865
201808070220, 3.39149
201808070230, 3.05132
201808070240, 3.33051
201808070250, 2.00412
201808070300, 1.55849
201808070310, 1.30339
201808070320, 1.09256
201808070330, 0.984049
201808070340, 0.63661
201808070350, 1.03668
201808070400, 1.01986
201808070410, 1.27159
201808070420, 1.4451
201808070430, 2.01107
201808070440, 2.85894
201808070450, 2.30349
201808070500, 1.25293
201808070510, 0.869683
201808070520, 1.67263
201808070530, 1.30284
201808070540, 1.4248
201808070550, 0.32194
201808070600, 0.24707
201808070610, 0.133138
201808070620, 0.676432
201808070630, 0.868273
201808070640, 0.508355
201808070650, 0.868273
201808070700, 1.28939
201808070710, 0.0826823
201808070720, 0.613281
201808070730, 0.752279
201808070740, 0.445638
201808070750, 0.56684
201808070800, 0.875326
201808070810, 1.25879
201808070820, 1.15994
201808070830, 2.36003
201808070840, 0.633464
201808070850, 0.340495
201808070900, 0.00195312
201808070910, 0.49783
201808070920, 0.248589
201808070930, 0.449327
201808070940, 0.0211589
201808070950, 0.0680339
201808071000, 0.41135
201808071010, 0.644531
201808071020, 0.662001
201808071030, 1.03809
201808071040, 0.419922
201808071050, 0.254123
201808071100, 0.409939
201808071110, 0.728082
201808071120, 0.289605
201808071130, 0.368273
201808071140, 0.864366
201808071150, 0.257161
201808071200, 0.797526
201808071210, 0.657552
201808071220, 0.449219
201808071230, 0
201808071240, 0
201808071250, 0.633572
201808071300, 0.998915
201808071310, 1.66808
201808071320, 0.452257
201808071330, 0.775391
201808071340, 0.296224
201808071350, 0.274414
201808071400, 1.00684
201808071410, 0.552192
201808071420, 0.077691
201808071430, 0.304905
201808071440, 0.113498
201808071450, 0.660373
201808071500, 0
201808071510, 0
201808071520, 0
201808071530, 0.0100911
201808071540, 0
201808071550, 0.0419922
201808071600, 0.0350477
201808071610, 0.0897352
201808071620, 0.00271267
201808071630, 0.35178
201808071640, 0.234484
201808071650, 0.529514
201808071700, 0.484158
201808071710, 0.129883
201808071720, 0.0901693
201808071730, 0.33214
201808071740, 0.580621
201808071750, 0.497179
201808071800, 1.39008
201808071810, 1.18945
201808071820, 2.07726
201808071830, 1.611
201808071840, 1.71354
201808071850, 0.589084
201808071900, 1.03939
201808071910, 0.529188
201808071920, 0.743598
201808071930, 0.284505
201808071940, 0.284071
201808071950, 0.862739
201808072000, 0.3801
201808072010, 0.452908
201808072020, 0.331489
201808072030, 0.979058
201808072040, 0.554253
201808072050, 1.13759
201808072100, 1.1658
201808072110, 1.57802
201808072120, 1.55078
201808072140, 2.01139
201808072150, 2.13064
201808072200, 2.13726
201808072210, 2.90809
201808072220, 2.23687
201808072230, 2.20508
201808072240, 1.96018
201808072250, 1.4796
201808072300, 1.7334
201808072310, 1.52387
201808072320, 1.55632
201808072330, 1.66569
201808072340, 1.66884
201808072350, 1.66829
201808080000, 0.782227
201808080010, 0.0737847
201808080020, 0.714735
201808080030, 0.319987
201808080040, 0.0670573
201808080050, 0.209961
201808080100, 0.270725
201808080110, 0.969293
201808080120, 1.20345
201808080130, 1.48329
201808080140, 1.66981
201808080150, 1.79492
201808080200, 1.93934
201808080210, 1.93696
201808080220, 2.54221
201808080230, 2.2895
201808080240, 2.3839
201808080250, 3.60525
201808080300, 3.84093
201808080310, 4.64236
201808080320, 5.22938
201808080330, 5.03819
201808080340, 4.80143
201808080350, 4.69661
201808080400, 4.3227
201808080410, 3.60091
201808080420, 3.54091
201808080430, 3.96322
201808080440, 4.38238
201808080450, 3.35992
201808080500, 3.49718
201808080510, 3.22819
201808080520, 3.04188
201808080530, 3.21289
201808080540, 2.83008
201808080550, 3.48362
201808080600, 3.80176
201808080610, 3.74067
201808080620, 3.47862
201808080630, 3.00922
201808080640, 2.82075
201808080650, 2.59408
201808080700, 2.26584
201808080710, 2.33388
201808080720, 2.27083
201808080730, 1.50749
201808080740, 1.57888
201808080750, 1.43989
201808080800, 1.65842
201808080810, 1.21745
201808080820, 1.18772
201808080830, 0.647461
201808080840, 1.03309
201808080850, 0.486654
201808080900, 0.412326
201808080910, 0.259983
201808080920, 0.34299
201808080930, 0.39974
201808080940, 0.493273
201808080950, 0.418511
201808081000, 0.382378
201808081010, 0.441949
201808081020, 0.350152
201808081030, 0.204102
201808081040, 0.231662
201808081050, 0.33648
201808081100, 0.230252
201808081110, 0.00911458
201808081120, 0.172201
201808081130, 0.0942925
201808081140, 0.0583767
201808081150, 0.0103082
201808081200, 0.00390625
201808081210, 0.0138889
201808081220, 0.00661892
201808081230, 0.00260417
201808081240, 0.000542535
201808081250, 0.0278863
201808081300, 0.00119358
201808081310, 0.0472005
201808081320, 0.054796
201808081330, 0.0202908
201808081340, 0.00705295
201808081350, 0.0187717
201808081400, 0.0825738
201808081410, 0.0346137
201808081420, 0.17372
201808081430, 0.316515
201808081440, 0.585503
201808081450, 0.723524
201808081500, 0.722548
201808081510, 0.831597
201808081520, 0.603407
201808081530, 0.574327
201808081540, 0.792209
201808081550, 0.804253
201808081600, 0.95204
201808081610, 1.37261
201808081620, 1.75749
201808081630, 1.80545
201808081640, 1.75098
201808081650, 2.17665
201808081700, 2.13108
201808081710, 2.27593
201808081720, 1.95844
201808081730, 1.8087
201808081740, 1.95269
201808081750, 1.81793
201808081800, 1.79145
201808081810, 1.29373
201808081820, 1.66526
201808081830, 1.36589
201808081840, 0.907335
201808081850, 0.549154
201808081900, 0.340603
201808081910, 0.54503
201808081920, 0.588867
201808081930, 1.0638
201808081940, 0.756185
201808081950, 1.22786
201808082000, 0.438585
201808082010, 0.470595
201808082020, 0.34885
201808082030, 0.51161
201808082040, 0.958225
201808082050, 0.467339
201808082100, 0.326389
201808082110, 0.379991
201808082120, 0.403537
201808082130, 0.42079
201808082140, 0.274631
201808082150, 0.356337
201808082200, 0.728733
201808082210, 0.711155
201808082220, 1.15712
201808082230, 1.05762
201808082240, 1.09972
201808082250, 1.01085
201808082300, 1.05935
201808082310, 1.09722
201808082320, 1.12359
201808082330, 0.896376
201808082340, 0.779297
201808082350, 0.515191
201808090000, 0.340169
201808090010, 0.131402
201808090020, 0.0221354
201808090030, 0.0452474
201808090040, 0.143338
201808090050, 2.49848
201808090100, 3.28624
201808090110, 4.28353
201808090120, 4.57997
201808090130, 3.82064
201808090140, 2.55957
201808090150, 2.57107
201808090200, 3.42318
201808090210, 3.06207
201808090220, 4.61567
201808090230, 3.77365
201808090240, 3.73926
201808090250, 4.50412
201808090300, 3.57747
201808090310, 2.86806
201808090320, 3.73481
201808090330, 2.7028
201808090340, 2.0957
201808090350, 1.70128
201808090400, 0.779948
201808090410, 1.1072
201808090420, 0.376085
201808090430, 0.701714
201808090440, 0.999132
201808090450, 0.625326
201808090500, 1.1059
201808090510, 1.23242
201808090520, 1.57281
201808090530, 1.26497
201808090540, 1.16341
201808090550, 0.738824
201808090600, 0.108398
201808090610, 0.326714
201808090620, 0.350369
201808090630, 0.462565
201808090640, 0.325629
201808090650, 0.755859
201808090700, 0.556315
201808090710, 0.441081
201808090720, 1.43826
201808090730, 1.61806
201808090740, 1.90191
201808090750, 1.27072
201808090800, 2.73687
201808090810, 1.30859
201808090820, 0.852973
201808090830, 1.5804
201808090840, 1.22613
201808090850, 0.386502
201808090900, 0.976888
201808090910, 0.823676
201808090920, 1.15864
201808090930, 2.36491
201808090940, 0.668294
201808090950, 1.2423
201808091000, 0.582465
201808091010, 0.760308
201808091020, 2.07921
201808091030, 2.33388
201808091040, 3.04905
201808091050, 1.95584
201808091100, 1.5319
201808091110, 1.98503
201808091120, 1.01758
201808091130, 1.34993
201808091140, 1.73513
201808091150, 1.90549
201808091200, 0.67589
201808091210, 0.482205
201808091220, 0.269857
201808091230, 0
201808091240, 0.0588108
201808091250, 0.0826823
201808091300, 0.431858
201808091310, 0
201808091320, 0
201808091330, 0
201808091340, 0.000651042
201808091350, 0.00900608
201808091400, 0.0604384
201808091410, 0.153103
201808091420, 0.0370009
201808091430, 0.00716146
201808091440, 0.0343967
201808091450, 0.00607639
201808091500, 0
201808091510, 0.0617405
201808091520, 0.0350477
201808091530, 0.00282118
201808091540, 0
201808091550, 0.0141059
201808091600, 0.227539
201808091610, 0.33572
201808091620, 0.0589193
201808091630, 0.517904
201808091640, 0.532769
201808091650, 0.510525
201808091700, 0.473416
201808091710, 0.599718
201808091720, 0.28342
201808091730, 0.539171
201808091740, 0.7551
201808091750, 0.190864
201808091800, 0.93967
201808091810, 0.19553
201808091820, 0.135417
201808091830, 0.00737847
201808091840, 0.282661
201808091850, 0.0828993
201808091900, 0.100694
201808091910, 0.667535
201808091920, 0.0106337
201808091930, 0.23546
201808091940, 0.568685
201808091950, 0.0667318
201808092000, 0.0758464
201808092010, 0.115234
201808092020, 0.267036
201808092030, 0.16428
201808092040, 0.0193142
201808092050, 0.198568
201808092100, 0.365668
201808092110, 0
201808092120, 0.0323351
201808092130, 0.0174696
201808092140, 0.0126953
201808092150, 0.0031467
201808092200, 0.00206163
201808092210, 0.0557726
201808092220, 0.191732
201808092230, 0.616102
201808092240, 0.935113
201808092250, 0.263129
201808092300, 0.0467665
201808092310, 0.283529
201808092320, 0.258572
201808092330, 0.0718316
201808092340, 0.324219
201808092350, 0.154622
201808100000, 0.655816
201808100010, 0.634115
201808100020, 0.738932
201808100030, 0.985243
201808100040, 0.460286
201808100050, 0.50727
201808100100, 0.675239
201808100110, 0.561849
201808100120, 0.376736
201808100130, 0.46658
201808100140, 0.531793
201808100150, 0.629232
201808100200, 0.615885
201808100210, 0.407552
201808100220, 0.98839
201808100230, 0.0388455
201808100240, 0.390191
201808100250, 0.161133
201808100300, 0.344618
201808100310, 0.336589
201808100320, 0.00325521
201808100330, 0.0315755
201808100340, 0.141602
201808100350, 0.00271267
201808100400, 0.0546875
201808100410, 0.00748698
201808100420, 0.0411241
201808100430, 0.0219184
201808100440, 0.000108507
201808100450, 0.016059
201808100500, 0.0377604
201808100510, 0.0835503
201808100520, 0.0814887
201808100530, 0.00412326
201808100550, 0.0108507
201808100600, 0.0362413
201808100610, 0.347656
201808100620, 0.201497
201808100630, 0.862088
201808100640, 0.0187717
201808100650, 0.00585938
201808100700, 0.0139974
201808100710, 0.347982
201808100720, 0.0201823
201808100730, 0.0078125
201808100740, 0.342231
201808100750, 0.299913
201808100800, 0.152886
201808100810, 0.87793
201808100820, 0.148438
201808100830, 0.136827
201808100840, 0.0400391
201808100850, 0.0378689
201808100900, 0.152886
201808100910, 0.0425347
201808100920, 0.0288628
201808100930, 0.0207248
201808100940, 0.000325521
201808100950, 0.0301649
201808101000, 0.0221354
201808101010, 0.0208333
201808101020, 0.00390625
201808101030, 0.127387
201808101040, 0.0493707
201808101050,
201808101100,
201808101110,
201808101120,
201808101130,
201808101140,
201808101150,
201808101200,
201808101210,
201808101220,
201808101230, 0.391493
201808101240,
201808101250,
201808101300,
201808101310,
201808101320,
201808101330,
201808101340,
201808101350,
201808101400,
201808101410,
201808101420, 0.0674913
201808101430, 0.00911458
201808101440,
201808101450,
201808101500,
201808101510,
201808101520,
201808101530,
201808101540,
201808101550,
201808101600,
201808101610,
201808101620,
201808101630, 0.0268012
201808101640,
201808101650,
201808101700,
201808101710,
201808101720, 0.0062934
201808101730,
201808101740,
201808101750,
201808101800,
201808101810,
201808101820,
201808101830,
201808101840,
201808101850,
201808101900, 0.0128038
201808101910,
201808101920,
201808101930, 0.0537109
201808101940, 0.0194227
201808101950,
201808102000,
201808102010,
201808102020,
201808102030, 0.0199653
201808102040,
201808102050, 0.0208333
201808102100,
201808102110,
201808102120,
201808102130,
201808102140,
201808102150,
201808102200,
201808102210, 0
201808102220,
201808102230,
201808102240,
201808102250,
201808102300,
201808102310,
201808102320,
201808102330,
201808102340,
201808102350,
201808110000, 0.00130208
201808110010,
201808110020,
201808110030,
201808110040, 0.00553385
201808110050, 0.252062
201808110100,
201808110110,
201808110120,
201808110130,
201808110140,
201808110150,
201808110200,
201808110210,
201808110220,
201808110230,
201808110240, 3.56369
201808110250,
201808110300,
201808110310,
201808110320,
201808110330,
201808110340,
201808110350,
201808110400,
201808110410, 3.2589
201808110420, 2.24034
201808110430,
201808110440,
201808110450,
201808110500,
201808110510,
201808110520,
201808110530,
201808110540,
201808110550,
201808110600,
201808110610,
201808110620,
201808110630,
201808110640,
201808110650,
201808110700,
201808110710,
201808110720,
201808110730,
201808110740,
201808110750,
201808110800,
201808110810,
201808110820,
201808110830,
201808110840,
201808110850,
201808110900,
201808110910,
201808110920,
201808110940,
201808110950,
201808111000,
201808111010,
201808111020,
201808111030,
201808111040,
201808111050,
201808111100,
201808111110,
201808111120,
201808111130,
201808111140,
201808111150,
201808111200,
201808111210,
201808111220, 0.00477431
201808111230, 0.00184462
201808111240,
201808111250,
201808111300,
201808111310,
201808111320,
201808111330,
201808111340, 0.0031467
201808111350,
201808111400, 0.0101997
201808111410,
201808111420,
201808111430,
201808111440,
201808111450,
201808111500,
201808111510,
201808111520,
201808111530,
201808111540,
201808111550,
201808111600,
201808111610,
201808111620,
201808111630,
201808111640,
201808111650,
201808111700,
201808111710,
201808111720,
201808111730,
201808111740,
201808111750,
201808111800,
201808111810,
201808111820,
201808111830,
201808111840,
201808111850,
201808111900,
201808111910,
201808111920,
201808111930,
201808111940, 0.105794
201808111950,
201808112000, 0.0418837
201808112010,
201808112020, 0.00878906
201808112030, 0.023763
201808112040, 0.0405816
201808112050, 0.0182292
201808112100, 0.0193142
201808112110,
201808112120,
201808112130,
201808112140,
201808112150,
201808112200,
201808112210,
201808112220,
201808112230,
201808112240,
201808112250,
201808112300,
201808112310,
201808112320, 0.0336372
201808112330,
201808112340,
201808112350,
201808120000,
201808120010,
201808120020,
201808120030,
201808120040, 0.345812
201808120050,
201808120100, 0.961806
201808120110, 1.01291
201808120120, 0.703016
201808120130,
201808120140, 0.810221
201808120150,
201808120200,
201808120210, 0.4477
201808120220, 0.779405
201808120230, 0.613064
201808120240, 0.679362
201808120250,
201808120300, 0.97526
201808120310,
201808120320,
201808120330,
201808120340,
201808120350,
201808120400, 1.09104
201808120410, 1.27778
201808120430,
201808120440,
201808120450,
201808120500,
201808120510,
201808120520,
201808120530,
201808120540,
201808120550,
201808120600,
201808120610, 0.626194
201808120620, 0.871094
201808120630, 0.740451
201808120640, 1.20616
201808120650, 1.58561
201808120700, 1.0498
201808120720, 0.986003
201808120730, 0.768012
201808120740, 0.981879
201808120750, 0.383789
201808120800, 0.379774
201808120820, 0.536133
201808120830,
201808120840,
201808120850, 0.247179
201808120900, 0.258789
201808120910,
201808120920,
201808120930,
201808120940,
201808120950,
201808121000,
201808121010,
201808121020,
201808121030,
201808121040,
201808121050,
201808121100,
201808121110,
201808121120,
201808121130,
201808121140,
201808121150,
201808121200,
201808121210,
201808121220,
201808121230, 0.131836
201808121240,
201808121250,
201808121300,
201808121310,
201808121320,
201808121330,
201808121340,
201808121350,
201808121400,
201808121410,
201808121420,
201808121430,
201808121440,
201808121450,
201808121500,
201808121510,
201808121520,
201808121530,
201808121540,
201808121550,
201808121600,
201808121610,
201808121620,
201808121630,
201808121640,
201808121650,
201808121700,
201808121710,
201808121720,
201808121730,
201808121740,
201808121750,
201808121800,
201808121810,
201808121820,
201808121830,
201808121840,
201808121850,
201808121900,
201808121910,
201808121920,
201808121930,
201808121940,
201808121950,
201808122000,
201808122010,
201808122020,
201808122030,
201808122040,
201808122050,
201808122100,
201808122110,
201808122120,
201808122130,
201808122140,
201808122150,
201808122200,
201808122210,
201808122220,
201808122230,
201808122240,
201808122250,
201808122300,
201808122310,
201808122320,
201808122330,
201808122340,
201808122350,
201808130000,
201808130010,
201808130020,
201808130030,
201808130040,
201808130050,
201808130100,
201808130110,
201808130120,
201808130130,
201808130140,
201808130150,
201808130200,
201808130210,
201808130220,
201808130230,
201808130240,
201808130250,
201808130300,
201808130310,
201808130320,
201808130330,
201808130340,
201808130350,
201808130400,
201808130410,
201808130420,
201808130430,
201808130440,
201808130450,
201808130500,
201808130510,
201808130520,
201808130530,
201808130540,
201808130550,
201808130600,
201808130610,
201808130620,
201808130630,
201808130640,
201808130650,
201808130700,
201808130710,
201808130720,
201808130730,
201808130740,
201808130750,
201808130800,
201808130810,
201808130820,
201808130830,
201808130840,
201808130900,
201808130910,
201808130920,
201808130930,
201808130940,
201808130950,
201808131000,
201808131010,
201808131020,
201808131030,
201808131040,
201808131050,
201808131100,
201808131110,
201808131120,
201808131130,
201808131140,
201808131150,
201808131200,
201808131210,
201808131220,
201808131230,
201808131240,
201808131250,
201808131320,
201808131330,
201808131340,
201808131350,
201808131400,
201808131410,
201808131420,
201808131430,
201808131440,
201808131450,
201808131500,
201808131510,
201808131520,
201808131530,
201808131540,
201808131550,
201808131600,
201808131610,
201808131620,
201808131630,
201808131640,
201808131650,
201808131700,
201808131710,
201808131720,
201808131730,
201808131740,
201808131750,
201808131800,
201808131810,
201808131820,
201808131830,
201808131840,
201808131850,
201808131900,
201808131910,
201808131920,
201808131930,
201808131940,
201808131950,
201808132000,
201808132010,
201808132020,
201808132030,
201808132040,
201808132050,
201808132100,
201808132110,
201808132120,
201808132130,
201808132140,
201808132150,
201808132200,
201808132210,
201808132220,
201808132230,
201808132240,
201808132250,
201808132300,
201808132310,
201808132320,
201808132330,
201808132340,
201808132350,
201808140000,
201808140010,
201808140020,
201808140030,
201808140040,
201808140050,
201808140100,
201808140110,
201808140120,
201808140130,
201808140140,
201808140150,
201808140200,
201808140210,
201808140220,
201808140230,
201808140240,
201808140250,
201808140300,
201808140310,
201808140320,
201808140330,
201808140340,
201808140350,
201808140400,
201808140410,
201808140420,
201808140430,
201808140440,
201808140450,
201808140500,
201808140510,
201808140520,
201808140530,
201808140540,
201808140550,
201808140600,
201808140610,
201808140620,
201808140630,
201808140640,
201808140650,
201808140700,
201808140710,
201808140720,
201808140730,
201808140740,
201808140750,
201808140800,
201808140810,
201808140830,
201808140840,
201808140850,
201808140900,
201808140910,
201808140920,
201808140930,
201808140940,
201808140950,
201808141000,
201808141010,
201808141020,
201808141030,
201808141040,
201808141050,
201808141100,
201808141110,
201808141120,
201808141130,
201808141140,
201808141150,
201808141200,
201808141210,
201808141220,
201808141230,
201808141240,
201808141250,
201808141300,
201808141310,
201808141320,
201808141330,
201808141340,
201808141350,
201808141400,
201808141410,
201808141420,
201808141430,
201808141440,
201808141450,
201808141500,
201808141510,
201808141520,
201808141530,
201808141540,
201808141550,
201808141600,
201808141610,
201808141620,
201808141630,
201808141640,
201808141650,
201808141700,
201808141710,
201808141720,
201808141730,
201808141740,
201808141750,
201808141800,
201808141810,
201808141820,
201808141830,
201808141840,
201808141850,
201808141900,
201808141910,
201808141920,
201808141930,
201808141940,
201808141950,
201808142000,
201808142010,
201808142020,
201808142030,
201808142040,
201808142050,
201808142100,
201808142110,
201808142120,
201808142130,
201808142140,
201808142150,
201808142200,
201808142210,
201808142220,
201808142230,
201808142240,
201808142250,
201808142300,
201808142310,
201808142320,
201808142330,
201808142340,
201808142350,
201808150000,
201808150010,
201808150020,
201808150030,
201808150040,
201808150050,
201808150100,
201808150110,
201808150120,
201808150130,
201808150140,
201808150150,
201808150200,
201808150210,
201808150220,
201808150230,
201808150240,
201808150250,
201808150300,
201808150310,
201808150320,
201808150330,
201808150340,
201808150350,
201808150400,
201808150410,
201808150420,
201808150430,
201808150440,
201808150450,
201808150500,
201808150510,
201808150520,
201808150530,
201808150540,
201808150550,
201808150600,
201808150610,
201808150620,
201808150630,
201808150640,
201808150650,
201808150700,
201808150710,
201808150720,
201808150730,
201808150740,
201808150750,
201808150800,
201808150810,
201808150820,
201808150830,
201808150840,
201808150850,
201808150900,
201808150910,
201808150920,
201808150930,
201808150940,
201808150950,
201808151000,
201808151010,
201808151020,
201808151030,
201808151040,
201808151050,
201808151100,
201808151110,
201808151120,
201808151130,
201808151140,
201808151150,
201808151200,
201808151210,
201808151220,
201808151230,
201808151240,
201808151250,
201808151300,
201808151310,
201808151320,
201808151330,
201808151340,
201808151350,
201808151400,
201808151410,
201808151420,
201808151430,
201808151440,
201808151450,
201808151500,
201808151510,
201808151520,
201808151530,
201808151540,
201808151550,
201808151600,
201808151610,
201808151620,
201808151630,
201808151640,
201808151650,
201808151700,
201808151710,
201808151720,
201808151730,
201808151740,
201808151750,
201808151800,
201808151810,
201808151820,
201808151830,
201808151840,
201808151850,
201808151900,
201808151910,
201808151920,
201808151930,
201808151940,
201808151950,
201808152000,
201808152010,
201808152020,
201808152030,
201808152040,
201808152050,
201808152100,
201808152110,
201808152120,
201808152130,
201808152140,
201808152150,
201808152200,
201808152210,
201808152220,
201808152230,
201808152240,
201808152250,
201808152300,
201808152310,
201808152320,
201808152330,
201808152340,
201808152350,
201808160000,
201808160010,
201808160020,
201808160030,
201808160040,
201808160050,
201808160100,
201808160110,
201808160120,
201808160130,
201808160140,
201808160150,
201808160200,
201808160210,
201808160220,
201808160230,
201808160240,
201808160250,
201808160300,
201808160310,
201808160320,
201808160330,
201808160340,
201808160350,
201808160400,
201808160410,
201808160420,
201808160430,
201808160440,
201808160450,
201808160500,
201808160510,
201808160520,
201808160530,
201808160540,
201808160550,
201808160600,
201808160610,
201808160620,
201808160630,
201808160640,
201808160650,
201808160700,
201808160710,
201808160720,
201808160730,
201808160740,
201808160750,
201808160800,
201808160810,
201808160820,
201808160830,
201808160840,
201808160850,
201808160900,
201808160910,
201808160920,
201808160930,
201808160940,
201808160950,
201808161000,
201808161010,
201808161020,
201808161030,
201808161040,
201808161050,
201808161100,
201808161110,
201808161120,
201808161130,
201808161140,
201808161150,
201808161200,
201808161210,
201808161220,
201808161230,
201808161240,
201808161250,
201808161300,
201808161310,
201808161320,
201808161330,
201808161340,
201808161350,
201808161400,
201808161410,
201808161420,
201808161430,
201808161440,
201808161450,
201808161500,
201808161510,
201808161520,
201808161530,
201808161540,
201808161550,
201808161600,
201808161610,
201808161620,
201808161630,
201808161640,
201808161650,
201808161700,
201808161710,
201808161720,
201808161730,
201808161740,
201808161750,
201808161800,
201808161810,
201808161820,
201808161830,
201808161840,
201808161850,
201808161900,
201808161910,
201808161920,
201808161930,
201808161940,
201808161950,
201808162000,
201808162010,
201808162020,
201808162030,
201808162040,
201808162050,
201808162100,
201808162110,
201808162120,
201808162130,
201808162140,
201808162150,
201808162200,
201808162210,
201808162220,
201808162230,
201808162240,
201808162250,
201808162300,
201808162310,
201808162320,
201808162330,
201808162340,
201808162350,
201808170000,
201808170010,
201808170020,
201808170030,
201808170040,
201808170050,
201808170100,
201808170110,
201808170120,
201808170130,
201808170140,
201808170150,
201808170200,
201808170210,
201808170220,
201808170230,
201808170240,
201808170250,
201808170300,
201808170310,
201808170320,
201808170330,
201808170340,
201808170350,
201808170400,
201808170410,
201808170420,
201808170430,
201808170450,
201808170500,
201808170510,
201808170520,
201808170530,
201808170540,
201808170600,
201808170610,
201808170620,
201808170630,
201808170640,
201808170650,
201808170700,
201808170710,
201808170720,
201808170730,
201808170750,
201808170800,
201808170820,
201808170830,
201808170840,
201808170850,
201808170920,
201808170930,
201808170950,
201808171000,
201808171010,
201808171020,
201808171030,
201808171110,
201808171120,
201808171130,
201808171140,
201808171150,
201808171200,
201808171210,
201808171220,
201808171230,
201808171240,
201808171250,
201808171300,
201808171310,
201808171320,
201808171330,
201808171340,
201808171350,
201808171400,
201808171410,
201808171420,
201808171430,
201808171440,
201808171450,
201808171500,
201808171510,
201808171520,
201808171530,
201808171540,
201808171550,
201808171600,
201808171610,
201808171620,
201808171630,
201808171640,
201808171650,
201808171700,
201808171710,
201808171720,
201808171730,
201808171740,
201808171750,
201808171800,
201808171810,
201808171820,
201808171830,
201808171840,
201808171850,
201808171900,
201808171910,
201808171920,
201808171930,
201808171940,
201808171950,
201808172000,
201808172010,
201808172020,
201808172030,
201808172040,
201808172050,
201808172100,
201808172110,
201808172120,
201808172130,
201808172140,
201808172150,
201808172200,
201808172210,
201808172220,
201808172230,
201808172240,
201808172250,
201808172300,
201808172310,
201808172320,
201808172330,
201808172340,
201808172350,
201808180000,
201808180020,
201808180030,
201808180040,
201808180050,
201808180100,
201808180110,
201808180120,
201808180130,
201808180140,
201808180150,
201808180200,
201808180210,
201808180220,
201808180230,
201808180240,
201808180250,
201808180300,
201808180310,
201808180320,
201808180330,
201808180340,
201808180350,
201808180400,
201808180410,
201808180420,
201808180430,
201808180440,
201808180450,
201808180500,
201808180510,
201808180520,
201808180530,
201808180540,
201808180550,
201808180600,
201808180610,
201808180620,
201808180630,
201808180640,
201808180650,
201808180700,
201808180710,
201808180720,
201808180730,
201808180740,
201808180750,
201808180800,
201808180810,
201808180820,
201808180830,
201808180840,
201808180850,
201808180900,
201808180910,
201808180920,
201808180930,
201808180940,
201808180950,
201808181000,
201808181010,
201808181020,
201808181030,
201808181040,
201808181050,
201808181100,
201808181110,
201808181120,
201808181130,
201808181140,
201808181150,
201808181200,
201808181210,
201808181220,
201808181230,
201808181240,
201808181250,
201808181300,
201808181310,
201808181320,
201808181330,
201808181340,
201808181350,
201808181400,
201808181410,
201808181420,
201808181430,
201808181440,
201808181450,
201808181500,
201808181510,
201808181520,
201808181530,
201808181540,
201808181550,
201808181600,
201808181610,
201808181620,
201808181630,
201808181640,
201808181650,
201808181700,
201808181710,
201808181720,
201808181730,
201808181740,
201808181750,
201808181800,
201808181810,
201808181820,
201808181830,
201808181840,
201808181850,
201808181900,
201808181910,
201808181920,
201808181930,
201808181940,
201808181950,
201808182000,
201808182010,
201808182020,
201808182030,
201808182040,
201808182050,
201808182100,
201808182110,
201808182120,
201808182130,
201808182140,
201808182150,
201808182200,
201808182210,
201808182220,
201808182230,
201808182240,
201808182250,
201808182300,
201808182310,
201808182320,
201808182330,
201808182340,
201808182350,
201808190000,
201808190010,
201808190020,
201808190030,
201808190040,
201808190050,
201808190100,
201808190110,
201808190120,
201808190130,
201808190140,
201808190150,
201808190200,
201808190210,
201808190220,
201808190230,
201808190240,
201808190250,
201808190300,
201808190310,
201808190320,
201808190330,
201808190340,
201808190350,
201808190400,
201808190410,
201808190420,
201808190430,
201808190440,
201808190450,
201808190500,
201808190510,
201808190520,
201808190530,
201808190540,
201808190550,
201808190600,
201808190610,
201808190620,
201808190630,
201808190640,
201808190650,
201808190700,
201808190710,
201808190720,
201808190730,
201808190740,
201808190750,
201808190800,
201808190810,
201808190820,
201808190830,
201808190840,
201808190850,
201808190900,
201808190910,
201808190920,
201808190930,
201808190940,
201808190950,
201808191000,
201808191010,
201808191020,
201808191030,
201808191040,
201808191050,
201808191100,
201808191110,
201808191120,
201808191130,
201808191140,
201808191150,
201808191200,
201808191210,
201808191220,
201808191230,
201808191240,
201808191250,
201808191300,
201808191310,
201808191320,
201808191330,
201808191340,
201808191350,
201808191400,
201808191410,
201808191420,
201808191430,
201808191440,
201808191450,
201808191500,
201808191510,
201808191520,
201808191530,
201808191540,
201808191550,
201808191600,
201808191610,
201808191620,
201808191630,
201808191640,
201808191650,
201808191700,
201808191710,
201808191720,
201808191730,
201808191740,
201808191750,
201808191800,
201808191810,
201808191820,
201808191830,
201808191840,
201808191850,
201808191900,
201808191910,
201808191920,
201808191930,
201808191940,
201808191950,
201808192000,
201808192010,
201808192020,
201808192030,
201808192040,
201808192050,
201808192100,
201808192110,
201808192120,
201808192130,
201808192140,
201808192150,
201808192200,
201808192210,
201808192220,
201808192230,
201808192240,
201808192250,
201808192300,
201808192310,
201808192320,
201808192330,
201808192340,
201808192350,
201808200000,
201808200010,
201808200020,
201808200030,
201808200040,
201808200050,
201808200100,
201808200110,
201808200120,
201808200130,
201808200140,
201808200150,
201808200200,
201808200210,
201808200220,
201808200230,
201808200240,
201808200250,
201808200300,
201808200310,
201808200320,
201808200330,
201808200340,
201808200350,
201808200400,
201808200410,
201808200420,
201808200430,
201808200440,
201808200450,
201808200500,
201808200510,
201808200520,
201808200530,
201808200540,
201808200550,
201808200600,
201808200610,
201808200620,
201808200630,
201808200650,
201808200700,
201808200710,
201808200720,
201808200730,
201808200740,
201808200750,
201808200800,
201808200810,
201808200820,
201808200830,
201808200840,
201808200850,
201808200900,
201808200920,
201808200930,
201808200940,
201808200950,
201808201000,
201808201010,
201808201020,
201808201030,
201808201040,
201808201050,
201808201100,
201808201110,
201808201120,
201808201130,
201808201140,
201808201150,
201808201200,
201808201210,
201808201220,
201808201230,
201808201240,
201808201250,
201808201300,
201808201310,
201808201320,
201808201330,
201808201340,
201808201350,
201808201400,
201808201410,
201808201420,
201808201430,
201808201440,
201808201450,
201808201500,
201808201510,
201808201520,
201808201530,
201808201540,
201808201550,
201808201600,
201808201610,
201808201620,
201808201630,
201808201640,
201808201650,
201808201700,
201808201710,
201808201720,
201808201730,
201808201740,
201808201750,
201808201800,
201808201810,
201808201820,
201808201830,
201808201840,
201808201850,
201808201900,
201808201910,
201808201920,
201808201930,
201808201940,
201808201950,
201808202000,
201808202010,
201808202020,
201808202030,
201808202040,
201808202050,
201808202100,
201808202110,
201808202120,
201808202130,
201808202140,
201808202150,
201808202200,
201808202210,
201808202220,
201808202230,
201808202240,
201808202250,
201808202300,
201808202310,
201808202320,
201808202330,
201808202340,
201808202350,
201808210000,
201808210010,
201808210020,
201808210030,
201808210040,
201808210050,
201808210100,
201808210110,
201808210120,
201808210130,
201808210140,
201808210150,
201808210200,
201808210210,
201808210220,
201808210230,
201808210240,
201808210250,
201808210300,
201808210310,
201808210320,
201808210330,
201808210340,
201808210350,
201808210400,
201808210410,
201808210420,
201808210430,
201808210440,
201808210450,
201808210500,
201808210510,
201808210520,
201808210530,
201808210540,
201808210550,
201808210600,
201808210610,
201808210620,
201808210630,
201808210640,
201808210650,
201808210700,
201808210710,
201808210720,
201808210730,
201808210740,
201808210750,
201808210800,
201808210810,
201808210820,
201808210830,
201808210840,
201808210900,
201808210910,
201808210920,
201808210930,
201808210940,
201808210950,
201808211000,
201808211010,
201808211020,
201808211030,
201808211050,
201808211100,
201808211110,
201808211120,
201808211130,
201808211140,
201808211150,
201808211200,
201808211210,
201808211220,
201808211230,
201808211240,
201808211250,
201808211300,
201808211310,
201808211320,
201808211330,
201808211340,
201808211350,
201808211400,
201808211410,
201808211420,
201808211430,
201808211440,
201808211450,
201808211500,
201808211510,
201808211520,
201808211530,
201808211540,
201808211550,
201808211600,
201808211610,
201808211620,
201808211630,
201808211640,
201808211650,
201808211700,
201808211710,
201808211720,
201808211730,
201808211740,
201808211750,
201808211800,
201808211810,
201808211820,
201808211830,
201808211840,
201808211850,
201808211900,
201808211910,
201808211920,
201808211930,
201808211940,
201808211950,
201808212000,
201808212010,
201808212020,
201808212030,
201808212040,
201808212050,
201808212100,
201808212110,
201808212120,
201808212130,
201808212140,
201808212150,
201808212200,
201808212210,
201808212220,
201808212230,
201808212240,
201808212250,
201808212300,
201808212310,
201808212320,
201808212330,
201808212340,
201808212350,
201808220000,
201808220010,
201808220020,
201808220030,
201808220040,
201808220050,
201808220100,
201808220110,
201808220120,
201808220130,
201808220140,
201808220150,
201808220200,
201808220210,
201808220220,
201808220230,
201808220240,
201808220250,
201808220300,
201808220310,
201808220320,
201808220330,
201808220340,
201808220350,
201808220400,
201808220410,
201808220420,
201808220430,
201808220440,
201808220450,
201808220500,
201808220510,
201808220520,
201808220530,
201808220540,
201808220550,
201808220600,
201808220620,
201808220630,
201808220640,
201808220700,
201808220710,
201808220720,
201808220730,
201808220740,
201808220750,
201808220800,
201808220810,
201808220830,
201808220840,
201808220850,
201808220900,
201808220920,
201808220930,
201808220940,
201808220950,
201808221000,
201808221010,
201808221020,
201808221030,
201808221040,
201808221050,
201808221100,
201808221110,
201808221120,
201808221130,
201808221140,
201808221150,
201808221200,
201808221210,
201808221220,
201808221230,
201808221240,
201808221250,
201808221300,
201808221310,
201808221320,
201808221330,
201808221340,
201808221350,
201808221400,
201808221410,
201808221420,
201808221430,
201808221440,
201808221450,
201808221500,
201808221510,
201808221520,
201808221530,
201808221540,
201808221550,
201808221600,
201808221610,
201808221620,
201808221630,
201808221640,
201808221650,
201808221700,
201808221710,
201808221720,
201808221730,
201808221740,
201808221750,
201808221800,
201808221810,
201808221820,
201808221830,
201808221840,
201808221850,
201808221900,
201808221910,
201808221920,
201808221930,
201808221940,
201808221950,
201808222000,
201808222010,
201808222020,
201808222030,
201808222040,
201808222050,
201808222100,
201808222110,
201808222120,
201808222130,
201808222140,
201808222150,
201808222200,
201808222210,
201808222220,
201808222230,
201808222240,
201808222250,
201808222300,
201808222310,
201808222320,
201808222330,
201808222340,
201808222350,
201808230000,
201808230010,
201808230020,
201808230030,
201808230040,
201808230050,
201808230100,
201808230110,
201808230120,
201808230130,
201808230140,
201808230150,
201808230200,
201808230210,
201808230220,
201808230230,
201808230240,
201808230250,
201808230300,
201808230310,
201808230320,
201808230330,
201808230340,
201808230350,
201808230400,
201808230410,
201808230420,
201808230430,
201808230440,
201808230450,
201808230500,
201808230510,
201808230520,
201808230530,
201808230540,
201808230550,
201808230600,
201808230610,
201808230620,
201808230630,
201808230640,
201808230650,
201808230700,
201808230710,
201808230720,
201808230730,
201808230740,
201808230750,
201808230800,
201808230810,
201808230820,
201808230830,
201808230840,
201808230850,
201808230900,
201808230910,
201808230920,
201808230930,
201808230940,
201808230950,
201808231000,
201808231010,
201808231020,
201808231030,
201808231040,
201808231050,
201808231100,
201808231110,
201808231120,
201808231130,
201808231140,
201808231150,
201808231200,
