201606010000, 0
201606010010, 0.0183377
201606010020, 0.104167
201606010030, 0.190321
201606010040, 0.0015191
201606010050, 0.0278863
201606010100, 0.0245226
201606010110, 0.0472005
201606010120, 0.0504557
201606010130, 0.438585
201606010140, 0.309896
201606010150, 0.262044
201606010200, 0.433377
201606010210, 0.256727
201606010220, 1.35037
201606010230, 1.33963
201606010240, 0.40332
201606010250, 0.628906
201606010300, 0.466905
201606010310, 0.513238
201606010320, 0.614366
201606010330, 0.373047
201606010340, 1.05577
201606010350, 0.699327
201606010400, 0.640191
201606010410, 0.796983
201606010420, 1.09896
201606010430, 0.482205
201606010440, 0.321289
201606010450, 0.359375
201606010500, 0.501628
201606010510, 0.227865
201606010520, 0.388129
201606010530, 0.217339
201606010540, 0.184136
201606010550, 0.0888672
201606010600, 0.00661892
201606010610, 0.00292969
201606010620, 0.000651042
201606010630, 0.00303819
201606010640, 0.000325521
201606010650, 0.0113932
201606010700, 0.00651042
201606010710, 0.00108507
201606010730, 0
201606010740, 0
201606010750, 0.10829
201606010800, 0.0251736
201606010820, 0.00303819
201606010830, 0.00607639
201606010840, 0.016059
201606010850, 0.00477431
201606010900, 0
201606010920, 0
201606010930, 0
201606010940, 0.0031467
201606010950, 0
201606011000, 0
201606011010, 0.000217014
201606011030, 0.000217014
201606011040, 0.00130208
201606011050, 0
201606011100, 0.000651042
201606011110, 0.000976562
201606011130, 0.000759549
201606011150, 0
201606011200, 0.000542535
201606011210, 0.000651042
201606011220, 0.000868056
201606011240, 0
201606011250, 0.000108507
201606011300, 0.000976562
201606011310, 0.00108507
201606011320, 0
201606011330, 0.000976562
201606011340, 0
201606011350, 0.00130208
201606011400, 0
201606011410, 0
201606011420, 0.000217014
201606011430, 0
201606011440, 0
201606011450, 0
201606011500, 0.000217014
201606011510, 0.000759549
201606011520, 0
201606011530, 0
201606011540, 0.00542535
201606011550, 0.000325521
201606011600, 0.00227865
201606011610, 0.00260417
201606011620, 0.0143229
201606011630, 0.00802951
201606011640, 0.00184462
201606011650, 0.00878906
201606011700, 0.00824653
201606011710, 0.0121528
201606011720, 0.0199653
201606011730, 0.0136719
201606011740, 0.00824653
201606011750, 0.038954
201606011800, 0.0250651
201606011810, 0.0920139
201606011820, 0.0406901
201606011830, 0.0345052
201606011840, 0.0968967
201606011850, 0.0437283
201606011900, 0.0137804
201606011910, 0.0197483
201606011920, 0.0717231
201606011930, 0.0987413
201606011940, 0.109158
201606011950, 0.0686849
201606012000, 0.023112
201606012010, 0.0120443
201606012020, 0.00976562
201606012030, 0.0138889
201606012040, 0.0184462
201606012050, 0.00651042
201606012100, 0.0109592
201606012110, 0.00737847
201606012120, 0.00531684
201606012130, 0.00509983
201606012140, 0.0234375
201606012150, 0.00694444
201606012200, 0.00857205
201606012210, 0.000868056
201606012220, 0.0121528
201606012230, 0.00184462
201606012240, 0.00509983
201606012250, 0.00119358
201606012300, 0.00141059
201606012310, 0.000434028
201606012320, 0.000217014
201606012330, 0.000325521
201606020000, 0
201606020010, 0
201606020020, 0.00130208
201606020040, 0
201606020050, 0.00911458
201606020100, 0.00119358
201606020110, 0.614366
201606020120, 2.12023
201606020130, 3.94086
201606020140, 4.96658
201606020150, 4.62283
201606020200, 3.76986
201606020210, 3.48286
201606020220, 4.91819
201606020230, 4.82313
201606020240, 3.82313
201606020250, 3.18859
201606020300, 2.73926
201606020310, 3.10211
201606020320, 3.73003
201606020330, 3.76877
201606020340, 2.93696
201606020350, 3.03342
201606020400, 2.8508
201606020410, 2.9605
201606020420, 2.83876
201606020430, 2.49251
201606020440, 2.75901
201606020450, 3.01617
201606020500, 3.49349
201606020510, 3.41374
201606020520, 3.51454
201606020530, 4.27799
201606020540, 3.80914
201606020550, 3.05881
201606020600, 3.04557
201606020610, 2.20139
201606020620, 2.02919
201606020630, 2.07313
201606020640, 1.29253
201606020650, 0.983073
201606020700, 0.699761
201606020710, 0.108615
201606020720, 0.822157
201606020730, 1.04178
201606020740, 1.06185
201606020750, 0.0733507
201606020800, 0.0437283
201606020810, 0.00195312
201606020820, 0.0163845
201606020830, 0.0146484
201606020840, 0.000108507
201606020850, 0
201606020900, 0
201606020910, 0
201606020920, 0
201606020930, 0.000325521
201606020940, 0.000976562
201606020950, 0.000217014
201606021010, 0.0157335
201606021020, 0.00412326
201606021030, 0.015842
201606021040, 0.00824653
201606021050, 0.0272352
201606021100, 0.0159505
201606021110, 0.00585938
201606021120, 0.000108507
201606021130, 0.0795356
201606021140, 0.19043
201606021150, 0.135417
201606021210, 0.0836589
201606021220, 0.0559896
201606021230, 0.0901693
201606021240, 0.150391
201606021250, 0.0161675
201606021300, 0.0290799
201606021310, 0.0167101
201606021320, 0.0167101
201606021330, 0.0225694
201606021340, 0.0169271
201606021350, 0.00401476
201606021400, 0.016059
201606021410, 0.0437283
201606021420, 0.0171441
201606021430, 0.0834418
201606021440, 0.0106337
201606021450, 0.00379774
201606021500, 0.0252821
201606021510, 0.0406901
201606021520, 0.0555556
201606021530, 0.0514323
201606021540, 0.121094
201606021550, 0.12717
201606021600, 0.413194
201606021610, 0.00238715
201606021620, 0.550022
201606021630, 0.189236
201606021640, 0.22895
201606021650, 0.236437
201606021700, 0.195855
201606021710, 0.397569
201606021720, 0.414388
201606021730, 0.231445
201606021740, 0.245443
201606021750, 0.709418
201606021800, 0.685221
201606021810, 0.299262
201606021820, 0.413845
201606021830, 0.400065
201606021840, 0.278754
201606021850, 0.838976
201606021900, 0.414605
201606021910, 0.720595
201606021920, 0.695855
201606021930, 0.58431
201606021940, 0.776367
201606021950, 0.991536
201606022000, 0.336914
201606022010, 2.01118
201606022020, 1.40755
201606022030, 1.5587
201606022040, 1.59907
201606022050, 0.829102
201606022100, 0.789822
201606022110, 1.0906
201606022120, 0.109701
201606022130, 1.08518
201606022140, 1.1862
201606022150, 1.0255
201606022200, 1.69987
201606022210, 2.10406
201606022220, 2.32053
201606022230, 0.974392
201606022240, 0.871419
201606022250, 1.48622
201606022300, 2.65842
201606022310, 2.63444
201606022320, 1.34885
201606022330, 2.01487
201606022340, 1.69759
201606022350, 1.56109
201606030000, 1.21723
201606030010, 1.61567
201606030020, 1.3431
201606030030, 1.37543
201606030040, 1.59842
201606030050, 0.408312
201606030100, 1.15647
201606030110, 1.88487
201606030120, 2.22179
201606030130, 2.56185
201606030140, 2.04264
201606030150, 2.95334
201606030200, 3.45953
201606030210, 3.41428
201606030220, 3.13238
201606030230, 2.99165
201606030240, 3.42567
201606030250, 3.773
201606030300, 3.36502
201606030310, 3.83095
201606030320, 2.90115
201606030330, 3.83192
201606030340, 4.56977
201606030350, 3.81033
201606030400, 4.38173
201606030410, 5.64149
201606030420, 5.22352
201606030430, 4.60916
201606030440, 4.45334
201606030450, 4.21311
201606030500, 4.32086
201606030510, 5.02062
201606030520, 4.29069
201606030530, 4.29991
201606030540, 4.51378
201606030550, 3.22873
201606030600, 3.46842
201606030610, 3.00065
201606030620, 2.57682
201606030630, 2.53787
201606030640, 2.56
201606030650, 2.15441
201606030700, 2.03375
201606030710, 1.80686
201606030720, 1.44531
201606030730, 1.15017
201606030740, 1.12164
201606030750, 0.800456
201606030800, 0.957574
201606030810, 1.78288
201606030820, 1.50304
201606030830, 0.853841
201606030840, 1.21387
201606030850, 1.39019
201606030900, 0.85395
201606030910, 1.10091
201606030920, 1.49957
201606030930, 2.63032
201606030940, 2.03071
201606030950, 1.53353
201606031000, 1.29384
201606031010, 1.4566
201606031020, 1.28917
201606031030, 1.04568
201606031040, 0.932183
201606031100, 0.863824
201606031110, 0.6926
201606031120, 0.693576
201606031130, 0.241645
201606031140, 0.264214
201606031150, 0.171332
201606031200, 0.423611
201606031210, 0.379666
201606031220, 0.38303
201606031230, 0.408203
201606031240, 0.48622
201606031250, 0.593207
201606031300, 0.739258
201606031310, 0.770182
201606031320, 0.810221
201606031330, 0.905165
201606031340, 0.692708
201606031350, 0.324002
201606031400, 0.361871
201606031410, 0.462565
201606031420, 0.455838
201606031430, 0.23329
201606031440, 0.693576
201606031450, 0.976454
201606031500, 1.19813
201606031510, 1.35048
201606031520, 1.72428
201606031530, 1.73014
201606031540, 1.47993
201606031550, 1.60438
201606031600, 1.34722
201606031610, 0.869249
201606031620, 0.40842
201606031630, 0.257161
201606031640, 0.275391
201606031650, 0.0376519
201606031700, 0.160373
201606031710, 0.00520833
201606031720, 0.0826823
201606031730, 0.229058
201606031740, 0.00444878
201606031750, 0.0061849
201606031800, 0.0942925
201606031810, 0.00282118
201606031820, 0.22168
201606031830, 0
201606031840, 0.186198
201606031850, 0.0374349
201606031900, 0.106662
201606031910, 0.114583
201606031920, 0.00716146
201606031930, 0.149414
201606031940, 0.0116102
201606031950, 0.00585938
201606032000, 0.0980903
201606032010, 0.192491
201606032020, 0.190755
201606032030, 0.14974
201606032040, 0.115234
201606032050, 0.0538194
201606032100, 0.038303
201606032110, 0.0252821
201606032120, 0
201606032130, 0.016059
201606032140, 0.031033
201606032150, 0.015842
201606032200, 0.0893012
201606032220, 0.015625
201606032230, 0.0367839
201606032240, 0.240451
201606032250, 0.00531684
201606032300, 0.0116102
201606032310, 0.00401476
201606032320, 0
201606032330, 0.0141059
201606032340, 0.0458984
201606032350, 0.124566
201606040000, 0.053928
201606040010, 0.0335286
201606040020, 0
201606040030, 0.174045
201606040040, 0.00488281
201606040050, 0
201606040100, 0.291667
201606040110, 0.366645
201606040120, 0.616428
201606040130, 0.300239
201606040140, 0.271484
201606040150, 0.00585938
201606040200, 0.00130208
201606040210, 0.0311415
201606040220, 0
201606040230, 0.000217014
201606040240, 0
201606040250, 0.0975477
201606040300, 0.174696
201606040310, 0.0524089
201606040320, 0.364692
201606040330, 0.409939
201606040340, 0.503038
201606040350, 0.23329
201606040400, 0.370226
201606040410, 0.789822
201606040420, 0.201063
201606040430, 0.126845
201606040440, 0.125543
201606040450, 0.264323
201606040500, 0.217014
201606040510, 0.0341797
201606040520, 0.0386285
201606040530, 0.0492622
201606040540, 0.0094401
201606040550, 0.014974
201606040600, 0.0117188
201606040610, 0.11556
201606040620, 0.0533854
201606040630, 0.285807
201606040640, 0.130208
201606040650, 0.262478
201606040700, 0.0450304
201606040710, 0.0715061
201606040720, 0.0544705
201606040730, 0.0421007
201606040740, 0.0372179
201606040750, 0.0261502
201606040800, 0
201606040810, 0.000325521
201606040820, 0.0249566
201606040830, 0.0201823
201606040840, 0.111654
201606040850, 0.00759549
201606040900, 0.0556641
201606040910, 0.0989583
201606040920, 0
201606040930, 0.0159505
201606040940, 0.0152995
201606040950, 0.00911458
201606041000, 0.0264757
201606041010, 0.00119358
201606041020, 0.000325521
201606041030, 0.00553385
201606041040, 0
201606041050, 0
201606041100, 0.0176866
201606041110, 0.00292969
201606041120, 0.0961372
201606041130, 0.015408
201606041140, 0
201606041150, 0.000542535
201606041200, 0
201606041210, 0.000976562
201606041220, 0
201606041230, 0
201606041240, 0
201606041250, 0.000868056
201606041310, 0.00857205
201606041320, 0
201606041330, 0.00217014
201606041340, 0.00303819
201606041350, 0.000976562
201606041400, 0
201606041410, 0.000434028
201606041430, 0.000434028
201606041440, 0.00672743
201606041450, 0.00737847
201606041500, 0.00390625
201606041510, 0.014974
201606041520, 0.00531684
201606041530, 0.00195312
201606041540, 0.00423177
201606041550, 0.00108507
201606041600, 0.00434028
201606041610, 0.00325521
201606041620, 0.000217014
201606041630, 0.00412326
201606041640, 0
201606041650, 0.00206163
201606041700, 0.00509983
201606041710, 0.00173611
201606041720, 0.00325521
201606041730, 0.0254991
201606041740, 0.00238715
201606041750, 0.00878906
201606041800, 0.0111762
201606041810, 0.00846354
201606041820, 0.00726997
201606041830, 0.00737847
201606041840, 0.00998264
201606041850, 0.0147569
201606041900, 0.0116102
201606041910, 0.022895
201606041920, 0.0313585
201606041930, 0.0285373
201606041940, 0.0295139
201606041950, 0.0208333
201606042000, 0.0152995
201606042010, 0.0125868
201606042020, 0.0205078
201606042030, 0.0141059
201606042040, 0.0303819
201606042050, 0.023112
201606042100, 0.015408
201606042110, 0.0166016
201606042120, 0.00748698
201606042130, 0.00705295
201606042140, 0.00748698
201606042150, 0.000868056
201606042200, 0.00217014
201606042210, 0
201606042220, 0
201606042230, 0
201606042240, 0
201606042250, 0.00401476
201606042300, 0
201606042310, 0.000325521
201606042320, 0.00868056
201606042330, 0.0122613
201606042340, 0.00303819
201606042350, 0.000108507
201606050000, 0.0109592
201606050010, 0.00119358
201606050030, 0
201606050040, 0.00141059
201606050050, 0.00195312
201606050100, 0.00141059
201606050110, 0.0212674
201606050120, 0.423177
201606050130, 0.562826
201606050140, 1.47472
201606050150, 1.38835
201606050200, 1.66504
201606050210, 2.17177
201606050220, 1.71962
201606050230, 1.45996
201606050240, 2.04286
201606050250, 2.90072
201606050300, 3.32704
201606050310, 1.88694
201606050320, 1.5025
201606050330, 2.61849
201606050340, 2.35569
201606050350, 2.7143
201606050400, 1.65679
201606050410, 1.62457
201606050420, 1.36936
201606050430, 1.41243
201606050440, 1.84896
201606050450, 1.5051
201606050500, 1.27116
201606050510, 2.03125
201606050530, 2.07031
201606050540, 1.44303
201606050550, 1.40918
201606050600, 1.21984
201606050610, 2.0561
201606050620, 0.975369
201606050630, 1.08051
201606050640, 1.21669
201606050650, 0.862196
201606050700, 0.721137
201606050710, 1.49794
201606050720, 0.948785
201606050730, 0.870009
201606050740, 0.039171
201606050750, 0.0094401
201606050810, 0.000325521
201606050820, 0.000868056
201606050830, 0.00238715
201606050840, 0.00130208
201606050850, 0
201606050910, 0.0115017
201606050920, 0.0195312
201606050940, 0.0351562
201606051010, 0.0538194
201606051020, 0.0431858
201606051100, 0.000325521
201606051150, 0.00846354
201606051200, 0.000217014
201606051210, 0.0142144
201606051230, 0.030599
201606051240, 0.000108507
201606051250, 0
201606051300, 0.00499132
201606051310, 0.000217014
201606051320, 0.000759549
201606051330, 0.00141059
201606051340, 0.000976562
201606051350, 0.0133464
201606051400, 0.00531684
201606051410, 0.00108507
201606051420, 0.0327691
201606051430, 0.0792101
201606051440, 0.367622
201606051450, 1.17133
201606051500, 1.47667
201606051510, 1.85395
201606051520, 1.96701
201606051530, 2.24935
201606051540, 2.62793
201606051550, 2.74935
201606051600, 3.11241
201606051610, 3.32042
201606051620, 0
201606051630, 4.31923
201606051640, 4.39822
201606051650, 4.44477
201606051700, 4.64095
201606051710, 4.91135
201606051720, 4.60286
201606051730, 4.46832
201606051740, 4.40907
201606051750, 4.065
201606051800, 3.40582
201606051810, 3.03049
201606051820, 3.12934
201606051830, 3.35221
201606051840, 2.773
201606051850, 3.12891
201606051900, 2.94108
201606051910, 2.9617
201606051920, 2.9579
201606051930, 2.79481
201606051940, 2.87131
201606051950, 3.17198
201606052000, 3.11751
201606052010, 2.73101
201606052020, 1.87587
201606052030, 2.38574
201606052040, 2.76476
201606052050, 2.41656
201606052100, 2.15734
201606052110, 1.29069
201606052120, 2.24349
201606052130, 1.9502
201606052140, 0.836263
201606052150, 0.101562
201606052200, 0.499891
201606052210, 0.510959
201606052220, 0.219076
201606052230, 0.717773
201606052240, 0.733073
201606052250, 0.752496
201606052300, 0.527127
201606052310, 0.65549
201606052320, 0.196072
201606052330, 0.374674
201606052340, 0.336263
201606052350, 0.262153
201606060000, 0.272786
201606060010, 0.44694
201606060020, 0.00336372
201606060030, 0.225803
201606060040, 0.216146
201606060050, 0.213976
201606060100, 0.121094
201606060110, 0.314019
201606060120, 0.436415
201606060130, 0.905165
201606060140, 1.50098
201606060150, 0.307726
201606060200, 0.46148
201606060210, 0.949002
201606060220, 0.454102
201606060230, 0.229275
201606060240, 1.36892
201606060250, 2.20269
201606060300, 1.42036
201606060310, 1.57107
201606060320, 2.15061
201606060330, 4.14583
201606060340, 0.351671
201606060350, 5.45974
201606060400, 5.24089
201606060410, 6.59071
201606060420, 6.87326
201606060430, 4.28353
201606060440, 4.22678
201606060450, 3.67806
201606060500, 1.74946
201606060510, 3.76942
201606060520, 4.28548
201606060530, 4.93989
201606060540, 3.72222
201606060550, 2.77941
201606060600, 2.7054
201606060610, 3.4822
201606060620, 2.99316
201606060630, 2.22928
201606060640, 0.977648
201606060650, 1.1275
201606060700, 1.35015
201606060710, 1.37641
201606060720, 1.43121
201606060730, 1.29384
201606060740, 1.97211
201606060750, 1.76931
201606060800, 2.26584
201606060810, 2.74566
201606060820, 3.34408
201606060830, 4.4401
201606060840, 4.50347
201606060850, 4.21517
201606060900, 4.96463
201606060910, 4.20595
201606060920, 1.02593
201606060930, 5.04069
201606060940, 5.21658
201606060950, 5.27485
201606061000, 4.92611
201606061010, 4.89236
201606061020, 5.2066
201606061030, 4.99403
201606061040, 4.7589
201606061050, 4.79112
201606061100, 4.58822
201606061110, 4.75477
201606061120, 5.15321
201606061130, 4.90343
201606061140, 5.73058
201606061150, 6.68424
201606061200, 8.19575
201606061210, 9.34852
201606061220, 10.4761
201606061230, 10.4681
201606061240, 10.5229
201606061250, 10.9462
201606061300, 11.432
201606061310, 11.2677
201606061320, 11.1451
201606061330, 9.91374
201606061340, 10.6502
201606061350, 9.88759
201606061400, 10.8535
201606061410, 10.5897
201606061420, 10.1565
201606061430, 9.90538
201606061440, 10.8549
201606061450, 9.89106
201606061500, 9.82183
201606061510, 9.57205
201606061520, 9.98774
201606061530, 9.89735
201606061540, 9.75619
201606061550, 9.89008
201606061600, 9.17773
201606061610, 8.62044
201606061620, 9.48079
201606061630, 9.61491
201606061640, 9.33702
201606061650, 8.72765
201606061700, 9.64497
201606061710, 9.40451
201606061720, 7.72385
201606061730, 8.39312
201606061740, 9.58377
201606061750, 9.41829
201606061800, 8.94802
201606061810, 7.91005
201606061820, 7.70898
201606061830, 6.64757
201606061840, 6.28277
201606061850, 6.1072
201606061900, 5.62706
201606061910, 4.7258
201606061920, 4.33984
201606061930, 4.14518
201606061940, 4.76595
201606061950, 4.26324
201606062000, 4.07411
201606062010, 3.64214
201606062020, 3.30219
201606062030, 3.45985
201606062040, 3.23752
201606062050, 3.65907
201606062100, 3.83008
201606062110, 3.59158
201606062120, 3.34212
201606062130, 1.84093
201606062140, 0.950195
201606062150, 0.673177
201606062200, 0.593424
201606062210, 0.101888
201606062220, 0.122396
201606062230, 0.0185547
201606062240, 0.000108507
201606062250, 0.333767
201606062300, 0.190864
201606062310, 0.139323
201606062320, 0.000651042
201606062330, 0
201606062340, 0.0320095
201606062350, 0
201606070000, 0.0031467
201606070010, 0.000325521
201606070020, 0
201606070030, 0.00575087
201606070040, 0
201606070050, 0.000325521
201606070100, 0.000108507
201606070110, 0.000651042
201606070120, 0.000108507
201606070130, 0
201606070140, 0.0105252
201606070150, 0
201606070200, 0.0218099
201606070210, 0.0134549
201606070220, 0.0647786
201606070230, 0.0246311
201606070240, 0.000108507
201606070250, 0.0181207
201606070300, 0.000542535
201606070310, 0.000976562
201606070320, 0.305773
201606070330, 0.536024
201606070340, 0.584527
201606070350, 0.532552
201606070400, 0.501194
201606070410, 0.597222
201606070420, 0.486545
201606070430, 0.519531
201606070440, 0.418945
201606070450, 0.415473
201606070500, 0.380534
201606070510, 0.104709
201606070520, 0.0685764
201606070530, 0.112305
201606070540, 0.223958
201606070550, 0
201606070600, 0.175673
201606070610, 0.0244141
201606070620, 0.0698785
201606070630, 0.00358073
201606070640, 0.0770399
201606070650, 0.046441
201606070700, 0.120877
201606070710, 0.288845
201606070720, 0.36556
201606070730, 0.349501
201606070740, 0.412001
201606070750, 0.413845
201606070800, 0.255425
201606070810, 0.207357
201606070820, 0.141385
201606070830, 0
201606070840, 0.000108507
201606070850, 0.00423177
201606070900, 0.00585938
201606070910, 0.0110677
201606070930, 0.0046658
201606070940, 0.00596788
201606070950, 0.00108507
201606071000, 0.0899523
201606071010, 0
201606071020, 0.00499132
201606071030, 0.00184462
201606071040, 0
201606071050, 0.000434028
201606071100, 0.0172526
201606071110, 0.248372
201606071120, 0.290039
201606071140, 0.22602
201606071150, 0.209744
201606071200, 0.198676
201606071210, 0.165907
201606071220, 0.061849
201606071230, 0.0167101
201606071240, 0.227865
201606071250, 0.159614
201606071300, 0
201606071310, 0.000108507
201606071320, 0.00802951
201606071330, 0.00108507
201606071340, 0.00499132
201606071350, 0.000217014
201606071400, 0
201606071410, 0.00347222
201606071420, 0.243056
201606071430, 0.251953
201606071440, 0.0277778
201606071450, 0.0131293
201606071500, 0.0100911
201606071510, 0.0240885
201606071520, 0.0343967
201606071530, 0.0332031
201606071540, 0.0285373
201606071550, 0.209852
201606071600, 0.588867
201606071610, 0.421658
201606071620, 0.263889
201606071630, 0.30523
201606071640, 0.530924
201606071650, 1.33767
201606071700, 0.236003
201606071710, 0.357422
201606071720, 0.0806207
201606071730, 0.0211589
201606071740, 0.0922309
201606071750, 0
201606071800, 0.000217014
201606071810, 0.00195312
201606071820, 0
201606071830, 0.140516
201606071840, 0
201606071850, 0.0384115
201606071900, 0.000108507
201606071910, 0.000325521
201606071920, 0
201606071930, 0
201606071940, 0.207465
201606071950, 0.00282118
201606072000, 0.204644
201606072010, 0
201606072020, 0
201606072030, 0.0112847
201606072040, 0.0061849
201606072050, 0.155599
201606072100, 0.00119358
201606072110, 0.0334201
201606072120, 0.0450304
201606072130, 0.000759549
201606072140, 0.000108507
201606072150, 0.047526
201606072200, 0.0339627
201606072210, 0
201606072220, 0
201606072230, 0.0046658
201606072240, 0.0903863
201606072250, 0.206489
201606072300, 0.343641
201606072310, 0.224284
201606072320, 0.541558
201606072330, 0.718642
201606072340, 0.794705
201606072350, 1.01736
201606080000, 0.933268
201606080010, 0.705621
201606080020, 0.730252
201606080030, 0.971788
201606080040, 1.05859
201606080050, 0.732964
201606080100, 0.585178
201606080110, 0.702474
201606080120, 1.07943
201606080130, 1.25228
201606080140, 1.08572
201606080150, 0.989258
201606080200, 0.930556
201606080210, 0.74924
201606080220, 0.492622
201606080230, 0.203016
201606080240, 0.214952
201606080250, 0.121094
201606080300, 0.0266927
201606080310, 0.0259332
201606080320, 0.0197483
201606080330, 0.0131293
201606080340, 0.00596788
201606080350, 0.0142144
201606080400, 0.0656467
201606080410, 0.024197
201606080420, 0.00564236
201606080430, 0.0108507
201606080450, 0.00379774
201606080500, 0.0508898
201606080510, 0.144531
201606080520, 0.086046
201606080530, 0.140299
201606080540, 0.0198568
201606080550, 0.00227865
201606080600, 0.015842
201606080610, 0.015191
201606080620, 0.0350477
201606080630, 0.00824653
201606080640, 0.0635851
201606080650, 0.00792101
201606080700, 0.00520833
201606080710, 0.0725911
201606080720, 0.0198568
201606080730, 0.0106337
201606080740, 0.0252821
201606080750, 0.00976562
201606080800, 0.00748698
201606080810, 0.030599
201606080820, 0.00770399
201606080830, 0.0379774
201606080840, 0.0476345
201606080850, 0.222765
201606080900, 0.291341
201606080910, 0.289497
201606080920, 0.219835
201606080930, 0.00347222
201606080940, 0.0517578
201606080950, 0.147569
201606081000, 0.0236545
201606081010, 0.000759549
201606081030, 0.0100911
201606081040, 0.0600043
201606081050, 0
201606081100, 0.158963
201606081110, 0.23546
201606081120, 0.199978
201606081130, 0.457465
201606081140, 0.297526
201606081150, 0.116645
201606081200, 0.108507
201606081210, 0.191623
201606081220, 0.528863
201606081230, 0.679796
201606081240, 0.821832
201606081250, 0.727322
201606081300, 0.25727
201606081310, 0.158095
201606081320, 0.0361328
201606081330, 0.155816
201606081340, 0.031901
201606081350, 0.00282118
201606081400, 0.213108
201606081410, 0.178711
201606081420, 0.184028
201606081430, 0
201606081440, 0.0031467
201606081450, 0
201606081500, 0
201606081510, 0
201606081520, 0.000108507
201606081530, 0.0148655
201606081540, 0.000868056
201606081550, 0.0298394
201606081600, 0.0121528
201606081610, 0.00238715
201606081620, 0.0506727
201606081630, 0.0128038
201606081640, 0.0741102
201606081650, 0.155924
201606081700, 0.0987413
201606081710, 0.000217014
201606081720, 0.0152995
201606081730, 0.0830078
201606081740, 0.0428602
201606081750, 0.218099
201606081800, 0.0224609
201606081810, 0.332682
201606081820, 0.136827
201606081830, 0.124566
201606081840, 0.874892
201606081850, 0.47895
201606081900, 0.441298
201606081910, 1.5804
201606081920, 0.531033
201606081930, 0.91569
201606081940, 0.322266
201606081950, 0.0726997
201606082000, 0.685655
201606082010, 0.829319
201606082020, 1.20649
201606082030, 3.7347
201606082040, 0.318359
201606082050, 0.967122
201606082100, 0.772135
201606082110, 1.6722
201606082120, 1.66536
201606082130, 1.986
201606082140, 1.50141
201606082150, 1.99392
201606082200, 2.02387
201606082210, 2.51986
201606082220, 2.861
201606082230, 2.30295
201606082240, 2.23199
201606082250, 2.3712
201606082300, 2.73926
201606082310, 3.139
201606082320, 2.68349
201606082330, 2.38162
201606082340, 2.97146
201606082350, 3.0472
201606090000, 1.70703
201606090010, 1.66113
201606090020, 1.09842
201606090030, 0.822266
201606090040, 0.763238
201606090050, 0.531684
201606090100, 0.787652
201606090110, 1.63498
201606090120, 1.2321
201606090130, 1.49599
201606090140, 1.10189
201606090150, 1.81641
201606090200, 2.03016
201606090210, 2.26584
201606090220, 3.10699
201606090230, 3.53168
201606090240, 4.74674
201606090250, 4.23958
201606090300, 4.14171
201606090310, 3.50977
201606090320, 5.18891
201606090330, 3.46571
201606090340, 3.77257
201606090350, 3.28939
201606090400, 3.28548
201606090410, 4.74045
201606090420, 3.70605
201606090430, 7.37891
201606090440, 9.98872
201606090450, 10.9779
201606090500, 12.6684
201606090510, 10.1015
201606090520, 10.1824
201606090530, 9.98524
201606090540, 11.6123
201606090550, 10.6466
201606090600, 10.6688
201606090610, 8.81684
201606090620, 7.23188
201606090630, 9.56413
201606090640, 8.5446
201606090650, 9.61751
201606090700, 11.0446
201606090710, 10.2796
201606090720, 10.7751
201606090730, 11.0331
201606090740, 11.1411
201606090750, 9.79123
201606090800, 9.73047
201606090810, 9.0638
201606090820, 7.57682
201606090830, 8.24783
201606090840, 7.82281
201606090850, 8.93859
201606090900, 7.9197
201606090910, 10.0352
201606090920, 9.00195
201606090930, 9.6748
201606090940, 10.1454
201606090950, 10.3421
201606091000, 10.4244
201606091010, 11.0734
201606091020, 9.86751
201606091030, 8.7895
201606091040, 9.47135
201606091050, 11.2345
201606091100, 11.7521
201606091110, 11.0247
201606091120, 12.1671
201606091130, 11.5293
201606091140, 12.5678
201606091150, 11.435
201606091200, 12.5232
201606091210, 11.234
201606091220, 10.892
201606091230, 9.25098
201606091240, 9.65506
201606091250, 6.72342
201606091300, 6.75684
201606091310, 5.52941
201606091320, 7.91905
201606091330, 7.58898
201606091340, 6.86306
201606091350, 7.4873
201606091400, 7.89627
201606091410, 6.85503
201606091420, 6.97993
201606091430, 5.87099
201606091440, 5.67589
201606091450, 6.97841
201606091500, 7.59994
201606091510, 7.22298
201606091520, 7.37174
201606091530, 7.12793
201606091540, 6.43945
201606091550, 11.2225
201606091600, 10.571
201606091610, 9.26313
201606091620, 8.79037
201606091630, 9.29666
201606091640, 7.88965
201606091650, 7.36968
201606091700, 6.93153
201606091710, 6.4617
201606091720, 6.66623
201606091730, 5.40006
201606091740, 4.72331
201606091750, 5.14225
201606091800, 5.0153
201606091810, 4.46723
201606091820, 5.70953
201606091830, 4.41938
201606091840, 3.89844
201606091850, 3.70334
201606091900, 4.31359
201606091910, 3.38422
201606091920, 3.26584
201606091930, 3.11447
201606091940, 3.58084
201606091950, 4.27452
201606092000, 3.56814
201606092010, 2.33974
201606092020, 1.38444
201606092030, 1.76335
201606092040, 1.47786
201606092050, 0.962565
201606092100, 1.56185
201606092110, 0.871962
201606092120, 1.68826
201606092130, 1.23383
201606092140, 2.43164
201606092150, 1.23882
201606092200, 1.77691
201606092210, 2.02398
201606092220, 2.32867
201606092230, 2.73763
201606092240, 2.38715
201606092250, 1.84559
201606092300, 2.77431
201606092310, 3.22396
201606092320, 4.25933
201606092330, 5.68414
201606092340, 4.79297
201606092350, 5.80143
201606100000, 5.16113
201606100010, 8.20681
201606100020, 8.25401
201606100030, 8.46539
201606100040, 8.96669
201606100050, 8.91374
201606100100, 6.41558
201606100110, 5.9107
201606100120, 6.82791
201606100130, 6.74099
201606100140, 5.85189
201606100150, 5.35688
201606100200, 6.73524
201606100210, 6.04427
201606100220, 7.63737
201606100230, 8.37424
201606100240, 7.00575
201606100250, 8.22038
201606100300, 6.99023
201606100310, 0
201606100320, 6.78798
201606100330, 7.63987
201606100340, 7.16222
201606100350, 4.89258
201606100400, 4.1977
201606100410, 4.07389
201606100420, 2.70128
201606100430, 2.0906
201606100440, 1.68316
201606100450, 1.17361
201606100500, 1.75879
201606100510, 1.58474
201606100520, 0.83214
201606100530, 1.29373
201606100540, 1.95616
201606100550, 1.4413
201606100600, 2.07595
201606100610, 1.94954
201606100620, 2.01747
201606100630, 2.31424
201606100640, 3.02018
201606100650, 1.68479
201606100700, 2.11708
201606100710, 1.79514
201606100720, 0.982856
201606100730, 0.457031
201606100740, 0.585178
201606100750, 0.899414
201606100800, 1.19076
201606100810, 0.917535
201606100830, 0.842014
201606100840, 0.588433
201606100850, 0.789171
201606100900, 0.67806
201606100910, 0.689562
201606100920, 0.173611
201606100930, 0.297743
201606100940, 0.185113
201606100950, 0.17806
201606101000, 1.2551
201606101010, 1.14931
201606101020, 0.340061
201606101030, 0.140842
201606101040, 0.131076
201606101050, 0.189345
201606101110, 0.0351562
201606101120, 0.15408
201606101130, 0.0016276
201606101140, 0.0131293
201606101150, 0.0199653
201606101200, 0.0016276
201606101210, 0.0015191
201606101230, 0.00227865
201606101250, 0
201606101300, 0.00336372
201606101310, 0.000868056
201606101320, 0.000325521
201606101330, 0.0345052
201606101340, 0.0125868
201606101350, 0.0302734
201606101400, 0.00770399
201606101410, 0.154731
201606101420, 0.196289
201606101430, 0.111979
201606101440, 0.127713
201606101450, 0.113173
201606101500, 0
201606101510, 0.0144314
201606101520, 0.00401476
201606101530, 0
201606101540, 0.00249566
201606101550, 0.062066
201606101600, 0.15918
201606101610, 0.19401
201606101620, 0.0965712
201606101630, 0.13227
201606101640, 0.0333116
201606101650, 0.114692
201606101700, 0.186089
201606101710, 0.0342882
201606101720, 0.0170356
201606101730, 0.00509983
201606101740, 0.0164931
201606101750, 0.00325521
201606101800, 0.00184462
201606101810, 0.0144314
201606101820, 0.00130208
201606101830, 0.0345052
201606101840, 0.0809462
201606101850, 0.0134549
201606101900, 0.00227865
201606101910, 0.0224609
201606101920, 0.0413411
201606101930, 0.00965712
201606101940, 0.0144314
201606101950, 0.053928
201606102000, 0.0349392
201606102010, 0.00759549
201606102020, 0.00260417
201606102030, 0.0245226
201606102040, 0.0046658
201606102050, 0.00108507
201606102100, 0.00282118
201606102110, 0.000108507
201606102120, 0
201606102130, 0.00260417
201606102140, 0
201606102150, 0.00108507
201606102200, 0
201606102210, 0.00184462
201606102220, 0.00292969
201606102230, 0
201606102240, 0
201606102250, 0
201606102300, 0
201606102310, 0.000217014
201606102320, 0.00651042
201606102330, 0.000325521
201606102340, 0.000759549
201606110000, 0.000325521
201606110010, 0.000434028
201606110020, 0.000651042
201606110030, 0.190755
201606110040, 0.00694444
201606110050, 0.000651042
201606110100, 0.000434028
201606110110, 0
201606110120, 0.00922309
201606110130, 0.0985243
201606110140, 0.266168
201606110150, 1.06706
201606110200, 1.21224
201606110210, 1.19748
201606110220, 1.53928
201606110230, 2.33952
201606110240, 2.36187
201606110250, 1.82975
201606110300, 2.03668
201606110310, 1.40321
201606110320, 1.35178
201606110330, 1.92014
201606110340, 1.86556
201606110350, 1.50966
201606110400, 2.19401
201606110410, 1.62077
201606110420, 1.96029
201606110430, 1.639
201606110440, 1.6454
201606110510, 0.665256
201606110520, 0.683377
201606110530, 0.803385
201606110540, 0.557834
201606110610, 0.851888
201606110620, 0.893229
201606110630, 0.915148
201606110640, 0.0887587
201606110650, 0.232096
201606110700, 0.266385
201606110710, 0.00347222
201606110730, 0.00857205
201606110740, 0.0199653
201606110750, 0.00434028
201606110800, 0.0211589
201606110810, 0.0094401
201606110820, 0.0185547
201606110830, 0.0317925
201606110840, 0.00976562
201606110850, 0.0301649
201606110900, 0.0188802
201606110910, 0.000759549
201606110920, 0.00217014
201606110930, 0
201606110940, 0.00520833
201606110950, 0.00792101
201606111000, 0.00792101
201606111010, 0.00217014
201606111020, 0.0498047
201606111030, 0.000217014
201606111050, 0.0148655
201606111110, 0.00249566
201606111120, 0.0103082
201606111130, 0.00998264
201606111140, 0.0109592
201606111150, 0.00206163
201606111200, 0.00173611
201606111210, 0.00477431
201606111220, 0.00878906
201606111230, 0.0198568
201606111240, 0.00477431
201606111250, 0.00401476
201606111300, 0.00705295
201606111310, 0.00607639
201606111320, 0.0100911
201606111330, 0.00705295
201606111340, 0.00531684
201606111350, 0.00488281
201606111400, 0.00813802
201606111410, 0.031467
201606111420, 0.0348307
201606111430, 0.0141059
201606111440, 0.0285373
201606111450, 0.179905
201606111500, 0.262153
201606111510, 0.18023
201606111520, 0.383355
201606111530, 0.470269
201606111540, 0
201606111550, 0.360569
201606111600, 0.355143
201606111610, 0.419488
201606111620, 0.425998
201606111630, 0.31684
201606111640, 0.182617
201606111650, 0.14681
201606111700, 0.0449219
201606111710, 0.0559896
201606111720, 0.0615234
201606111730, 0.000651042
201606111740, 0.0437283
201606111750, 0.0194227
201606111800, 0.0457899
201606111810, 0.0332031
201606111820, 0.0188802
201606111830, 0.0315755
201606111840, 0.0248481
201606111850, 0.0456814
201606111900, 0.00922309
201606111910, 0.00868056
201606111920, 0.0402561
201606111930, 0.0662977
201606111940, 0.015191
201606111950, 0.0130208
201606112000, 0.00748698
201606112010, 0.00379774
201606112020, 0.00303819
201606112030, 0.00651042
201606112040, 0.000542535
201606112050, 0.00227865
201606112100, 0.00271267
201606112110, 0.000108507
201606112120, 0.00509983
201606112130, 0
201606112140, 0.0139974
201606112150, 0.00726997
201606112200, 0.0128038
201606112210, 0.0131293
201606112220, 0.00607639
201606112230, 0.0108507
201606112240, 0.00444878
201606112250, 0.00412326
201606112300, 0
201606112310, 0.0135634
201606112320, 0.00292969
201606112330, 0.00759549
201606112340, 0
201606112350, 0
201606120000, 0.00119358
201606120010, 0.0015191
201606120020, 0.000325521
201606120030, 0.0563151
201606120040, 0.0159505
201606120050, 0.0222439
201606120100, 0.0272352
201606120110, 0.0236545
201606120120, 0.0334201
201606120130, 0.031901
201606120140, 0.0273438
201606120150, 0.085829
201606120200, 0.131185
201606120210, 0.0494792
201606120220, 0.0144314
201606120230, 0.229058
201606120240, 0.314562
201606120250, 0.0498047
201606120300, 0.324002
201606120310, 0.13878
201606120320, 0.0910373
201606120330, 0.0917969
201606120340, 0.211914
201606120350, 0.0352648
201606120400, 0.0317925
201606120410, 0.0184462
201606120420, 0.00835503
201606120430, 0.0299479
201606120440, 0.03125
201606120500, 0.0501302
201606120510, 0.141059
201606120520, 0.0585938
201606120530, 0.147244
201606120540, 0.0642361
201606120550, 0.000868056
201606120600, 0.0304905
201606120610, 0.0427517
201606120620, 0.00651042
201606120630, 0
201606120640, 0.113498
201606120650, 0.0419922
201606120700, 0.00607639
201606120710, 0.0423177
201606120720, 0.0164931
201606120730, 0.11697
201606120740, 0.0429688
201606120750, 0.0716146
201606120800, 0.0425347
201606120810, 0.0769314
201606120820, 0.0221354
201606120830, 0.0521918
201606120840, 0.0913628
201606120850, 0.000108507
201606120900, 0.0412326
201606120910, 0.172092
201606120920, 0.000217014
201606120930, 0
201606120940, 0.204753
201606120950, 0.0262587
201606121000, 0
201606121010, 0.015408
201606121020, 0.114149
201606121030, 0.0327691
201606121040, 0.840169
201606121050, 0.730686
201606121100, 0.825846
201606121110, 0.895725
201606121120, 0.675239
201606121130, 0.507812
201606121140, 0.638455
201606121150, 0.335829
201606121200, 0.608941
201606121210, 0.597114
201606121220, 0.575629
201606121230, 0.141385
201606121240, 0.427192
201606121250, 0.574436
201606121300, 0.319878
201606121310, 0.0615234
201606121320, 0.0142144
201606121330, 0.442383
201606121340, 0.640842
201606121350, 0.822483
201606121400, 0.551432
201606121410, 0.371745
201606121420, 0.0920139
201606121430, 0.0734592
201606121440, 0.094184
201606121450, 0.27908
201606121500, 0.487196
201606121510, 0.0254991
201606121520, 0.0164931
201606121530, 0.288737
201606121540, 0.603733
201606121550, 0.769748
201606121600, 1.26628
201606121610, 0.557617
201606121620, 0.253581
201606121630, 0.471571
201606121640, 0.488715
201606121650, 0.100043
201606121700, 0.300998
201606121710, 0.110786
201606121720, 0.0275608
201606121730, 0.054362
201606121740, 0.0538194
201606121750, 0.0732422
201606121800, 0.0936415
201606121810, 0.344293
201606121820, 1.27821
201606121830, 4.43435
201606121840, 1.53711
201606121850, 1.58496
201606121900, 1.36806
201606121910, 0.481988
201606121920, 0.46072
201606121930, 0.124674
201606121940, 0
201606121950, 0.302734
201606122000, 1.04036
201606122010, 0.731228
201606122020, 1.31738
201606122030, 0.582357
201606122040, 0.680339
201606122050, 1.12587
201606122100, 1.20996
201606122110, 0.701823
201606122120, 1.66081
201606122130, 1.75977
201606122140, 2.12619
201606122150, 2.70812
201606122200, 1.93218
201606122210, 1.20833
201606122220, 1.25955
201606122230, 1.67198
201606122240, 0.704102
201606122250, 0.387044
201606122300, 0.588759
201606122310, 0.788194
201606122320, 0.749132
201606122330, 1.17502
201606122340, 2.06782
201606122350, 2.14214
201606130000, 1.64551
201606130010, 2.02854
201606130020, 2.00933
201606130030, 1.62565
201606130040, 3.09549
201606130050, 1.45649
201606130100, 2.10297
201606130110, 2.56293
201606130120, 3.69575
201606130130, 3.14052
201606130140, 3.25727
201606130150, 3.15658
201606130200, 2.09494
201606130210, 2.33474
201606130220, 2.57899
201606130230, 4.74913
201606130240, 3.60091
201606130250, 3.76009
201606130300, 3.2028
201606130310, 3.49327
201606130320, 3.71962
201606130330, 4.91862
201606130340, 4.12674
201606130350, 2.38737
201606130400, 2.77007
201606130410, 3.86155
201606130420, 3.64735
201606130430, 3.81315
201606130440, 3.44401
201606130450, 4.83659
201606130500, 5.20204
201606130510, 4.05317
201606130520, 4.14616
201606130530, 4.73676
201606130540, 4.69531
201606130550, 4.39019
201606130600, 4.86925
201606130610, 5.63303
201606130620, 4.46853
201606130630, 5.72689
201606130640, 5.29818
201606130650, 5.38368
201606130700, 4.5599
201606130710, 4.17155
201606130720, 3.67274
201606130730, 4.38173
201606130740, 3.40929
201606130750, 3.60113
201606130800, 2.93609
201606130810, 3.00987
201606130820, 2.52865
201606130830, 2.12576
201606130840, 1.97569
201606130850, 2.7577
201606130900, 4.43338
201606130910, 4.02843
201606130920, 5.04546
201606130930, 6.07899
201606130940, 5.26638
201606130950, 4.41298
201606131000, 3.93848
201606131010, 3.05067
201606131020, 3.18023
201606131030, 3.23177
201606131040, 3.32834
201606131050, 3.02159
201606131100, 3.23991
201606131110, 3.3622
201606131120, 4.26324
201606131130, 3.84191
201606131140, 3.38889
201606131150, 3.13845
201606131200, 3.31348
201606131210, 5.222
201606131220, 5.16026
201606131230, 3.55664
201606131240, 3.7347
201606131250, 1.98079
201606131300, 2.33615
201606131310, 1.8635
201606131320, 2.16753
201606131330, 1.83898
201606131340, 1.23242
201606131350, 0.867839
201606131400, 1.55523
201606131410, 1.64052
201606131420, 2.13867
201606131430, 1.9349
201606131440, 2.3814
201606131450, 2.83518
201606131500, 2.80946
201606131510, 3.5587
201606131520, 3.3725
201606131530, 4.73882
201606131540, 3.18424
201606131550, 3.25228
201606131600, 3.49295
201606131610, 3.11643
201606131620, 3.52507
201606131630, 2.1913
201606131640, 2.99577
201606131650, 2.87891
201606131700, 3.97949
201606131710, 2.91135
201606131720, 2.05339
201606131730, 2.04905
201606131740, 1.5676
201606131750, 1.6008
201606131800, 1.02387
201606131810, 1.06738
201606131820, 1.36458
201606131830, 0.756836
201606131840, 2.27018
201606131850, 1.60948
201606131900, 1.56684
201606131910, 2.23296
201606131920, 1.95747
201606131930, 2.23513
201606131940, 1.70432
201606131950, 1.92578
201606132000, 1.64182
201606132010, 1.60948
201606132020, 1.29655
201606132030, 2.13303
201606132040, 1.8074
201606132050, 1.52235
201606132100, 1.6569
201606132110, 1.64008
201606132120, 0.620985
201606132130, 0.462131
201606132140, 0.75727
201606132150, 0.668294
201606132200, 0.740885
201606132210, 1.14453
201606132220, 0.906793
201606132230, 0
201606132240, 0.623589
201606132250, 0.961046
201606132300, 1.45356
201606132310, 2.08789
201606132320, 1.03147
201606132330, 3.15582
201606132340, 2.36892
201606132350, 1.72146
201606140000, 2.19368
201606140010, 2.53548
201606140020, 2.56999
201606140030, 3.16743
201606140040, 3.28787
201606140050, 3.09017
201606140100, 2.77257
201606140110, 2.76096
201606140120, 3.45139
201606140130, 4.65951
201606140140, 3.80208
201606140150, 3.77875
201606140200, 3.10536
201606140210, 2.70486
201606140220, 2.47157
201606140230, 2.60297
201606140240, 2.02832
201606140250, 1.01107
201606140300, 1.82888
201606140310, 0.643229
201606140320, 1.66699
201606140330, 2.61903
201606140340, 2.09701
201606140350, 2.83073
201606140400, 3.76194
201606140410, 3.6467
201606140420, 3.39073
201606140430, 2.32715
201606140440, 3.82541
201606140450, 2.72201
201606140500, 3.98047
201606140510, 3.47971
201606140520, 4.42177
201606140530, 5.2895
201606140540, 5.51443
201606140550, 5.16026
201606140600, 5.39323
201606140610, 6.10655
201606140620, 5.64399
201606140630, 5.89204
201606140640, 5.44227
201606140650, 5.76823
201606140700, 6.00098
201606140710, 6.61426
201606140720, 4.3304
201606140730, 4.06999
201606140740, 3.47689
201606140750, 3.35124
201606140800, 3.36914
201606140810, 4.8622
201606140820, 5.15289
201606140830, 3.58453
201606140840, 3.52268
201606140850, 5.4107
201606140900, 5.42188
201606140910, 4.76335
201606140920, 6.35308
201606140930, 5.93327
201606140940, 0
201606140950, 3.63911
201606141000, 3.93414
201606141010, 4.62131
201606141020, 3.58691
201606141030, 2.32444
201606141040, 2.66092
201606141050, 2.65017
201606141100, 2.57096
201606141110, 1.30447
201606141120, 1.6199
201606141130, 1.62652
201606141140, 1.81977
201606141150, 1.46842
201606141200, 1.94987
201606141210, 2.0944
201606141220, 2.41927
201606141230, 2.5013
201606141240, 2.26649
201606141250, 2.97135
201606141300, 2.66309
201606141320, 2.55035
201606141330, 1.81912
201606141340, 2.37999
201606141350, 1.37402
201606141400, 1.56955
201606141410, 1.79796
201606141420, 2.38086
201606141430, 2.38737
201606141440, 2.22982
201606141450, 2.70974
201606141500, 2.40516
201606141510, 1.74794
201606141520, 1.07737
201606141530, 1.25836
201606141540, 0.63151
201606141550, 1.42806
201606141600, 0.683702
201606141610, 0.387261
201606141620, 0.222114
201606141630, 0.538086
201606141640, 0.685004
201606141650, 0.908746
201606141700, 0.516493
201606141710, 0.977322
201606141720, 1.56359
201606141820, 28.6186
201606141830, 3.32954
201606141840, 4.81738
201606141850, 3.29026
201606141900, 1.90202
201606141910, 1.53006
201606141920, 2.70757
201606141930, 2.38021
201606141940, 1.96929
201606141950, 1.58778
201606142000, 1.22276
201606142010, 1.52799
201606142020, 1.51009
201606142030, 1.77203
201606142040, 1.04058
201606142050, 0.62066
201606142100, 1.99251
201606142110, 1.31131
201606142120, 1.81434
201606142130, 0.924154
201606142140, 0.705729
201606142150, 2.48579
201606142200, 1.80273
201606142210, 1.14247
201606142220, 0.71658
201606142230, 0.674805
201606142240, 0
201606142250, 0.63303
201606142300, 0.650391
201606142310, 0.275608
201606142320, 2.01345
201606142330, 1.81695
201606142340, 2.39095
201606142350, 0.85178
201606150000, 0.547852
201606150010, 0.714627
201606150020, 0.207031
201606150030, 0.363932
201606150040, 1.23351
201606150050, 0.654188
201606150100, 0.495985
201606150110, 0.33431
201606150120, 0.823893
201606150130, 0.170247
201606150140, 0.398546
201606150150, 1.00803
201606150200, 1.37609
201606150210, 1.73991
201606150220, 1.24436
201606150230, 1.60384
201606150240, 1.93283
201606150250, 1.74034
201606150300, 1.88726
201606150310, 2.37066
201606150320, 1.96007
201606150330, 2.82216
201606150340, 2.0701
201606150350, 2.36621
201606150400, 2.9248
201606150410, 2.81152
201606150420, 2.48698
201606150430, 2.42708
201606150440, 2.23741
201606150450, 1.21994
201606150500, 1.55295
201606150510, 1.78353
201606150520, 1.66775
201606150530, 1.16276
201606150540, 0.815321
201606150550, 0.963216
201606150600, 0.813911
201606150610, 0.706163
201606150620, 1.33865
201606150630, 1.49729
201606150640, 1.22515
201606150650, 1.39431
201606150700, 1.38379
201606150710, 1.91938
201606150720, 1.40744
201606150730, 2.10428
201606150740, 1.46691
201606150750, 0.833876
201606150800, 1.21105
201606150810, 1.30241
201606150820, 2.09212
201606150830, 1.51769
201606150840, 0
201606150850, 1.55762
201606150900, 1.68294
201606150910, 1.30599
201606150920, 1.10428
201606150930, 1.0268
201606150940, 1.13553
201606150950, 0.724175
201606151000, 0.788194
201606151010, 1.36534
201606151020, 0
201606151030, 1.10764
201606151040, 0
201606151050, 2.78125
201606151100, 0.634657
201606151110, 1.43663
201606151120, 1.41406
201606151130, 0.722439
201606151140, 0.766927
201606151150, 0.796658
201606151200, 1.52843
201606151210, 0.677517
201606151220, 0.58431
201606152050, 0.000976562
201606152100, 0.00336372
201606152110, 0.00292969
201606152120, 0.0062934
201606152130, 0.0977648
201606152140, 0
201606152150, 0.450195
201606152200, 0.23112
201606152210, 0.00987413
201606152230, 0.0724826
201606152240, 0.000542535
201606152250, 0.0825738
201606152300, 0.000651042
201606152310, 0.0142144
201606152320, 0.030599
201606152330, 0.0171441
201606152340, 0.00542535
201606152350, 0.00249566
201606160000, 0.00683594
201606160030, 0.125109
201606160040, 0.122504
201606160050, 0.234809
201606160100, 0.0494792
201606160110, 0.0975477
201606160120, 0.22678
201606160130, 0.355035
201606160140, 0.844835
201606160150, 0.699327
201606160200, 0.670464
201606160210, 0.377496
201606160220, 0.391168
201606160230, 0.399197
201606160240, 0.377387
201606160250, 0.713867
201606160300, 0.556858
201606160310, 0.839952
201606160320, 0.541884
201606160330, 0.73329
201606160340, 0.592556
201606160350, 0.534505
201606160400, 0.0684679
201606160410, 0.532661
201606160430, 0.512478
201606160440, 0.498481
201606160450, 0.585069
201606160500, 0.523763
201606160510, 0.625651
201606160520, 0.285156
201606160530, 0.772569
201606160540, 0.306424
201606160550, 0.359158
201606160600, 0.331597
201606160610, 0.465278
201606160620, 0.32411
201606160640, 0.234375
201606160650, 0.237196
201606160700, 0.229058
201606160710, 0.0694444
201606160720, 0.488281
201606160730, 0.0469835
201606160740, 0.0574002
201606160750, 0.0741102
201606160800, 0.0309245
201606160810, 0.123047
201606160820, 0.177843
201606160830, 0.1301
201606160840, 0.0907118
201606160850, 0.104709
201606160900, 0.122721
201606160910, 0.140082
201606160920, 0.0973307
201606160930, 0.0481771
201606160940, 0
201606160950, 0.0227865
201606161000, 0.00672743
201606161010, 0.000108507
201606161030, 0.00108507
201606161040, 0.00737847
201606161050, 0.0713976
201606161100, 0.0559896
201606161110, 0.0540365
201606161120, 0.0126953
201606161130, 0.000542535
201606161140, 0.000976562
201606161150, 0.000325521
201606161200, 0.000108507
201606161210, 0.00119358
201606161220, 0.000542535
201606161230, 0.000217014
201606161730, 0.0327691
201606161740, 0.158529
201606161750, 0.113281
201606161800, 0.0993924
201606161810, 0.341797
201606161820, 0.131076
201606161830, 0.188802
201606161840, 0.209635
201606161850, 0.153212
201606161900, 0.0608724
201606161910, 0.171115
201606161920, 0.0506727
201606161930, 0.0985243
201606161940, 0
201606161950, 0.0432943
201606162000, 0.0458984
201606162010, 0.023329
201606162020, 0.0225694
201606162030, 0.0131293
201606162040, 0.0220269
201606162050, 0.0299479
201606162100, 0.0185547
201606162110, 0.0254991
201606162120, 0.0256076
201606162130, 0.0200738
201606162140, 0.0111762
201606162150, 0.0108507
201606162200, 0.0121528
201606162210, 0.0094401
201606162220, 0.0094401
201606162230, 0.0703125
201606162240, 0.0988498
201606162250, 0.00976562
201606162300, 0.000217014
201606162310, 0.00716146
201606162320, 0.000217014
201606162330, 0.0061849
201606162340, 0.00434028
201606162350, 0.000542535
201606170000, 0.000217014
201606170010, 0
201606170020, 0.000108507
201606170030, 0
201606170040, 0.000217014
201606170050, 0.000108507
201606170100, 0.000108507
201606170110, 0.000542535
201606170120, 0.00499132
201606170130, 0.0150825
201606170140, 0.0094401
201606170150, 0.00509983
201606170200, 0.00238715
201606170210, 0.00683594
201606170220, 0.0174696
201606170230, 0.0135634
201606170240, 0.0252821
201606170250, 0.0335286
201606170300, 0.0440538
201606170310, 0.0394965
201606170320, 0.00640191
201606170330, 0.00889757
201606170340, 0.00173611
201606170350, 0.000108507
201606170400, 0.000325521
201606170410, 0.00368924
201606170430, 0.0103082
201606170440, 0.000325521
201606170450, 0.0143229
201606170500, 0.0181207
201606170510, 0.0189887
201606170520, 0.0119358
201606170530, 0
201606170540, 0
201606170550, 0.0454644
201606170600, 0
201606170610, 0.000108507
201606170620, 0
201606170630, 0.00661892
201606170640, 0.00531684
201606170650, 0
201606170700, 0
201606170710, 0
201606170720, 0.000217014
201606170730, 0
201606170750, 0
201606170800, 0
201606170810, 0.00108507
201606170820, 0
201606170840, 0.000434028
201606170850, 0.00108507
201606170920, 0.000217014
201606170930, 0.00249566
201606170940, 0
201606170950, 0.00401476
201606171000, 0.00553385
201606171010, 0.00130208
201606171020, 0.000868056
201606171030, 0.000976562
201606171040, 0.0236545
201606171050, 0.0190972
201606171100, 0.0339627
201606171110, 0.000325521
201606171120, 0.000108507
201606171130, 0.000759549
201606171140, 0
201606171150, 0.0016276
201606171200, 0
201606171210, 0
201606171220, 0
201606171230, 0
201606171240, 0
201606171250, 0.00716146
201606171300, 0.00325521
201606171310, 0
201606171320, 0.0115017
201606171330, 0.175998
201606171340, 0.508789
201606171350, 0.478299
201606171400, 0.431207
201606171410, 0.240343
201606171420, 0.159939
201606171430, 0.00336372
201606171440, 0.00531684
201606171450, 0.00488281
201606171500, 0.0061849
201606171510, 0.0115017
201606171520, 0.00358073
201606171530, 0.0131293
201606171540, 0.0150825
201606171550, 0.0093316
201606171600, 0.0412326
201606171610, 0.168403
201606171620, 0.152127
201606171630, 0.238173
201606171640, 0.0546875
201606171650, 0.171115
201606171700, 0.0707465
201606171710, 0.214627
201606171720, 0.1148
201606171730, 0.0570747
201606171740, 0.121853
201606171750, 0.183268
201606171800, 0.0659722
201606171810, 0.11773
201606171820, 0.376194
201606171830, 0.447917
201606171840, 0.241536
201606171850, 0.526801
201606171900, 0.162001
201606171910, 0.901259
201606171920, 0.610786
201606171930, 0.311306
201606171940, 0.078342
201606171950, 0.206706
201606172000, 0.373806
201606172010, 0.186415
201606172020, 0.121636
201606172030, 0.0689019
201606172040, 0.186306
201606172050, 0.130859
201606172100, 0.196398
201606172110, 0.21799
201606172120, 0.267687
201606172130, 0.224718
201606172140, 0.209527
201606172150, 0.108073
201606172200, 0.0887587
201606172210, 0.0711806
201606172220, 0.0516493
201606172230, 0.047309
201606172240, 0.0397135
201606172250, 0.0294054
201606172300, 0.0190972
201606172310, 0.0199653
201606172320, 0.0173611
201606172330, 0.0256076
201606172340, 0.0419922
201606172350, 0.015625
201606180000, 0.015842
201606180010, 0.0101997
201606180020, 0.00434028
201606180030, 0.00737847
201606180040, 0.0115017
201606180050, 0.0108507
201606180100, 0.00292969
201606180110, 0.00292969
201606180120, 0.000542535
201606180130, 0.00401476
201606180140, 0
201606180150, 0.00336372
201606180200, 0.0110677
201606180210, 0.0161675
201606180220, 0.0634766
201606180230, 0.0177951
201606180240, 0.0320095
201606180250, 0.0236545
201606180300, 0.0031467
201606180310, 0.0138889
201606180330, 0.00868056
201606180340, 0.00347222
201606180350, 0.00640191
201606180400, 0.00260417
201606180410, 0.00368924
201606180420, 0.00911458
201606180430, 0.00401476
201606180440, 0.000108507
201606180450, 0.00173611
201606180500, 0.00607639
201606180510, 0.00640191
201606180520, 0.000976562
201606180530, 0
201606180540, 0.00716146
201606180550, 0.00390625
201606180600, 0.00759549
201606180610, 0.00477431
201606180620, 0.0359158
201606180630, 0
201606180640, 0.0108507
201606180650, 0.00195312
201606180700, 0.000976562
201606180710, 0.00368924
201606180730, 0.000325521
201606180740, 0.197266
201606180750, 0.00455729
201606180800, 0
201606180810, 0.00206163
201606180820, 0
201606180830, 0
201606180840, 0.000868056
201606180850, 0.00206163
201606180900, 0
201606180910, 0
201606180920, 0
201606180930, 0.000976562
201606180940, 0.0016276
201606180950, 0.00358073
201606181000, 0.000108507
201606181010, 0.00358073
201606181020, 0.00965712
201606181030, 0.00520833
201606181040, 0
201606181050, 0.0101997
201606181100, 0.00651042
201606181110, 0.00716146
201606181120, 0.00976562
201606181130, 0.0121528
201606181140, 0.0662977
201606181150, 0.136393
201606181200, 0.118056
201606181210, 0.245768
201606181220, 0.199436
201606181230, 0.273438
201606181240, 0.264757
201606181250, 0.311632
201606181300, 0.150825
201606181310, 0.265516
201606181320, 0.362088
201606181330, 0.698351
201606181340, 0.792426
201606181350, 0.743707
201606181400, 0.774957
201606181410, 0.737522
201606181420, 0.703125
201606181430, 0.680447
201606181440, 0.689887
201606181450, 0.56901
201606181500, 1.19401
201606181510, 0.825846
201606181520, 0.525174
201606181530, 0.52322
201606181540, 0.554362
201606181550, 0.270291
201606181600, 0.342882
201606181610, 0.0850694
201606181620, 0.190755
201606181630, 0.0844184
201606181640, 0.0655382
201606181650, 0.0900608
201606181700, 0.0569661
201606181710, 0.0315755
201606181720, 0.0207248
201606181730, 0.0298394
201606181740, 0
201606181750, 0.0555556
201606181800, 0.015842
201606181810, 0.00553385
201606181820, 0.146159
201606181830, 0.0103082
201606181840, 1.05566
201606181850, 0.0759549
201606181900, 0.0138889
201606181910, 0.0118273
201606181920, 0.0279948
201606181930, 0.0110677
201606181940, 0.069553
201606181950, 0.016059
201606182000, 0.0755208
201606182010, 0.0575087
201606182020, 0.0833333
201606182030, 0.195855
201606182040, 0.289714
201606182050, 0.221788
201606182100, 0.375217
201606182110, 0.384006
201606182120, 0.561089
201606182130, 0.365994
201606182140, 0.757595
201606182150, 1.05143
201606182200, 1.12088
201606182210, 1.47949
201606182220, 1.60742
201606182230, 2.03461
201606182240, 2.30577
201606182250, 3.71322
201606182300, 4.12424
201606182310, 4.65126
201606182320, 4.51866
201606182330, 5.09538
201606182340, 4.1977
201606182350, 4.17046
201606190000, 3.17817
201606190010, 5.33073
201606190020, 5.06641
201606190030, 4.72342
201606190040, 4.19965
201606190050, 3.29937
201606190100, 2.1939
201606190110, 2.0153
201606190120, 1.15766
201606190130, 1.11274
201606190140, 1.45801
201606190150, 0.671983
201606190200, 0.638672
201606190210, 1.03451
201606190220, 1.63411
201606190230, 1.32335
201606190240, 0.133464
201606190250, 0.328668
201606190300, 0.46072
201606190310, 0.117188
201606190320, 0.0289714
201606190330, 0.472114
201606190340, 0.310547
201606190350, 0.240777
201606190400, 0.00509983
201606190410, 0.151801
201606190420, 0.377387
201606190430, 0.309787
201606190440, 0.0632595
201606190450, 0.181098
201606190500, 0.0128038
201606190510, 0.0192057
201606190520, 0.0078125
201606190530, 0.0139974
201606190540, 0.0692274
201606190550, 0.121745
201606190600, 0
201606190610, 0.0666233
201606190620, 0.0234375
201606190630, 0.0134549
201606190640, 0.0124783
201606190650, 0.00455729
201606190700, 0.0434028
201606190710, 0.00748698
201606190720, 0.00260417
201606190730, 0.110352
201606190740, 0.0186632
201606190750, 0
201606190800, 0.0169271
201606190810, 0.0269097
201606190820, 0.0386285
201606190830, 0.0244141
201606190840, 0.00857205
201606190850, 0.0221354
201606190900, 0.00423177
201606190910, 0.00217014
201606190920, 0.00672743
201606190930, 0.00846354
201606190940, 0.00336372
201606190950, 0.00336372
201606191000, 0.00640191
201606191010, 0.00368924
201606191020, 0.00596788
201606191030, 0.00694444
201606191040, 0.00683594
201606191050, 0.00716146
201606191100, 0.00531684
201606191110, 0
201606191120, 0
201606191130, 0.0131293
201606191140, 0.0251736
201606191150, 0.00976562
201606191200, 0.0271267
201606191210, 0.00520833
201606191220, 0.00737847
201606191230, 0.000976562
201606191240, 0
201606191250, 0.0177951
201606191300, 0.0247396
201606191310, 0.0093316
201606191320, 0.0526259
201606191330, 0.00564236
201606191340, 0.0630425
201606191350, 0.0750868
201606191400, 0.200955
201606191410, 0.102322
201606191420, 0.0182292
201606191430, 0.0452474
201606191440, 0.135851
201606191450, 0.140191
201606191500, 0.449219
201606191510, 0.423828
201606191520, 0.677951
201606191530, 0.71148
201606191540, 0.465929
201606191550, 0.440104
201606191600, 0.331597
201606191610, 0.294705
201606191620, 0.246853
201606191630, 0.239475
201606191640, 0.307617
201606191650, 0.266819
201606191700, 0.304036
201606191710, 0.171007
201606191720, 0.146918
201606191730, 0.204427
201606191740, 0.0844184
201606191750, 0.546007
201606191800, 0.170356
201606191810, 0.627821
201606191820, 0.462565
201606191830, 0.656467
201606191840, 0.570638
201606191850, 1.03353
201606191900, 1.59527
201606191910, 1.89247
201606191920, 2.02843
201606191930, 2.23101
201606191940, 1.66688
201606191950, 2.61773
201606192000, 2.4809
201606192010, 2.89486
201606192020, 2.48796
201606192030, 3.1225
201606192040, 2.83963
201606192050, 2.43066
201606192100, 2.58247
201606192110, 2.44868
201606192120, 2.29308
201606192130, 2.28624
201606192140, 2.52615
201606192150, 2.86903
201606192200, 2.52745
201606192210, 2.42133
201606192220, 2.33854
201606192230, 2.50326
201606192240, 2.0867
201606192250, 1.67958
201606192300, 2.66884
201606192310, 2.42263
201606192320, 1.05284
201606192330, 0.416558
201606192340, 1.16124
201606192350, 0.703342
201606200000, 1.09332
201606200010, 0.989258
201606200020, 0.868273
201606200030, 0.713108
201606200040, 0.579536
201606200050, 0.0571832
201606200100, 0.105903
201606200110, 0.0991753
201606200120, 0.0677083
201606200130, 0.00455729
201606200140, 0.00379774
201606200150, 0.0412326
201606200200, 0.00271267
201606200210, 0.0558811
201606200220, 0.0240885
201606200230, 0.123372
201606200240, 0.119032
201606200250, 0.103516
201606200300, 0.0899523
201606200310, 0.078342
201606200320, 0.0400391
201606200330, 0.00499132
201606200340, 0.0100911
201606200350, 0.0721571
201606200400, 0.00303819
201606200410, 0.0266927
201606200420, 0.0179036
201606200430, 0.015625
201606200440, 0.0157335
201606200450, 0.0094401
201606200500, 0.00282118
201606200510, 0.0150825
201606200520, 0.00640191
201606200530, 0.0105252
201606200540, 0.0101997
201606200550, 0.00792101
201606200600, 0.00911458
201606200610, 0.0248481
201606200620, 0.00857205
201606200630, 0.0132378
201606200640, 0.0112847
201606200650, 0.00705295
201606200700, 0.00499132
201606200710, 0.0188802
201606200720, 0.00585938
201606200730, 0.0222439
201606200740, 0.0144314
201606200750, 0.0172526
201606200800, 0.0116102
201606200810, 0.0376519
201606200820, 0.00368924
201606200830, 0.00206163
201606200840, 0.00661892
201606200850, 0.014974
201606200900, 0.0123698
201606200910, 0.0111762
201606200920, 0.0360243
201606200930, 0.0108507
201606200940, 0.0247396
201606200950, 0.024197
201606201000, 0.0176866
201606201010, 0.0227865
201606201020, 0.00195312
201606201030, 0.0141059
201606201040, 0.0194227
201606201050, 0.0197483
201606201100, 0.0061849
201606201110, 0.000759549
201606201120, 0
201606201130, 0.0116102
201606201140, 0.039605
201606201150, 0.0601128
201606201200, 0.0210503
201606201210, 0.00965712
201606201220, 0.151367
201606201230, 0.0760634
201606201240, 0.0857205
201606201250, 0.0161675
201606201300, 0.000434028
201606201310, 0.15115
201606201320, 0
201606201330, 0.0394965
201606201340, 0.000325521
201606201350, 0.0713976
201606201400, 0.0424262
201606201410, 0.0279948
201606201420, 0.0320095
201606201430, 0.0121528
201606201440, 0.0200738
201606201450, 0.0200738
201606201500, 0.0172526
201606201510, 0.00238715
201606201520, 0.0309245
201606201530, 0.00716146
201606201540, 0.00748698
201606201550, 0.0135634
201606201600, 0.0031467
201606201610, 0.0118273
201606201620, 0.0118273
201606201630, 0.00488281
201606201640, 0.015191
201606201650, 0.00824653
201606201700, 0.00520833
201606201710, 0.0215929
201606201720, 0.00759549
201606201730, 0.0100911
201606201740, 0.0141059
201606201750, 0.00770399
201606201800, 0.000976562
201606201810, 0
201606201820, 0.000108507
201606201830, 0.000325521
201606201840, 0.000434028
201606201850, 0.0094401
201606201900, 0.144857
201606201910, 0.00553385
201606201920, 0.0584852
201606201930, 0.0652127
201606201940, 0.0150825
201606201950, 0.00770399
201606202000, 0.00564236
201606202010, 0.00227865
201606202020, 0
201606202030, 0.00868056
201606202040, 0.0128038
201606202050, 0.0185547
201606202100, 0.0390625
201606202110, 0.053928
201606202120, 0.0386285
201606202130, 0.0500217
201606202140, 0.0370009
201606202150, 0.0681424
201606202200, 0.0407986
201606202210, 0.0291884
201606202220, 0.0205078
201606202230, 0.328016
201606202240, 0.0266927
201606202250, 0.0281033
201606202300, 0.0243056
201606202310, 0.0224609
201606202320, 0.0179036
201606202330, 0.0201823
201606202340, 1.08019
201606202350, 0.0161675
201606210000, 0.159071
201606210010, 0.221571
201606210020, 0.031684
201606210030, 0.0327691
201606210040, 0.255859
201606210050, 0.382161
201606210100, 0.402995
201606210110, 0.318902
201606210120, 0.264214
201606210130, 0.214844
201606210140, 0.146484
201606210150, 0.0138889
201606210200, 0.0424262
201606210210, 0.0413411
201606210220, 0.031684
201606210230, 0.0273438
201606210240, 0.0598958
201606210250, 0.328342
201606210300, 0.616753
201606210310, 0.023546
201606210320, 0.0120443
201606210330, 0.0148655
201606210340, 0.00499132
201606210350, 0.015408
201606210400, 0.02398
201606210410, 0.73839
201606210420, 0.00368924
201606210430, 0.00488281
201606210440, 0.0132378
201606210450, 0.0186632
201606210500, 0.0094401
201606210510, 0.00368924
201606210520, 0.0116102
201606210530, 0.00661892
201606210540, 0.0078125
201606210550, 0.00434028
201606210600, 0.0046658
201606210610, 0.0111762
201606210620, 0.00195312
201606210630, 0.015625
201606210640, 0.00564236
201606210650, 0.0437283
201606210700, 0.0093316
201606210710, 0.0194227
201606210730, 0.0269097
201606210740, 0.00542535
201606210750, 0.0078125
201606210800, 0.0139974
201606210810, 0.00965712
201606210820, 0.0275608
201606210830, 0.000759549
201606210840, 0
201606210850, 0.362956
201606210900, 0.207791
201606210910, 0.467556
201606210920, 0.728624
201606210930, 0.907444
201606210940, 0.91059
201606210950, 0.620877
201606211000, 0.824219
201606211010, 0.00488281
201606211020, 0.725911
201606211030, 0.30447
201606211040, 0.161133
201606211050, 0.292535
201606211100, 0.426975
201606211110, 0.147244
201606211120, 0.343424
201606211130, 0.12717
201606211140, 0.107856
201606211150, 0.0285373
201606211200, 0.00249566
201606211210, 0.0157335
201606211220, 0.0173611
201606211230, 0.00922309
201606211240, 0
201606211250, 0.0425347
201606211300, 0.0336372
201606211310, 0.0187717
201606211320, 0.0731337
201606211330, 0.0966797
201606211340, 0.015408
201606211350, 0.00444878
201606211400, 0.0135634
201606211410, 0.0103082
201606211420, 0.0078125
201606211430, 0.0101997
201606211440, 0.00748698
201606211450, 0.0299479
201606211500, 0.00390625
201606211510, 0.0268012
201606211520, 0.0161675
201606211530, 0.015408
201606211540, 0.0061849
201606211550, 0.0173611
201606211600, 0.0518663
201606211610, 0.0105252
201606211620, 0.0457899
201606211630, 0.0190972
201606211640, 0.0277778
201606211650, 0.00661892
201606211700, 0.00802951
201606211710, 0.0208333
201606211720, 0.0061849
201606211730, 0.0128038
201606211740, 0.0164931
201606211750, 0.014974
201606211800, 0.0555556
201606211810, 0.0566406
201606211820, 0.0953776
201606211830, 0.107205
201606211840, 0.0576172
201606211850, 0.0139974
201606211900, 0.0190972
201606211910, 0.015625
201606211920, 0.0093316
201606211930, 0.0489366
201606211940, 0.00900608
201606211950, 0.0150825
201606212000, 0.00542535
201606212010, 0.0161675
201606212020, 0.00824653
201606212030, 0.00477431
201606212040, 0.00954861
201606212050, 0.00499132
201606212100, 0.140516
201606212110, 0.171224
201606212120, 0.112739
201606212130, 0.202799
201606212140, 0.249783
201606212150, 0.107856
201606212200, 0.0330946
201606212210, 0.00889757
201606212220, 0.00878906
201606212230, 0.105035
201606212240, 0.0294054
201606212250, 0.0272352
201606212300, 0.00444878
201606212310, 0.0133464
201606212320, 0.00900608
201606212330, 0.00553385
201606212340, 0.0103082
201606212350, 0.00379774
201606220000, 0.000217014
201606220010, 0.000108507
201606220020, 0.0113932
201606220030, 0.0134549
201606220040, 0.00716146
201606220050, 0.0015191
201606220100, 0.0110677
201606220110, 0.0690104
201606220120, 0.086046
201606220130, 0.279948
201606220140, 0.350477
201606220150, 0.309136
201606220200, 0.218424
201606220210, 0.167209
201606220220, 0.023329
201606220230, 0.33138
201606220240, 0.0126953
201606220250, 0.023546
201606220300, 0.0476345
201606220310, 0.0016276
201606220320, 0.00141059
201606220330, 0.00217014
201606220340, 0.000325521
201606220350, 0.000325521
201606220400, 0.00292969
201606220410, 0.00607639
201606220420, 0.00217014
201606220430, 0.0144314
201606220440, 0.00184462
201606220450, 0.00303819
201606220500, 0.000108507
201606220510, 0.000108507
201606220520, 0.000108507
201606220530, 0.00173611
201606220540, 0.00195312
201606220550, 0.000108507
201606220600, 0
201606220610, 0
201606220620, 0.000108507
201606220630, 0
201606220650, 0
201606220700, 0
201606220710, 0
201606220720, 0.00195312
201606220730, 0
201606220740, 0
201606220750, 0.0130208
201606220800, 0.000651042
201606220810, 0.000108507
201606220820, 0.00282118
201606220830, 0.00271267
201606220850, 0.000759549
201606220900, 0.00368924
201606220910, 0
201606220920, 0.000434028
201606220930, 0
201606220940, 0.00325521
201606220950, 0
201606221000, 0.00412326
201606221010, 0.000434028
201606221020, 0.000434028
201606221030, 0
201606221040, 0
201606221050, 0
201606221100, 0
201606221110, 0.0121528
201606221120, 0
201606221130, 0.00726997
201606221140, 0.0107422
201606221150, 0.00770399
201606221200, 0.016059
201606221210, 0.0120443
201606221220, 0.0128038
201606221230, 0.0100911
201606221240, 0.00976562
201606221250, 0.00726997
201606221300, 0.00672743
201606221310, 0.00434028
201606221320, 0.00857205
201606221330, 0.00434028
201606221340, 0.00976562
201606221350, 0.0094401
201606221400, 0.00434028
201606221410, 0.0108507
201606221420, 0.062934
201606221430, 0.0123698
201606221440, 0.0138889
201606221450, 0.0221354
201606221500, 0.00770399
201606221510, 0.00455729
201606221520, 0.00542535
201606221530, 0.000868056
201606221540, 0
201606221550, 0.00292969
201606221600, 0.164388
201606221610, 0.00434028
201606221620, 0.000868056
201606221630, 0.00770399
201606221640, 0.00759549
201606221650, 0.0200738
201606221700, 0.0061849
201606221710, 0.0206163
201606221720, 0.0135634
201606221730, 0.0524089
201606221740, 0.109375
201606221750, 0.0218099
201606221800, 0.0188802
201606221810, 0.0225694
201606221820, 0.015408
201606221830, 0.039822
201606221840, 0.0230035
201606221850, 0.0449219
201606221900, 0.0516493
201606221910, 0.0474175
201606221920, 0.0348307
201606221930, 0.0285373
201606221940, 0.0364583
201606221950, 0.0143229
201606222000, 0.0254991
201606222010, 0.0124783
201606222020, 0.0166016
201606222030, 0.0304905
201606222040, 0.0197483
201606222050, 0.0126953
201606222100, 0.0161675
201606222110, 0.0474175
201606222120, 0.0416667
201606222130, 0.107313
201606222140, 0.0322266
201606222150, 0.144965
201606222200, 0.06977
201606222210, 0.0201823
201606222220, 0.184353
201606222230, 0.0222439
201606222240, 0.232856
201606222250, 0.345595
201606222300, 0.351128
201606222310, 0.453668
201606222320, 0.754449
201606222330, 0.619683
201606222340, 0.687717
201606222350, 0.707357
201606230000, 0.531793
201606230010, 0.487739
201606230020, 0.507053
201606230030, 0.344835
201606230040, 0.22385
201606230050, 0.0963542
201606230100, 0.0313585
201606230110, 0.0118273
201606230120, 0.00477431
201606230130, 0.016059
201606230140, 0
201606230150, 0.00900608
201606230200, 0.00651042
201606230210, 0.00640191
201606230220, 0.00976562
201606230230, 0.00857205
201606230240, 0.023763
201606230250, 0.0265842
201606230300, 0.00141059
201606230310, 0.0121528
201606230320, 0.0104167
201606230330, 0.00303819
201606230340, 0.00358073
201606230350, 0.00412326
201606230400, 0.0401476
201606230410, 0.00423177
201606230420, 0.00553385
201606230430, 0.000976562
201606230440, 0
201606230450, 0.0361328
201606230500, 0.0108507
201606230510, 0.00358073
201606230520, 0.00130208
201606230530, 0.0719401
201606230540, 0.14822
201606230550, 0.0493707
201606230600, 0.0288628
201606230610, 0.117188
201606230620, 0.000759549
201606230630, 0.00835503
201606230640, 0.00520833
201606230650, 0
201606230700, 0.000217014
201606230710, 0.000325521
201606230720, 0.000976562
201606230730, 0.000108507
201606230740, 0.000434028
201606230750, 0.000542535
201606230800, 0.0451389
201606230810, 0.0354818
201606230820, 0
201606230830, 0
201606230840, 0.112088
201606230850, 0.0202908
201606230900, 0.0248481
201606230910, 0.00813802
201606230920, 0.00336372
201606230930, 0.0359158
201606230940, 0.258355
201606230950, 0.0031467
201606231000, 0.0015191
201606231010, 0.168511
201606231020, 0.0993924
201606231040, 0.0334201
201606231050, 0.0286458
201606231100, 0.00173611
201606231110, 0.0367839
201606231120, 0.0608724
201606231130, 0.0281033
201606231150, 0.116319
201606231200, 0.199002
201606231210, 0.543511
201606231220, 0.859592
201606231240, 0.351671
201606231250, 0.0343967
201606231300, 0.538086
201606231310, 0.775933
201606231320, 0.408854
201606231330, 0.324002
201606231340, 0.748915
201606231350, 1.02148
201606231400, 0.738715
201606231410, 0.782335
201606231420, 1.00814
201606231430, 0.727539
201606231440, 0.486111
201606231450, 0.0078125
201606231500, 0.00401476
201606231510, 0.198025
201606231520, 0.0775825
201606231530, 0.0109592
201606231540, 0.0210503
201606231550, 0.0868056
201606231600, 0.00401476
201606231610, 0.0245226
201606231620, 0.0016276
201606231630, 0.000542535
201606231640, 0.0124783
201606231650, 0.248481
201606231710, 0.332791
201606231720, 0.294162
201606231730, 0.817925
201606231740, 1.82975
201606231750, 2.32856
201606231800, 2.42947
201606231810, 2.80805
201606231820, 2.68457
201606231830, 1.75315
201606231840, 2.17263
201606231850, 2.57943
201606231900, 3.61133
201606231910, 3.16504
201606231920, 2.49262
201606231930, 1.26031
201606231940, 0.139431
201606231950, 0.0352648
201606232000, 0.046875
201606232010, 0.340929
201606232020, 0.0512153
201606232030, 0.00238715
201606232040, 0.0474175
201606232050, 0.0104167
201606232100, 0.00520833
201606232110, 0.000434028
201606232120, 0.00108507
201606232130, 0.153212
201606232140, 0.126628
201606232150, 0.127279
201606232200, 0.385959
201606232210, 0.331055
201606232220, 0.0491536
201606232230, 0.0139974
201606232240, 0.039822
201606232250, 0.177192
201606232310, 0.0569661
201606232320, 0.0130208
201606232330, 0.121962
201606232340, 0.424371
201606232350, 0.278212
201606240000, 0.207031
201606240020, 0.13737
201606240030, 0.149414
201606240040, 0.085178
201606240050, 0.0443793
201606240110, 0.0129123
201606240120, 0.00173611
201606240130, 0.00292969
201606240140, 0
201606240210, 0
201606240220, 0
201606240230, 0.015842
201606240240, 0.000108507
201606240250, 0
201606240300, 0
201606240310, 0.0031467
201606240320, 0.0016276
201606240330, 0.000217014
201606240340, 0.000217014
201606240350, 0.00130208
201606240400, 0.00292969
201606240410, 0.00282118
201606240420, 0
201606240430, 0
201606240450, 0.00206163
201606240500, 0.00368924
201606240510, 0.00922309
201606240520, 0.0172526
201606240530, 0.0015191
201606240550, 0
201606240610, 0.0279948
201606240620, 0.00271267
201606240630, 0.00184462
201606240640, 0.00694444
201606240700, 0.000108507
201606240710, 0.0525174
201606240720, 0.00596788
201606240730, 0.0105252
201606240740, 0.00282118
201606240800, 0.000434028
201606240810, 0.0422092
201606240820, 0.000542535
201606240830, 0.0115017
201606240850, 0.0218099
201606240900, 0.0207248
201606240920, 0.0410156
201606240930, 0.00770399
201606240950, 0.0137804
201606241000, 0.00184462
201606241010, 0.00108507
201606241030, 0.0107422
201606241040, 0.00130208
201606241100, 0.00347222
201606241110, 0.00911458
201606241120, 0.0322266
201606241130, 0.000325521
201606241140, 0
201606241150, 0.000108507
201606241200, 0.00748698
201606241210, 0.0152995
201606241220, 0.00976562
201606241230, 0.000108507
201606241240, 0
201606241250, 0.000217014
201606241300, 0
201606241310, 0.00358073
201606241320, 0.00271267
201606241330, 0.00108507
201606241340, 0.00227865
201606241350, 0.00130208
201606241400, 0
201606241410, 0.000651042
201606241420, 0.0015191
201606241430, 0.000868056
201606241440, 0.000434028
201606241450, 0
201606241500, 0.00141059
201606241510, 0.00542535
201606241520, 0.00108507
201606241530, 0.00119358
201606241540, 0.00672743
201606241550, 0
201606241600, 0.00553385
201606241610, 0.0015191
201606241620, 0.00434028
201606241630, 0.00575087
201606241640, 0.0103082
201606241650, 0.0115017
201606241700, 0.0101997
201606241710, 0.00998264
201606241720, 0.062283
201606241730, 0.00857205
201606241740, 0.00520833
201606241750, 0.00672743
201606241800, 0.0263672
201606241810, 0.00846354
201606241820, 0.00716146
201606241830, 0.0111762
201606241840, 0.00737847
201606241850, 0.00976562
201606241900, 0.00575087
201606241910, 0.0143229
201606241920, 0.00716146
201606241930, 0.00542535
201606241940, 0.0121528
201606241950, 0.0133464
201606242000, 0.00857205
201606242010, 0.00488281
201606242020, 0.030816
201606242030, 0.0134549
201606242040, 0.0119358
201606242050, 0.00672743
201606242100, 0.0117188
201606242110, 0.00499132
201606242120, 0.00824653
201606242130, 0.0188802
201606242140, 0.0101997
201606242150, 0.0128038
201606242200, 0.0119358
201606242210, 0.00651042
201606242220, 0.00520833
201606242230, 0.00770399
201606242240, 0.306858
201606242250, 0.578233
201606242300, 0.412652
201606242310, 0.21365
201606242320, 0.00499132
201606242330, 0.0138889
201606242340, 0.0046658
201606242350, 0.0123698
201606250000, 0.0113932
201606250010, 0.0061849
201606250020, 0
201606250030, 0.00358073
201606250040, 0.0112847
201606250050, 0.00726997
201606250100, 0.0563151
201606250110, 0.00900608
201606250120, 0.0657552
201606250130, 0.0225694
201606250140, 0.0610894
201606250150, 0.191081
201606250200, 0.350043
201606250210, 0.166233
201606250220, 0.771593
201606250230, 0.451389
201606250240, 0.108724
201606250250, 0.346463
201606250300, 0.669379
201606250310, 0.054579
201606250320, 0.0298394
201606250330, 0.0633681
201606250340, 0.0279948
201606250350, 0.0445964
201606250400, 0.0889757
201606250410, 0.0259332
201606250420, 0.00238715
201606250430, 0.00922309
201606250440, 0.0407986
201606250450, 0.108941
201606250500, 0.00260417
201606250510, 0.03125
201606250520, 0
201606250530, 0
201606250540, 0.111003
201606250550, 0.246636
201606250600, 0.00227865
201606250610, 0.0502387
201606250620, 0
201606250630, 0
201606250640, 0
201606250650, 0.0967882
201606250700, 0.280924
201606250710, 0.180122
201606250720, 0.219944
201606250730, 0.180556
201606250740, 0.0681424
201606250750, 0.0138889
201606250800, 0.00694444
201606250810, 0.00802951
201606250820, 0.00434028
201606250830, 0
201606250840, 0.0403646
201606250850, 0.00217014
201606250900, 0.00195312
201606250910, 0.00292969
201606250920, 0.000868056
201606250930, 0.000434028
201606250940, 0.144206
201606250950, 0
201606251000, 0.00141059
201606251010, 0.00683594
201606251020, 0.0150825
201606251030, 0.000217014
201606251040, 0.00509983
201606251050, 0.00922309
201606251100, 0.00368924
201606251110, 0.00737847
201606251120, 0.0940755
201606251130, 0
201606251140, 0
201606251150, 0
201606251200, 0.0104167
201606251210, 0.305013
201606251220, 0.0169271
201606251230, 0.022895
201606251240, 0.0120443
201606251250, 0.00325521
201606251300, 0.0163845
201606251310, 0.0120443
201606251320, 0.0113932
201606251330, 0.0046658
201606251340, 0.0876736
201606251350, 0
201606251400, 0.133247
201606251410, 0.287977
201606251420, 0.308377
201606251430, 0.117622
201606251440, 0.463108
201606251450, 0.557726
201606251500, 0.209527
201606251510, 0.940755
201606251520, 0
201606251530, 0.45931
201606251540, 0.684896
201606251550, 0.0799696
201606251600, 0.83138
201606251610, 0.584527
201606251620, 0.40625
201606251630, 0.232205
201606251640, 0.0996094
201606251650, 0.234701
201606251700, 0.0690104
201606251710, 0.58138
201606251720, 0.270074
201606251730, 0.0861545
201606251740, 0.135308
201606251750, 0.294379
201606251800, 0.329102
201606251810, 0.0855035
201606251820, 0.119466
201606251830, 0.0297309
201606251840, 0.0983073
201606251850, 0.0177951
201606251900, 0.0652127
201606251910, 0.0809462
201606251920, 0.00336372
201606251930, 0.00987413
201606251940, 0.11339
201606251950, 0.0111762
201606252000, 0
201606252010, 0
201606252020, 0.00737847
201606252030, 0.0455729
201606252040, 0.0410156
201606252050, 0.115126
201606252100, 0.236111
201606252110, 0.0141059
201606252120, 0.116211
201606252130, 0.02398
201606252140, 0.0559896
201606252150, 0.0320095
201606252200, 0.093967
201606252210, 0.144206
201606252220, 0.0921224
201606252230, 0.156793
201606252240, 0.0152995
201606252250, 0.457357
201606252300, 0.273112
201606252310, 0.181532
201606252320, 0.254883
201606252330, 0.254774
201606252340, 0.358615
201606252350, 0.229709
201606260000, 0.062066
201606260010, 0.00412326
201606260020, 0.0015191
201606260030, 0.00835503
201606260040, 0.00499132
201606260050, 0.0437283
201606260100, 0
201606260110, 0.0015191
201606260120, 0.359809
201606260130, 0.0105252
201606260140, 0.368924
201606260150, 0.530382
201606260200, 0.442817
201606260210, 0.316298
201606260220, 0.270833
201606260230, 0.253364
201606260240, 0.342773
201606260250, 0.25803
201606260300, 0.174371
201606260310, 0.25076
201606260320, 0.291775
201606260330, 0.318793
201606260340, 0.2398
201606260350, 0.0971137
201606260400, 0.210938
201606260410, 0.212131
201606260420, 0.134006
201606260430, 0.165365
201606260440, 0.718967
201606260450, 0.116753
201606260500, 0.0883247
201606260510, 0.138021
201606260520, 0.0709635
201606260530, 0.0938585
201606260540, 0.0288628
201606260550, 0.129232
201606260600, 0.0330946
201606260610, 0.0519748
201606260620, 0.0486111
201606260630, 0.0321181
201606260640, 0.0434028
201606260650, 0.0371094
201606260700, 0.0401476
201606260710, 0.031901
201606260720, 0.0360243
201606260730, 0.0263672
201606260740, 0.0287543
201606260750, 0.0358073
201606260800, 0.031684
201606260810, 0.0263672
201606260820, 0.0372179
201606260830, 0.0164931
201606260840, 0.0131293
201606260850, 0.0126953
201606260900, 0.0143229
201606260910, 0.0188802
201606260920, 0.0220269
201606260930, 0.00922309
201606260940, 0.0272352
201606260950, 0.023112
201606261000, 0.0332031
201606261010, 0.0175781
201606261020, 0.0345052
201606261030, 0.0367839
201606261040, 0.0530599
201606261050, 0.0583767
201606261100, 0.0767144
201606261110, 0.132812
201606261120, 0.126736
201606261130, 0.187066
201606261140, 0.398003
201606261150, 0.370226
201606261200, 0.632595
201606261210, 0.75
201606261220, 0.525716
201606261230, 0.650716
201606261240, 0.760742
201606261250, 1.14898
201606261300, 0
201606261310, 1.48003
201606261320, 1.47276
201606261330, 1.38411
201606261340, 1.60731
201606261350, 1.1569
201606261400, 1.7513
201606261410, 1.34082
201606261420, 1.56803
201606261430, 1.09277
201606261440, 1.31424
201606261450, 1.34993
201606261500, 1.28266
201606261510, 1.29763
201606261520, 1.29601
201606261530, 1.02214
201606261540, 0.973741
201606261550, 0
201606261600, 0.992079
201606261610, 0.820312
201606261620, 0.792426
201606261630, 0.488932
201606261640, 0.109918
201606261650, 0.0288628
201606261700, 0.175022
201606261710, 0.148872
201606261720, 0.0452474
201606261730, 0.031467
201606261740, 0.0264757
201606261750, 0.0355903
201606261800, 0.0467665
201606261810, 0.198785
201606261820, 0.022678
201606261830, 0.0219184
201606261840, 0
201606261850, 0
201606261900, 0.146484
201606261910, 0.0967882
201606261920, 0.167209
201606261930, 0.16428
201606261940, 0
201606261950, 0.0132378
201606262000, 0.00640191
201606262010, 0.0317925
201606262020, 0.167426
201606262030, 0.12207
201606262040, 0.00325521
201606262050, 0.1875
201606262100, 0.233941
201606262110, 0.3648
201606262120, 0.325412
201606262130, 0.936415
201606262140, 0.961155
201606262150, 0.863607
201606262200, 0.833984
201606262210, 0.959527
201606262220, 1.15809
201606262230, 1.61447
201606262240, 1.38325
201606262250, 1.80328
201606262300, 1.67828
201606262310, 1.64128
201606262320, 1.82693
201606262330, 2.02995
201606262340, 2.23372
201606262350, 1.8291
201606270000, 1.96777
201606270010, 1.26161
201606270020, 1.42372
201606270030, 1.56999
201606270040, 1.22591
201606270050, 1.06879
201606270100, 0.886827
201606270110, 0.37793
201606270120, 0.568685
201606270130, 0.91862
201606270140, 0.987847
201606270150, 1.22808
201606270200, 1.27593
201606270210, 1.5498
201606270220, 1.88542
201606270230, 1.97569
201606270240, 1.89269
201606270250, 2.35276
201606270300, 2.37522
201606270310, 2.1684
201606270320, 2.54134
201606270330, 2.83236
201606270340, 2.76638
201606270350, 2.70302
201606270400, 2.57769
201606270410, 2.32313
201606270420, 1.67502
201606270430, 0.840061
201606270440, 0.790148
201606270450, 0.925673
201606270500, 0.890082
201606270510, 1.05729
201606270520, 0.971137
201606270530, 0.79286
201606270540, 0.623264
201606270550, 0.522027
201606270600, 0.590603
201606270610, 0.0173611
201606270620, 0.0345052
201606270630, 0.023546
201606270640, 0.28049
201606270650, 0.402452
201606270700, 0.290039
201606270710, 0.304688
201606270720, 0.00282118
201606270730, 0.0250651
201606270740, 0.0322266
201606270750, 0.0215929
201606270800, 0.0094401
201606270810, 0.151042
201606270820, 0.0553385
201606270830, 0.0213759
201606270840, 0.00585938
201606270850, 0.0192057
201606270900, 0.00130208
201606270910, 0.0108507
201606270920, 0.0181207
201606270930, 0.0166016
201606270940, 0.015842
201606270950, 0.0115017
201606271000, 0.00249566
201606271010, 0.000434028
201606271020, 0.0147569
201606271030, 0.00553385
201606271040, 0.00683594
201606271050, 0.00900608
201606271100, 0.00455729
201606271110, 0.00640191
201606271120, 0.0220269
201606271130, 0.0171441
201606271140, 0.0349392
201606271150, 0.00585938
201606271200, 0
201606271210, 0.00531684
201606271220, 0
201606271230, 0.0061849
201606271240, 0.0137804
201606271250, 0.0128038
201606271300, 0.00813802
201606271310, 0
201606271320, 0.00347222
201606271330, 0.0122613
201606271340, 0.00542535
201606271350, 0
201606271400, 0.000217014
201606271410, 0
201606271420, 0.0016276
201606271430, 0.00868056
201606271440, 0.00716146
201606271450, 0.00596788
201606271500, 0.00358073
201606271510, 0.00130208
201606271520, 0.00813802
201606271530, 0.0243056
201606271540, 0.0119358
201606271550, 0.114258
201606271600, 0.00575087
201606271610, 0.0078125
201606271620, 0.0118273
201606271630, 0.00998264
201606271640, 0.015842
201606271650, 0.142144
201606271700, 0.00651042
201606271710, 0.211914
201606271720, 0.0234375
201606271730, 0.0681424
201606271740, 0.0272352
201606271750, 0.257487
201606271800, 0.303928
201606271810, 0.106771
201606271820, 0.211046
201606271830, 0.215929
201606271840, 0.280273
201606271850, 0.205187
201606271900, 0.246745
201606271910, 0.162977
201606271920, 0.000108507
201606271930, 0.180773
201606271940, 0
201606271950, 0.00824653
201606272000, 0.132378
201606272010, 0.0173611
201606272020, 0.0192057
201606272030, 0.0254991
201606272040, 0.348199
201606272050, 0.535048
201606272100, 0.841254
201606272110, 0.996419
201606272120, 0.856228
201606272130, 0.856011
201606272140, 0.745877
201606272150, 0.746419
201606272200, 0.400499
201606272210, 0.000651042
201606272220, 0.0451389
201606272230, 0.637912
201606272240, 0.357096
201606272250, 0.278103
201606272300, 0.239475
201606272310, 0.320964
201606272320, 0.0342882
201606272330, 0.234266
201606272340, 0.447157
201606272350, 0.0031467
201606280000, 0.14464
201606280010, 0.0736762
201606280020, 0.00922309
201606280030, 0.0185547
201606280040, 0.0181207
201606280050, 0.0206163
201606280100, 0.0292969
201606280110, 0.0139974
201606280120, 0.0171441
201606280130, 0.0437283
201606280140, 0.0646701
201606280150, 0.0614149
201606280200, 0.063151
201606280210, 0.137912
201606280220, 0.309353
201606280230, 0.349935
201606280240, 0.581814
201606280250, 0.361762
201606280300, 0.455078
201606280310, 0.117839
201606280320, 0.0238715
201606280330, 0.00423177
201606280340, 0.000868056
201606280350, 0.00531684
201606280400, 0.0142144
201606280410, 0
201606280420, 0
201606280430, 0.179688
201606280440, 0.333984
201606280450, 0
201606280500, 1.02355
201606280510, 0.775391
201606280520, 0.700629
201606280530, 0.970161
201606280540, 1.111
201606280550, 0.794162
201606280600, 0.799588
201606280610, 0.727214
201606280620, 0.390408
201606280630, 0.00770399
201606280640, 0
201606280650, 0.00651042
201606280700, 0.0221354
201606280710, 0
201606280720, 0.0443793
201606280730, 0
201606280740, 0
201606280750, 0.00184462
201606280800, 0.000217014
201606280810, 0.0199653
201606280820, 0.0301649
201606280830, 0.224718
201606280840, 0.114041
201606280850, 0.0180122
201606280900, 0.00141059
201606280910, 0.00325521
201606280920, 0.100043
201606280930, 0.0189887
201606280940, 0.0155165
201606280950, 0.0250651
201606281000, 0.0152995
201606281010, 0.00499132
201606281020, 0.00444878
201606281030, 0.00130208
201606281040, 0.0130208
201606281050, 0.0016276
201606281100, 0.494141
201606281110, 0.604275
201606281120, 0.328125
201606281130, 0.239583
201606281140, 0.14898
201606281150, 0.190864
201606281200, 0.104926
201606281210, 0.0302734
201606281220, 0
201606281230, 0.00520833
201606281240, 0.000434028
201606281250, 0.000434028
201606281300, 0.0108507
201606281310, 0.0347222
201606281320, 0.0016276
201606281330, 0.0031467
201606281340, 0.0107422
201606281350, 0.00509983
201606281400, 0.00596788
201606281410, 0.00683594
201606281420, 0.00564236
201606281430, 0.00998264
201606281440, 0.0210503
201606281450, 0.0307075
201606281500, 0.0489366
201606281510, 0.00813802
201606281520, 0.0115017
201606281530, 0.0613064
201606281540, 0.0130208
201606281550, 0.0137804
201606281600, 0
201606281610, 0
201606281620, 0
201606281630, 0
201606281640, 0
201606281650, 0.0742188
201606281700, 0.200412
201606281710, 0.03852
201606281720, 0.0682509
201606281730, 0.147895
201606281740, 0.00260417
201606281750, 0.0986328
201606281800, 0.0692274
201606281810, 0.0986328
201606281820, 0.0113932
201606281830, 0.00336372
201606281840, 0.00488281
201606281850, 0.00520833
201606281900, 0.0564236
201606281910, 0.261285
201606281920, 0.153646
201606281930, 0.00759549
201606281940, 0.482313
201606281950, 0.135959
201606282000, 0.0670573
201606282010, 0.00998264
201606282020, 0.000651042
201606282030, 0.0372179
201606282040, 0.103299
201606282050, 0.147678
201606282100, 0.00412326
201606282110, 0
201606282120, 0.00976562
201606282130, 0
201606282140, 0.0309245
201606282150, 0.0270182
201606282200, 0.152018
201606282210, 0.015408
201606282220, 0.12207
201606282230, 0.0336372
201606282240, 0.171115
201606282250, 0.0680339
201606282300, 0.114583
201606282310, 0.111003
201606282320, 0.0476345
201606282330, 0.114909
201606282340, 0.25651
201606282350, 0.0451389
201606290000, 0.0196398
201606290010, 0.0093316
201606290020, 0.0741102
201606290030, 0.078125
201606290040, 0.147895
201606290050, 0.374457
201606290100, 0.28635
201606290110, 0.482205
201606290120, 0.578125
201606290130, 0.436523
201606290140, 0.82704
201606290150, 0.940538
201606290200, 0.875108
201606290210, 0.998155
201606290220, 0.870334
201606290230, 0.841471
201606290240, 0.162652
201606290250, 0.703016
201606290300, 0.263997
201606290310, 0.537109
201606290320, 0.275282
201606290330, 0.086046
201606290340, 0.228082
201606290350, 0.0563151
201606290400, 0.235677
201606290410, 0.249566
201606290420, 1.0025
201606290430, 0.550239
201606290440, 0.346788
201606290450, 0.0125868
201606290500, 0.0157335
201606290510, 0.194119
201606290520, 0.0504557
201606290530, 0.0741102
201606290540, 0.0141059
201606290550, 0.0488281
201606290600, 0
201606290610, 0.0764974
201606290620, 0.061849
201606290630, 0.0605469
201606290640, 0.159071
201606290650, 0.154514
201606290700, 0.219293
201606290710, 0.0199653
201606290720, 0.0954861
201606290730, 0
201606290740, 0
201606290750, 0.0268012
201606290800, 0.399306
201606290810, 0.653754
201606290820, 0.550239
201606290830, 0.687283
201606290840, 0.970703
201606290850, 0.128906
201606290900, 0.163303
201606290910, 0.38303
201606290920, 0.525825
201606290930, 0.738281
201606290940, 1.00922
201606290950, 0.53559
201606291000, 0.896484
201606291010, 0.733398
201606291020, 1.35731
201606291030, 1.22613
201606291040, 0.416992
201606291050, 0.765191
201606291100, 0.000108507
201606291110, 0.0698785
201606291120, 0.919596
201606291130, 0.960829
201606291140, 1.16157
201606291150, 0.655165
201606291200, 0.0590278
201606291210, 0.261502
201606291220, 0.939562
201606291230, 0.344076
201606291240, 1.36502
201606291250, 0.87576
201606291300, 1.19
201606291310, 0.782335
201606291320, 0.949436
201606291330, 0.452582
201606291340, 0.909831
201606291350, 0.704536
201606291400, 0.776042
201606291410, 0.60536
201606291420, 0.145074
201606291430, 0.400391
201606291440, 0.308811
201606291450, 0.475477
201606291500, 0.270074
201606291510, 0.589084
201606291520, 0.735352
201606291530, 0.630751
201606291540, 0.266819
201606291550, 0.350694
201606291600, 0.361545
201606291610, 0.402452
201606291620, 0.735026
201606291630, 0.198242
201606291640, 0.697266
201606291650, 0.350911
201606291700, 0.942383
201606291710, 0.326714
201606291720, 1.26747
201606291730, 1.15951
201606291740, 0.773329
201606291750, 0.471354
201606291800, 0.0388455
201606291810, 0.0593533
201606291820, 0.0665148
201606291830, 0.103299
201606291840, 0.129449
201606291850, 0.0133464
201606291900, 0.000108507
201606291910, 0.0139974
201606291920, 0.000217014
201606291930, 0
201606291940, 0.396267
201606291950, 0.34082
201606292000, 0
201606292010, 0.0323351
201606292020, 0.0220269
201606292030, 0.213759
201606292040, 0.271159
201606292050, 0.211155
201606292100, 0
201606292110, 0.0248481
201606292120, 0.0722656
201606292130, 0.201063
201606292140, 0.0351562
201606292150, 0.173394
201606292200, 0.380208
201606292210, 0.0223524
201606292220, 0.0780165
201606292230, 0.00455729
201606292240, 0.00141059
201606292250, 0.111871
201606292300, 0.565864
201606292310, 0.123915
201606292320, 0.0492622
201606292330, 0.0061849
201606292340, 0.118381
201606292350, 0.122721
201606300000, 0.0846354
201606300010, 0.198676
201606300020, 0.0460069
201606300030, 0.0210503
201606300040, 0.316623
201606300050, 0.358832
201606300100, 0.0190972
201606300110, 0.0483941
201606300120, 0.274089
201606300130, 0.140734
201606300140, 0.279514
201606300150, 0.201497
201606300200, 0.104384
201606300210, 0.807726
201606300220, 0.924262
201606300230, 0.582357
201606300240, 0.140299
201606300250, 0.0440538
201606300300, 0.000542535
201606300310, 0
201606300320, 0.0257161
201606300330, 0.0215929
201606300340, 0.00108507
201606300350, 0.0270182
201606300400, 0.0358073
201606300410, 0.0313585
201606300420, 0.0652127
201606300430, 0.0883247
201606300440, 0.141059
201606300450, 0.133464
201606300500, 0.677734
201606300510, 0.762912
201606300520, 0.737847
201606300530, 0.480143
201606300540, 0.455187
201606300550, 0.0863715
201606300600, 0.42003
201606300610, 0.425347
201606300620, 0.64605
201606300630, 0.151584
201606300650, 0.0669488
201606300700, 0.0493707
201606300710, 0.00119358
201606300720, 0.0212674
201606300730, 0.0177951
201606300740, 0.0195312
201606300750, 0.069553
201606300800, 0.00282118
201606300810, 0.000108507
201606300820, 0
201606300830, 0.0275608
201606300840, 0
201606300850, 0
201606300900, 0
201606300910, 0.13954
201606300920, 0.193034
201606300930, 0.402669
201606300940, 0.108724
201606300950, 0.0116102
201606301000, 0.190321
201606301010, 0.277018
201606301020, 0.528646
201606301030, 0.843316
201606301040, 0
201606301100, 1.18359
201606301110, 1.18186
201606301130, 1.56944
201606301140, 1.15343
201606301150, 1.19857
201606301200, 0.838216
201606301210, 0.96799
201606301220, 0.909722
201606301230, 0.896376
201606301240, 0.559462
201606301250, 0.534397
201606301300, 1.03646
201606301310, 0.402344
201606301320, 0.702365
201606301330, 0.617513
201606301340, 0.414714
201606301350, 0.432834
201606301400, 0.475803
201606301410, 0.194661
201606301420, 0.27474
201606301430, 0.64898
201606301440, 0.478841
201606301450, 0.453885
201606301500, 0.339518
201606301510, 0.146267
201606301520, 0.136068
201606301530, 0.133681
201606301540, 0.465603
201606301550, 0.0379774
201606301600, 0.0376519
201606301610, 0.24566
201606301620, 0.301975
201606301630, 0.16569
201606301640, 0.27105
201606301650, 0.18316
201606301700, 0.428168
201606301710, 0.21365
201606301720, 0.193034
201606301730, 0.172418
201606301740, 0.179362
201606301750, 0.0139974
201606301800, 0.0339627
201606301810, 0.0598958
201606301820, 0.0477431
201606301830, 0.00954861
201606301840, 0.0333116
201606301850, 0.00813802
201607010000, 0.00770399
201607010010, 0.00401476
201607010020, 0.00499132
201607010030, 0.0046658
201607010040, 0.00716146
201607010050, 0.00748698
201607010100, 0.0062934
201607010110, 0.00824653
201607010120, 0.0263672
201607010130, 0.00954861
201607010140, 0.0093316
201607010150, 0.42947
201607010200, 0.919596
201607010210, 0.967231
201607010220, 0.744032
201607010230, 0.752387
201607010240, 0.717665
201607010250, 0.730903
201607010300, 0.845161
201607010310, 0.671549
201607010320, 1.16656
201607010330, 0.810221
201607010340, 1.04763
201607010350, 0.460286
201607010400, 1.29926
201607010410, 1.3393
201607010420, 1.29861
201607010430, 1.37977
201607010440, 1.13618
201607010450, 1.27062
201607010500, 0.84375
201607010510, 0.505751
201607010520, 0.373915
201607010530, 0.325087
201607010540, 0.393121
201607010550, 0.417426
201607010600, 0.498806
201607010610, 0.401259
201607010620, 0.460178
201607010630, 0.421875
201607010640, 0.255751
201607010650, 0.25803
201607010700, 0.198893
201607010710, 0.239366
201607010720, 0.215603
201607010730, 0.103733
201607010740, 0.055013
201607010750, 0.0359158
201607010800, 0.015625
201607010810, 0.0291884
201607010820, 0.000542535
201607010830, 0
201607010840, 0.0181207
201607010850, 0.000651042
201607010900, 0.00141059
201607010910, 0.000108507
201607010920, 0
201607010930, 0.0220269
201607010940, 0.00607639
201607010950, 0.00737847
201607011000, 0.0212674
201607011010, 0.0333116
201607011020, 0.0978733
201607011030, 0.0981988
201607011040, 0.0512153
201607011050, 0.328559
201607011100, 0.401801
201607011110, 0.740451
201607011120, 0.851237
201607011130, 1.15072
201607011140, 0.968099
201607011150, 1.3801
201607011200, 1.87012
201607011210, 1.40516
201607011220, 1.46094
201607011230, 1.76031
201607011240, 2.11437
201607011250, 2.32248
201607011300, 2.72667
201607011310, 2.83778
201607011320, 5.18305
201607011330, 5.86426
201607011340, 5.51736
201607011350, 5.71398
201607011400, 4.99555
201607011410, 4.46029
201607011420, 5.61675
201607011430, 6.30632
201607011440, 4.99783
201607011450, 5.1314
201607011500, 4.59451
201607011510, 4.30219
201607011520, 3.76942
201607011530, 4.63194
201607011540, 4.83854
201607011550, 4.45497
201607011600, 4.21712
201607011610, 4.06944
201607011620, 4.20703
201607011630, 4.64562
201607011640, 3.83681
201607011650, 2.77897
201607011700, 3.16536
201607011710, 2.80707
201607011720, 2.60471
201607011730, 2.5128
201607011740, 2.07151
201607011750, 1.62467
201607011800, 1.93587
201607011810, 1.49002
201607011820, 1.26487
201607011830, 1.2041
201607011840, 1.70757
201607011850, 1.06337
201607011900, 0.537652
201607011910, 0.768229
201607011920, 0.179688
201607011930, 0.902018
201607011940, 0.726888
201607011950, 1.23079
201607012000, 1.10265
201607012010, 0.918945
201607012020, 0.662977
201607012030, 0.983181
201607012040, 1.08474
201607012050, 1.00282
201607012100, 1.25445
201607012110, 1.1288
201607012120, 0.89464
201607012130, 1.21441
201607012140, 1.16981
201607012150, 1.43859
201607012200, 1.35764
201607012210, 1.53874
201607012220, 1.45898
201607012230, 1.93674
201607012240, 2.13683
201607012250, 2.31673
201607012300, 2.32639
201607012310, 2.19727
201607012320, 2.25239
201607012330, 2.24056
201607012340, 2.01009
201607012350, 2.01682
201607020000, 1.81391
201607020010, 1.67057
201607020020, 1.66026
201607020030, 1.7525
201607020040, 0.991536
201607020050, 1.35655
201607020100, 1.38672
201607020110, 1.14996
201607020120, 0.893446
201607020130, 0.919813
201607020140, 1.46582
201607020150, 1.76042
201607020200, 1.62337
201607020210, 1.45302
201607020220, 2.94813
201607020230, 2.01248
201607020240, 1.94998
201607020250, 1.48383
201607020300, 1.71506
201607020310, 1.29829
201607020320, 1.38509
201607020330, 1.04438
201607020340, 1.13943
201607020350, 1.11437
201607020400, 1.4094
201607020410, 1.75206
201607020420, 2.00412
201607020430, 2.22233
201607020440, 1.97635
201607020500, 0.777995
201607020510, 1.57227
201607020520, 2.29308
201607020530, 2.18891
201607020540, 1.73893
201607020550, 1.15126
201607020600, 0.467122
201607020610, 1.24501
201607020620, 0
201607020640, 0.309136
201607020650, 0.331055
201607020710, 0.824544
201607020720, 0.853841
201607020730, 0.944119
201607020740, 0.648546
201607020750, 0.731011
201607020800, 1.01693
201607020810, 0.592231
201607020820, 0.610786
201607020830, 0.591688
201607020840, 0.183485
201607020850, 0.188368
201607020900, 0.755534
201607020910, 0.77691
201607020920, 0.321398
201607020930, 0.354167
201607020940, 1.21951
201607020950, 1.25543
201607021000, 0.523329
201607021010, 0.907986
201607021020, 0.936523
201607021030, 1.47266
201607021040, 0.906033
201607021050, 1.44575
201607021100, 0.789931
201607021110, 0.596137
201607021120, 1.32107
201607021130, 1.67567
201607021140, 1.59201
201607021150, 2.01411
201607021200, 1.38802
201607021210, 1.40169
201607021220, 0.84451
201607021230, 1.68316
201607021240, 2.01411
201607021250, 1.9911
201607021300, 1.64497
201607021310, 1.82368
201607021320, 2.07617
201607021330, 2.53733
201607021340, 2.79243
201607021350, 2.50792
201607021400, 3.23448
201607021410, 2.51389
201607021420, 2.39041
201607021430, 2.83626
201607021440, 2.40061
201607021450, 3.24447
201607021500, 2.26053
201607021510, 2.60525
201607021520, 2.26085
201607021530, 2.2194
201607021540, 2.09961
201607021550, 2.03396
201607021600, 1.70996
201607021610, 1.58876
201607021620, 1.22797
201607021630, 1.00662
201607021640, 0.792643
201607021650, 0.313911
201607021700, 0.163194
201607021710, 0.166233
201607021720, 0.0874566
201607021730, 0.132921
201607021740, 0.260959
201607021750, 0.421875
201607021800, 0.0913628
201607021810, 0.0485026
201607021820, 0
201607021830, 0.00705295
201607021840, 0.00434028
201607021850, 0.086046
201607021900, 0.078776
201607021910, 0.510417
201607021920, 0.0115017
201607021930, 0.0439453
201607021940, 0.0295139
201607021950, 0.0150825
201607022000, 0.110135
201607022010, 0.000868056
201607022020, 0
201607022030, 0.00694444
201607022040, 0.00824653
201607022050, 0.031901
201607022100, 0.00954861
201607022110, 0.00358073
201607022120, 0
201607022130, 0
201607022140, 0.133138
201607022150, 0.39247
201607022200, 0.0496962
201607022210, 0.0876736
201607022220, 0.686849
201607022230, 0
201607022240, 0.87934
201607022250, 0.821832
201607022300, 1.09852
201607022310, 1.1123
201607022320, 1.67101
201607022330, 0.786784
201607022340, 0.391493
201607022350, 0.208659
201607030000, 1.11957
201607030010, 0.328993
201607030020, 0.754557
201607030030, 0.711372
201607030040, 1.36393
201607030050, 1.00803
201607030100, 1.01606
201607030110, 0.580621
201607030120, 0.455729
201607030130, 0.600803
201607030140, 1.20898
201607030150, 1.22168
201607030200, 1.35037
201607030210, 1.90072
201607030220, 0.961697
201607030230, 0.754774
201607030240, 1.47276
201607030250, 1.21105
201607030300, 1.6365
201607030310, 2.5574
201607030320, 3.33974
201607030330, 3.61144
201607030340, 3.23796
201607030350, 3.42361
201607030400, 3.34397
201607030410, 3.56456
201607030420, 3.16493
201607030430, 3.63965
201607030440, 2.1365
201607030450, 2.91026
201607030500, 3.04416
201607030510, 0
201607030520, 3.28711
201607030530, 3.4592
201607030540, 4.14453
201607030550, 3.64551
201607030600, 3.66059
201607030610, 3.87923
201607030620, 2.73763
201607030630, 3.07899
201607030640, 3.31293
201607030650, 3.66406
201607030700, 3.26899
201607030710, 3.50293
201607030720, 4.29015
201607030730, 3.7474
201607030740, 3.31738
201607030750, 2.84049
201607030800, 2.59787
201607030810, 1.33279
201607030820, 0.666558
201607030830, 0.888346
201607030840, 1.05295
201607030850, 0.314236
201607030900, 0.532335
201607030910, 1.76378
201607030920, 1.9056
201607030930, 1.44976
201607030940, 1.2564
201607030950, 1.47873
201607031000, 3.22092
201607031010, 2.8265
201607031020, 1.92947
201607031030, 2.00836
201607031040, 2.46994
201607031050, 2.26812
201607031100, 1.30968
201607031110, 0.605252
201607031120, 1.36111
201607031130, 1.83322
201607031140, 1.36654
201607031150, 1.07422
201607031200, 1.99273
201607031210, 2.29319
201607031220, 2.64529
201607031230, 2.68273
201607031240, 2.58257
201607031250, 1.46018
201607031300, 2.23937
201607031310, 2.59809
201607031320, 2.40929
201607031330, 2.92643
201607031340, 2.91124
201607031350, 1.72993
201607031400, 1.37891
201607031410, 1.41981
201607031420, 1.35862
201607031430, 1.38227
201607031440, 2.38238
201607031450, 2.89681
201607031500, 3.08474
201607031510, 2.72721
201607031520, 2.82639
201607031530, 1.9554
201607031540, 1.60113
201607031550, 2.40571
201607031600, 2.72005
201607031610, 3.41656
201607031620, 3.53147
201607031630, 3.33735
201607031640, 3.0395
201607031650, 3.2538
201607031700, 2.96962
201607031710, 2.07899
201607031720, 2.69748
201607031730, 2.1518
201607031740, 2.62869
201607031750, 1.58811
201607031800, 1.67611
201607031810, 1.70128
201607031820, 2.47363
201607031830, 1.76747
201607031840, 1.82563
201607031850, 1.60015
201607031900, 1.40885
201607031910, 1.54004
201607031920, 1.19553
201607031930, 1.07639
201607031940, 0.937174
201607031950, 0.523871
201607032000, 0.768663
201607032010, 0.914605
201607032020, 0.972222
201607032030, 0.243056
201607032040, 0.0370009
201607032050, 0.0122613
201607032100, 0.077691
201607032110, 0
201607032120, 0.0528429
201607032130, 0.275391
201607032140, 0.0754123
201607032150, 0.114258
201607032200, 0.197374
201607032210, 0.389974
201607032220, 0.141602
201607032230, 0.0031467
201607032240, 0.118924
201607032250, 0.00423177
201607032300, 0.0444878
201607032310, 0.245334
201607032320, 0.217882
201607032330, 0.00130208
201607032340, 0
201607032350, 0.0163845
201607040000, 0.0388455
201607040010, 0.0467665
201607040020, 0.260959
201607040030, 0
201607040040, 0
201607040050, 0.103733
201607040100, 0.00130208
201607040110, 0.00488281
201607040120, 0.094401
201607040130, 0.162435
201607040140, 0.0113932
201607040150, 0.0175781
201607040200, 0.00173611
201607040210, 0.0486111
201607040220, 0.204536
201607040230, 0.0200738
201607040240, 0.0693359
201607040250, 0.194336
201607040300, 0.198568
201607040310, 0.0281033
201607040320, 0.116319
201607040330, 0.0482856
201607040340, 0.00661892
201607040350, 0.0757378
201607040400, 0.015191
201607040410, 0.0209418
201607040420, 0.0297309
201607040430, 0.0406901
201607040440, 0.0653212
201607040450, 0.0689019
201607040500, 0.0608724
201607040510, 0.141168
201607040520, 0.0602214
201607040530, 0.0437283
201607040540, 0.0791016
201607040550, 0.0865885
201607040600, 0.0105252
201607040610, 0.00694444
201607040620, 0.0112847
201607040630, 0.00889757
201607040640, 0.0116102
201607040650, 0.00683594
201607040700, 0.00705295
201607040710, 0.00444878
201607040720, 0.000434028
201607040730, 0.00509983
201607040740, 0.00358073
201607040750, 0.00661892
201607040800, 0.000108507
201607040810, 0.00195312
201607040820, 0
201607040830, 0.0118273
201607040840, 0.00195312
201607040850, 0.000108507
201607040900, 0
201607040910, 0
201607040920, 0.000868056
201607040930, 0
201607040940, 0
201607040950, 0
201607041000, 0
201607041010, 0
201607041020, 0.000217014
201607041030, 0.000325521
201607041040, 0
201607041050, 0.00173611
201607041100, 0.000325521
201607041110, 0.000651042
201607041120, 0.000976562
201607041130, 0.00358073
201607041140, 0.00846354
201607041150, 0.000434028
201607041200, 0.0161675
201607041210, 0.0062934
201607041220, 0.000759549
201607041230, 0.0141059
201607041240, 0.00748698
201607041250, 0.00651042
201607041300, 0.00368924
201607041310, 0.00900608
201607041320, 0.00726997
201607041330, 0.00651042
201607041340, 0.00596788
201607041350, 0.0224609
201607041400, 0.00694444
201607041410, 0.00824653
201607041420, 0.0142144
201607041430, 0.000217014
201607041440, 0.168728
201607041450, 0.00965712
201607041500, 0.0110677
201607041510, 0.00401476
201607041520, 0.00358073
201607041530, 0.0281033
201607041540, 0.0298394
201607041550, 0.0417752
201607041600, 0.0230035
201607041610, 0.0062934
201607041620, 0.0062934
201607041630, 0.00336372
201607041640, 0.0106337
201607041650, 0.0161675
201607041700, 0.0101997
201607041710, 0.00813802
201607041720, 0.0249566
201607041730, 0.0261502
201607041740, 0.00271267
201607041750, 0.0150825
201607041800, 0.00737847
201607041810, 0.0166016
201607041820, 0.0141059
201607041830, 0.0213759
201607041840, 0.0094401
201607041850, 0.0271267
201607041900, 0.000217014
201607041910, 0.0190972
201607041920, 0.00954861
201607041930, 0.00987413
201607041940, 0.015842
201607041950, 0.0245226
201607042000, 0.00488281
201607042010, 0.0194227
201607042020, 0
201607042030, 0.0135634
201607042040, 0.0118273
201607042050, 0.0190972
201607042100, 0.116319
201607042110, 0.00813802
201607042120, 0
201607042130, 0.070204
201607042140, 0.0502387
201607042150, 0.157118
201607042200, 0.0436198
201607042210, 0.329427
201607042220, 0.0015191
201607042230, 0.348633
201607042240, 0.415039
201607042250, 1.42263
201607042300, 0.806424
201607042310, 1.66797
201607042320, 0.907335
201607042330, 0.0138889
201607042340, 0
201607042350, 0.19477
201607050000, 0.189128
201607050010, 0.00347222
201607050020, 0.000217014
201607050030, 0.00195312
201607050040, 0.00292969
201607050050, 0.0210503
201607050100, 0.0093316
201607050110, 0.0078125
201607050120, 0.0478516
201607050130, 0.103299
201607050140, 0.291558
201607050150, 0.237847
201607050200, 0.261936
201607050210, 1.73427
201607050220, 2.727
201607050230, 1.75564
201607050240, 3.76834
201607050250, 3.07943
201607050300, 2.49555
201607050310, 1.98774
201607050320, 2.08257
201607050330, 1.11697
201607050340, 0.987956
201607050350, 1.97548
201607050400, 0.582248
201607050410, 0.593858
201607050420, 1.16862
201607050430, 0.483615
201607050440, 1.2309
201607050450, 0.776801
201607050500, 0.6148
201607050510, 0.566298
201607050520, 1.18099
201607050530, 0.464518
201607050540, 0.0664062
201607050550, 0.261502
201607050600, 0.550673
201607050610, 1.05924
201607050620, 0.00108507
201607050630, 0.892144
201607050640, 0.224501
201607050650, 0.330838
201607050700, 0.427083
201607050710, 0.15408
201607050720, 0.0917969
201607050730, 0.220595
201607050740, 0.175347
201607050750, 1.40332
201607050800, 0.13661
201607050810, 0.31326
201607050820, 1.06966
201607050830, 1.30252
201607050840, 1.01487
201607050850, 0.195855
201607050900, 0.407878
201607050910, 0.43457
201607050920, 0.143663
201607050930, 0.467556
201607050940, 0.0414497
201607050950, 0.0078125
201607051000, 0.667209
201607051010, 0.93316
201607051020, 1.50966
201607051030, 1.1939
201607051040, 1.24609
201607051050, 1.28841
201607051100, 0.973958
201607051110, 0.637912
201607051120, 0.867621
201607051130, 1.14312
201607051140, 0.598741
201607051150, 0.690972
201607051200, 0.813151
201607051210, 1.03038
201607051220, 0.635417
201607051230, 0.341797
201607051240, 0.123481
201607051250, 0
201607051300, 0.00434028
201607051310, 0
201607051320, 0.44477
201607051330, 0.0234375
201607051340, 0.522352
201607051350, 0.339844
201607051400, 0.294379
201607051410, 0.111979
201607051420, 0.192491
201607051430, 0.227431
201607051440, 0.302626
201607051450, 0.717665
201607051500, 0.60612
201607051510, 0.366428
201607051520, 0.250543
201607051530, 0.0173611
201607051540, 0.0479601
201607051550, 0.210829
201607051600, 0.00184462
201607051610, 0.0720486
201607051620, 0.201823
201607051630, 0.12283
201607051640, 0.105903
201607051650, 0.387587
201607051700, 0.674588
201607051710, 0.689779
201607051720, 0.751085
201607051730, 0.511176
201607051740, 0.0304905
201607051750, 0.358941
201607051800, 0.503038
201607051810, 0.464844
201607051820, 0.634006
201607051830, 0.344727
201607051840, 0.370768
201607051850, 0.0705295
201607051900, 0.945312
201607051910, 0.934028
201607051920, 1.44694
201607051930, 1.5536
201607051940, 0.802734
201607051950, 0.742405
201607052000, 0.763997
201607052010, 1.60015
201607052020, 1.90506
201607052030, 3.20736
201607052040, 3.99067
201607052050, 3.64757
201607052100, 3.67665
201607052110, 3.81565
201607052120, 3.1148
201607052130, 2.01997
201607052140, 1.52072
201607052150, 1.53743
201607052200, 1.14247
201607052210, 0.483181
201607052220, 0.277561
201607052230, 0.0194227
201607052240, 0.324327
201607052250, 0.0531684
201607052300, 0.14822
201607052310, 0.170464
201607052320, 0.296658
201607052330, 0.477756
201607052340, 0.367079
201607052350, 0.166016
201607060000, 0.123155
201607060010, 0.177843
201607060020, 0.112956
201607060030, 0.337782
201607060040, 0.14822
201607060050, 0.0526259
201607060100, 0.203016
201607060110, 0.187283
201607060120, 0.395074
201607060130, 0.0031467
201607060140, 0.346463
201607060150, 0.146918
201607060200, 0.556749
201607060210, 0.335938
201607060220, 0.347765
201607060230, 0.365234
201607060240, 0.551107
201607060250, 1.19596
201607060300, 1.51161
201607060310, 1.93207
201607060320, 2.00109
201607060330, 1.38639
201607060340, 1.34603
201607060350, 1.08051
201607060400, 1.44499
201607060410, 1.37793
201607060420, 0.738932
201607060430, 1.05762
201607060440, 0.840929
201607060450, 1.11882
201607060500, 1.0944
201607060510, 1.36903
201607060520, 1.35818
201607060530, 0.582574
201607060540, 0.244683
201607060550, 0.16862
201607060600, 0.25651
201607060610, 0.269097
201607060620, 0.54362
201607060630, 0.327474
201607060640, 0.306532
201607060650, 0.873047
201607060700, 1.5421
201607060710, 2.04568
201607060720, 2.40538
201607060730, 2.26986
201607060740, 2.0447
201607060750, 1.28678
201607060800, 0.504449
201607060810, 0.115126
201607060820, 0.425564
201607060830, 0.0993924
201607060840, 0.0847439
201607060850, 0.107313
201607060900, 0.201063
201607060910, 0.165256
201607060920, 0.0108507
201607060930, 0.0183377
201607060950, 0.0146484
201607061000, 0.0130208
201607061010, 0.14898
201607061020, 0.163411
201607061030, 0.0483941
201607061040, 0.119792
201607061050, 0.258898
201607061100, 0.270074
201607061110, 0.475369
201607061120, 1.08561
201607061130, 0.935004
201607061140, 0.25434
201607061150, 0.0917969
201607061200, 0.232964
201607061210, 0.155816
201607061220, 0.597439
201607061230, 1.16385
201607061240, 1.34679
201607061250, 1.81196
201607061300, 1.71191
201607061310, 1.97331
201607061320, 1.53179
201607061330, 1.61762
201607061340, 1.71897
201607061350, 1.74468
201607061400, 1.50792
201607061410, 1.31283
201607061420, 1.36708
201607061430, 1.1377
201607061440, 1.43012
201607061450, 1.74837
201607061500, 1.24284
201607061510, 2.39887
201607061520, 1.58583
201607061530, 1.6696
201607061540, 1.79145
201607061550, 1.54026
201607061600, 1.9822
201607061610, 1.69076
201607061620, 1.16634
201607061630, 0.69401
201607061640, 1.9528
201607061650, 1.23611
201607061700, 1.22038
201607061710, 0.745985
201607061720, 0.89388
201607061730, 1.02463
201607061740, 1.12196
201607061750, 0.648546
201607061800, 1.63249
201607061810, 1.86068
201607061820, 1.76096
201607061830, 1.79622
201607061840, 1.46756
201607061850, 0
201607061900, 1.44314
201607061910, 1.16493
201607061920, 1.74805
201607061930, 0.958116
201607061940, 0.856554
201607061950, 0.943902
201607062000, 0.844944
201607062010, 0.856771
201607062020, 0
201607062030, 1.00326
201607062040, 0.828234
201607062050, 1.06283
201607062100, 1.46669
201607062110, 0.676975
201607062120, 0.361437
201607062130, 0.273221
201607062140, 0.497504
201607062150, 0.551324
201607062200, 1.18598
201607062210, 1.82888
201607062220, 1.5867
201607062230, 1.75293
201607062240, 1.3457
201607062250, 1.86914
201607062300, 2.30816
201607062310, 2.69998
201607062320, 2.53158
201607062330, 2.15082
201607062340, 2.47895
201607062350, 1.71539
201607070000, 2.03841
201607070010, 1.72797
201607070020, 1.5536
201607070030, 1.36773
201607070040, 1.54275
201607070050, 1.5944
201607070100, 0.555339
201607070110, 0.728082
201607070120, 0.924696
201607070130, 0.907118
201607070140, 1.26552
201607070150, 1.23286
201607070200, 1.1926
201607070210, 0.993381
201607070220, 1.05273
201607070230, 0.101997
201607070240, 0.558594
201607070250, 0.0243056
201607070300, 0.00227865
201607070310, 0.0430773
201607070320, 0.0132378
201607070330, 0.291558
201607070340, 0
201607070350, 0
201607070400, 0.162109
201607070410, 0
201607070420, 0
201607070430, 0.0511068
201607070440, 0.0713976
201607070450, 0.0417752
201607070500, 0.00434028
201607070510, 0.00976562
201607070520, 0.0111762
201607070530, 0.212023
201607070540, 0.0128038
201607070550, 0
201607070600, 0.0562066
201607070610, 0.000325521
201607070620, 0.000976562
201607070630, 0.014974
201607070640, 0.217014
201607070650, 0.971029
201607070700, 0.629774
201607070710, 0.351345
201607070720, 1.1008
201607070730, 1.72786
201607070740, 2.10742
201607070750, 2.43099
201607070800, 3.60069
201607070810, 2.76053
201607070820, 2.76063
201607070830, 2.76812
201607070840, 2.39388
201607070850, 2.40951
201607070900, 1.78537
201607070910, 1.61816
201607070920, 2.26682
201607070930, 1.05328
201607070940, 1.55512
201607070950, 1.44336
201607071000, 1.85113
201607071010, 1.40299
201607071020, 1.48763
201607071030, 1.31901
201607071040, 2.0969
201607071050, 2.64833
201607071100, 2.62316
201607071110, 2.78071
201607071120, 2.19835
201607071130, 3.16677
201607071140, 2.91244
201607071150, 3.22494
201607071200, 3.18392
201607071210, 3.27875
201607071220, 3.19998
201607071230, 3.57161
201607071240, 4.05469
201607071250, 3.77734
201607071300, 3.20475
201607071310, 2.87077
201607071320, 2.97873
201607071330, 3.69672
201607071340, 3.54839
201607071350, 3.67828
201607071400, 3.1403
201607071410, 2.47515
201607071420, 2.53049
201607071430, 3.00423
201607071440, 2.84928
201607071450, 2.88574
201607071500, 2.43197
201607071510, 1.97146
201607071520, 1.97526
201607071530, 1.88336
201607071540, 1.74696
201607071550, 1.41211
201607071600, 1.5319
201607071610, 2.48969
201607071620, 2.46105
201607071630, 2.41439
201607071640, 1.58192
201607071650, 1.62977
201607071700, 1.21832
201607071710, 2.3125
201607071720, 2.23589
201607071730, 3.06293
201607071740, 3.92578
201607071750, 3.70953
201607071800, 4.86599
201607071810, 4.75987
201607071820, 4.84863
201607071830, 4.97287
201607071840, 4.27333
201607071850, 2.9707
201607071900, 2.31651
201607071910, 2.67502
201607071920, 3.75684
201607071930, 2.76465
201607071940, 1.16026
201607071950, 1.22808
201607072000, 1.84592
201607072010, 0.905056
201607072020, 1.18641
201607072030, 0.90918
201607072040, 1.14431
201607072050, 1.07324
201607072100, 1.19618
201607072110, 1.71267
201607072120, 2.1505
201607072130, 0.844618
201607072140, 0.88661
201607072150, 1.46658
201607072200, 1.8406
201607072210, 2.05675
201607072220, 2.32248
201607072230, 2.43349
201607072240, 2.32248
201607072250, 3.32183
201607072300, 3.04622
201607072310, 2.84885
201607072320, 5.12088
201607072330, 3.97494
201607072340, 4.97526
201607072350, 4.38704
201607080000, 4.63574
201607080010, 3.68555
201607080020, 2.11068
201607080030, 1.76042
201607080040, 1.97624
201607080050, 3.14182
201607080100, 3.01345
201607080110, 1.79796
201607080120, 1.67318
201607080130, 1.21408
201607080140, 0.893772
201607080150, 0.256944
201607080200, 0.950521
201607080210, 1.87847
201607080220, 1.31
201607080230, 1.45356
201607080240, 0.947049
201607080250, 2.30382
201607080300, 2.60482
201607080310, 3.16862
201607080330, 2.17166
201607080340, 2.38607
201607080350, 1.83572
201607080400, 2.37424
201607080410, 2.4873
201607080420, 2.23199
201607080430, 2.31847
201607080440, 2.49718
201607080450, 2.63943
201607080500, 2.87261
201607080510, 0
201607080520, 2.3686
201607080530, 2.03092
201607080540, 2.10959
201607080550, 2.56467
201607080600, 2.65983
201607080610, 2.41037
201607080620, 2.46213
201607080630, 2.16374
201607080640, 2.47624
201607080650, 2.49067
201607080700, 2.65972
201607080710, 3.04839
201607080720, 3.50825
201607080730, 3.38563
201607080740, 3.66254
201607080750, 3.28114
201607080800, 3.28038
201607080810, 3.21962
201607080820, 3.04894
201607080830, 2.45605
201607080840, 2.21083
201607080850, 1.95497
201607080900, 0.981337
201607080910, 0.977973
201607080920, 0.305773
201607080930, 0.397569
201607080940, 0.332574
201607080950, 0.143446
201607081000, 0.260634
201607081010, 0.657335
201607081020, 0.285482
201607081030, 0.372613
201607081040, 0.418077
201607081050, 0.459852
201607081100, 0.357964
201607081110, 0.462565
201607081130, 0.349718
201607081140, 0.321072
201607081150, 0.0286458
201607081200, 0.00792101
201607081210, 0.00900608
201607081220, 0.0195312
201607081230, 0
201607081240, 0
201607081250, 0.00976562
201607081300, 0.166667
201607081310, 0.275933
201607081320, 0.230143
201607081330, 0.341037
201607081340, 0.346246
201607081350, 0.399414
201607081400, 0.453125
201607081410, 0.66059
201607081420, 0.925239
201607081430, 0.873372
201607081440, 0.98112
201607081450, 0.914714
201607081500, 0.667209
201607081510, 0.602756
201607081520, 0.664931
201607081530, 0.403537
201607081540, 0.275391
201607081550, 0.132053
201607081600, 0.0179036
201607081610, 0.0317925
201607081620, 0.0132378
201607081630, 0.0325521
201607081640, 0.164497
201607081650, 0.208333
201607081700, 0.215386
201607081710, 0.343967
201607081720, 0.404514
201607081730, 0.493815
201607081740, 0.648112
201607081750, 1.19065
201607081800, 1.07845
201607081810, 0.634983
201607081820, 0.646484
201607081830, 0.64388
201607081840, 0.582248
201607081850, 0.494358
201607081900, 0.700412
201607081910, 0.546549
201607081920, 0.454427
201607081930, 0.698568
201607081940, 0.684462
201607081950, 0.785373
201607082000, 0.553277
201607082010, 0.514431
201607082020, 0.707682
201607082030, 1.38791
201607082040, 1.10178
201607082050, 1.20399
201607082100, 1.12033
201607082110, 1.13737
201607082120, 1.10124
201607082130, 0.878798
201607082140, 0.88303
201607082150, 0.893663
201607082200, 0.8227
201607082210, 0.657661
201607082220, 0.621745
201607082230, 1.02344
201607082240, 0.777018
201607082250, 1.00358
201607082300, 0.893229
201607082310, 0.82921
201607082320, 1.04395
201607082330, 0.992296
201607082340, 0.769857
201607082350, 0.889431
201607090000, 0.70855
201607090010, 0.758681
201607090020, 1.2053
201607090030, 0.740668
201607090040, 0.608073
201607090050, 0.516819
201607090100, 0.612956
201607090110, 0.447049
201607090120, 0.51888
201607090130, 0.263889
201607090140, 0.343641
201607090150, 0.273003
201607090200, 0.253906
201607090210, 0.189779
201607090220, 0.377062
201607090230, 0.228082
201607090240, 0.242188
201607090250, 0.354058
201607090300, 0.192708
201607090310, 0.145833
201607090320, 0.063151
201607090330, 0.0654297
201607090340, 0.0128038
201607090350, 0.03852
201607090400, 0.105035
201607090410, 0.0877821
201607090420, 0.0571832
201607090430, 0.039822
201607090440, 0.0605469
201607090450, 0.0723741
201607090500, 0.0410156
201607090510, 0.0455729
201607090520, 0.189562
201607090530, 0.046875
201607090540, 0.0660807
201607090550, 0.0893012
201607090600, 0.175564
201607090610, 0.193359
201607090620, 0.25803
201607090630, 0.236437
201607090640, 0.156467
201607090650, 0.0976562
201607090700, 0.085178
201607090710, 0.191081
201607090720, 0.234592
201607090730, 0.170573
201607090740, 0.0741102
201607090750, 0.0947266
201607090800, 0.110894
201607090810, 0.119032
201607090820, 0.0938585
201607090830, 0.136285
201607090840, 0.121745
201607090850, 0.138889
201607090900, 0.132161
201607090920, 0.031033
201607090930, 0.120985
201607090940, 0.0949436
201607090950, 0.0322266
201607091000, 0.0329861
201607091010, 0.243707
201607091020, 0.157769
201607091030, 0.0327691
201607091040, 0.0333116
201607091050, 0.118815
201607091110, 0.227539
201607091120, 0.447049
201607091130, 0.347114
201607091150, 0.231445
201607091200, 0.0882161
201607091210, 0.16645
201607091220, 0.077691
201607091230, 0.00705295
201607091240, 0.0474175
201607091250, 0.29872
201607091300, 0.171007
201607091310, 0.198893
201607091320, 0.109592
201607091330, 0.0954861
201607091340, 0.0436198
201607091350, 0.000868056
201607091400, 0.00520833
201607091410, 0.0125868
201607091420, 0.00596788
201607091430, 0.0332031
201607091440, 0.00358073
201607091450, 0.0173611
201607091500, 0.0575087
201607091510, 0.0342882
201607091520, 0.170247
201607091530, 0.00249566
201607091540, 0.0499132
201607091550, 0.261719
201607091600, 0.00531684
201607091610, 0.0188802
201607091620, 0.233615
201607091630, 0.0712891
201607091640, 0.28776
201607091650, 0.270833
201607091700, 0.462023
201607091710, 0.334852
201607091720, 0.389431
201607091730, 0.811957
201607091740, 0.76161
201607091750, 0.831597
201607091800, 0.806641
201607091810, 0.758247
201607091820, 0.656033
201607091830, 0.726562
201607091840, 0.899523
201607091850, 0.678711
201607091900, 0.807617
201607091910, 0.94477
201607091920, 0.996311
201607091930, 1.20204
201607091940, 1.33561
201607091950, 1.25326
201607092000, 1.15202
201607092010, 1.66113
201607092020, 1.43566
201607092030, 2.08062
201607092040, 1.67752
201607092050, 1.77713
201607092100, 1.42209
201607092110, 1.44499
201607092120, 1.27094
201607092130, 1.25792
201607092140, 1.26411
201607092150, 1.34928
201607092200, 1.11165
201607092210, 1.27409
201607092220, 1.36415
201607092230, 1.57856
201607092240, 1.36621
201607092250, 1.4847
201607092300, 1.22895
201607092310, 1.27778
201607092320, 1.42958
201607092330, 1.94922
201607092340, 1.61328
201607092350, 1.78798
201607100000, 1.60558
201607100010, 1.83464
201607100020, 1.77333
201607100030, 1.58561
201607100040, 1.19325
201607100050, 1.01953
201607100100, 0.591797
201607100110, 0.432726
201607100120, 0.642361
201607100130, 0.212348
201607100140, 0.124674
201607100150, 0.00672743
201607100200, 0.0116102
201607100210, 0.0563151
201607100220, 0.0137804
201607100230, 0.0544705
201607100240, 0.115994
201607100250, 0.77398
201607100300, 0.274631
201607100310, 0.534505
201607100320, 0.501519
201607100330, 0.348307
201607100340, 0.258789
201607100350, 0.169488
201607100400, 0.171332
201607100410, 0.12283
201607100420, 0.0261502
201607100430, 0.151476
201607100440, 0.00520833
201607100450, 0.0136719
201607100500, 0.00965712
201607100510, 0.1352
201607100520, 0.00922309
201607100530, 0.00737847
201607100540, 0.139106
201607100550, 0.0320095
201607100600, 0.269857
201607100610, 0.022678
201607100620, 0.107747
201607100630, 0.248481
201607100640, 0.301541
201607100650, 0.214952
201607100700, 0.112305
201607100710, 0.287977
201607100720, 0.0244141
201607100730, 0.318359
201607100740, 0.958225
201607100750, 0.188802
201607100800, 0.793186
201607100810, 0.812283
201607100820, 0.446289
201607100830, 0.589627
201607100840, 1.03971
201607100850, 0.921115
201607100900, 0.999674
201607100910, 0.65191
201607100920, 1.63715
201607100930, 1.65278
201607100940, 1.12511
201607100950, 1.85775
201607101000, 0.655707
201607101010, 2.10319
201607101020, 1.81814
201607101030, 0.878798
201607101040, 0.985135
201607101050, 0.343424
201607101100, 0.577908
201607101110, 0.668186
201607101120, 0.607856
201607101130, 0.97819
201607101140, 0.567383
201607101150, 1.04655
201607101200, 1.04633
201607101210, 1.64518
201607101220, 1.44586
201607101230, 1.12609
201607101240, 1.71604
201607101250, 1.84288
201607101300, 1.13911
201607101310, 0.953559
201607101320, 1.02637
201607101330, 1.33453
201607101340, 1.06445
201607101350, 1.00749
201607101400, 0.971571
201607101410, 1.28483
201607101420, 1.7105
201607101430, 1.72483
201607101440, 0.844293
201607101450, 1.56478
201607101500, 1.55404
201607101510, 1.87684
201607101520, 1.64193
201607101530, 2.26552
201607101540, 0.507378
201607101550, 0.460069
201607101610, 1.72678
201607101620, 1.80284
201607101630, 1.52648
201607101640, 1.1071
201607101650, 0.721463
201607101700, 0.95497
201607101710, 1.3967
201607101720, 0.904731
201607101730, 0
201607101740, 0.831055
201607101750, 0.620117
201607101800, 0.763346
201607101810, 0.377279
201607101820, 0.111328
201607101830, 0.161133
201607101840, 0.367405
201607101850, 0.286567
201607101900, 0.549371
201607101910, 0.8176
201607101920, 0.821506
201607101930, 0.745877
201607101940, 0.692708
201607101950, 0.704319
201607102000, 0.744466
201607102010, 0.509006
201607102020, 0.902669
201607102030, 1.08279
201607102040, 0.988607
201607102050, 0.652778
201607102100, 0.65115
201607102110, 0.527235
201607102120, 0.590495
201607102130, 0.637804
201607102140, 0.499783
201607102150, 0.639865
201607102200, 0.472222
201607102210, 0.149197
201607102220, 0.296224
201607102230, 0.686306
201607102240, 0.525065
201607102250, 0.529948
201607102300, 0.465929
201607102310, 0.814128
201607102320, 1.0102
201607102330, 0.989041
201607102340, 0.996962
201607102350, 0.947266
201607110000, 0.801975
201607110010, 0.678277
201607110020, 0.818251
201607110030, 0.783854
201607110040, 0.520291
201607110050, 0.41428
201607110100, 0.245117
201607110110, 0.106011
201607110120, 0.143446
201607110130, 0.236871
201607110140, 0.287543
201607110150, 0.32704
201607110200, 0.41428
201607110210, 0.525282
201607110220, 0.0432943
201607110230, 0.261393
201607110240, 0.08648
201607110250, 0.276042
201607110300, 0.201063
201607110310, 0.0889757
201607110320, 0.0480686
201607110330, 0.0437283
201607110340, 0.0418837
201607110350, 0.0252821
201607110400, 0.0194227
201607110410, 0.0354818
201607110420, 0.262912
201607110430, 0.201606
201607110440, 0.222656
201607110450, 0.173503
201607110500, 0.00900608
201607110510, 0.0192057
201607110520, 0.0176866
201607110530, 0.0358073
201607110540, 0.11339
201607110550, 0.0351562
201607110600, 0.0125868
201607110610, 0.302951
201607110620, 0.0190972
201607110630, 0.0884332
201607110640, 0.0169271
201607110650, 0.0104167
201607110700, 0.0962457
201607110710, 0.0419922
201607110720, 0.0652127
201607110730, 0.897569
201607110740, 0.489366
201607110750, 0.0166016
201607110800, 0.0108507
201607110810, 0.000759549
201607110820, 0.0199653
201607110830, 0.0211589
201607110840, 0.023112
201607110850, 0.435872
201607110900, 0.19553
201607110910, 0.00347222
201607110930, 0.00444878
201607110940, 0.0336372
201607110950, 0.0419922
201607111000, 0.0192057
201607111010, 0.0296224
201607111020, 0.000325521
201607111030, 0.0479601
201607111040, 0.0203993
201607111050, 0.000325521
201607111100, 0.000108507
201607111110, 0.0243056
201607111120, 0.386068
201607111130, 0.00184462
201607111140, 0
201607111150, 0.00119358
201607111200, 0.0208333
201607111210, 0.00303819
201607111220, 0
201607111230, 0.0141059
201607111240, 0.112522
201607111250, 0.0015191
201607111300, 0.0973307
201607111310, 0.49566
201607111320, 0.500651
201607111330, 0.765517
201607111340, 0.0645616
201607111350, 0.00575087
201607111400, 0
201607111410, 0
201607111420, 0
201607111430, 0.093533
201607111440, 0.0401476
201607111450, 0.320312
201607111500, 0.310004
201607111510, 0.708659
201607111520, 0.823893
201607111530, 1.14811
201607111540, 1.02105
201607111550, 1.39681
201607111600, 0.667535
201607111610, 0
201607111620, 0.66645
201607111630, 0.213542
201607111640, 0.377713
201607111650, 0.298503
201607111700, 0.333008
201607111710, 0.0358073
201607111720, 0.181641
201607111730, 0.173069
201607111740, 0.235135
201607111750, 0.123047
201607111800, 0.109049
201607111810, 0.166775
201607111820, 0.237088
201607111830, 0.249566
201607111840, 0.665582
201607111850, 0.79796
201607111900, 0.126736
201607111910, 0.108507
201607111920, 0.117839
201607111930, 0.158095
201607111940, 0.310981
201607111950, 0.211589
201607112000, 0.825955
201607112010, 0.375326
201607112020, 0.340386
201607112030, 0.796224
201607112040, 0.628689
201607112050, 0.707357
201607112100, 0.37283
201607112110, 0.195855
201607112120, 0.624349
201607112130, 1.03885
201607112140, 1.05512
201607112150, 0.709527
201607112200, 1.25955
201607112210, 1.72244
201607112220, 1.88249
201607112230, 2.82737
201607112240, 2.06966
201607112250, 2.43739
201607112300, 2.35666
201607112310, 2.88553
201607112320, 2.19868
201607112330, 1.39811
201607112340, 0.534939
201607112350, 1.04362
201607120000, 0
201607120010, 1.31706
201607120020, 1.06868
201607120030, 0.556424
201607120040, 0.792209
201607120050, 1.22114
201607120100, 1.43869
201607120110, 0.970812
201607120120, 2.25228
201607120130, 1.83431
201607120140, 1.80187
201607120150, 1.97526
201607120200, 1.34212
201607120210, 1.1556
201607120220, 1.63759
201607120230, 1.51899
201607120240, 1.18587
201607120250, 1.86491
201607120300, 1.94954
201607120310, 2.68924
201607120320, 2.57878
201607120330, 1.95519
201607120340, 2.83876
201607120350, 1.81597
201607120400, 2.09082
201607120410, 1.49306
201607120420, 3.28168
201607120430, 3.54102
201607120440, 3.85514
201607120450, 4.45725
201607120500, 4.78809
201607120510, 4.29286
201607120520, 4.21886
201607120530, 4.3826
201607120540, 4.37977
201607120550, 4.71343
201607120600, 2.34625
201607120610, 3.15603
201607120620, 1.88097
201607120630, 1.87587
201607120640, 1.47342
201607120650, 2.11979
201607120700, 2.5434
201607120710, 1.5663
201607120720, 2.10959
201607120730, 2.52572
201607120740, 2.36513
201607120750, 1.87229
201607120800, 1.92752
201607120810, 2.12457
201607120820, 2.27799
201607120830, 1.91895
201607120840, 1.69108
201607120850, 0.459635
201607120900, 0.490451
201607120910, 0.0457899
201607120920, 0.370443
201607120930, 0.306424
201607120940, 0.314887
201607120950, 0
201607121000, 0.0107422
201607121010, 0.00488281
201607121020, 0.000651042
201607121030, 0.000434028
201607121040, 0.0138889
201607121050, 0.00368924
201607121100, 0.231445
201607121110, 0.271376
201607121120, 0.102539
201607121130, 0.0693359
201607121140, 0.0656467
201607121150, 0.543511
201607121200, 0.794813
201607121210, 0.0137804
201607121220, 0.255751
201607121230, 0.0530599
201607121240, 0.00607639
201607121250, 0.0936415
201607121300, 0.00227865
201607121310, 0.0272352
201607121320, 0.00325521
201607121330, 0.0122613
201607121340, 0.00694444
201607121350, 0.0272352
201607121400, 0.160265
201607121410, 0.22526
201607121420, 0.316081
201607121430, 0.12066
201607121440, 0.139974
201607121450, 0.0596788
201607121500, 0.0465495
201607121510, 0.0490451
201607121520, 0.140082
201607121530, 0.0761719
201607121540, 0.0638021
201607121550, 0.0725911
201607121600, 0.046441
201607121610, 0.023112
201607121620, 0.0589193
201607121630, 0.0117188
201607121640, 0.0093316
201607121650, 0.0780165
201607121700, 0.00477431
201607121710, 0.0715061
201607121720, 0.0798611
201607121730, 0.00585938
201607121740, 0.0871311
201607121750, 0.00553385
201607121800, 0.0133464
201607121810, 0.0648872
201607121820, 0.0669488
201607121830, 0.0766059
201607121840, 0.0822483
201607121850, 0.10178
201607121900, 0.405816
201607121910, 0.237739
201607121920, 0.149957
201607121930, 0.105469
201607121940, 0.141385
201607121950, 0.150174
201607122000, 0.259657
201607122010, 0
201607122020, 0.214735
201607122030, 0.194878
201607122040, 0.39605
201607122050, 0.287326
201607122100, 0.26237
201607122110, 0.287109
201607122120, 0.336046
201607122130, 0.429253
201607122140, 0.36697
201607122150, 0.350803
201607122200, 0.366211
201607122210, 0.43533
201607122220, 0.552083
201607122230, 0
201607122240, 0.841471
201607122250, 1.18132
201607122300, 0.765734
201607122310, 0.807183
201607122320, 1.0625
201607122330, 0.701931
201607122340, 0.299805
201607122350, 0.725477
201607130000, 0.329427
201607130010, 0.577691
201607130020, 0.83431
201607130030, 1.3303
201607130040, 0.890191
201607130050, 1.3048
201607130100, 1.72862
201607130110, 1.83952
201607130120, 2.14247
201607130130, 1.9898
201607130140, 1.44097
201607130150, 1.74989
201607130200, 0
201607130210, 0.635959
201607130220, 0.648329
201607130230, 0.397678
201607130240, 0.466797
201607130250, 0.437174
201607130300, 0.836263
201607130310, 1.31662
201607130320, 1.74002
201607130330, 1.56228
201607130340, 2.04514
201607130350, 2.32715
201607130400, 2.59418
201607130410, 3.05588
201607130420, 2.98644
201607130430, 2.65169
201607130440, 2.66146
201607130450, 2.96289
201607130500, 2.9426
201607130510, 3.10211
201607130520, 2.66775
201607130530, 3.19824
201607130540, 2.83626
201607130550, 2.9617
201607130600, 2.50879
201607130610, 2.82986
201607130620, 2.73286
201607130630, 2.35145
201607130640, 2.44694
201607130650, 2.40343
201607130700, 2.34201
201607130710, 2.36664
201607130720, 2.12836
201607130730, 2.19976
201607130740, 1.67318
201607130800, 1.50857
201607130810, 1.69412
201607130820, 2.22635
201607130830, 1.82389
201607130840, 2.86643
201607130850, 1.77962
201607130900, 1.10905
201607130910, 1.15158
201607130920, 0.759874
201607130930, 0.516493
201607130940, 0.792643
201607130950, 0.407227
201607131000, 0.180122
201607131010, 0.125868
201607131020, 0.194987
201607131030, 0.425239
201607131040, 0.264648
201607131050, 0.546658
201607131100, 0.609701
201607131110, 0.227322
201607131120, 0.478299
201607131130, 0.320747
201607131140, 0.459527
201607131150, 0.62066
201607131200, 0.522461
201607131210, 0.503798
201607131220, 0.460829
201607131230, 0.380425
201607131240, 1.11155
201607131250, 0.981011
201607131300, 1.75553
201607131310, 2.34115
201607131320, 2.70649
201607131330, 2.48014
201607131340, 2.76248
201607131350, 2.08735
201607131400, 1.89117
201607131410, 2.30816
201607131420, 1.7653
201607131430, 2.37663
201607131440, 2.59755
201607131450, 2.7577
201607131500, 3.06738
201607131510, 2.9158
201607131520, 3.10753
201607131530, 2.99902
201607131540, 2.48687
201607131550, 0
201607131600, 1.47548
201607131610, 1.6951
201607131620, 1.46853
201607131630, 0.89822
201607131640, 0.791558
201607131650, 0.911567
201607131700, 0.56543
201607131710, 0.674262
201607131720, 0.688585
201607131730, 0.392795
201607131740, 0.00423177
201607131750, 0
201607131800, 0.288303
201607131810, 0
201607131820, 0.00640191
201607131830, 0.00683594
201607131840, 0.0272352
201607131850, 0.179036
201607131900, 0.987956
201607131910, 2.28288
201607131920, 0.358507
201607131930, 0.658637
201607131940, 0.710612
201607131950, 0.699327
201607132000, 1.01096
201607132010, 1.37099
201607132020, 1.33127
201607132030, 1.33995
201607132040, 1.80469
201607132050, 1.78602
201607132100, 1.85026
201607132110, 2.23579
201607132120, 0
201607132130, 1.84993
201607132140, 1.98296
201607132150, 2.07422
201607132200, 2.15592
201607132210, 1.4974
201607132220, 1.49588
201607132230, 1.24599
201607132240, 1.00586
201607132250, 0.944336
201607132300, 0.890299
201607132310, 0.776584
201607132320, 0.620877
201607132330, 0.822266
201607132340, 0.760742
201607132350, 0.271267
201607140000, 0.569661
201607140010, 0.22678
201607140020, 0.22309
201607140030, 0.131944
201607140040, 0.0225694
201607140050, 0.390842
201607140100, 0.432617
201607140110, 0.223524
201607140120, 0.238173
201607140130, 0.672092
201607140140, 0.769423
201607140150, 0.854167
201607140200, 0.919379
201607140210, 1.06803
201607140220, 1.20486
201607140230, 1.31076
201607140240, 1.33127
201607140250, 1.42578
201607140300, 1.23709
201607140310, 1.27029
201607140320, 1.37294
201607140330, 1.22287
201607140340, 1.28928
201607140350, 1.18522
201607140400, 1.12066
201607140410, 1.15549
201607140420, 0.859158
201607140430, 0.776259
201607140440, 0.00802951
201607140450, 0.0137804
201607140500, 0.0062934
201607140510, 0.0159505
201607140520, 0.315864
201607140530, 0.191732
201607140540, 0.14822
201607140550, 0.024197
201607140600, 0.0734592
201607140610, 0
201607140620, 0.0107422
201607140630, 0.0015191
201607140640, 0.00206163
201607140650, 0.00282118
201607140700, 0.000217014
201607140710, 0.0016276
201607140720, 0.00488281
201607140730, 0.00640191
201607140740, 0.00585938
201607140750, 0.0327691
201607140800, 0.206163
201607140810, 0.195421
201607140820, 0.604709
201607140830, 0.763889
201607140840, 1.08192
201607140850, 0.495768
201607140900, 0.155382
201607140910, 0.023763
201607140920, 0.14974
201607140930, 0.00368924
201607140940, 0.0300564
201607140950, 0.00705295
201607141000, 0.00444878
201607141010, 0.0303819
201607141020, 0.00802951
201607141030, 0.00531684
201607141040, 0.0176866
201607141050, 0.00531684
201607141100, 0.0094401
201607141110, 0.00987413
201607141120, 0.0078125
201607141130, 0.00911458
201607141140, 0.00813802
201607141150, 0.0161675
201607141200, 0.00379774
201607141210, 0.00325521
201607141220, 0.00249566
201607141230, 0.00455729
201607141240, 0.0207248
201607141250, 0.0340712
201607141300, 0
201607141310, 0.023546
201607141320, 0.142578
201607141330, 0.238607
201607141340, 0.472222
201607141350, 0.303819
201607141400, 0.41276
201607141410, 0.526042
201607141420, 0.850586
201607141430, 0.861545
201607141440, 1.16048
201607141450, 1.03288
201607141500, 1.06272
201607141510, 0.931098
201607141520, 0.597005
201607141530, 0.288411
201607141540, 0.123589
201607141550, 0.21875
201607141600, 0.13878
201607141610, 0.26964
201607141620, 0.0412326
201607141630, 0.0883247
201607141640, 0.114041
201607141650, 0.349175
201607141700, 0.328776
201607141720, 0.358832
201607141730, 0.47385
201607141740, 0.343424
201607141750, 0.265625
201607141800, 0.288954
201607141820, 0.313368
201607141830, 0.303168
201607141840, 0.392578
201607141850, 0.462999
201607141900, 0.36773
201607141910, 0.317491
201607141920, 0.0430773
201607141930, 0.201389
201607141940, 0.0611979
201607141950, 0.0122613
201607142000, 0.015625
201607142010, 0.0188802
201607142020, 0.0104167
201607142030, 0.0211589
201607142040, 0.0157335
201607142050, 0.0101997
201607142100, 0.00434028
201607142110, 0.0196398
201607142120, 0.0711806
201607142130, 0.341471
201607142140, 0.39247
201607142150, 0.641059
201607142200, 0.60319
201607142210, 0
201607142220, 0.197808
201607142230, 0.0368924
201607142240, 0.00423177
201607142250, 0.00336372
201607142300, 0.375
201607142310, 0.164822
201607142320, 0.000217014
201607142330, 0.111762
201607142340, 0.332574
201607142350, 0.78201
201607150000, 1.17242
201607150010, 0.885959
201607150020, 0.57628
201607150030, 0.471571
201607150040, 0.258138
201607150050, 1.22125
201607150100, 1.28874
201607150110, 2.21246
201607150120, 2.09473
201607150130, 2.72862
201607150140, 2.67882
201607150150, 2.81
201607150200, 3.70464
201607150210, 3.9923
201607150220, 3.51508
201607150230, 3.01671
201607150240, 2.9426
201607150250, 2.45942
201607150300, 2.68012
201607150310, 2.06163
201607150320, 1.04069
201607150330, 0.861979
201607150340, 1.12956
201607150350, 0.972656
201607150400, 1.10579
201607150410, 0.759332
201607150420, 0.596788
201607150430, 0.491319
201607150440, 0.0277778
201607150450, 0.00824653
201607150500, 0.110894
201607150510, 0.255968
201607150520, 0.431315
201607150530, 0.375109
201607150540, 0.360026
201607150550, 0.317166
201607150600, 0.235026
201607150610, 0.0424262
201607150620, 0.0223524
201607150630, 0.0955946
201607150640, 0.0112847
201607150650, 0.0526259
201607150700, 0.0113932
201607150710, 0.00748698
201607150720, 0.0101997
201607150730, 0.030816
201607150740, 0.00488281
201607150750, 0.0133464
201607150800, 0.0189887
201607150810, 0.00206163
201607150820, 0.691949
201607150830, 2.05295
201607150840, 1.65951
201607150850, 0.621311
201607150900, 0.00553385
201607150910, 0
201607150920, 0.00455729
201607150930, 0.00423177
201607150940, 0.00325521
201607150950, 0.293403
201607151000, 0.463976
201607151010, 0.161133
201607151020, 0.181641
201607151030, 0.0617405
201607151040, 0.000108507
201607151050, 0.0988498
201607151100, 0.00368924
201607151110, 0.00455729
201607151120, 0.0078125
201607151130, 0.0406901
201607151140, 0.00607639
201607151150, 0.00922309
201607151200, 0.0130208
201607151210, 0.00835503
201607151220, 0
201607151230, 0.00737847
201607151240, 0.0147569
201607151250, 0.0117188
201607151300, 0.00520833
201607151310, 0.0311415
201607151320, 0.00813802
201607151330, 0.000434028
201607151340, 0.00401476
201607151350, 0.136068
201607151400, 0.00792101
201607151410, 0.00282118
201607151420, 0.0212674
201607151430, 0.0668403
201607151440, 0
201607151450, 0.00282118
201607151500, 0.0225694
201607151510, 0.00401476
201607151520, 0.212348
201607151530, 0.093316
201607151540, 0.00358073
201607151550, 0.0105252
201607151600, 0
201607151610, 0.00368924
201607151620, 0.0273438
201607151630, 0.0208333
201607151640, 0.0187717
201607151650, 0.000542535
201607151700, 0.0189887
201607151710, 0.000325521
201607151720, 0.0264757
201607151730, 0.0252821
201607151740, 0.0276693
201607151750, 0.00651042
201607151800, 0.00900608
201607151810, 0.00857205
201607151820, 0.00423177
201607151830, 0.0176866
201607151840, 0.023112
201607151850, 0.0107422
201607151900, 0.0132378
201607151910, 0.0139974
201607151920, 0.023763
201607151930, 0.00748698
201607151940, 0.00759549
201607151950, 0.0116102
201607152000, 0.00889757
201607152010, 0.145182
201607152020, 0.00282118
201607152030, 0.0899523
201607152040, 0.202691
201607152050, 0.134332
201607152100, 0.0680339
201607152110, 0.0532769
201607152120, 0.0196398
201607152130, 0.0138889
201607152140, 0.0217014
201607152150, 0.0244141
201607152200, 0.0290799
201607152210, 0.284505
201607152220, 0.480903
201607152230, 0.61697
201607152240, 0.48253
201607152250, 0.457899
201607152300, 0.772352
201607152310, 0.87066
201607152320, 1.05382
201607152330, 1.35048
201607152340, 1.72537
201607152350, 2.72114
201607160000, 0
201607160010, 3.44672
201607160020, 3.50336
201607160030, 4.13379
201607160040, 4.7742
201607160050, 5.37869
201607160100, 5.0077
201607160110, 4.29861
201607160120, 3.75434
201607160130, 4.3253
201607160140, 4.00825
201607160150, 0
201607160200, 4.33887
201607160210, 3.30697
201607160220, 3.50998
201607160230, 3.31044
201607160240, 3.24816
201607160250, 3.11404
201607160300, 2.99989
201607160310, 2.24349
201607160320, 2.83485
201607160330, 0
201607160340, 2.79991
201607160350, 2.53939
201607160400, 2.14442
201607160410, 2.29275
201607160420, 0
201607160430, 2.18533
201607160440, 2.07747
201607160450, 1.94314
201607160500, 2.02615
201607160510, 2.0166
201607160520, 1.82704
201607160530, 1.43609
201607160540, 1.48069
201607160550, 1.20779
201607160600, 1.10775
201607160610, 0.941298
201607160620, 0.834201
201607160630, 0.536675
201607160640, 0.536784
201607160650, 0.501085
201607160700, 0.390516
201607160710, 0.525499
201607160720, 0.148329
201607160730, 0.433811
201607160740, 0.27908
201607160750, 0.351888
201607160800, 0.59592
201607160810, 0.81977
201607160820, 0.753255
201607160830, 0.0830078
201607160840, 0.623915
201607160850, 0.246094
201607160900, 0.270291
201607160910, 0.287652
201607160920, 0.225694
201607160930, 0.188043
201607160940, 0.266276
201607160950, 0.0987413
201607161000, 0.115451
201607161010, 0.039388
201607161020, 0.000325521
201607161030, 0.0015191
201607161040, 0.00672743
201607161050, 0.0135634
201607161100, 0.288954
201607161110, 0.150716
201607161120, 0.0995009
201607161130, 0
201607161140, 0.00347222
201607161150, 0.000325521
201607161200, 0.0283203
201607161210, 0.0460069
201607161220, 0.0252821
201607161230, 0.0403646
201607161240, 0.0031467
201607161250, 0.0250651
201607161300, 0.0299479
201607161310, 0.0568576
201607161320, 0.0415582
201607161330, 0.0556641
201607161340, 0.0649957
201607161350, 0.0709635
201607161400, 0.0248481
201607161410, 0.0654297
201607161420, 0.0341797
201607161430, 0
201607161440, 0.0423177
201607161450, 0.0324436
201607161500, 0.0174696
201607161510, 0.00846354
201607161520, 0.00271267
201607161530, 0.0376519
201607161540, 0.00770399
201607161550, 0.00748698
201607161600, 0.0176866
201607161610, 0.031684
201607161620, 0.182726
201607161630, 0.327148
201607161640, 0.0429688
201607161650, 0.0960286
201607161700, 0.0566406
201607161710, 0.0919054
201607161720, 0.0206163
201607161730, 0.00987413
201607161740, 0.0506727
201607161750, 0.00358073
201607161800, 0.00965712
201607161810, 0.0225694
201607161820, 0.0219184
201607161830, 0
201607161840, 0.022895
201607161850, 0.0223524
201607161900, 0
201607161910, 0.0200738
201607161920, 0.0179036
201607161930, 0
201607161940, 0.104601
201607161950, 0.0585938
201607162000, 0.0223524
201607162010, 0.11697
201607162020, 0.0161675
201607162030, 0.023763
201607162040, 0.108181
201607162050, 0.0728082
201607162100, 0.0445964
201607162110, 0.0942925
201607162120, 0.14247
201607162130, 0.163411
201607162140, 0.113173
201607162150, 0.14605
201607162200, 0.151476
201607162210, 0.189236
201607162220, 0.385634
201607162230, 0.166124
201607162240, 0.293294
201607162250, 0.563368
201607162300, 0.980794
201607162310, 0.847222
201607162320, 0
201607162330, 1.46365
201607162340, 2.47201
201607162350, 2.96094
201607170000, 3.04861
201607170010, 3.44933
201607170020, 2.22493
201607170030, 2.09494
201607170040, 2.56141
201607170050, 2.99989
201607170100, 2.71235
201607170110, 2.44553
201607170120, 2.51194
201607170130, 2.44021
201607170140, 2.23145
201607170150, 1.80046
201607170200, 1.57248
201607170210, 1.54525
201607170220, 1.30512
201607170230, 1.486
201607170240, 1.84505
201607170250, 2.33637
201607170300, 1.75022
201607170310, 1.62489
201607170320, 1.889
201607170330, 2.2181
201607170340, 2.1429
201607170350, 2.27507
201607170400, 2.25369
201607170410, 2.15082
201607170420, 2.15126
201607170430, 1.27018
201607170440, 0.440755
201607170450, 0
201607170500, 0.00195312
201607170510, 0.0119358
201607170520, 0.166124
201607170530, 0.160048
201607170540, 0.00173611
201607170550, 0.00987413
201607170600, 0.00336372
201607170610, 0.240668
201607170620, 0.184136
201607170630, 0.37793
201607170640, 0.246094
201607170650, 0.446289
201607170700, 0.315972
201607170710, 0.000108507
201607170720, 0.254232
201607170730, 0.0139974
201607170740, 0.0146484
201607170750, 0.0170356
201607170800, 0.0046658
201607170810, 0.000434028
201607170820, 0.00217014
201607170830, 0.0078125
201607170840, 0.0258247
201607170850, 0.205729
201607170900, 0.0882161
201607170910, 0.00271267
201607170920, 0.16135
201607170930, 0.0109592
201607170940, 0.0388455
201607170950, 0.0403646
201607171000, 0.152344
201607171010, 0.277886
201607171020, 0.121419
201607171030, 0.0479601
201607171040, 0.0616319
201607171050, 0.0078125
201607171100, 0.0195312
201607171110, 0.0326606
201607171120, 0.322157
201607171130, 0.452148
201607171140, 0.178385
201607171150, 0.825521
201607171200, 1.5778
201607171210, 2.34603
201607171220, 2.51291
201607171230, 1.61914
201607171240, 2.15951
201607171250, 2.57183
201607171300, 2.6582
201607171310, 2.34429
201607171320, 2.58735
201607171330, 1.72016
201607171340, 0.803711
201607171350, 0.728733
201607171400, 0.636936
201607171410, 0.581923
201607171420, 0.661458
201607171430, 0.632378
201607171440, 0.884006
201607171450, 1.37511
201607171500, 1.4401
201607171510, 1.31066
201607171520, 1.49685
201607171530, 1.21246
201607171540, 1.38086
201607171550, 1.11936
201607171600, 1.24208
201607171610, 1.07172
201607171620, 1.08995
201607171630, 1.17708
201607171640, 1.27658
201607171650, 1.17014
201607171700, 1.4681
201607171710, 1.27648
201607171720, 1.61013
201607171730, 1.41938
201607171740, 0.910156
201607171750, 0
201607171800, 0.838108
201607171810, 1.14811
201607171820, 1.46474
201607171830, 0.814562
201607171840, 0.800673
201607171850, 1.02127
201607171900, 0.620877
201607171910, 1.12088
201607171920, 0.750326
201607171930, 1.72135
201607171940, 1.54557
201607171950, 1.54731
201607172000, 1.55295
201607172010, 1.73611
201607172020, 1.39106
201607172030, 1.45714
201607172040, 1.19444
201607172050, 1.24696
201607172100, 1.38987
201607172110, 0.96148
201607172120, 1.13921
201607172130, 1.44466
201607172140, 1.29286
201607172150, 1.61274
201607172200, 2.15961
201607172210, 2.29959
201607172220, 2.69596
201607172230, 2.7959
201607172240, 3.43761
201607172250, 3.76845
201607172300, 4.13965
201607172310, 3.66406
201607172320, 4.10449
201607172330, 4.01128
201607172340, 4.25532
201607172350, 4.60178
201607180000, 4.90354
201607180010, 4.89876
201607180020, 4.96593
201607180030, 5.11643
201607180040, 5.64475
201607180050, 5.81619
201607180100, 5.58691
201607180110, 5.67904
201607180120, 5.93696
201607180130, 5.9452
201607180140, 5.58398
201607180150, 5.93652
201607180200, 6.25119
201607180210, 6.57661
201607180220, 6.3674
201607180230, 6.37977
201607180240, 6.32357
201607180250, 6.44151
201607180300, 6.92567
201607180310, 6.40506
201607180320, 6.21853
201607180330, 5.90007
201607180340, 6.09104
201607180350, 6.14138
201607180400, 6.12055
201607180410, 6.11328
201607180420, 5.79937
201607180430, 5.16092
201607180440, 5.84342
201607180450, 4.63509
201607180500, 4.24523
201607180510, 5.09125
201607180520, 3.6786
201607180530, 3.82639
201607180540, 3.27441
201607180550, 3.40516
201607180600, 2.67415
201607180610, 2.33464
201607180620, 2.26855
201607180630, 2.02138
201607180640, 1.19607
201607180650, 1.69412
201607180700, 1.35883
201607180710, 1.05469
201607180720, 1.13401
201607180730, 1.58876
201607180740, 1.31315
201607180750, 1.14724
201607180800, 1.00608
201607180810, 0.935113
201607180820, 0.908203
201607180830, 0.859267
201607180840, 0.312609
201607180850, 0.276801
201607180900, 0.172092
201607180910, 0.1824
201607180920, 0.14898
201607180930, 0.0976562
201607180940, 0.0872396
201607180950, 0.0713976
201607181000, 0.0182292
201607181010, 0.0274523
201607181020, 0.0192057
201607181030, 0.00379774
201607181040, 0.110352
201607181050, 0.129123
201607181100, 0.0754123
201607181110, 0.05523
201607181120, 0.106771
201607181140, 0.126953
201607181150, 0.126411
201607181200, 0.0132378
201607181210, 0.101454
201607181220, 0.0796441
201607181230, 0.29579
201607181240, 0.151367
201607181250, 0.112196
201607181300, 0.0593533
201607181310, 0.0891927
201607181320, 0.0915799
201607181330, 0.00238715
201607181340, 0.0653212
201607181350, 0
201607181400, 0.00282118
201607181410, 0.00694444
201607181420, 0.0232205
201607181430, 0.00889757
201607181440, 0.031033
201607181450, 0.131076
201607181500, 0.0800781
201607181510, 0
201607181520, 0.501628
201607181530, 0.22678
201607181540, 0.0157335
201607181550, 0.230143
201607181600, 0.000108507
201607181610, 0.208876
201607181620, 0.286133
201607181630, 0.375868
201607181640, 0.28559
201607181650, 0.46799
201607181700, 0.676324
201607181710, 0.953234
201607181720, 1.04503
201607181730, 1.52897
201607181740, 1.83876
201607181750, 2.30078
201607181800, 2.23047
201607181810, 1.30545
201607181820, 1.71094
201607181830, 1.16222
201607181840, 1.2232
201607181850, 0.757595
201607181900, 0.788629
201607181910, 0.945964
201607181920, 1.43913
201607181930, 1.0446
201607181940, 1.35471
201607181950, 1.82129
201607182000, 0.920356
201607182010, 0.406793
201607182020, 0.125
201607182030, 0.582682
201607182040, 0.165907
201607182050, 0.101345
201607182100, 0.683811
201607182110, 0.338867
201607182120, 0
201607182130, 0.0409071
201607182140, 0.0415582
201607182150, 0.181315
201607182200, 0.151042
201607182210, 0.333659
201607182220, 0.268663
201607182230, 0.734592
201607182240, 0.609266
201607182250, 0.641927
201607182300, 1.00727
201607182310, 1.07715
201607182320, 1.26161
201607182330, 1.35872
201607182340, 1.51487
201607182350, 1.83019
201607190000, 1.11849
201607190010, 0.478082
201607190020, 0.495226
201607190030, 0.450629
201607190040, 1.35352
201607190050, 1.62337
201607190100, 1.00141
201607190110, 1.33767
201607190120, 1.29644
201607190130, 1.25749
201607190140, 0.657986
201607190150, 2.04557
201607190200, 2.75391
201607190210, 2.41797
201607190220, 3.38086
201607190230, 3.06771
201607190240, 3.65365
201607190250, 3.18869
201607190300, 3.64301
201607190310, 3.44444
201607190320, 2.96039
201607190330, 0
201607190340, 1.55317
201607190350, 1.01704
201607190400, 0.544379
201607190410, 0.0556641
201607190420, 0.407444
201607190430, 0.23546
201607190440, 0.40842
201607190450, 0.263129
201607190500, 0.291992
201607190510, 0.244792
201607190520, 0.21365
201607190530, 0.340712
201607190540, 0.34158
201607190550, 0.0662977
201607190600, 0.0328776
201607190610, 0.0270182
201607190620, 0.00195312
201607190630, 0.000217014
201607190640, 0.0872396
201607190650, 0.0345052
201607190700, 0.0857205
201607190710, 0.2551
201607190720, 0.00325521
201607190730, 0.0323351
201607190740, 0.0424262
201607190750, 0.024197
201607190800, 0.0528429
201607190810, 0.0370009
201607190820, 0.0334201
201607190830, 0.047526
201607190840, 0.0189887
201607190850, 0.000651042
201607190900, 0.000542535
201607190910, 0.0222439
201607190920, 0.0200738
201607190930, 0.0274523
201607190940, 0.022895
201607190950, 0
201607191000, 0.0109592
201607191010, 0.0359158
201607191020, 0.000976562
201607191030, 0.00716146
201607191040, 0.0174696
201607191050, 0.119792
201607191100, 0.0558811
201607191110, 0.11697
201607191120, 0.141168
201607191130, 0.0732422
201607191140, 0.0431858
201607191150, 0.0164931
201607191200, 0.0493707
201607191210, 0.0515408
201607191220, 0.00792101
201607191230, 0.0463325
201607191240, 0.0751953
201607191250, 0.0664062
201607191300, 0.00585938
201607191310, 0.000759549
201607191320, 0.00575087
201607191330, 0.0411241
201607191340, 0.023763
201607191350, 0.0283203
201607191400, 0.0419922
201607191410, 0.0259332
201607191420, 0.0139974
201607191430, 0.0093316
201607191440, 0.00748698
201607191450, 0.0322266
201607191500, 0.0411241
201607191510, 0.0399306
201607191520, 0.0358073
201607191530, 0.00726997
201607191540, 0.0405816
201607191550, 0.149848
201607191600, 0.00271267
201607191610, 0.115343
201607191620, 0.0934245
201607191630, 0.0321181
201607191640, 0.111328
201607191650, 0.0634766
201607191700, 0.139431
201607191710, 0.0313585
201607191720, 0.162977
201607191730, 0.102865
201607191740, 0.141059
201607191750, 0.105035
201607191800, 0.0961372
201607191810, 0.178711
201607191820, 0.0209418
201607191830, 0.0240885
201607191840, 0.0188802
201607191850, 0.0297309
201607191900, 0.0346137
201607191910, 0.000759549
201607191920, 0.000542535
201607191930, 0.00336372
201607191940, 0.0145399
201607191950, 0.110243
201607192000, 0.0145399
201607192010, 0.00130208
201607192020, 0.0984158
201607192030, 0.165148
201607192040, 0.00303819
201607192050, 0.0188802
201607192100, 0.070855
201607192110, 0.0270182
201607192120, 0.0416667
201607192130, 0.119466
201607192140, 0.0893012
201607192150, 0.508464
201607192200, 0.220269
201607192210, 0.654405
201607192220, 0.046441
201607192230, 0.302517
201607192240, 0.52181
201607192250, 0.618381
201607192300, 0.375868
201607192310, 1.22852
201607192320, 0.586806
201607192330, 0.464627
201607192340, 0.0690104
201607192350, 0.304362
201607200000, 0.504991
201607200010, 0.666775
201607200020, 0.40115
201607200030, 0.159722
201607200040, 0.297635
201607200050, 0.151693
201607200100, 0
201607200110, 0.0924479
201607200120, 0.0903863
201607200130, 0.0159505
201607200140, 0.412977
201607200150, 0.347331
201607200200, 0.268229
201607200210, 0.271701
201607200220, 0.411892
201607200230, 0.315321
201607200240, 0.266927
201607200250, 0.0498047
201607200300, 0.0266927
201607200310, 0.0713976
201607200320, 0.0203993
201607200330, 0.00813802
201607200340, 0.0227865
201607200350, 0.169379
201607200400, 0.0514323
201607200410, 0.0101997
201607200420, 0.00499132
201607200430, 0.177192
201607200440, 0
201607200450, 0
201607200500, 0.00141059
201607200510, 0.0194227
201607200520, 0.00835503
201607200530, 0
201607200540, 0.220052
201607200550, 0.0907118
201607200600, 0.893772
201607200610, 0.0338542
201607200620, 0.0397135
201607200630, 0.227105
201607200640, 0.177192
201607200650, 0.267795
201607200700, 0.157118
201607200710, 1.00738
201607200720, 1.57606
201607200730, 1.16927
201607200740, 0.948459
201607200750, 0.832899
201607200800, 0.867188
201607200810, 0.704319
201607200820, 0.709635
201607200830, 0.525499
201607200840, 0.836155
201607200850, 0.857964
201607200900, 0.991102
201607200910, 0.43023
201607200920, 0.843207
201607200930, 0.638563
201607200940, 0.849392
201607200950, 1.19672
201607201000, 1.40495
201607201010, 1.01432
201607201020, 1.11079
201607201030, 0.687717
201607201040, 0.562717
201607201050, 0.32411
201607201100, 0.364909
201607201110, 0.74783
201607201120, 1.22135
201607201130, 1.10688
201607201140, 1.05295
201607201150, 1.14052
201607201200, 0.807617
201607201210, 0.981662
201607201220, 0.693576
201607201230, 0.185113
201607201240, 0.902452
201607201250, 0.64388
201607201300, 0.662001
201607201310, 0.528103
201607201320, 0.015191
201607201330, 0.0118273
201607201340, 0.0016276
201607201350, 0.00889757
201607201400, 0
201607201410, 0
201607201420, 0.00271267
201607201430, 0
201607201440, 0.00119358
201607201450, 0.0426432
201607201500, 0
201607201510, 0.0726997
201607201520, 0.0062934
201607201530, 0.0350477
201607201540, 0.000434028
201607201550, 0
201607201600, 0.0194227
201607201610, 0.0015191
201607201620, 0.00238715
201607201630, 0.00651042
201607201640, 0.00108507
201607201650, 0.00488281
201607201700, 0.0016276
201607201710, 0.00976562
201607201720, 0.00564236
201607201730, 0.00922309
201607201740, 0.0104167
201607201750, 0.00477431
201607201800, 0.00542535
201607201810, 0.0113932
201607201820, 0.0111762
201607201830, 0.0159505
201607201840, 0.023546
201607201850, 0.0126953
201607201900, 0.0338542
201607201910, 0.0594618
201607201920, 0.0133464
201607201930, 0.0604384
201607201940, 0.0297309
201607201950, 0.0440538
201607202000, 0.0579427
201607202010, 0.0722656
201607202020, 0.00683594
201607202030, 0.0163845
201607202040, 0
201607202050, 0.116753
201607202100, 0.216797
201607202110, 0.219076
201607202120, 0.106879
201607202130, 0.0844184
201607202140, 0.29069
201607202150, 0.296007
201607202200, 0.292969
201607202210, 0.908637
201607202220, 1.02463
201607202230, 1.29568
201607202240, 1.63531
201607202250, 2.13954
201607202300, 3.06076
201607202310, 3.98383
201607202320, 4.99555
201607202330, 5.9923
201607202340, 6.44314
201607202350, 7.06044
201607210000, 7.55013
201607210010, 8.02029
201607210020, 8.87825
201607210030, 9.86567
201607210040, 10.8311
201607210050, 11.3852
201607210100, 12.1659
201607210110, 12.846
201607210120, 13.5928
201607210130, 14.5451
201607210140, 14.7202
201607210150, 14.7228
201607210200, 14.7141
201607210210, 14.9156
201607210220, 14.9424
201607210230, 14.2497
201607210240, 13.7848
201607210250, 13.2256
201607210300, 12.8622
201607210310, 11.8699
201607210320, 10.8359
201607210330, 10.8151
201607210340, 10.5472
201607210350, 10.5677
201607210400, 10.5579
201607210410, 10.5173
201607210420, 10.3751
201607210430, 9.9388
201607210440, 9.63878
201607210450, 9.27094
201607210500, 9.20443
201607210510, 9.01638
201607210520, 8.63346
201607210530, 7.69651
201607210540, 6.14204
201607210550, 5.52365
201607210600, 4.93349
201607210610, 4.67253
201607210620, 4.19803
201607210630, 3.68587
201607210640, 3.09614
201607210650, 2.61372
201607210700, 2.56196
201607210710, 2.49794
201607210720, 2.14095
201607210730, 2.08279
201607210740, 1.87858
201607210750, 2.16341
201607210800, 1.94542
201607210810, 1.7411
201607210820, 1.66428
201607210830, 2.2283
201607210840, 2.20985
201607210850, 0
201607210900, 1.08594
201607210910, 0.81174
201607210920, 0.464301
201607210930, 0.443034
201607210940, 0.0392795
201607210950, 0.0846354
201607211000, 0.0589193
201607211010, 0.0457899
201607211020, 0.00585938
201607211030, 0.00130208
201607211040, 0.000542535
201607211050, 0.000217014
201607211100, 0
201607211110, 0
201607211120, 0
201607211130, 0.00347222
201607211140, 0.0240885
201607211150, 0
201607211200, 0.00206163
201607211210, 0
201607211220, 0.107856
201607211230, 0.159505
201607211240, 0.258681
201607211250, 0.0837674
201607211300, 0.133681
201607211310, 0.0296224
201607211320, 0.0164931
201607211330, 0
201607211340, 0.173611
201607211350, 0.015842
201607211400, 0.0207248
201607211410, 0.093316
201607211420, 0.00792101
201607211430, 0.0505642
201607211440, 0.0179036
201607211450, 0.0338542
201607211500, 0.0355903
201607211510, 0.0248481
201607211520, 0.0291884
201607211530, 0.0133464
201607211540, 0.00553385
201607211550, 0.0130208
201607211600, 0.362196
201607211610, 0.0377604
201607211620, 0.00368924
201607211630, 0.00434028
201607211640, 0.127496
201607211650, 0.00661892
201607211700, 0.0360243
201607211710, 0.00292969
201607211720, 0.00119358
201607211730, 0.00846354
201607211740, 0.0354818
201607211750, 0
201607211800, 0
201607211810, 0.00575087
201607211820, 0.00705295
201607211830, 0.0300564
201607211840, 0.112413
201607211850, 0.125217
201607211900, 0.0253906
201607211910, 0.00423177
201607211920, 0.00640191
201607211930, 0.0115017
201607211940, 0.0533854
201607211950, 0.0339627
201607212000, 0.0728082
201607212010, 0.0505642
201607212020, 0.409831
201607212030, 0.8852
201607212040, 0.907769
201607212050, 0.79579
201607212100, 0.834093
201607212110, 1.04015
201607212120, 1.39323
201607212130, 1.79373
201607212140, 1.79362
201607212150, 1.93327
201607212200, 2.13043
201607212210, 2.38921
201607212220, 2.57693
201607212230, 2.72342
201607212240, 2.70757
201607212250, 3.01562
201607212300, 3.11708
201607212310, 3.27431
201607212320, 3.32422
201607212330, 3.37012
201607212340, 3.41211
201607212350, 3.50608
201607220000, 3.43783
201607220010, 3.40875
201607220020, 3.48155
201607220030, 3.6735
201607220040, 4.60319
201607220050, 5.42068
201607220100, 6.37815
201607220110, 7.4553
201607220120, 8.26747
201607220130, 8.79763
201607220140, 9.20389
201607220150, 9.01888
201607220200, 9.36426
201607220210, 9.33333
201607220220, 9.56673
201607220230, 9.25488
201607220240, 8.9184
201607220250, 8.23079
201607220300, 8.0332
201607220310, 7.21408
201607220320, 6.86165
201607220330, 6.03017
201607220340, 5.5918
201607220350, 4.83919
201607220400, 3.84549
201607220410, 3.58887
201607220420, 2.84603
201607220430, 2.59429
201607220440, 2.12359
201607220450, 2.42101
201607220500, 2.35796
201607220510, 1.45356
201607220520, 1.05707
201607220530, 1.28472
201607220540, 0.88303
201607220550, 0.834744
201607220600, 0.42589
201607220610, 0
201607220620, 0.000542535
201607220630, 0.173828
201607220640, 0.00206163
201607220650, 0.31684
201607220700, 0.215278
201607220710, 0.0133464
201607220720, 0.000542535
201607220730, 0.000217014
201607220740, 0
201607220750, 0
201607220800, 0.336914
201607220810, 0.0808377
201607220820, 0.247396
201607220830, 0.457248
201607220840, 1.24881
201607220850, 1.34125
201607220900, 0
201607220910, 0.470595
201607220920, 0
201607220930, 0
201607220940, 0
201607220950, 0
201607221000, 0.0844184
201607221010, 0.176107
201607221020, 0.494575
201607221030, 0.550998
201607221040, 0.569336
201607221050, 1.56706
201607221100, 0.778971
201607221110, 0.342014
201607221120, 0.458116
201607221130, 0.408637
201607221140, 0.556966
201607221150, 0.396484
201607221200, 1.29286
201607221210, 1.02724
201607221220, 1.91699
201607221230, 1.17578
201607221240, 0.716471
201607221250, 1.51769
201607221300, 2.03309
201607221310, 2.48589
201607221320, 2.36545
201607221330, 1.45193
201607221340, 1.5319
201607221350, 1.16276
201607221400, 0.849718
201607221410, 0.649197
201607221420, 0.207357
201607221430, 0.338108
201607221440, 0.229492
201607221450, 0.101237
201607221500, 0.158963
201607221510, 0.133681
201607221520, 0.296332
201607221530, 0.264431
201607221540, 0.291775
201607221550, 0.0719401
201607221600, 0.10026
201607221610, 0.0606554
201607221620, 0.121528
201607221630, 0.233832
201607221640, 0.214518
201607221650, 0.107639
201607221700, 0.0130208
201607221710, 0.0927734
201607221720, 0.0338542
201607221730, 0.337565
201607221740, 0.0767144
201607221750, 0.150499
201607221800, 0.0533854
201607221810, 0.00499132
201607221820, 0.00878906
201607221830, 0.00585938
201607221840, 0.0046658
201607221850, 0.0337457
201607221900, 0.0934245
201607221910, 0.0465495
201607221920, 0.054362
201607221930, 0.0093316
201607221940, 0.00813802
201607221950, 0.00726997
201607222000, 0.0152995
201607222010, 0.117622
201607222020, 0.0139974
201607222030, 0.000759549
201607222040, 0.00531684
201607222050, 0.0121528
201607222100, 0.00292969
201607222110, 0.00444878
201607222120, 0.0120443
201607222130, 0.0061849
201607222140, 0.00130208
201607222150, 0.0630425
201607222200, 0.00737847
201607222210, 0.110894
201607222220, 0.45855
201607222230, 0.625217
201607222240, 0.524957
201607222250, 0.980469
201607222300, 1.13867
201607222310, 1.34429
201607222320, 1.73069
201607222330, 1.76421
201607222340, 2.42329
201607222350, 3.25835
201607230000, 3.38542
201607230010, 3.4566
201607230020, 4.61534
201607230030, 5.37587
201607230040, 7.12728
201607230050, 9.53114
201607230100, 11.3723
201607230110, 13.0342
201607230120, 13.5421
201607230130, 15.2466
201607230140, 16.6549
201607230150, 16.6704
201607230200, 15.4778
201607230210, 14.6656
201607230220, 14.3791
201607230230, 13.9625
201607230240, 14.1643
201607230250, 14.6882
201607230300, 15.545
201607230310, 16.062
201607230320, 16.628
201607230330, 16.6912
201607230340, 17.203
201607230350, 16.0204
201607230400, 16.1058
201607230410, 17.8585
201607230420, 17.9763
201607230430, 17.7427
201607230440, 18.576
201607230450, 17.5216
201607230500, 16.5808
201607230510, 14.9935
201607230520, 14.4269
201607230530, 12.9242
201607230540, 12.5023
201607230550, 12.0102
201607230600, 11.3112
201607230610, 11.3172
201607230620, 10.4044
201607230630, 10.5114
201607230640, 9.23101
201607230650, 8.19325
201607230700, 7.76801
201607230710, 7.19911
201607230720, 6.69922
201607230730, 0
201607230740, 5.50184
201607230750, 4.88553
201607230800, 5.05317
201607230810, 4.55675
201607230820, 4.662
201607230830, 4.87392
201607230840, 4.71343
201607230850, 2.59212
201607230900, 1.15224
201607230910, 0.831272
201607230920, 0.266927
201607230930, 0.093099
201607230950, 0.0434028
201607231000, 0.0458984
201607231010, 0.0423177
201607231020, 0.0751953
201607231030, 0.0544705
201607231040, 0.085829
201607231050, 0.0287543
201607231100, 0.0219184
201607231110, 0.0117188
201607231120, 0.0112847
201607231130, 0.00661892
201607231140, 0.000759549
201607231150, 0.0100911
201607231200, 0.0729167
201607231210, 0.0248481
201607231220, 0.00347222
201607231230, 0
201607231240, 0.00206163
201607231250, 0.000759549
201607231300, 0.00195312
201607231310, 0.00640191
201607231320, 0.00325521
201607231330, 0.0129123
201607231340, 0.000434028
201607231350, 0.00564236
201607231400, 0.015191
201607231410, 0.0321181
201607231420, 0.0729167
201607231430, 0.0467665
201607231440, 0.0399306
201607231450, 0.286567
201607231500, 0.0591363
201607231510, 0.0438368
201607231520, 0.0747613
201607231530, 0.093533
201607231540, 0.0997179
201607231550, 0.023763
201607231600, 0.0061849
201607231610, 0.00227865
201607231620, 0.00260417
201607231630, 0.0111762
201607231640, 0
201607231650, 0.0078125
201607231700, 0
201607231710, 0
201607231720, 0
201607231730, 0.00206163
201607231740, 0
201607231750, 0
201607231800, 0
201607231810, 0.0078125
201607231820, 0
201607231830, 0.0101997
201607231840, 0
201607231850, 0
201607231900, 0.0031467
201607231910, 0.0078125
201607231920, 0.0146484
201607231930, 0.0770399
201607231940, 0.0372179
201607231950, 0.00542535
201607232000, 0.129557
201607232010, 0.0584852
201607232020, 0.237956
201607232030, 0.210938
201607232040, 0.434787
201607232050, 0.643772
201607232100, 0.775608
201607232110, 1.32856
201607232120, 1.50521
201607232130, 1.77224
201607232140, 2.05718
201607232150, 2.50868
201607232200, 2.63672
201607232210, 3.44054
201607232220, 4.3827
201607232230, 5.20226
201607232240, 6.01758
201607232250, 6.84017
201607232300, 7.5752
201607232310, 8.2768
201607232320, 9.10297
201607232330, 9.74566
201607232340, 10.7832
201607232350, 11.7937
201607240000, 12.5752
201607240010, 13.5826
201607240020, 14.4601
201607240030, 15.2147
201607240040, 16.3896
201607240050, 17.5594
201607240100, 18.4499
201607240110, 17.9942
201607240120, 18.4478
201607240130, 19.8526
201607240140, 20.2479
201607240150, 20.1814
201607240200, 20.3254
201607240210, 19.7753
201607240220, 19.38
201607240230, 19.4755
201607240240, 19.4026
201607240250, 18.9402
201607240300, 18.6105
201607240310, 19.0983
201607240320, 19.0011
201607240330, 18.5752
201607240340, 18.1694
201607240350, 17.7249
201607240400, 17.3631
201607240410, 17.1322
201607240420, 15.7881
201607240430, 14.2964
201607240440, 13.6433
201607240450, 13.6217
201607240500, 13.3585
201607240510, 13.0396
201607240520, 12.6889
201607240530, 12.1889
201607240540, 11.7246
201607240550, 11.6213
201607240600, 11.3087
201607240610, 11.2081
201607240620, 10.8434
201607240630, 10.7489
201607240640, 10.7643
201607240650, 10.4053
201607240700, 10.2437
201607240710, 10.1253
201607240720, 9.50836
201607240730, 8.68305
201607240740, 7.69336
201607240750, 6.52235
201607240800, 6.12706
201607240810, 6.00619
201607240820, 5.92524
201607240830, 5.51161
201607240840, 4.72407
201607240850, 3.6633
201607240900, 2.1046
201607240910, 1.47504
201607240920, 1.54742
201607240930, 1.36068
201607240940, 1.22038
201607240950, 1.06489
201607241000, 1.09701
201607241010, 1.07444
201607241020, 0.847331
201607241030, 0.812934
201607241040, 0.719076
201607241050, 0.867513
201607241100, 0.78635
201607241110, 0.713867
201607241120, 0.241428
201607241130, 0.446723
201607241140, 0.166884
201607241150, 0.292209
201607241200, 0.192274
201607241210, 0.210612
201607241220, 0.207031
201607241230, 0.264757
201607241240, 0.175022
201607241250, 0.141602
201607241300, 0.125326
201607241310, 0.106445
201607241320, 0.200629
201607241330, 0.0529514
201607241340, 0.0740017
201607241350, 0.350369
201607241400, 0.548611
201607241410, 0.182509
201607241420, 0.183051
201607241430, 0.0227865
201607241440, 0.0234375
201607241450, 0.00726997
201607241500, 0.0263672
201607241510, 0.0658637
201607241520, 0.0998264
201607241530, 0.0418837
201607241540, 0.114909
201607241550, 0.325087
201607241600, 0.104384
201607241610, 0.286458
201607241620, 0.116211
201607241630, 0.0913628
201607241640, 0.0911458
201607241650, 0.236762
201607241700, 0.0447049
201607241710, 0.0478516
201607241720, 0.0957031
201607241730, 0.0338542
201607241740, 0.142795
201607241750, 0.0885417
201607241800, 0.00130208
201607241810, 0.046658
201607241820, 0.125217
201607241830, 0.0519748
201607241840, 0.00998264
201607241850, 0.00726997
201607241900, 0.0249566
201607241910, 0.0656467
201607241920, 0.00499132
201607241930, 0.117622
201607241940, 0.246311
201607241950, 0.304253
201607242000, 0.302626
201607242010, 0.32704
201607242020, 0.645399
201607242030, 0.654297
201607242040, 0.732205
201607242050, 0.671658
201607242100, 0.598741
201607242110, 0.93533
201607242120, 1.0447
201607242130, 1.13466
201607242140, 1.41168
201607242150, 1.44141
201607242200, 1.7768
201607242210, 1.90278
201607242220, 2.15571
201607242230, 2.84006
201607242240, 3.10124
201607242250, 3.74154
201607242300, 4.48438
201607242310, 5.53429
201607242320, 6.14518
201607242330, 6.79612
201607242340, 7.70757
201607242350, 9.03733
201607250000, 9.27105
201607250010, 10.1073
201607250020, 10.9861
201607250030, 11.185
201607250040, 12.7267
201607250050, 13.8337
201607250100, 14.3336
201607250110, 14.9618
201607250120, 15.3701
201607250130, 16.1771
201607250140, 16.9045
201607250150, 17.3995
201607250200, 17.3771
201607250210, 17.4722
201607250220, 17.1316
201607250230, 16.6582
201607250240, 15.4906
201607250250, 15.0732
201607250300, 15.1181
201607250310, 15.2549
201607250320, 14.6196
201607250330, 14.2504
201607250340, 14.2231
201607250350, 14.0248
201607250400, 13.2083
201607250410, 13.08
201607250420, 12.908
201607250430, 13.0716
201607250440, 12.3842
201607250450, 12.9788
201607250500, 12.3174
201607250510, 12.3928
201607250520, 11.6252
201607250530, 10.5875
201607250540, 10.4651
201607250550, 10.4654
201607250600, 10.9466
201607250610, 11.2764
201607250620, 10.491
201607250630, 10.4755
201607250640, 10.8532
201607250650, 10.2378
201607250700, 9.72201
201607250710, 10.373
201607250720, 10.1216
201607250730, 9.73991
201607250740, 9.26866
201607250750, 9.40267
201607250800, 9.09798
201607250810, 9.28147
201607250820, 9.51172
201607250830, 9.3405
201607250840, 9.70106
201607250850, 9.75651
201607250900, 8.96039
201607250910, 8.47721
201607250920, 8.07986
201607250930, 6.94629
201607250940, 6.73296
201607250950, 6.67405
201607251000, 7.06131
201607251010, 6.94434
201607251020, 6.50911
201607251030, 5.9719
201607251040, 5.79286
201607251050, 5.57031
201607251100, 5.14779
201607251110, 5.16363
201607251120, 5.088
201607251130, 5.102
201607251140, 4.7679
201607251150, 4.7092
201607251200, 4.88563
201607251210, 4.53819
201607251220, 4.15972
201607251230, 4.95736
201607251240, 4.91949
201607251250, 4.32823
201607251300, 4.78895
201607251310, 6.17242
201607251320, 5.53407
201607251330, 6.39442
201607251340, 5.42849
201607251350, 5.514
201607251400, 6.82682
201607251410, 6.69358
201607251420, 6.11111
201607251430, 5.52116
201607251440, 5.73003
201607251450, 4.78895
201607251500, 6.17784
201607251510, 6.03331
201607251520, 6.05751
201607251530, 5.92882
201607251540, 6.01085
201607251550, 5.84505
201607251600, 6.02919
201607251610, 6.43934
201607251620, 6.17155
201607251630, 5.61567
201607251640, 5.78255
201607251650, 5.08691
201607251700, 4.76183
201607251710, 4.91493
201607251720, 4.45378
201607251730, 4.34494
201607251740, 4.26986
201607251750, 4.36382
201607251800, 4.36708
201607251810, 4.22765
201607251820, 4.23003
201607251830, 4.08691
201607251840, 0.000108507
201607251850, 3.4043
201607251900, 4.32053
201607251910, 4.55414
201607251920, 3.21788
201607251930, 3.93424
201607251940, 4.23937
201607251950, 3.64551
201607252000, 4.15766
201607252010, 4.18273
201607252020, 3.91341
201607252030, 4.74816
201607252040, 4.54145
201607252050, 4.78017
201607252100, 4.72472
201607252110, 4.82823
201607252120, 5.11871
201607252130, 5.87489
201607252140, 5.74967
201607252150, 7.1301
201607252200, 6.537
201607252210, 7.29796
201607252220, 7.9311
201607252230, 8.30436
201607252240, 8.61502
201607252250, 8.84657
201607252300, 10.0816
201607252310, 10.8048
201607252320, 11.1497
201607252330, 10.3615
201607252340, 8.45595
201607252350, 8.5625
201607260000, 8.3827
201607260010, 6.43913
201607260020, 5.60796
201607260030, 4.24577
201607260040, 4.78255
201607260050, 4.9553
201607260100, 3.90766
201607260110, 4.33116
201607260120, 4.97537
201607260130, 4.72092
201607260140, 3.98362
201607260150, 3.64323
201607260200, 3.16808
201607260210, 3.65972
201607260220, 4.49642
201607260230, 2.36209
201607260240, 2.10189
201607260250, 1.15245
201607260300, 1.54275
201607260310, 0.503472
201607260320, 0
201607260330, 0
201607260340, 0.195855
201607260350, 0
201607260400, 0
201607260410, 1.23589
201607260420, 1.39659
201607260430, 1.07617
201607260440, 0.00130208
201607260450, 0
201607260500, 0.445964
201607260510, 0.0523003
201607260520, 0.268663
201607260530, 0.600477
201607260540, 0.828125
201607260550, 0.73036
201607260600, 1.5178
201607260610, 1.92752
201607260620, 1.68652
201607260630, 2.15148
201607260640, 1.66536
201607260650, 1.79123
201607260700, 2.81923
201607260710, 2.76888
201607260720, 3.11664
201607260730, 1.66536
201607260740, 1.8635
201607260750, 2.06076
201607260800, 2.25716
201607260810, 1.97786
201607260820, 1.64811
201607260830, 1.04416
201607260840, 1.42285
201607260850, 2.20866
201607260900, 2.06771
201607260910, 1.59136
201607260920, 1.28353
201607260930, 1.42719
201607260940, 1.8839
201607260950, 1.50586
201607261000, 1.24512
201607261010, 2.31793
201607261020, 2.48448
201607261030, 2.99154
201607261040, 3.62435
201607261050, 3.42817
201607261100, 3.8342
201607261110, 4.56771
201607261120, 5.23676
201607261130, 4.56109
201607261140, 4.77083
201607261150, 5.12272
201607261200, 4.74164
201607261210, 4.56066
201607261220, 3.46083
201607261230, 3.66341
201607261240, 3.59896
201607261250, 4.99642
201607261300, 4.14323
201607261310, 3.84093
201607261320, 3.15278
201607261330, 3.07986
201607261340, 3.16829
201607261350, 3.04959
201607261400, 2.93869
201607261410, 3.14855
201607261420, 2.96159
201607261430, 2.58995
201607261440, 1.72352
201607261450, 1.78743
201607261500, 1.79763
201607261510, 1.63878
201607261520, 1.15592
201607261530, 1.22841
201607261540, 1.08876
201607261550, 1.05154
201607261600, 0.888238
201607261610, 1.55783
201607261620, 1.11578
201607261630, 1.28158
201607261640, 1.39149
201607261650, 1.29481
201607261700, 1.12619
201607261710, 1.18576
201607261720, 1.12956
201607261730, 0.946072
201607261740, 0.929688
201607261750, 0.657444
201607261800, 0.434462
201607261810, 0.193251
201607261820, 0.25727
201607261830, 0.356988
201607261840, 0.349609
201607261850, 0.426324
201607261900, 0.352322
201607261910, 0.266385
201607261920, 0.377062
201607261930, 0.069553
201607261940, 0.560981
201607261950, 0.649848
201607262000, 0.581597
201607262010, 0.967014
201607262020, 0.93533
201607262030, 0.795573
201607262040, 1.05816
201607262050, 0.656684
201607262100, 0.831706
201607262110, 0.843316
201607262120, 0.836589
201607262130, 1.12012
201607262140, 1.01411
201607262150, 1.20671
201607262200, 1.29036
201607262210, 1.33887
201607262220, 1.68663
201607262230, 1.58507
201607262240, 1.62207
201607262250, 1.5523
201607262300, 1.80718
201607262310, 1.72352
201607262320, 1.77941
201607262330, 1.86035
201607262340, 2.05621
201607262350, 2.31283
201607270000, 2.47146
201607270010, 2.19206
201607270020, 1.7972
201607270030, 2.22776
201607270040, 3.19705
201607270050, 3.41461
201607270100, 3.41504
201607270110, 3.49826
201607270120, 3.90744
201607270130, 2.98362
201607270140, 2.51443
201607270150, 1.45269
201607270200, 0.779731
201607270210, 0.631944
201607270220, 0.625108
201607270230, 0.322591
201607270240, 0.342773
201607270250, 0.510959
201607270300, 0.523329
201607270310, 0.509983
201607270320, 0.483615
201607270330, 0.679036
201607270340, 0.808051
201607270350, 0.52181
201607270400, 0.349284
201607270410, 0.564887
201607270420, 1.13292
201607270430, 1.34288
201607270440, 1.05447
201607270450, 0.418403
201607270500, 0.0253906
201607270510, 0.58572
201607270520, 0.123698
201607270530, 0.33724
201607270540, 0.150391
201607270550, 0.41862
201607270600, 0.628906
201607270610, 0.342339
201607270620, 0.668511
201607270630, 0.567708
201607270640, 0.544162
201607270650, 0.426649
201607270700, 0.511502
201607270710, 0.518229
201607270720, 0.598524
201607270730, 0.858615
201607270740, 1.11133
201607270750, 1.23937
201607270800, 0.875434
201607270810, 0.676324
201607270820, 0.0190972
201607270830, 0.0380859
201607270840, 0.132704
201607270850, 1.11664
201607270900, 0.644206
201607270910, 0.03852
201607270920, 0.0277778
201607270930, 0.0422092
201607270940, 0.0334201
201607270950, 0.000651042
201607271000, 0
201607271010, 0.0100911
201607271020, 0.00130208
201607271030, 0.00846354
201607271040, 0.178277
201607271050, 0.257487
201607271100, 0.296766
201607271110, 0.338759
201607271120, 0.357856
201607271130, 0.0366753
201607271140, 0.0290799
201607271150, 0.0188802
201607271200, 0.00683594
201607271210, 0.00726997
201607271220, 0.0166016
201607271230, 0.00726997
201607271240, 0.00878906
201607271250, 0.0175781
201607271300, 0.0292969
201607271310, 0.0725911
201607271320, 0.000108507
201607271330, 0
201607271340, 0.0669488
201607271350, 0.0213759
201607271400, 0.0157335
201607271410, 0.0261502
201607271420, 0.00694444
201607271430, 0.00260417
201607271440, 0.000217014
201607271450, 0
201607271500, 0.000759549
201607271510, 0
201607271520, 0.0105252
201607271530, 0.000325521
201607271540, 0
201607271550, 0.0223524
201607271600, 0.0927734
201607271610, 0.0249566
201607271620, 0.00401476
201607271630, 0
201607271640, 0.00878906
201607271650, 0
201607271700, 0.00444878
201607271710, 0.0212674
201607271720, 0.0214844
201607271730, 0.0133464
201607271740, 0.0262587
201607271750, 0.179905
201607271800, 0.0159505
201607271810, 0.550998
201607271820, 0.761936
201607271830, 0.768663
201607271840, 1.07769
201607271850, 1.34082
201607271900, 1.59082
201607271910, 1.75456
201607271920, 1.79829
201607271930, 1.5867
201607271940, 1.70551
201607271950, 1.04633
201607272000, 1.16395
201607272010, 1.68468
201607272020, 2.30024
201607272030, 2.27289
201607272040, 2.33583
201607272050, 2.13422
201607272100, 1.98014
201607272110, 1.82183
201607272120, 1.66656
201607272130, 2.16016
201607272140, 1.8941
201607272150, 1.46615
201607272200, 1.63151
201607272210, 1.38715
201607272220, 0.897678
201607272230, 1.20855
201607272240, 0.985243
201607272250, 1.25857
201607272300, 1.2666
201607272310, 1.5102
201607272320, 1.11111
201607272330, 1.2398
201607272340, 1.38336
201607272350, 0.93533
201607280000, 1.86502
201607280010, 2.49349
201607280020, 2.48568
201607280030, 3.88997
201607280040, 5.29959
201607280050, 5.72819
201607280100, 6.46365
201607280110, 8.49099
201607280120, 8.71723
201607280130, 10.7695
201607280140, 10.472
201607280150, 10.1831
201607280200, 9.29102
201607280210, 8.58995
201607280220, 9.33854
201607280230, 8.94021
201607280240, 8.88184
201607280250, 7.58789
201607280300, 7.25152
201607280310, 6.71137
201607280320, 6.29959
201607280330, 6.45931
201607280340, 5.88867
201607280350, 5.25944
201607280400, 5.17676
201607280410, 5.64876
201607280420, 5.81717
201607280430, 5.04612
201607280440, 4.64768
201607280450, 6.18978
201607280500, 6.21528
201607280510, 5.01053
201607280520, 5.3623
201607280530, 4.06391
201607280540, 4.36339
201607280550, 4.05306
201607280600, 3.68555
201607280610, 2.49653
201607280620, 2.44097
201607280630, 2.1454
201607280640, 2.04243
201607280650, 1.5753
201607280700, 1.34451
201607280710, 1.00521
201607280720, 0.320638
201607280730, 1.02214
201607280740, 0.894531
201607280750, 0.775716
201607280800, 1.28353
201607280810, 0.876194
201607280820, 0.277235
201607280830, 0.341688
201607280840, 0.816081
201607280850, 0.412001
201607280900, 0.548937
201607280910, 0
201607280920, 0.0812717
201607280930, 0.0757378
201607280940, 0.0844184
201607280950, 0.0874566
201607281000, 0.110352
201607281010, 0.0971137
201607281020, 0.0519748
201607281030, 0.0119358
201607281040, 0.023763
201607281050, 0.00217014
201607281100, 0.00813802
201607281110, 0.00401476
201607281120, 0.0494792
201607281130, 0.0046658
201607281140, 0.0463325
201607281150, 0.00661892
201607281200, 0.104926
201607281210, 0.112088
201607281220, 0.071072
201607281230, 0.00531684
201607281240, 0.0839844
201607281250, 0.0583767
201607281300, 0.103733
201607281310, 0.0359158
201607281320, 0.00282118
201607281330, 0.0221354
201607281340, 0.0251736
201607281350, 0.022678
201607281400, 0.0167101
201607281410, 0.0278863
201607281430, 0.0163845
201607281440, 0.00368924
201607281450, 0.0122613
201607281500, 0.0477431
201607281510, 0.00900608
201607281520, 0.163954
201607281530, 0.0447049
201607281540, 0.0814887
201607281550, 0.0861545
201607281600, 0.109918
201607281610, 0.273546
201607281620, 0.203342
201607281630, 0.144314
201607281640, 0.13227
201607281650, 0.344184
201607281700, 0.101345
201607281710, 0.258138
201607281720, 0.0945095
201607281730, 0.325195
201607281740, 0.618815
201607281750, 0.65918
201607281800, 0.755534
201607281810, 0.762587
201607281820, 0.667752
201607281830, 0.697374
201607281840, 0.961697
201607281850, 1.36415
201607281900, 1.13053
201607281910, 1.25033
201607281920, 1.31858
201607281930, 1.19878
201607281940, 1.04427
201607281950, 1.125
201607282000, 1.31489
201607282010, 1.16504
201607282020, 1.06879
201607282030, 1.38325
201607282040, 1.05783
201607282050, 1.54579
201607282100, 1.39659
201607282110, 1.42166
201607282120, 1.54753
201607282130, 1.45844
201607282140, 1.574
201607282150, 1.68717
201607282200, 2.45605
201607282210, 2.51606
201607282220, 2.54796
201607282230, 2.78082
201607282240, 3.07693
201607282250, 3.67719
201607282300, 3.68663
201607282310, 5.72548
201607282320, 6.04655
201607282330, 7.148
201607282340, 7.43414
201607282350, 8.24957
201607290000, 8.58659
201607290010, 7.77485
201607290020, 7.9005
201607290030, 8.53895
201607290040, 9.33073
201607290050, 8.86513
201607290100, 9.46691
201607290110, 9.90625
201607290120, 10.2556
201607290130, 10.8689
201607290140, 11.4012
201607290150, 11.4175
201607290200, 11.1484
201607290210, 11.5255
201607290220, 12.1764
201607290230, 11.6121
201607290240, 11.4916
201607290250, 11.2105
201607290300, 11.6268
201607290310, 12.3976
201607290320, 12.3655
201607290330, 11.6427
201607290340, 11.1538
201607290350, 11.1327
201607290400, 11.1021
201607290410, 11.435
201607290420, 11.1858
201607290430, 11.1778
201607290440, 10.749
201607290450, 9.64985
201607290500, 8.84928
201607290510, 0
201607290520, 6.96723
201607290530, 6.63433
201607290540, 6.50966
201607290550, 6.2793
201607290600, 6.16135
201607290610, 6.29514
201607290620, 6.04568
201607290630, 5.75423
201607290640, 5.50705
201607290650, 4.99349
201607290700, 4.84353
201607290710, 4.86545
201607290720, 4.58952
201607290730, 4.73806
201607290740, 4.21832
201607290750, 3.70454
201607290800, 4.12576
201607290810, 3.62316
201607290820, 3.23014
201607290830, 2.76313
201607290840, 3.09136
201607290850, 3.10688
201607290900, 0
201607290910, 2.69835
201607290920, 1.27474
201607290930, 0.95638
201607290940, 0.592773
201607290950, 0.56977
201607291000, 0.476454
201607291010, 0.312609
201607291020, 0.279514
201607291030, 0.0641276
201607291040, 0.0278863
201607291050, 0.00444878
201607291100, 0.022678
201607291110, 0.0201823
201607291120, 0.0170356
201607291130, 0.0417752
201607291140, 0.0999349
201607291150, 0.0881076
201607291200, 0.11046
201607291210, 0.0327691
201607291220, 0.0263672
201607291230, 0.00987413
201607291240, 0.0932075
201607291250, 0.062066
201607291300, 0.00737847
201607291310, 0.023329
201607291320, 0.0125868
201607291330, 0.00271267
201607291340, 0
201607291350, 0.00238715
201607291400, 0.000542535
201607291410, 0.000651042
201607291420, 0.000542535
201607291430, 0.00227865
201607291440, 0.00108507
201607291450, 0.00119358
201607291500, 0
201607291510, 0.00282118
201607291520, 0.00423177
201607291530, 0.00509983
201607291540, 0.00672743
201607291550, 0.00770399
201607291600, 0.00423177
201607291610, 0.00878906
201607291620, 0.00564236
201607291630, 0.014974
201607291640, 0.00846354
201607291650, 0.0504557
201607291700, 0.00716146
201607291710, 0.0985243
201607291720, 0.0960286
201607291730, 0.0440538
201607291740, 0.0445964
201607291750, 0.0421007
201607291800, 0.0808377
201607291810, 0.0537109
201607291820, 0.0913628
201607291830, 0.102431
201607291840, 0.0965712
201607291850, 0.105469
201607291900, 0.0940755
201607291910, 0.0923394
201607291920, 0.110677
201607291930, 0.145074
201607291940, 0.12717
201607291950, 0.134006
201607292000, 0.163737
201607292010, 0.347765
201607292020, 0.273221
201607292030, 0.331706
201607292040, 0.412977
201607292050, 0.381619
201607292100, 0.797418
201607292110, 0.810004
201607292120, 1.08898
201607292130, 1.04395
201607292140, 1.27344
201607292150, 1.40386
201607292200, 1.31348
201607292210, 1.39714
201607292220, 1.57064
201607292230, 1.71267
201607292240, 1.92383
201607292250, 1.98676
201607292300, 2.39518
201607292310, 2.92947
201607292320, 3.21691
201607292330, 3.449
201607292340, 3.84874
201607292350, 4.16146
201607300000, 4.58865
201607300010, 4.64898
201607300020, 4.31521
201607300030, 4.49609
201607300040, 5.67969
201607300050, 6.29536
201607300100, 7.18012
201607300110, 7.97027
201607300120, 7.81196
201607300130, 7.54503
201607300140, 7.34918
201607300150, 7.20985
201607300200, 7.64562
201607300210, 8.0855
201607300220, 8.59592
201607300230, 8.0918
201607300240, 8.99588
201607300250, 9.29253
201607300300, 9.46864
201607300310, 9.49392
201607300320, 9.39095
201607300330, 9.38553
201607300340, 9.18891
201607300350, 8.84397
201607300400, 8.97287
201607300410, 8.67231
201607300420, 8.52832
201607300430, 8.14084
201607300440, 8.00543
201607300450, 7.7908
201608010000, 3.62055
201608010010, 3.98882
201608010020, 3.80751
201608010030, 4.18869
201608010040, 4.19076
201608010050, 4.88726
201608010100, 5.71897
201608010110, 6.42773
201608010120, 6.97841
201608010130, 7.51541
201608010140, 7.47201
201608010150, 7.48665
201608010200, 7.50977
201608010210, 7.31478
201608010220, 7.59418
201608010230, 8.15788
201608010240, 8.16406
201608010250, 8.44857
201608010300, 8.75054
201608010310, 8.51693
201608010320, 8.76693
201608010330, 8.50933
201608010340, 8.36578
201608010350, 8.41677
201608010400, 8.62706
201608010410, 8.71951
201608010420, 8.75065
201608010430, 8.67535
201608010440, 8.63943
201608010450, 8.273
201608010500, 7.97526
201608010510, 8.16819
201608010520, 8.32867
201608010530, 8.00184
201608010540, 7.98296
201608010550, 7.9069
201608010600, 7.99121
201608010610, 7.72656
201608010620, 8.2232
201608010630, 8.0625
201608010640, 7.93978
201608010650, 7.74295
201608010700, 7.48405
201608010710, 7.48915
201608010720, 7.00944
201608010730, 7.01107
201608010740, 7.11502
201608010750, 7.28071
201608010800, 6.85102
201608010810, 6.80436
201608010820, 6.65083
201608010830, 6.28592
201608010840, 5.87858
201608010850, 5.54774
201608010900, 5.63303
201608010910, 5.13574
201608010920, 4.92231
201608010930, 4.59983
201608010940, 4.45736
201608010950, 3.92415
201608011000, 4.02517
201608011010, 4.13444
201608011020, 3.43327
201608011030, 3.36925
201608011040, 3.74783
201608011050, 4.57943
201608011100, 4.11762
201608011110, 3.85514
201608011120, 4.38325
201608011130, 3.9732
201608011140, 3.52908
201608011150, 3.95584
201608011200, 4.85753
201608011210, 5.44466
201608011220, 6.02181
201608011230, 6.84972
201608011240, 6.62967
201608011250, 6.01454
201608011300, 6.91135
201608011310, 6.07812
201608011320, 6.07682
201608011330, 5.49197
201608011340, 6.55816
201608011350, 0
201608011400, 7.6365
201608011410, 6.48242
201608011420, 5.89898
201608011430, 6.24447
201608011440, 5.18381
201608011450, 4.7959
201608011500, 3.92611
201608011510, 3.09559
201608011520, 3.35059
201608011530, 2.68468
201608011540, 2.94444
201608011550, 2.24577
201608011600, 1.93533
201608011610, 1.79948
201608011620, 1.78581
201608011630, 1.47548
201608011640, 1.64421
201608011650, 2.09635
201608011700, 1.7998
201608011710, 2.32715
201608011720, 2.36567
201608011730, 1.9923
201608011740, 1.13118
201608011750, 1.15213
201608011800, 1.53147
201608011810, 1.15875
201608011820, 1.58974
201608011830, 1.53874
201608011840, 1.10688
201608011850, 0.987522
201608011900, 1.09852
201608011910, 0.453451
201608011920, 1.29514
201608011930, 0.762478
201608011940, 0.864583
201608011950, 0
201608012000, 0.955621
201608012010, 1.02691
201608012020, 0.867947
201608012030, 1.25119
201608012040, 0.826931
201608012050, 0.822483
201608012100, 0.936415
201608012110, 1.06424
201608012120, 0.930556
201608012130, 1.12044
201608012140, 0.64898
201608012150, 1.14247
201608012200, 1.17253
201608012210, 1.38835
201608012220, 1.50868
201608012230, 1.73405
201608012240, 1.63672
201608012250, 2.40961
201608012300, 2.97732
201608012310, 3.38043
201608012320, 3.92339
201608012330, 4.24479
201608012340, 5.07617
201608012350, 5.49859
201608020000, 5.50315
201608020010, 5.27311
201608020020, 5.63563
201608020030, 5.31771
201608020040, 5.40484
201608020050, 5.80599
201608020100, 7.10297
201608020110, 8.21105
201608020120, 8.84158
201608020130, 9.42404
201608020140, 8.9745
201608020150, 8.61502
201608020200, 7.96897
201608020210, 7.64269
201608020220, 7.30946
201608020230, 7.39399
201608020240, 7.20237
201608020250, 6.59874
201608020300, 6.69661
201608020310, 5.83214
201608020320, 5.78841
201608020330, 5.45291
201608020340, 4.81217
201608020350, 4.30751
201608020400, 3.93164
201608020410, 4.28722
201608020420, 4.07042
201608020430, 3.87739
201608020440, 3.57541
201608020450, 2.84885
201608020500, 2.01378
201608020510, 2.0498
201608020520, 1.46897
201608020530, 1.13173
201608020540, 1.05284
201608020550, 1.25998
201608020600, 1.24284
201608020610, 1.13075
201608020620, 0.990885
201608020630, 0.978407
201608020640, 1.13466
201608020650, 1.20117
201608020700, 1.47711
201608020710, 1.05241
201608020720, 1.99794
201608020730, 1.17795
201608020740, 1.92871
201608020750, 1.62066
201608020800, 1.63553
201608020810, 1.5395
201608020820, 1.57932
201608020830, 1.00543
201608020840, 0.754991
201608020850, 0.593316
201608020900, 0.697157
201608020910, 0.66276
201608020920, 0.337782
201608020930, 0.163628
201608020940, 0.301541
201608020950, 0.264431
201608021000, 0.284831
201608021010, 0.43457
201608021020, 0.197266
201608021030, 0.0735677
201608021040, 0.125543
201608021050, 0.370117
201608021100, 0.373372
201608021110, 0.692817
201608021120, 0.643772
201608021130, 0.0368924
201608021140, 0.223199
201608021150, 0.153537
201608021200, 0.296115
201608021210, 0.550022
201608021220, 0.888889
201608021230, 1.46712
201608021240, 1.75749
201608021250, 2.4171
201608021300, 3.09125
201608021310, 3.31207
201608021320, 3.68424
201608021330, 3.77311
201608021340, 4.47667
201608021350, 4.30382
201608021400, 4.14714
201608021410, 4.12077
201608021420, 4.2117
201608021430, 3.95063
201608021440, 3.79308
201608021450, 3.43153
201608021500, 3.61209
201608021510, 3.37207
201608021520, 3.24013
201608021530, 2.87923
201608021540, 2.98134
201608021550, 1.84766
201608021600, 2.01085
201608021610, 1.74186
201608021620, 1.74555
201608021630, 1.84017
201608021640, 1.81532
201608021650, 1.81315
201608021700, 2.0855
201608021710, 2.24566
201608021720, 2.31869
201608021730, 2.26823
201608021740, 1.82433
201608021750, 1.77409
201608021800, 1.53526
201608021810, 1.67871
201608021820, 1.43088
201608021830, 1.61589
201608021840, 0.992296
201608021850, 1.463
201608021900, 1.46799
201608021910, 1.9541
201608021920, 1.88205
201608021930, 1.46191
201608021940, 1.8469
201608021950, 1.32086
201608022000, 1.38628
201608022010, 1.77724
201608022020, 1.66732
201608022030, 1.54579
201608022040, 1.64746
201608022050, 2.03244
201608022100, 2.37424
201608022110, 2.4439
201608022120, 2.20942
201608022130, 2.16808
201608022140, 2.35417
201608022150, 2.42915
201608022200, 3.11187
201608022210, 3.06359
201608022220, 3.05762
201608022230, 3.90299
201608022240, 3.91667
201608022250, 3.87381
201608022300, 3.79286
201608022310, 4.01855
201608022320, 4.04894
201608022330, 4.42405
201608022340, 4.48969
201608022350, 4.45085
201608030000, 4.25727
201608030010, 4.24664
201608030020, 4.1799
201608030030, 2.91743
201608030040, 2.28819
201608030050, 3.477
201608030100, 3.48698
201608030110, 3.8648
201608030120, 3.20215
201608030130, 2.39746
201608030140, 2.65994
201608030150, 2.88173
201608030200, 2.42915
201608030210, 2.69553
201608030220, 2.79026
201608030230, 2.31771
201608030240, 2.01476
201608030250, 2.62348
201608030300, 2.59842
201608030310, 2.2577
201608030320, 1.6224
201608030330, 1.94466
201608030340, 2.04894
201608030350, 1.90668
201608030400, 1.23774
201608030410, 1.8444
201608030420, 1.6901
201608030430, 1.08496
201608030440, 1.36372
201608030450, 2.51042
201608030500, 1.32509
201608030510, 1.29319
201608030520, 2.20323
201608030530, 2.09115
201608030540, 1.92253
201608030550, 1.77539
201608030600, 1.3048
201608030610, 0.770182
201608030620, 0.849175
201608030630, 0.309462
201608030640, 1.13889
201608030650, 0.76888
201608030700, 1.56576
201608030710, 0.500217
201608030720, 0.513346
201608030730, 0.786567
201608030740, 1.57845
201608030750, 1.21137
201608030800, 0.725911
201608030810, 1.12598
201608030820, 0.98112
201608030830, 0.950412
201608030840, 1.32617
201608030850, 0.881944
201608030900, 1.1684
201608030910, 0.511502
201608030920, 0.69911
201608030930, 0.735135
201608030940, 0.675998
201608030950, 0.670681
201608031000, 0.629015
201608031010, 0.51378
201608031020, 0.71799
201608031030, 0.869358
201608031040, 0.695855
201608031050, 1.21029
201608031100, 1.07107
201608031110, 0.515516
201608031120, 0.363715
201608031130, 0.439779
201608031140, 0.88954
201608031150, 0.275174
201608031200, 0.500543
201608031210, 0.418186
201608031220, 0.256727
201608031230, 0.583767
201608031240, 0.624892
201608031250, 0.316406
201608031300, 0.475043
201608031310, 0.228299
201608031320, 0.472765
201608031330, 0.467014
201608031340, 0.254774
201608031350, 0.438694
201608031400, 0.144965
201608031410, 0.116645
201608031420, 0.541558
201608031430, 0.424588
201608031440, 0.124674
201608031450, 0.00770399
201608031500, 0.0431858
201608031510, 0.00575087
201608031520, 0.447157
201608031530, 0.307183
201608031540, 0.015625
201608031550, 0.790907
201608031600, 1.06912
201608031610, 0.933919
201608031620, 1.46929
201608031630, 1.11914
201608031640, 1.1556
201608031650, 0.677951
201608031700, 0.687392
201608031710, 0.372504
201608031720, 0.153429
201608031730, 0.158529
201608031740, 0.110894
201608031750, 0
201608031800, 0.0329861
201608031810, 0.0428602
201608031820, 0.0414497
201608031830, 0.0983073
201608031840, 0.030599
201608031850, 0.0804036
201608031900, 0.0887587
201608031910, 0.0486111
201608031920, 0.123806
201608031930, 0.186198
201608031940, 0.0926649
201608031950, 0.0521918
201608032000, 0.0287543
201608032010, 0.138889
201608032020, 0.199002
201608032030, 0.231554
201608032040, 0.327691
201608032050, 0.223199
201608032100, 0.0901693
201608032110, 0
201608032120, 0.00737847
201608032130, 0.0031467
201608032140, 0.00716146
201608032150, 0.0161675
201608032200, 0.0780165
201608032210, 0.0479601
201608032220, 0.0113932
201608032230, 0.197157
201608032240, 0.306532
201608032250, 0.428602
201608032300, 0.830621
201608032310, 1.29286
201608032320, 1.38173
201608032330, 1.46593
201608032340, 1.25369
201608032350, 1.35872
201608040000, 1.45616
201608040010, 1.19336
201608040020, 1.12706
201608040030, 1.18641
201608040040, 1.48405
201608040050, 1.64844
201608040100, 2.30838
201608040110, 3.57324
201608040120, 3.55577
201608040130, 2.70345
201608040140, 2.49501
201608040150, 3.40104
201608040200, 3.76573
201608040210, 4.10254
201608040220, 4.19727
201608040230, 3.69542
201608040240, 3.10818
201608040250, 3.23752
201608040300, 2.68544
201608040310, 1.98861
201608040320, 1.97179
201608040330, 2.18511
201608040340, 2.27713
201608040350, 2.02496
201608040400, 2.02875
201608040410, 1.94878
201608040420, 1.94368
201608040430, 2.21495
201608040440, 2.27398
201608040450, 1.7373
201608040500, 2.11925
201608040510, 2.2079
201608040520, 2.07465
201608040530, 1.75011
201608040540, 1.72092
201608040550, 1.40137
201608040600, 1.24881
201608040610, 1.22233
201608040620, 1.06196
201608040630, 0.692708
201608040640, 0.708116
201608040650, 0.33138
201608040700, 0.278646
201608040710, 0.342665
201608040720, 0.234049
201608040730, 0.253255
201608040740, 0.314453
201608040750, 0.417209
201608040800, 0.292318
201608040810, 0.228733
201608040820, 0.183919
201608040830, 0.0254991
201608040840, 0.046441
201608040850, 0.0378689
201608040900, 0.0518663
201608040910, 0.0236545
201608040920, 0.0451389
201608040930, 0.0416667
201608040940, 0.0287543
201608040950, 0.0016276
201608041000, 0.0223524
201608041010, 0.00965712
201608041020, 0
201608041030, 0
201608041040, 0.0323351
201608041050, 0.0448134
201608041100, 0.0488281
201608041110, 0.0805122
201608041120, 0.0159505
201608041130, 0.0904948
201608041140, 0.0363498
201608041150, 0.0837674
201608041200, 0.047092
201608041210, 0
201608041220, 0.0244141
201608041230, 0.00130208
201608041240, 0
201608041250, 0.0130208
201608041300, 0.0150825
201608041310, 0.0671658
201608041320, 0.189345
201608041330, 0.191406
201608041340, 0.0506727
201608041350, 0.0282118
201608041400, 0.000108507
201608041410, 0
201608041420, 0.015408
201608041430, 0.0201823
201608041440, 0.0447049
201608041450, 0.0121528
201608041500, 0.0296224
201608041510, 0.00509983
201608041520, 0.0128038
201608041530, 0.0588108
201608041540, 0.00737847
201608041550, 0.00553385
201608041600, 0.00206163
201608041610, 0.0125868
201608041620, 0.00347222
201608041630, 0.0894097
201608041640, 0.00347222
201608041650, 0.0150825
201608041700, 0.00379774
201608041710, 0.000759549
201608041720, 0.00542535
201608041730, 0.00737847
201608041740, 0.0130208
201608041750, 0.0493707
201608041800, 0.0257161
201608041810, 0.0839844
201608041820, 0.0501302
201608041830, 0.260091
201608041840, 0.201931
201608041850, 0.0258247
201608041900, 0.0258247
201608041910, 0.0265842
201608041920, 0.0506727
201608041930, 0.0691189
201608041940, 0.177517
201608041950, 0.215278
201608042000, 0.122287
201608042010, 0.214518
201608042020, 0.257921
201608042030, 0.228516
201608042040, 0.237196
201608042050, 0.238064
201608042100, 0.179688
201608042110, 0.180556
201608042120, 0.16786
201608042130, 0.00336372
201608042140, 0.00488281
201608042150, 0.000542535
201608042200, 0.00292969
201608042210, 0.0124783
201608042220, 0.000108507
201608042230, 0.0275608
201608042240, 0.00444878
201608042250, 0.00499132
201608042300, 0.0568576
201608042310, 0.0133464
201608042320, 0.0513238
201608042330, 0.0291884
201608042340, 0.231011
201608042350, 0.229818
201608050000, 0.411675
201608050010, 0.328125
201608050020, 0.34668
201608050030, 0.446832
201608050040, 0.510959
201608050050, 0.629991
201608050100, 0.861328
201608050110, 1.6747
201608050120, 2.04905
201608050130, 2.28917
201608050140, 2.3865
201608050150, 2.56326
201608050200, 3.5625
201608050210, 4.05903
201608050220, 3.74566
201608050230, 3.73069
201608050240, 3.58333
201608050250, 3.39084
201608050300, 3.71973
201608050310, 3.30024
201608050320, 2.90723
201608050330, 3.33908
201608050340, 3.1964
201608050350, 2.9847
201608050400, 1.76356
201608050410, 2.477
201608050420, 3.51324
201608050430, 3.01975
201608050440, 2.50467
201608050450, 3.7883
201608050500, 3.8214
201608050510, 3.90864
201608050520, 2.70454
201608050530, 0
201608050540, 1.824
201608050550, 2.86502
201608050600, 2.0561
201608050610, 1.95378
201608050620, 1.35319
201608050630, 1.32606
201608050640, 1.32617
201608050650, 1.38878
201608050700, 0.874457
201608050710, 1.6951
201608050720, 2.40918
201608050730, 2.24175
201608050740, 2.17394
201608050750, 2.09093
201608050800, 2.2474
201608050810, 2.73513
201608050820, 2.74696
201608050830, 2.08051
201608050840, 1.36252
201608050850, 0.700955
201608050900, 0.58572
201608050910, 0.317817
201608050920, 0.337891
201608050930, 0.380859
201608050940, 0.323459
201608050950, 0.154297
201608051000, 0.0210503
201608051010, 0.0268012
201608051020, 0.0177951
201608051030, 0.0307075
201608051040, 0
201608051050, 0.000542535
201608051100, 0.00726997
201608051110, 0.00770399
201608051120, 0.0210503
201608051130, 0.0258247
201608051140, 0.000325521
201608051150, 0.0729167
201608051200, 0.000325521
201608051210, 0.0399306
201608051220, 0.00596788
201608051230, 0.0015191
201608051240, 0.00423177
201608051250, 0.00282118
201608051300, 0.00596788
201608051310, 0.0212674
201608051320, 0.000868056
201608051330, 0.0236545
201608051340, 0.0138889
201608051350, 0.0407986
201608051400, 0.038954
201608051410, 0.0110677
201608051420, 0.00412326
201608051430, 0.00390625
201608051440, 0.00878906
201608051450, 0.0981988
201608051500, 0.0078125
201608051510, 0.0243056
201608051520, 0.0661892
201608051530, 0.00141059
201608051540, 0.00835503
201608051550, 0.00542535
201608051600, 0.0110677
201608051610, 0.0246311
201608051620, 0.0589193
201608051630, 0.0186632
201608051640, 0.0740017
201608051650, 0.0355903
201608051700, 0.0167101
201608051710, 0.00694444
201608051720, 0.00477431
201608051730, 0.00292969
201608051740, 0.0136719
201608051750, 0.00857205
201608051800, 0.0217014
201608051810, 0.0108507
201608051820, 0.0201823
201608051830, 0.0186632
201608051840, 0.00705295
201608051850, 0.00640191
201608051900, 0.0132378
201608051910, 0.0062934
201608051920, 0.0190972
201608051930, 0.00900608
201608051940, 0.0104167
201608051950, 0.0078125
201608052000, 0.0118273
201608052010, 0
201608052020, 0.00900608
201608052030, 0.0180122
201608052040, 0.0322266
201608052050, 0.00575087
201608052100, 0.0209418
201608052110, 0.00412326
201608052120, 0
201608052130, 0.000434028
201608052140, 0.00640191
201608052150, 0.00282118
201608052200, 0.00184462
201608052210, 0.0062934
201608052220, 0
201608052230, 0.00184462
201608052240, 0
201608052250, 0.00661892
201608052300, 0.02398
201608052310, 0.0327691
201608052320, 0.0245226
201608052330, 0.0147569
201608052340, 0.0197483
201608052350, 0.0172526
201608060000, 0.0137804
201608060010, 0.000868056
201608060020, 0.0125868
201608060030, 0.00661892
201608060040, 0.549913
201608060050, 0.807834
201608060100, 0.948134
201608060110, 1.48882
201608060120, 1.91439
201608060130, 1.77311
201608060140, 1.35341
201608060150, 0.0978733
201608060200, 0.364475
201608060210, 0.784614
201608060220, 0.811849
201608060230, 1.5995
201608060240, 1.1161
201608060320, 0.706923
201608060330, 0.759332
201608060340, 0.338976
201608060350, 0.263346
201608060400, 0.403754
201608060410, 0.65332
201608060420, 0.348741
201608060430, 0.159831
201608060440, 0.110243
201608060450, 0
201608060500, 0.0511068
201608060510, 0
201608060520, 0
201608060530, 0.000434028
201608060540, 0
201608060550, 0.228624
201608060600, 0.333333
201608060610, 0.24349
201608060620, 0.117296
201608060630, 0.0213759
201608060640, 0.0130208
201608060650, 0
201608060700, 0
201608060710, 0
201608060720, 0.147027
201608060730, 0.280599
201608060740, 0.157769
201608060750, 0.00531684
201608060800, 0.0606554
201608060810, 0.280707
201608060820, 0.226671
201608060830, 0.070204
201608060840, 0.178928
201608060850, 0.202474
201608060900, 0.208225
201608060910, 0.00488281
201608060920, 0.142361
201608060930, 0.0634766
201608060940, 0.0174696
201608060950, 0.00173611
201608061000, 0.000976562
201608061010, 0.00108507
201608061020, 0
201608061030, 0
201608061040, 0.00553385
201608061100, 0.000325521
201608061110, 0.00249566
201608061120, 0.00640191
201608061130, 0
201608061140, 0.000434028
201608061150, 0.00488281
201608061200, 0.000108507
201608061210, 0.0128038
201608061220, 0.00575087
201608061230, 0
201608061240, 0.00195312
201608061250, 0.00683594
201608061300, 0.00184462
201608061310, 0.00792101
201608061320, 0.00119358
201608061330, 0.00412326
201608061340, 0.0168186
201608061350, 0.00835503
201608061400, 0.0131293
201608061410, 0.0137804
201608061420, 0.00672743
201608061430, 0.0131293
201608061440, 0.0157335
201608061450, 0.0679253
201608061500, 0
201608061510, 0.131185
201608061520, 0.0749783
201608061530, 0.0509983
201608061540, 0.0428602
201608061550, 0.0379774
201608061600, 0.18533
201608061610, 0.0878906
201608061620, 0.189562
201608061630, 0.015625
201608061640, 0.0365668
201608061650, 0.0128038
201608061700, 0.0411241
201608061710, 0.0268012
201608061720, 0.0243056
201608061730, 0.0591363
201608061740, 0.0236545
201608061750, 0.100369
201608061800, 0.00835503
201608061810, 0.0109592
201608061820, 0.0247396
201608061830, 0.0100911
201608061840, 0.0205078
201608061850, 0.0332031
201608061900, 0.0439453
201608061910, 0.070421
201608061920, 0.00390625
201608061930, 0.015191
201608061940, 0.00238715
201608061950, 0.00195312
201608062000, 0.0104167
201608062010, 0.00282118
201608062020, 0.00260417
201608062030, 0.00336372
201608062040, 0.00390625
201608062050, 0.000108507
201608062100, 0.00119358
201608062110, 0
201608062120, 0.000217014
201608062130, 0.00520833
201608062140, 0
201608062150, 0.00217014
201608062200, 0
201608062210, 0
201608062220, 0.000217014
201608062230, 0.000542535
201608062240, 0.0531684
201608062250, 0.00423177
201608062300, 0.00585938
201608062310, 0.00249566
201608062320, 0.00108507
201608062330, 0.00282118
201608062340, 0.00661892
201608062350, 0.0901693
201608070000, 0.0686849
201608070010, 0.0437283
201608070020, 0.0199653
201608070030, 0.288628
201608070040, 0.509006
201608070050, 0.87717
201608070100, 1.68837
201608070110, 2.12858
201608070120, 1.93761
201608070130, 1.96441
201608070140, 2.02409
201608070150, 2.34408
201608070200, 2.22982
201608070210, 2.97808
201608070220, 3.2602
201608070230, 3.39128
201608070240, 3.33898
201608070250, 3.13639
201608070300, 3.01324
201608070310, 3.21615
201608070320, 2.95041
201608070330, 2.6799
201608070340, 2.35775
201608070350, 2.14052
201608070400, 2.21365
201608070410, 2.38422
201608070420, 1.96615
201608070430, 1.99067
201608070440, 1.9656
201608070450, 1.84614
201608070500, 1.71647
201608070510, 1.66016
201608070520, 1.75651
201608070530, 1.57389
201608070540, 1.66688
201608070550, 1.5969
201608070600, 1.56771
201608070610, 1.58518
201608070620, 1.15451
201608070630, 1.23253
201608070640, 0.688477
201608070650, 0.306315
201608070700, 0.171984
201608070710, 0.0441623
201608070720, 0.000868056
201608070730, 0.0594618
201608070740, 0.0452474
201608070750, 0.0800781
201608070800, 0.0831163
201608070810, 0.0881076
201608070820, 0.0166016
201608070830, 0.0354818
201608070840, 0.30523
201608070850, 0.0491536
201608070900, 0.0606554
201608070910, 0.258789
201608070920, 0.0109592
201608070930, 0
201608070940, 0
201608070950, 0.00607639
201608071000, 0.0737847
201608071010, 0.15408
201608071020, 0.0115017
201608071030, 0.0275608
201608071040, 0.00173611
201608071050, 0
201608071100, 0.0031467
201608071110, 0.000759549
201608071120, 0.000217014
201608071130, 0.00249566
201608071140, 0
201608071150, 0.00108507
201608071200, 0.0031467
201608071210, 0.00835503
201608071220, 0.208659
201608071230, 0.483398
201608071240, 0.425239
201608071250, 0.310981
201608071300, 0.14464
201608071310, 0.0110677
201608071320, 0.104058
201608071330, 0.107964
201608071340, 0.0354818
201608071350, 0.0282118
201608071400, 0.0449219
201608071410, 0.00889757
201608071420, 0
201608071430, 0.00282118
201608071440, 0.0016276
201608071450, 0
201608071500, 0.000976562
201608071510, 0.000868056
201608071520, 0
201608071530, 0.00509983
201608071540, 0.0244141
201608071550, 0.00694444
201608071600, 0.0105252
201608071610, 0.00412326
201608071620, 0.0175781
201608071630, 0.00119358
201608071640, 0.00368924
201608071650, 0.00141059
201608071700, 0.00108507
201608071710, 0.00444878
201608071720, 0.000217014
201608071730, 0.00358073
201608071740, 0.00238715
201608071750, 0.00596788
201608071800, 0.00520833
201608071810, 0.000217014
201608071820, 0.0106337
201608071830, 0.00368924
201608071840, 0.0223524
201608071850, 0.0124783
201608071900, 0.00292969
201608071910, 0.0062934
201608071920, 0.0107422
201608071930, 0.078342
201608071940, 0.00260417
201608071950, 0
201608072000, 0.0268012
201608072010, 0.00282118
201608072020, 0.0166016
201608072030, 0.00911458
201608072040, 0.0284288
201608072050, 0.00173611
201608072100, 0.00672743
201608072110, 0.0182292
201608072120, 0.0225694
201608072130, 0.0209418
201608072140, 0.21072
201608072150, 0.00390625
201608072200, 0.0139974
201608072210, 0.00325521
201608072220, 0.00303819
201608072230, 0.00141059
201608072240, 0.0210503
201608072250, 0.00553385
201608072300, 0.00683594
201608072310, 0
201608072320, 0.000108507
201608072330, 0
201608072340, 0.00759549
201608072350, 0
201608080000, 0.0031467
201608080010, 0.000108507
201608080020, 0.00575087
201608080030, 0.00531684
201608080040, 0.016276
201608080050, 0.00553385
201608080100, 0.0540365
201608080110, 0.190864
201608080120, 0.486871
201608080130, 0.781684
201608080140, 0.827474
201608080150, 0.930339
201608080200, 2.32205
201608080210, 2.79655
201608080220, 3.64073
201608080230, 3.50998
201608080240, 3.85276
201608080250, 4.20736
201608080300, 4.13357
201608080310, 4.37196
201608080320, 3.8941
201608080330, 4.04926
201608080340, 3.68891
201608080350, 4.27658
201608080400, 3.93186
201608080410, 3.88867
201608080420, 3.67133
201608080430, 3.44065
201608080440, 3.0548
201608080450, 2.09798
201608080500, 1.36252
201608080510, 0.916016
201608080520, 0.945096
201608080530, 1.20627
201608080540, 0.263455
201608080550, 0.91276
201608080600, 0.787326
201608080610, 0.395508
201608080620, 0.13737
201608080630, 0.0788845
201608080640, 0.288411
201608080650, 0.0876736
201608080700, 0.0139974
201608080710, 0.00716146
201608080720, 0.0141059
201608080730, 0.00716146
201608080740, 0.00987413
201608080750, 0.0643446
201608080800, 0.0394965
201608080810, 0.0218099
201608080820, 0.0046658
201608080830, 0.00119358
201608080840, 0.00542535
201608080850, 0.00390625
201608080900, 0
201608080910, 0.00661892
201608080920, 0.00379774
201608080930, 0.00206163
201608080940, 0.023763
201608080950, 0.0438368
201608081000, 0.038303
201608081010, 0.11556
201608081020, 0.0289714
201608081030, 0
201608081040, 0.0322266
201608081050, 0.000108507
201608081100, 0.0078125
201608081110, 0.00260417
201608081120, 0
201608081130, 0
201608081140, 0.000217014
201608081150, 0.00227865
201608081200, 0.00531684
201608081210, 0
201608081220, 0
201608081230, 0.0189887
201608081240, 0.0281033
201608081250, 0.306315
201608081300, 0.164605
201608081310, 0.177517
201608081320, 0.168186
201608081330, 0.046224
201608081340, 0.00444878
201608081350, 0.0220269
201608081400, 0
201608081410, 0
201608081420, 0.00813802
201608081430, 0.00412326
201608081440, 0.039388
201608081450, 0.0370009
201608081500, 0.023329
201608081510, 0.0116102
201608081520, 0.00792101
201608081530, 0
201608081540, 0.0110677
201608081550, 0.0362413
201608081600, 0.0429688
201608081610, 0.03852
201608081620, 0.00260417
201608081630, 0.0374349
201608081640, 0.0192057
201608081650, 0.0159505
201608081700, 0.0224609
201608081710, 0.0134549
201608081720, 0.0309245
201608081730, 0.0320095
201608081740, 0.0724826
201608081750, 0
201608081800, 0.0611979
201608081810, 0.085178
201608081820, 0.0910373
201608081830, 0.0409071
201608081840, 0.0996094
201608081850, 0.0857205
201608081900, 0.238824
201608081910, 0.122396
201608081920, 0
201608081930, 0.139106
201608081940, 0.00965712
201608081950, 0
201608082000, 0.0118273
201608082010, 0.062283
201608082020, 0
201608082030, 0.000542535
201608082040, 0.0143229
201608082050, 0
201608082100, 0.0109592
201608082110, 0.00477431
201608082120, 0
201608082130, 0
201608082140, 0
201608082150, 0
201608082200, 0
201608082210, 0
201608082220, 0.0180122
201608082230, 0.00846354
201608082240, 0.0200738
201608082250, 0.00520833
201608082300, 0.0135634
201608082310, 0.00553385
201608082320, 0.00260417
201608082330, 0
201608082340, 0
201608082350, 0.000325521
201608090000, 0.000434028
201608090010, 0
201608090020, 0.00672743
201608090030, 0
201608090040, 0.00683594
201608090050, 0.00368924
201608090100, 0.0353733
201608090110, 0.337999
201608090120, 0.580187
201608090130, 0.471137
201608090140, 1.13596
201608090150, 1.43566
201608090200, 1.59766
201608090210, 1.33854
201608090220, 0.970378
201608090230, 0.938151
201608090240, 0.652995
201608090250, 0.677626
201608090300, 0.570638
201608090310, 0.405056
201608090320, 0.0789931
201608090330, 0.0440538
201608090340, 0.0423177
201608090350, 0.078776
201608090400, 0.047309
201608090410, 0.0359158
201608090420, 0.127821
201608090430, 0.0804036
201608090440, 0.119575
201608090450, 0.287652
201608090500, 0.323242
201608090510, 0.617839
201608090520, 0.582465
201608090530, 0.541667
201608090540, 0.282335
201608090550, 0.351562
201608090600, 0.43674
201608090610, 0.462348
201608090620, 0.415256
201608090630, 0.548286
201608090640, 0.498589
201608090650, 0.32411
201608090700, 0.379774
201608090710, 0.29872
201608090720, 0.287109
201608090730, 0.402127
201608090740, 0.271593
201608090750, 0.184679
201608090800, 0.0565321
201608090810, 0
201608090820, 0
201608090830, 0
201608090840, 0.00325521
201608090850, 0.0317925
201608090900, 0
201608090910, 0
201608090920, 0
201608090930, 0.000759549
201608090940, 0.000434028
201608090950, 0.000759549
201608091000, 0.000651042
201608091010, 0.00325521
201608091020, 0
201608091030, 0
201608091040, 0
201608091050, 0
201608091100, 0
201608091110, 0
201608091120, 0
201608091130, 0
201608091140, 0
201608091150, 0.00195312
201608091200, 0.000217014
201608091210, 0
201608091220, 0.000217014
201608091230, 0.00184462
201608091240, 0.00260417
201608091250, 0
201608091300, 0.00227865
201608091310, 0.0132378
201608091320, 0.0292969
201608091330, 0.0101997
201608091340, 0.00575087
201608091350, 0.0164931
201608091400, 0.0139974
201608091410, 0.00911458
201608091420, 0.02398
201608091430, 0.0193142
201608091440, 0.0424262
201608091450, 0.0260417
201608091500, 0.104167
201608091510, 0.102756
201608091520, 0.11122
201608091530, 0.147678
201608091540, 0.119575
201608091550, 0.0677083
201608091600, 0.0491536
201608091610, 0.0246311
201608091620, 0.0407986
201608091630, 0.00542535
201608091640, 0.00509983
201608091650, 0.0271267
201608091700, 0.030816
201608091710, 0
201608091720, 0.00119358
201608091730, 0.0449219
201608091740, 0.0327691
201608091750, 0.0416667
201608091800, 0.0348307
201608091810, 0.00640191
201608091820, 0.0211589
201608091830, 0.0282118
201608091840, 0.0352648
201608091850, 0.0167101
201608091900, 0.0498047
201608091910, 0
201608091920, 0.00260417
201608091930, 0.0251736
201608091940, 0.000108507
201608091950, 0.0260417
201608092000, 0.00868056
201608092010, 0.000976562
201608092020, 0.0511068
201608092030, 0.0157335
201608092040, 0.0362413
201608092050, 0.0321181
201608092100, 0.115777
201608092110, 0.132378
201608092120, 0.0771484
201608092130, 0.085612
201608092140, 0.0207248
201608092150, 0.0192057
201608092200, 0.00824653
201608092210, 0.00423177
201608092220, 0.14605
201608092230, 0.0925564
201608092240, 0.0488281
201608092250, 0.0254991
201608092300, 0.0343967
201608092310, 0.0138889
201608092320, 0.00347222
201608092330, 0.00726997
201608092340, 0.00358073
201608092350, 0.000325521
201608100000, 0.00412326
201608100010, 0.00303819
201608100020, 0.0238715
201608100030, 0.0155165
201608100040, 0.0421007
201608100050, 0.272352
201608100100, 0.393989
201608100110, 0.584961
201608100120, 0.782227
201608100130, 0.885308
201608100140, 1.61675
201608100150, 2.12923
201608100200, 2.15375
201608100210, 2.47602
201608100220, 1.98958
201608100230, 1.5191
201608100240, 1.30111
201608100250, 0.944119
201608100300, 0.919054
201608100310, 1.18978
201608100320, 0.565213
201608100330, 0.620768
201608100340, 0.633789
201608100350, 0.40408
201608100400, 0.284831
201608100410, 0.444227
201608100420, 0.212348
201608100430, 0.192491
201608100440, 0.53559
201608100450, 0.0254991
201608100500, 0.0261502
201608100510, 0.0584852
201608100520, 0.0575087
201608100530, 0.0320095
201608100540, 0.015625
201608100550, 0.0202908
201608100600, 0.0163845
201608100610, 0.194227
201608100620, 0.0683594
201608100630, 0.0810547
201608100640, 0.0876736
201608100650, 0.162977
201608100700, 0.218858
201608100720, 0.0348307
201608100730, 0.0406901
201608100740, 0.00651042
201608100750, 0.0763889
201608100800, 0.128798
201608100810, 0.0206163
201608100820, 0.0764974
201608100830, 0.0031467
201608100840, 0.0104167
201608100850, 0.0161675
201608100900, 0.000759549
201608100910, 0.0560981
201608100920, 0.0542535
201608100930, 0.0940755
201608100940, 0.094401
201608100950, 0.129449
201608101000, 0.122396
201608101010, 0
201608101020, 0.0320095
201608101030, 0.158312
201608101040, 0.0589193
201608101050, 0.193251
201608101100, 0.19184
201608101110, 0.185981
201608101120, 0.189562
201608101130, 0.165365
201608101140, 0.41862
201608101150, 0.351237
201608101200, 0.39822
201608101210, 0.362522
201608101220, 0.468424
201608101230, 0.408963
201608101240, 0.40408
201608101250, 0.339301
201608101300, 0.34451
201608101310, 0.299696
201608101320, 0.133681
201608101330, 0.0307075
201608101340, 0.0175781
201608101350, 0.00217014
201608101400, 0.147027
201608101410, 0.0822483
201608101420, 0.209527
201608101430, 0.125868
201608101440, 0.227865
201608101450, 0.202582
201608101500, 0.0443793
201608101510, 0.110677
201608101520, 0.196832
201608101530, 0.106988
201608101540, 0.0802951
201608101550, 0.0273438
201608101600, 0.0244141
201608101610, 0.152235
201608101620, 0.165582
201608101630, 0.0852865
201608101640, 0.0350477
201608101650, 0.124891
201608101700, 0.274414
201608101710, 0.102214
201608101720, 0.062066
201608101730, 0.00108507
201608101740, 0.181098
201608101750, 0.0971137
201608101800, 0.0926649
201608101810, 0.19694
201608101820, 0.0673828
201608101830, 0.153646
201608101840, 0.175781
201608101850, 0.0976562
201608101900, 0.0877821
201608101910, 0.0315755
201608101920, 0.0145399
201608101930, 0
201608101940, 0.0197483
201608101950, 0.0260417
201608102000, 0.0348307
201608102010, 0.00368924
201608102020, 0.0115017
201608102030, 0.0119358
201608102040, 0.0123698
201608102050, 0.0093316
201608102100, 0
201608102110, 0
201608102120, 0.016059
201608102130, 0.00195312
201608102140, 0.000976562
201608102150, 0.218858
201608102200, 0.000868056
201608102210, 0.00141059
201608102220, 0.0016276
201608102230, 0
201608102240, 0.000217014
201608102250, 0
201608102300, 0.000434028
201608102310, 0.14171
201608102320, 0.0338542
201608102330, 0
201608102340, 0.00455729
201608102350, 0
201608110000, 0.0202908
201608110010, 0.00173611
201608110020, 0.00238715
201608110030, 0.00119358
201608110040, 0.00292969
201608110050, 0.304362
201608110100, 0.662109
201608110110, 0.599175
201608110120, 0.73253
201608110130, 1.01693
201608110140, 1.02192
201608110150, 0.935438
201608110200, 0.0728082
201608110210, 0.0123698
201608110220, 0.38661
201608110230, 0.598307
201608110240, 0.697917
201608110250, 0.37424
201608110300, 0.702148
201608110310, 1.58257
201608110320, 1.44455
201608110330, 2.04438
201608110340, 2.61469
201608110350, 3.44596
201608110400, 4.66113
201608110410, 4.92871
201608110420, 4.27789
201608110430, 5.88618
201608110440, 6.66753
201608110450, 5.94748
201608110500, 6.45247
201608110510, 5.8712
201608110520, 6.44586
201608110530, 6.65907
201608110540, 8.41385
201608110550, 8.86838
201608110600, 9.00597
201608110610, 8.12402
201608110620, 7.13086
201608110630, 7.32292
201608110640, 6.6021
201608110650, 6.63379
201608110700, 6.21571
201608110710, 6.38379
201608110720, 5.97418
201608110730, 6.34104
201608110740, 5.65777
201608110750, 5.14627
201608110800, 4.73785
201608110810, 4.426
201608110820, 3.92839
201608110830, 4.21864
201608110840, 3.25846
201608110850, 1.85731
201608110900, 0.357747
201608110910, 0.070638
201608110920, 0.0439453
201608110930, 0.280707
201608110940, 0.151476
201608110950, 0.894097
201608111000, 1.30849
201608111010, 1.22168
201608111020, 1.34212
201608111030, 1.50716
201608111040, 1.39323
201608111050, 2.13759
201608111100, 2.15256
201608111110, 2.31174
201608111120, 2.1607
201608111130, 2.06087
201608111140, 2.16829
201608111150, 2.06217
201608111200, 2.07031
201608111210, 2.02778
201608111220, 2.19976
201608111230, 2.39377
201608111240, 2.74436
201608111250, 3.01964
201608111300, 3.19076
201608111310, 3.07617
201608111320, 3.19802
201608111330, 3.25499
201608111340, 2.94824
201608111350, 2.1709
201608111400, 2.10113
201608111410, 1.68045
201608111420, 1.06988
201608111430, 0.822591
201608111440, 0.735026
201608111450, 0.829102
201608111500, 0.863607
201608111510, 0.693034
201608111520, 0.790256
201608111530, 0.557834
201608111540, 0.742296
201608111550, 0.754015
201608111600, 0.931424
201608111610, 0.660916
201608111620, 0.755968
201608111630, 0.739583
201608111640, 0.94911
201608111650, 0.853841
201608111700, 0.462023
201608111710, 0.47678
201608111720, 0.386502
201608111730, 0.40191
201608111740, 0.27832
201608111750, 0.251085
201608111800, 0.255642
201608111810, 0.193142
201608111820, 0.145725
201608111830, 0.0609809
201608111840, 0.00401476
201608111850, 0.0182292
201608111900, 0
201608111910, 0.0137804
201608111920, 0.0150825
201608111930, 0.0217014
201608111940, 0.0130208
201608111950, 0.0299479
201608112000, 0.0131293
201608112010, 0.0200738
201608112020, 0.00347222
201608112030, 0.00802951
201608112040, 0.0161675
201608112050, 0.0031467
201608112100, 0.00455729
201608112110, 0.00770399
201608112120, 0.00206163
201608112130, 0.00802951
201608112140, 0.00987413
201608112150, 0.00672743
201608112200, 0.0251736
201608112210, 0.0283203
201608112220, 0.0351562
201608112230, 0.0321181
201608112240, 0.00737847
201608112250, 0.0152995
201608112300, 0.000108507
201608112310, 0.00542535
201608112320, 0.00130208
201608112330, 0.0046658
201608112340, 0.00271267
201608112350, 0.00130208
201608120000, 0.00607639
201608120010, 0.0120443
201608120020, 0.00260417
201608120030, 0.00434028
201608120040, 0.111979
201608120050, 0.26671
201608120100, 0.322917
201608120110, 0.148872
201608120120, 0.374674
201608120130, 0.273763
201608120140, 0.322808
201608120150, 0.412326
201608120200, 0.310547
201608120210, 0.51747
201608120220, 0.443142
201608120230, 0.208659
201608120240, 0.125543
201608120250, 0.0903863
201608120300, 0.110894
201608120310, 0.0105252
201608120320, 0.0934245
201608120330, 0.0602214
201608120340, 0.0249566
201608120350, 0.0107422
201608120400, 0.162977
201608120410, 0.0189887
201608120420, 0.0277778
201608120430, 0.24566
201608120440, 0.0353733
201608120450, 0.159939
201608120500, 0.0124783
201608120510, 0.00705295
201608120520, 0.00976562
201608120530, 0.0309245
201608120540, 0.00227865
201608120550, 0.00813802
201608120600, 0.00444878
201608120610, 0
201608120620, 0.0126953
201608120640, 0.0705295
201608120650, 0.0224609
201608120700, 0.0657552
201608120710, 0
201608120720, 0.161675
201608120730, 0.0992839
201608120740, 0.129557
201608120750, 0.244575
201608120800, 0.400282
201608120810, 0.682617
201608120820, 0.606988
201608120830, 0.971897
201608120840, 0.925781
201608120850, 0.918403
201608120900, 2.00336
201608120910, 0.201714
201608120920, 0.139214
201608120930, 0
201608120940, 0.582791
201608120950, 0.229818
201608121000, 0.233507
201608121010, 0.488064
201608121020, 0.259006
201608121030, 0.0908203
201608121040, 0.329102
201608121050, 0.508138
201608121100, 0.199978
201608121110, 0.0659722
201608121120, 0.784288
201608121130, 0
201608121140, 0.156684
201608121150, 0.176975
201608121200, 0.315972
201608121210, 0.438694
201608121220, 0.3852
201608121230, 0.602648
201608121240, 0.545898
201608121250, 0.32194
201608121300, 0.387153
201608121310, 0.508138
201608121320, 0.488607
201608121330, 0.180664
201608121340, 0.11849
201608121350, 0.240343
201608121400, 0.256836
201608121410, 0.25727
201608121420, 0.117513
201608121430, 0.266493
201608121440, 0.412001
201608121450, 0.274848
201608121500, 0.454861
201608121510, 0.463108
201608121520, 0.638563
201608121530, 0.807834
201608121540, 0.837348
201608121550, 0.602756
201608121600, 0.518446
201608121610, 0.446615
201608121620, 0.533312
201608121630, 0.446615
201608121640, 0.66135
201608121650, 0.474609
201608121700, 0.741211
201608121710, 0.591905
201608121720, 0.552951
201608121730, 0.613064
201608121740, 0.231988
201608121750, 0.252604
201608121800, 0.0100911
201608121810, 0.0078125
201608121820, 0.464844
201608121830, 0.0061849
201608121840, 0.00347222
201608121850, 0.0189887
201608121900, 0.487739
201608121910, 0.182509
201608121920, 0.0272352
201608121930, 0.0628255
201608121940, 0.0463325
201608121950, 0.0236545
201608122000, 0.0121528
201608122010, 0.0287543
201608122020, 0.0518663
201608122030, 0.0112847
201608122040, 0.0602214
201608122050, 0
201608122100, 0.0830078
201608122110, 0.104167
201608122120, 0.0830078
201608122130, 0.256836
201608122140, 0.411241
201608122150, 0.219618
201608122200, 0.475152
201608122210, 0.506402
201608122220, 0.568142
201608122230, 0.520616
201608122240, 0.322808
201608122250, 0.658203
201608122300, 0.212999
201608122310, 0.214518
201608122320, 0.105686
201608122330, 0.0902778
201608122340, 0.0621745
201608122350, 0.0402561
201608130000, 0.0157335
201608130010, 0.0116102
201608130020, 0.00868056
201608130030, 0.00282118
201608130040, 0.858507
201608130050, 1.43349
201608130100, 2.18663
201608130110, 2.9043
201608130120, 3.59017
201608130130, 4.05707
201608130140, 4.36936
201608130150, 4.6633
201608130200, 5.00076
201608130210, 4.85699
201608130220, 4.91146
201608130230, 4.89768
201608130240, 4.96994
201608130250, 5.12066
201608130300, 5.13845
201608130310, 5.21604
201608130320, 4.97526
201608130330, 5.14594
201608130340, 4.75781
201608130350, 4.58192
201608130400, 4.61209
201608130410, 4.27322
201608130420, 4.36089
201608130430, 3.91135
201608130440, 3.88368
201608130450, 3.5752
201608130500, 3.435
201608130510, 3.3469
201608130520, 3.21973
201608130530, 3.09744
201608130540, 3.18403
201608130550, 3.2066
201608130600, 3.16461
201608130610, 1.92263
201608130620, 1.36664
201608130630, 1.11155
201608130640, 0.589952
201608130650, 0.53125
201608130700, 0.475911
201608130710, 0.657986
201608130720, 0.274957
201608130730, 0.494683
201608130740, 0.574219
201608130750, 0.363064
201608130800, 0.488715
201608130810, 0.487956
201608130820, 0.243164
201608130830, 0.410265
201608130840, 0.0767144
201608130850, 0.0201823
201608130900, 0.0207248
201608130910, 0.00542535
201608130920, 0.000217014
201608130930, 0
201608130940, 0
201608130950, 0.00217014
201608131000, 0.000108507
201608131010, 0
201608131020, 0
201608131030, 0.00173611
201608131040, 0
201608131050, 0.0218099
201608131100, 0.367947
201608131110, 0.533854
201608131120, 0.665799
201608131130, 0.889323
201608131140, 0.807292
201608131150, 0.879991
201608131200, 1.11871
201608131210, 1.29438
201608131220, 1.58974
201608131230, 1.81
201608131240, 2.65484
201608131250, 3.42285
201608131300, 3.92589
201608131310, 4.49674
201608131320, 4.75022
201608131330, 4.92459
201608131340, 4.56141
201608131350, 3.98687
201608131400, 3.63715
201608131410, 2.50033
201608131420, 2.83388
201608131430, 1.75315
201608131440, 1.16753
201608131450, 0.988498
201608131500, 0.56033
201608131510, 0.309353
201608131520, 0.601237
201608131530, 0.175998
201608131540, 0.285482
201608131550, 0.113607
201608131600, 0.0782335
201608131610, 0.162326
201608131620, 0.147569
201608131630, 0.222439
201608131640, 0.327474
201608131650, 0.391819
201608131700, 0.446506
201608131710, 0.503255
201608131720, 0.652669
201608131730, 1.22179
201608131740, 1.17318
201608131750, 1.36079
201608131800, 1.52387
201608131810, 1.36947
201608131820, 1.57422
201608131830, 1.66938
201608131840, 1.89052
201608131850, 1.93142
201608131900, 1.88292
201608131910, 1.76921
201608131920, 1.68783
201608131930, 1.82921
201608131940, 1.30002
201608131950, 2.00879
201608132000, 2.17285
201608132010, 2.83225
201608132020, 3.56673
201608132030, 3.25597
201608132040, 3.61643
201608132050, 3.92773
201608132100, 3.44021
201608132110, 3.76964
201608132120, 3.63791
201608132130, 4.40549
201608132140, 3.9923
201608132150, 4.91678
201608132200, 5.19748
201608132210, 5.24251
201608132220, 5.2156
201608132230, 5.1939
201608132240, 5.11469
201608132250, 4.69564
201608132300, 3.70595
201608132310, 3.48427
201608132320, 3.88064
201608132330, 3.83203
201608132340, 3.44151
201608132350, 3.53342
201608140000, 3.00022
201608140010, 2.04178
201608140020, 1.11892
201608140030, 0.33941
201608140040, 0.400391
201608140050, 0.395508
201608140100, 0.460286
201608140110, 0.32411
201608140120, 0.433702
201608140130, 0.849609
201608140140, 0.878472
201608140150, 0.356337
201608140200, 0.708984
201608140210, 0.6199
201608140220, 0.359918
201608140230, 0.23763
201608140240, 0.66428
201608140250, 0.3699
201608140300, 0.257812
201608140310, 0.398872
201608140320, 0.145508
201608140330, 0.322917
201608140340, 0.980469
201608140350, 0.56033
201608140400, 0.888238
201608140410, 1.3214
201608140420, 0.578125
201608140430, 0.958767
201608140440, 1.1288
201608140450, 0.636827
201608140500, 0.323025
201608140510, 0.664931
201608140520, 1.26758
201608140530, 0.763238
201608140540, 1.75629
201608140550, 1.03342
201608140600, 0.581597
201608140610, 0.550781
201608140620, 0.250543
201608140630, 0.631944
201608140640, 0.480577
201608140650, 0.397678
201608140700, 1.01335
201608140710, 1.08984
201608140720, 1.7589
201608140730, 1.77897
201608140740, 1.64258
201608140750, 3.94325
201608140800, 3.84429
201608140810, 4.89171
201608140820, 4.6951
201608140830, 5.4809
201608140840, 6.05252
201608140850, 5.77051
201608140900, 6.2296
201608140910, 8.6888
201608140920, 7.52235
201608140930, 9.10938
201608140940, 11.1319
201608140950, 13.175
201608141000, 12.8648
201608141010, 13.4581
201608141020, 16.5354
201608141030, 16.0969
201608141040, 14.1941
201608141050, 13.7439
201608141100, 15.0989
201608141110, 13.2574
201608141120, 12.3249
201608141130, 12.1738
201608141140, 11.4006
201608141150, 10.1335
201608141200, 9.53678
201608141210, 9.24609
201608141220, 10.1424
201608141230, 9.97906
201608141240, 10.5804
201608141250, 8.92502
201608141300, 8.63607
201608141310, 6.82422
201608141320, 7.3571
201608141330, 6.83919
201608141340, 6.80783
201608141350, 7.8967
201608141400, 7.02875
201608141410, 8.4439
201608141420, 7.6327
201608141430, 8.87609
201608141440, 8.78266
201608141450, 8.70009
201608141500, 9.18034
201608141510, 10.447
201608141520, 11.2922
201608141530, 11.0583
201608141540, 10.7578
201608141550, 11.2156
201608141600, 11.4608
201608141610, 9.6862
201608141620, 10.4475
201608141630, 10.6453
201608141640, 10.261
201608141650, 9.89974
201608141700, 10.2335
201608141710, 9.54091
201608141720, 10.6954
201608141730, 8.7934
201608141740, 9.11556
201608141750, 8.64638
201608141800, 8.38976
201608141810, 9.46213
201608141820, 8.57346
201608141830, 7.49186
201608141840, 8.64301
201608141850, 9.08225
201608141900, 8.46148
201608141910, 8.82053
201608141920, 8.73383
201608141930, 8.96408
201608141940, 8.30729
201608141950, 9.26595
201608142000, 8.0115
201608142010, 6.91797
201608142020, 7.84429
201608142030, 8.79351
201608142040, 8.28971
201608142050, 8.53136
201608142100, 8.08518
201608142110, 7.69054
201608142120, 7.46213
201608142130, 7.00336
201608142140, 5.99924
201608142150, 4.87164
201608142200, 4.53179
201608142210, 5.4464
201608142220, 5.43392
201608142230, 4.77452
201608142240, 4.7653
201608142250, 4.61513
201608142300, 5.61447
201608142310, 5.42687
201608142320, 7.16254
201608142330, 7.102
201608142340, 8.75608
201608142350, 8.09766
201608150000, 7.08702
201608150010, 5.94889
201608150020, 4.48882
201608150030, 4.16786
201608150040, 2.93066
201608150050, 3.66471
201608150100, 3.68967
201608150110, 3.43327
201608150120, 3.50901
201608150130, 4.03895
201608150140, 4.83073
201608150150, 4.34625
201608150200, 4.74957
201608150210, 4.46256
201608150220, 4.82812
201608150230, 4.82075
201608150240, 4.37901
201608150250, 3.66037
201608150300, 3.52626
201608150310, 3.24631
201608150320, 3.61013
201608150330, 3.43001
201608150340, 3.18696
201608150350, 2.68989
201608150400, 2.61263
201608150410, 2.39551
201608150420, 2.56912
201608150430, 2.27724
201608150440, 2.02463
201608150450, 1.26237
201608150500, 0.80447
201608150510, 0.845812
201608150520, 0.761393
201608150530, 0.402886
201608150540, 0.431641
201608150550, 0.426541
201608150600, 0.757487
201608150610, 1.74555
201608150620, 2.29926
201608150630, 2.75618
201608150640, 2.79264
201608150650, 2.48947
201608150700, 2.48611
201608150710, 2.24837
201608150720, 2.39963
201608150730, 2.20725
201608150740, 2.96115
201608150750, 2.75456
201608150800, 3.18305
201608150810, 3.53331
201608150820, 4.17274
201608150830, 4.62413
201608150840, 5.38466
201608150850, 5.89269
201608150900, 6.31901
201608150910, 6.20974
201608150920, 5.94021
201608150930, 5.59169
201608150940, 6.4107
201608150950, 5.85373
201608151000, 5.35601
201608151010, 6.18012
201608151020, 4.648
201608151030, 4.73828
201608151040, 5.34527
201608151050, 5.63487
201608151100, 5.63205
201608151110, 6.09288
201608151120, 6.08735
201608151130, 6.31142
201608151140, 6.72494
201608151150, 7.07595
201608151200, 6.51356
201608151210, 5.78147
201608151220, 4.9605
201608151230, 4.22418
201608151240, 4.03602
201608151250, 3.98579
201608151300, 4.15592
201608151310, 3.83843
201608151320, 4.14887
201608151330, 4.53559
201608151340, 4.38628
201608151350, 4.31988
201608151400, 4.94488
201608151410, 4.91287
201608151420, 5.08637
201608151430, 5.04362
201608151440, 5.09223
201608151450, 4.47233
201608151500, 4.35796
201608151510, 3.76302
201608151520, 3.72092
201608151530, 3.72342
201608151540, 2.54785
201608151550, 2.28928
201608151600, 1.3699
201608151610, 2.02018
201608151620, 1.1684
201608151630, 1.36773
201608151640, 1.88303
201608151650, 1.82737
201608151700, 1.69141
201608151710, 2.19661
201608151720, 1.92882
201608151730, 2.24186
201608151740, 2.55241
201608151750, 3.37316
201608151800, 2.69575
201608151810, 2.76454
201608151820, 2.80208
201608151830, 1.3699
201608151840, 1.39062
201608151850, 0
201608151900, 1.76606
201608151910, 1.85048
201608151920, 2.04633
201608151930, 2.78418
201608151940, 2.68631
201608151950, 2.68989
201608152000, 2.72786
201608152010, 3.34408
201608152020, 3.40354
201608152030, 3.59776
201608152040, 3.39442
201608152050, 3.39301
201608152100, 3.6633
201608152110, 3.79731
201608152120, 3.47515
201608152130, 3.18132
201608152140, 3.53895
201608152150, 3.42643
201608152200, 3.41005
201608152210, 3.26042
201608152220, 2.73839
201608152230, 2.25998
201608152240, 1.65289
201608152250, 1.35211
201608152300, 0.830295
201608152310, 0.76237
201608152320, 0.352973
201608152330, 0.563802
201608152340, 0.546767
201608152350, 0.713542
201608160000, 0.614366
201608160010, 0.871094
201608160020, 0.719727
201608160030, 1.05707
201608160040, 0.567817
201608160050, 0.712565
201608160100, 1.236
201608160110, 0.828668
201608160120, 0.870551
201608160130, 0.947808
201608160140, 0.983724
201608160150, 0.623915
201608160200, 0.146701
201608160210, 0.314453
201608160220, 0.271484
201608160230, 0.307834
201608160240, 0.385634
201608160250, 0.582791
201608160300, 0.510959
201608160310, 0.180881
201608160320, 0.0977648
201608160330, 0.323568
201608160340, 0.349826
201608160350, 0.0678168
201608160400, 0.154948
201608160410, 0.121094
201608160420, 0.0833333
201608160430, 0.0417752
201608160440, 0.0240885
201608160450, 0.015625
201608160500, 0.00911458
201608160510, 0.00759549
201608160520, 0.00640191
201608160530, 0.0110677
201608160540, 0.00748698
201608160550, 0.0110677
201608160600, 0.00824653
201608160610, 0.0101997
201608160620, 0.00423177
201608160630, 0.00423177
201608160640, 0.0289714
201608160650, 0.00575087
201608160700, 0.00716146
201608160710, 0.00824653
201608160720, 0.0130208
201608160730, 0.0163845
201608160740, 0.0272352
201608160750, 0.00292969
201608160800, 0.0359158
201608160810, 0.0117188
201608160820, 0.0240885
201608160830, 0.351345
201608160840, 0.697591
201608160850, 0.115885
201608160900, 0.223307
201608160910, 0.483832
201608160920, 0.692057
201608160930, 0.923828
201608160940, 0.287869
201608160950, 0.45204
201608161000, 0.106771
201608161010, 0.00227865
201608161020, 0.0568576
201608161030, 0.174154
201608161040, 0.162001
201608161050, 0.039171
201608161100, 0.0093316
201608161110, 0.0062934
201608161120, 0.00434028
201608161130, 0
201608161140, 0.00184462
201608161150, 0.0638021
201608161200, 0.0201823
201608161210, 0.070638
201608161220, 0.0413411
201608161230, 0.0838759
201608161600, 0.077908
201608161630, 0.0116102
201608161640, 0.0238715
201608161650, 0.0289714
201608161700, 0.0372179
201608161710, 0.0392795
201608161720, 0.0362413
201608161730, 0
201608161740, 0.0411241
201608161750, 0.0263672
201608161800, 0.0159505
201608161810, 0.0416667
201608161820, 0.0536024
201608161830, 0.236328
201608161840, 0.382378
201608161850, 0
201608161900, 0.334852
201608161910, 0.837782
201608161920, 0.726454
201608161930, 1.47928
201608161940, 1.71018
201608161950, 1.35536
201608162000, 1.46257
201608162010, 1.79264
201608162020, 2.26823
201608162030, 2.28819
201608162040, 2.61274
201608162050, 2.1773
201608162100, 1.4822
201608162110, 2.28852
201608162120, 1.59722
201608162130, 1.25401
201608162140, 1.45497
201608162150, 1.62359
201608162200, 1.60677
201608162210, 1.61513
201608162220, 1.30067
201608162230, 1.07541
201608162240, 0.47526
201608162250, 0.175673
201608162300, 0.0979818
201608162310, 0.0762804
201608162320, 0.0126953
201608162330, 0.00509983
201608162340, 0.0138889
201608162350, 0.00835503
201608170000, 0.0110677
201608170010, 0.0180122
201608170020, 0.0278863
201608170030, 0.00520833
201608170040, 0.0155165
201608170050, 0.0277778
201608170100, 0.0132378
201608170110, 0.00325521
201608170120, 0.0157335
201608170130, 0.000108507
201608170150, 0.109809
201608170210, 0.774957
201608170220, 0.496528
201608170230, 0.342556
201608170240, 1.14583
201608170250, 1.36784
201608170300, 1.32715
201608170310, 1.51628
201608170320, 0.995334
201608170330, 2.32541
201608170340, 2.49642
201608170350, 2.74208
201608170400, 3.10102
201608170410, 3.00684
201608170420, 2.69358
201608170430, 1.86285
201608170440, 1.96419
201608170450, 1.93479
201608170500, 1.5472
201608170510, 1.65972
201608170520, 1.68978
201608170530, 3.64746
201608170540, 3.72135
201608170550, 2.79644
201608170600, 1.05447
201608170610, 0.962457
201608170620, 0.802517
201608170630, 0.648112
201608170640, 1.18815
201608170650, 1.17426
201608170700, 1.3151
201608170710, 1.22906
201608170720, 1.4515
201608170730, 2.36057
201608170740, 1.43392
201608170750, 1.17643
201608170800, 0.990234
201608170810, 0.176975
201608170820, 0.276042
201608170830, 2.60558
201608170840, 2.32389
201608170850, 2.29275
201608170900, 3.01161
201608170910, 1.72493
201608170920, 2.80892
201608170930, 4.22797
201608170940, 5.44195
201608170950, 5.03353
201608171000, 5.27734
201608171010, 5.3572
201608171020, 5.26888
201608171030, 5.31977
201608171040, 5.48025
201608171050, 5.57194
201608171100, 3.95757
201608171110, 2.6301
201608171120, 4.22472
201608171130, 5.33594
201608171140, 4.58735
201608171150, 5.10829
201608171200, 4.8712
201608171210, 5.52713
201608171220, 4.16124
201608171230, 2.18392
201608171240, 2.25011
201608171250, 3.02257
201608171300, 3.60764
201608171310, 3.97125
201608171520, 0
201608171600, 3.03494
201608171610, 3.73427
201608171620, 3.37153
201608171630, 3.3622
201608171640, 2.61849
201608171650, 3.33507
201608171700, 3.09332
201608171850, 2.35471
201608171900, 1.9273
201608171910, 1.89692
201608171920, 1.10113
201608171930, 0.79362
201608171940, 1.07964
201608171950, 1.02539
201608172000, 0.91135
201608172010, 1.18652
201608172020, 0.955078
201608172030, 0.70128
201608172040, 0.621636
201608172050, 0.360135
201608172100, 0.19694
201608172110, 0
201608172120, 0.0843099
201608172130, 0.139106
201608172140, 0.113173
201608172150, 0.116102
201608172200, 0.238281
201608172210, 0.164171
201608172220, 0.0884332
201608172230, 0.0447049
201608172240, 0.0503472
201608172250, 0.0148655
201608172300, 0.0117188
201608172310, 0.40701
201608172320, 0.401584
201608172330, 0.381402
201608172340, 0.196615
201608172350, 0.137261
201608180000, 0.239692
201608180010, 0.213433
201608180020, 0.0600043
201608180030, 0.718099
201608180040, 1.03624
201608180050, 1.63661
201608180100, 1.97439
201608180110, 2.7322
201608180120, 2.49251
201608180130, 3.02528
201608180140, 3.26736
201608180200, 5.38487
201608180210, 4.75087
201608180220, 3.676
201608180230, 2.90039
201608180240, 2.49566
201608180250, 1.56738
201608180300, 0.980686
201608180310, 0.123915
201608180320, 0.160699
201608180330, 0.220161
201608180340, 0.213542
201608180400, 0.0474175
201608180410, 0.00813802
201608180420, 0.00477431
201608180430, 0.0529514
201608180440, 0.455838
201608180450, 0.232205
201608180500, 0.146918
201608180510, 0.0793186
201608180520, 0.00444878
201608180530, 0.00846354
201608180540, 0.0266927
201608180550, 0.054796
201608180600, 0.10319
201608180610, 0.0638021
201608180620, 0.379666
201608180630, 0.635308
201608180640, 0.200955
201608180650, 0.244683
201608180700, 0.541884
201608180710, 0.681966
201608180720, 0.703234
201608180730, 0.807943
201608180740, 0.396484
201608180750, 0.00878906
201608180800, 0.21148
201608180810, 0.31326
201608180820, 0.261393
201608180830, 0.100586
201608180840, 0.371528
201608180850, 0.0780165
201608180900, 0.159288
201608180910, 0
201608180920, 0
201608180930, 0.0016276
201608180940, 0.000434028
201608180950, 0.00336372
201608181000, 0.000542535
201608181010, 0.000542535
201608181020, 0.000542535
201608181030, 0.000217014
201608181040, 0.000108507
201608181050, 0.00271267
201608181100, 0.00347222
201608181110, 0
201608181120, 0
201608181130, 0.00737847
201608181140, 0.159722
201608181150, 0.00108507
201608181200, 0
201608181210, 0.0532769
201608181220, 0.396376
201608181230, 0.104275
201608181240, 0.000759549
201608181250, 0.00509983
201608181300, 0.0983073
201608181310, 0.0898438
201608181320, 0.00379774
201608181330, 0.00303819
201608181340, 0
201608181350, 0.000434028
201608181400, 0
201608181410, 0.0181207
201608181420, 0.0360243
201608181430, 0.14974
201608181440, 0.000976562
201608181450, 0.00325521
201608181500, 0.00553385
201608181510, 0.00824653
201608181520, 0.00661892
201608181530, 0.00271267
201608181540, 0.00998264
201608181550, 0.100369
201608181600, 0.00878906
201608181610, 0.0169271
201608181620, 0.0157335
201608181630, 0.148438
201608181640, 0.0254991
201608181650, 0.00726997
201608181700, 0.00108507
201608181720, 0.000217014
201608181730, 0.0145399
201608181740, 0.00292969
201608181750, 0
201608181800, 0.200629
201608181810, 0.0172526
201608181820, 0.00260417
201608181830, 0.0212674
201608181840, 0.11122
201608181850, 0.000759549
201608181900, 0.00271267
201608181910, 0.00922309
201608181920, 0.0270182
201608181930, 0.00726997
201608181940, 0.00217014
201608181950, 0.26747
201608182000, 0.110352
201608182010, 0.0016276
201608182020, 0
201608182030, 0.00206163
201608182040, 0.0130208
201608182050, 0.00477431
201608182100, 0
201608182110, 0.0195312
201608182120, 0
201608182130, 0.00379774
201608182140, 0.000217014
201608182150, 0.0190972
201608182200, 0.000325521
201608182210, 0.0159505
201608182220, 0
201608182230, 0.0224609
201608182240, 0
201608182250, 0.00401476
201608182300, 0.000542535
201608182310, 0.000325521
201608182320, 0.0298394
201608182330, 0.00564236
201608182340, 0.00206163
201608182350, 0.00108507
201608190000, 0.00716146
201608190010, 0.00987413
201608190020, 0.00423177
201608190030, 0.0284288
201608190040, 0.024197
201608190050, 0.258138
201608190100, 0.842665
201608190110, 1.24425
201608190120, 2.20399
201608190130, 1.97548
201608190140, 2.2258
201608190150, 2.32552
201608190200, 0
201608190210, 2.26508
201608190220, 2.32107
201608190230, 2.57411
201608190240, 2.26877
201608190250, 1.17253
201608190300, 1.5217
201608190310, 0.483507
201608190320, 0.493815
201608190330, 0.0791016
201608190340, 0.129991
201608190350, 0.0340712
201608190400, 0.321506
201608190410, 0.0439453
201608190420, 0.28928
201608190430, 0.0818142
201608190440, 0.0349392
201608190450, 0.0214844
201608190500, 0.0279948
201608190510, 0.00585938
201608190520, 0.000868056
201608190530, 0.00770399
201608190540, 0.0429688
201608190550, 0.0181207
201608190600, 0.0181207
201608190610, 0.134766
201608190620, 0.295139
201608190630, 0.0378689
201608190640, 0
201608190650, 0.000542535
201608190700, 0
201608190710, 0.340495
201608190720, 0.546875
201608190730, 0.0292969
201608190740, 0.345378
201608190750, 0.392036
201608190800, 0.525933
201608190810, 0.59592
201608190820, 0.46658
201608190830, 0.441949
201608190840, 0.579536
201608190850, 0.465712
201608190900, 0.724718
201608190910, 0.258355
201608190920, 0.127496
201608190930, 0.159939
201608190940, 0.0159505
201608190950, 0.317491
201608191000, 0.454319
201608191010, 0.271593
201608191020, 0.247287
201608191030, 0.210178
201608191040, 0.0823568
201608191050, 0.261502
201608191100, 0.0104167
201608191110, 0.00542535
201608191120, 0.000434028
201608191130, 0.00206163
201608191140, 0.0465495
201608191150, 0.0588108
201608191200, 0.00477431
201608191210, 0.0578342
201608191220, 0.00998264
201608191230, 0.039605
201608191240, 0.1301
201608191250, 0.0857205
201608191300, 0.0386285
201608191310, 0.0775825
201608191320, 0.204753
201608191330, 1.00553
201608191340, 1.0153
201608191350, 1.13856
201608191400, 1.25814
201608191410, 1.73589
201608191420, 1.86111
201608191430, 1.4834
201608191440, 2.00684
201608191450, 1.68273
201608191500, 2.22667
201608191510, 2.72624
201608191520, 2.61491
201608191530, 2.03863
201608191540, 1.97635
201608191550, 2.05805
201608191600, 1.98492
201608191610, 2.26487
201608191620, 2.56955
201608191630, 2.27062
201608191640, 2.24371
201608191650, 2.23177
201608191700, 1.69998
201608191710, 1.50239
201608191720, 2.07856
201608191730, 2.0178
201608191740, 1.29275
201608191750, 1.50098
201608191800, 1.21788
201608191810, 1.66265
201608191820, 1.84397
201608191830, 2.1072
201608191840, 2.36675
201608191850, 1.86871
201608191900, 2.40039
201608191910, 2.42263
201608191920, 2.12684
201608191930, 2.66092
201608191940, 3.15549
201608191950, 3.06532
201608192000, 3.09766
201608192010, 3.37272
201608192020, 4.04145
201608192030, 4.07422
201608192040, 3.85764
201608192050, 3.77387
201608192100, 4.06478
201608192110, 3.588
201608192120, 3.4324
201608192130, 3.42839
201608192140, 2.91428
201608192150, 3.05946
201608192200, 2.5485
201608192210, 2.47146
201608192220, 1.97711
201608192230, 1.51801
201608192240, 1.59852
201608192250, 1.85221
201608192300, 1.87066
201608192310, 1.73069
201608192320, 1.59505
201608192330, 1.51031
201608192340, 0.981445
201608192350, 0.63878
201608200000, 0.00759549
201608200010, 0.0243056
201608200020, 0.243815
201608200030, 0.859267
201608200040, 3.31326
201608200050, 4.35004
201608200100, 4.6467
201608200110, 4.23785
201608200120, 4.99023
201608200130, 5.08019
201608200140, 5.83637
201608200150, 5.71571
201608200200, 6.00792
201608200210, 4.86187
201608200220, 3.95041
201608200230, 3.84657
201608200240, 3.89008
201608200250, 3.95953
201608200300, 3.62207
201608200310, 3.32541
201608200320, 2.13987
201608200330, 2.59484
201608200340, 2.02051
201608200350, 1.9158
201608200400, 1.63878
201608200410, 1.63607
201608200420, 1.27138
201608200430, 1.11979
201608200440, 1.00369
201608200450, 0.961046
201608200500, 0.961914
201608200510, 0.75727
201608200520, 0.713325
201608200530, 0.529622
201608200540, 0.370877
201608200550, 0.248264
201608200600, 0.0426432
201608200610, 0.0712891
201608200620, 0.071072
201608200630, 0.0243056
201608200640, 0.00488281
201608200650, 0.0234375
201608200700, 0.0276693
201608200710, 0.0170356
201608200720, 0.0138889
201608200730, 0.00585938
201608200740, 0.0528429
201608200750, 0.00282118
201608200800, 0.0219184
201608200810, 0.0401476
201608200820, 0.0416667
201608200830, 0.0386285
201608200840, 0.106554
201608200850, 0.0810547
201608200900, 0.0580512
201608200910, 0.0159505
201608200920, 0.0480686
201608200930, 0.0345052
201608200940, 0.000759549
201608200950, 0.0016276
201608201000, 0
201608201010, 0.000217014
201608201020, 0.000542535
201608201030, 0
201608201040, 0.00217014
201608201050, 0.00130208
201608201100, 0
201608201110, 0.00227865
201608201120, 0.0015191
201608201130, 0
201608201140, 0.000542535
201608201150, 0.262804
201608201210, 0.000542535
201608201220, 0.0214844
201608201230, 0.104058
201608201240, 0
201608201250, 0.0566406
201608201300, 0.0638021
201608201310, 0.0820312
201608201330, 0.16428
201608201340, 0.269097
201608201350, 0.249457
201608201400, 0.382378
201608201410, 0.623372
201608201420, 0.734701
201608201430, 0.725043
201608201440, 0.761936
201608201450, 0.537543
201608201500, 0.284722
201608201510, 0.560547
201608201520, 0.366319
201608201530, 0.456706
201608201540, 0.219076
201608201550, 0.828234
201608201600, 0.980035
201608201610, 0.37207
201608201620, 0.963542
201608201630, 1.61697
201608201640, 1.6161
201608201650, 1.97374
201608201700, 2.5931
201608201710, 2.87012
201608201720, 3.28277
201608201730, 3.53733
201608201740, 3.52886
201608201750, 3.69076
201608201800, 3.70009
201608201810, 3.713
201608201820, 3.69748
201608201830, 3.29937
201608201840, 3.25087
201608201850, 2.89724
201608201900, 2.79026
201608201910, 2.61209
201608201920, 2.17828
201608201930, 1.91623
201608201940, 2.19542
201608201950, 1.94054
201608202000, 1.85438
201608202010, 2.07964
201608202020, 1.96842
201608202030, 1.97309
201608202040, 1.79069
201608202050, 1.81966
201608202100, 1.92405
201608202110, 1.79036
201608202120, 1.84603
201608202130, 1.87869
201608202140, 1.8112
201608202150, 1.68153
201608202200, 1.56727
201608202210, 1.56793
201608202220, 1.69835
201608202230, 1.6454
201608202240, 1.69097
201608202250, 1.28505
201608202300, 1.17914
201608202310, 1.03798
201608202320, 0.798394
201608202330, 0.665582
201608202340, 0.0016276
201608202350, 0.00564236
201608210000, 0.00596788
201608210010, 0.00423177
201608210020, 0.00564236
201608210030, 0
201608210040, 0.0171441
201608210050, 0.024197
201608210100, 0.111545
201608210110, 0.183268
201608210120, 0.244575
201608210130, 0.132812
201608210140, 0.0963542
201608210150, 0.0134549
201608210200, 0.153863
201608210210, 0.109266
201608210220, 0.235894
201608210230, 0.124566
201608210240, 0.156358
201608210250, 0.236871
201608210300, 0.393446
201608210310, 0.245226
201608210320, 0.494466
201608210330, 0.314996
201608210340, 0.278212
201608210350, 0.248481
201608210400, 0.0671658
201608210410, 0.106988
201608210420, 0.112196
201608210430, 0.0924479
201608210440, 0.0259332
201608210450, 0.0477431
201608210500, 0
201608210510, 0.0109592
201608210520, 0.014974
201608210530, 0.0108507
201608210540, 0.0046658
201608210550, 0.0179036
201608210600, 0.00379774
201608210610, 0.00444878
201608210620, 0.00661892
201608210630, 0.0251736
201608210640, 0.00444878
201608210650, 0.00271267
201608210700, 0.0340712
201608210710, 0.0317925
201608210720, 0.00575087
201608210730, 0.00564236
201608210740, 0.00651042
201608210750, 0.0106337
201608210800, 0.00748698
201608210810, 0.00813802
201608210820, 0.0478516
201608210830, 0.0219184
201608210840, 0.0996094
201608210850, 0.0224609
201608210900, 0.00672743
201608210910, 0.00802951
201608210920, 0.0031467
201608210930, 0.00477431
201608210940, 0.000651042
201608210950, 0
201608211000, 0.000217014
201608211010, 0.00813802
201608211020, 0.00564236
201608211030, 0
201608211040, 0.000651042
201608211050, 0.00292969
201608211100, 0.00379774
201608211110, 0.0016276
201608211120, 0
201608211130, 0.000217014
201608211140, 0.00390625
201608211150, 0.00607639
201608211200, 0.0122613
201608211210, 0.00173611
201608211220, 0.016276
201608211230, 0.0269097
201608211240, 0.0578342
201608211250, 0.0366753
201608211300, 0.0283203
201608211310, 0
201608211320, 0.00206163
201608211330, 0.00368924
201608211340, 0.0101997
201608211350, 0.0289714
201608211400, 0
201608211410, 0.016276
201608211420, 0.156141
201608211430, 0.0232205
201608211440, 0.114149
201608211450, 0.145942
201608211500, 0.134657
201608211510, 0.176975
201608211520, 0.0406901
201608211530, 0.202365
201608211550, 0.0289714
201608211600, 0.246094
201608211610, 0.0948351
201608211620, 0.341037
201608211630, 0.426866
201608211640, 0.207357
201608211650, 0.277995
201608211700, 0.229926
201608211710, 0.183811
201608211720, 0.270291
201608211730, 0.122287
201608211740, 0.00379774
201608211750, 0.00748698
201608211800, 0.175673
201608211810, 0.0536024
201608211820, 0.0232205
201608211830, 0.153537
201608211840, 0.015191
201608211850, 0.0061849
201608211900, 0.0236545
201608211910, 0
201608211920, 0.0206163
201608211930, 0.00488281
201608211950, 0.00206163
201608212000, 0
201608212010, 0.000542535
201608212020, 0.000868056
201608212040, 0.0240885
201608212050, 0.0016276
201608212110, 0.00846354
201608212120, 0.0106337
201608212130, 0.00802951
201608212140, 0.00379774
201608212150, 0.0413411
201608212200, 0.0182292
201608212220, 0.0214844
201608212230, 0.0288628
201608212240, 0.00661892
201608212250, 0.00358073
201608212300, 0.0221354
201608212310, 0
201608212320, 0.00596788
201608212330, 0.00976562
201608212340, 0.00271267
201608212350, 0.00520833
201608220000, 0.00434028
201608220010, 0.00303819
201608220020, 0.00694444
201608220030, 0.0062934
201608220040, 0.00499132
201608220050, 0.00846354
201608220100, 0.000434028
201608220110, 0.015408
201608220130, 0.0448134
201608220140, 0.0062934
201608220150, 0.00108507
201608220200, 0.0487196
201608220210, 0.0521918
201608220220, 0.104275
201608220230, 0.0256076
201608220240, 0.038303
201608220250, 0.0411241
201608220300, 0
201608220310, 0.0181207
201608220320, 0
201608220330, 0.00596788
201608220340, 0.0120443
201608220350, 0.0946181
201608220400, 0.0061849
201608220410, 0.0806207
201608220420, 0.00347222
201608220430, 0.00748698
201608220440, 0.00509983
201608220450, 0.00878906
201608220500, 0.0460069
201608220510, 0
201608220520, 0.00922309
201608220530, 0.00813802
201608220540, 0
201608220550, 0.00868056
201608220600, 0.00141059
201608220610, 0.00206163
201608220620, 0.00206163
201608220630, 0.00130208
201608220640, 0.000759549
201608220650, 0.000325521
201608220700, 0.000108507
201608220710, 0
201608220720, 0.000108507
201608220740, 0.00130208
201608220750, 0.00368924
201608220800, 0
201608220810, 0
201608220820, 0.00998264
201608220830, 0
201608220840, 0
201608220850, 0
201608220900, 0
201608220910, 0.0772569
201608220920, 0
201608220930, 0
201608220940, 0.167101
201608220950, 0
201608221000, 0.00108507
201608221010, 0.0137804
201608221020, 0.0109592
201608221030, 0.133355
201608221040, 0.000325521
201608221050, 0
201608221100, 0.00217014
201608221110, 0
201608221120, 0.000759549
201608221130, 0.00217014
201608221140, 0.0409071
201608221200, 0.506619
201608221210, 0.543077
201608221220, 1.71647
201608221230, 0.875868
201608221240, 1.27452
201608221250, 2.1888
201608221300, 0
201608221310, 1.2679
201608221320, 1.79731
201608221330, 1.60916
201608221340, 0
201608221350, 0.300022
201608221400, 0.498589
201608221410, 1.0689
201608221420, 0.0665148
201608221430, 0
201608221440, 0
201608221450, 0.039171
201608221500, 0.000976562
201608221510, 0
201608221520, 0
201608221530, 0.232964
201608221540, 0
201608221550, 0
201608221600, 0.0251736
201608221610, 0.147352
201608221620, 0.0342882
201608221630, 0.0635851
201608221640, 0.201606
201608221650, 0.000976562
201608221700, 0.191623
201608221710, 0.261285
201608221720, 0.16862
201608221730, 0.198351
201608221740, 0.753147
201608221750, 0.812717
201608221800, 1.0242
201608221810, 1.03668
201608221820, 0.621636
201608221830, 1.77203
201608221840, 1.66547
201608221850, 1.20302
201608221900, 2.09744
201608221910, 2.66645
201608221920, 2.08062
201608221930, 2.03277
201608221940, 2.2143
201608221950, 2.08605
201608222000, 2.93424
201608222010, 2.22656
201608222020, 2.88737
201608222030, 1.91048
201608222040, 2.77051
201608222050, 2.09646
201608222100, 2.72038
201608222110, 2.15473
201608222120, 2.63411
201608222130, 2.70117
201608222140, 1.38433
201608222150, 2.45562
201608222200, 2.37684
201608222210, 2.00369
201608222220, 2.07498
201608222230, 2.29188
201608222240, 1.4719
201608222250, 1.81
201608222300, 0.768229
201608222310, 0.866862
201608222320, 0.652778
201608222330, 0.651367
201608222340, 0.418186
201608222350, 0.183377
201608230000, 0
201608230010, 0.789279
201608230020, 0.420898
201608230030, 0.939019
201608230040, 0.283312
201608230050, 1.51204
201608230100, 2.08832
201608230110, 3.45562
201608230120, 3.1403
201608230130, 3.32346
201608230140, 2.93826
201608230150, 3.56391
201608230200, 3.31131
201608230210, 3.63194
201608230220, 3.34115
201608230230, 3.40169
201608230240, 3.08952
201608230250, 2.95052
201608230300, 2.17122
201608230310, 3.10579
201608230320, 3.06684
201608230330, 2.66526
201608230340, 3.0803
201608230350, 2.79731
201608230400, 2.35883
201608230410, 3.00336
201608230420, 1.99891
201608230430, 2.18859
201608230440, 1.85742
201608230450, 1.9349
201608230500, 1.94108
201608230510, 1.58974
201608230520, 1.59592
201608230530, 1.28961
201608230540, 1.69803
201608230550, 1.38943
201608230600, 1.7678
201608230610, 1.33832
201608230620, 0.998047
201608230630, 1.52192
201608230640, 1.59288
201608230650, 0.839735
201608230700, 1.40907
201608230710, 1.36209
201608230720, 0.582357
201608230730, 0.264974
201608230740, 0.470812
201608230750, 0.00206163
201608230800, 0.00358073
201608230810, 0.00694444
201608230820, 0.0078125
201608230830, 0.000868056
201608230840, 0.00412326
201608230850, 0.0211589
201608230900, 0.000217014
201608230910, 0.00336372
201608230920, 0.00108507
201608230930, 0
201608230940, 0.000651042
201608231000, 0
201608231010, 0.00130208
201608231020, 0
201608231030, 0
201608231040, 0.00748698
201608231050, 0.00108507
201608231100, 0
201608231110, 0.0062934
201608231120, 0.000217014
201608231130, 0.00434028
201608231140, 0
201608231150, 0
201608231200, 0.000217014
201608231210, 0.000325521
201608231220, 0.0015191
201608231230, 0.00596788
201608231240, 0
201608231250, 0.000651042
201608231300, 0
201608231310, 0.00434028
201608231320, 0.00585938
201608231330, 0.00802951
201608231340, 0.0225694
201608231350, 0.0206163
201608231400, 0.000217014
201608231410, 0.00271267
201608231420, 0.00292969
201608231430, 0.000108507
201608231440, 0.00748698
201608231450, 0.00434028
201608231500, 0.00195312
201608231510, 0.00640191
201608231520, 0.00564236
201608231530, 0.00238715
201608231550, 0
201608231600, 0
201608231610, 0.00824653
201608231620, 0
201608231630, 0
201608231640, 0
201608231650, 0.194444
201608231700, 0.0442708
201608231710, 0.0236545
201608231720, 0.0763889
201608231730, 0.335938
201608231740, 0.603082
201608231750, 0.355469
201608231800, 0.25
201608231820, 1.89193
201608231830, 0.167101
201608231840, 0.498047
201608231850, 0
201608231900, 0.50076
201608231910, 1.63813
201608231920, 1.4018
201608231930, 1.56673
201608231940, 2.25977
201608231950, 2.94184
201608232000, 2.68273
201608232010, 1.29015
201608232020, 2.25184
201608232030, 2.86675
201608232040, 2.04004
201608232050, 1.22407
201608232100, 2.86372
201608232110, 2.58843
201608232120, 1.63987
201608232140, 0.231879
201608232150, 0.693251
201608232200, 0.312826
201608232210, 0.353299
201608232220, 0.32487
201608232230, 0
201608232240, 0.415799
201608232250, 0.559896
201608232300, 0.908095
201608232310, 1.27235
201608232320, 1.12359
201608232330, 0.612196
201608232340, 1.02181
201608232350, 0.822483
201608240000, 0.00488281
201608240010, 0.120443
201608240020, 0.779839
201608240030, 0.716146
201608240040, 0.801432
201608240050, 0.55816
201608240100, 0.348958
201608240110, 0.580187
201608240120, 0.425456
201608240130, 0.39247
201608240140, 0.212131
201608240150, 0.200195
201608240200, 0.15701
201608240210, 0.00455729
201608240220, 0.0285373
201608240230, 0.000434028
201608240240, 0.00336372
201608240250, 0.0094401
201608240300, 0.0754123
201608240310, 0.251085
201608240320, 0.0194227
201608240330, 0.00260417
201608240340, 0.177843
201608240350, 0
201608240400, 0.0828993
201608240410, 0
201608240420, 0
201608240430, 0.00726997
201608240440, 0.00813802
201608240450, 0
201608240500, 0.0100911
201608240510, 0.0121528
201608240520, 0.000108507
201608240530, 0.00553385
201608240540, 0
201608240550, 0.000651042
201608240600, 0.0136719
201608240610, 0.0501302
201608240620, 0
201608240630, 0.0295139
201608240650, 0.0373264
201608240700, 0.00705295
201608240710, 0.0381944
201608240720, 0.0111762
201608240730, 0.0094401
201608240740, 0.0016276
201608240750, 0.00542535
201608240800, 0
201608240810, 0.0746528
201608240820, 0.000651042
201608240830, 0.0458984
201608240840, 0.0587023
201608240850, 0.00141059
201608240900, 0.000759549
201608240910, 0.00542535
201608240920, 0.000108507
201608240930, 0
201608240940, 0
201608240950, 0.000434028
201608241000, 0.00585938
201608241010, 0
201608241020, 0.000217014
201608241030, 0.000542535
201608241040, 0.00141059
201608241050, 0
201608241100, 0.00509983
201608241110, 0.00575087
201608241120, 0.000325521
201608241130, 0.000108507
201608241140, 0
201608241150, 0.0152995
201608241200, 0.0133464
201608241210, 0.0016276
201608241220, 0.00444878
201608241230, 0.00292969
201608241240, 0.0046658
201608241250, 0.0120443
201608241300, 0.016059
201608241310, 0.00705295
201608241320, 0.00488281
201608241330, 0.00542535
201608241340, 0.00358073
201608241350, 0.0146484
201608241400, 0.00260417
201608241410, 0.00824653
201608241420, 0.00835503
201608241430, 0.0093316
201608241440, 0.023546
201608241550, 0.327582
201608241600, 0.307509
201608241610, 0.311306
201608241620, 0.293945
201608241630, 0.276042
201608241650, 0.126411
201608241700, 0.0421007
201608241710, 0.36849
201608241720, 0.0712891
201608241730, 0.00292969
201608241740, 0.0199653
201608241750, 0.0207248
201608241800, 0
201608241810, 0.278212
201608241820, 0.118924
201608241830, 0.0367839
201608241840, 0.412977
201608241850, 0.500868
201608241900, 0
201608241910, 1.09559
201608241920, 0.894097
201608241930, 0.823893
201608241940, 0.483073
201608241950, 0.391059
201608242000, 0.0061849
201608242010, 0.053928
201608242020, 0
201608242030, 0
201608242040, 0.0834418
201608242050, 0.00108507
201608242100, 0
201608242110, 0
201608242120, 0.000108507
201608242130, 0.00336372
201608242140, 0.0923394
201608242150, 0.00292969
201608242200, 0.055447
201608242210, 0.0583767
201608242220, 0.262587
201608242240, 0.149957
201608242250, 0.0441623
201608242300, 0.166124
201608242310, 0.00900608
201608242320, 0.00141059
201608242330, 0
201608242340, 0.000108507
201608242350, 0.00292969
201608250000, 0.00954861
201608250010, 0.0146484
201608250020, 0.00108507
201608250030, 0.00423177
201608250040, 0.00737847
201608250050, 0.00520833
201608250100, 0.00911458
201608250110, 0.00716146
201608250120, 0.0217014
201608250130, 0.0078125
201608250140, 0.0291884
201608250150, 0.00390625
201608250200, 0.000434028
201608250210, 0.0248481
201608250220, 0.0046658
201608250230, 0.00596788
201608250240, 0.00412326
201608250250, 0.0180122
201608250300, 0.0119358
201608250310, 0.00824653
201608250320, 0.00868056
201608250330, 0.054145
201608250340, 0.00509983
201608250350, 0.00217014
201608250400, 0.0211589
201608250410, 0.0315755
201608250420, 0.0195312
201608250430, 0.0324436
201608250440, 0.0108507
201608250450, 0.0078125
201608250510, 0.0164931
201608250520, 0.030816
201608250530, 0.0144314
201608250540, 0.0138889
201608250550, 0.00585938
201608250600, 0.00683594
201608250610, 0.00564236
201608250620, 0.00564236
201608250630, 0
201608250640, 0.00705295
201608250650, 0.0103082
201608250700, 0.00726997
201608250710, 0.00509983
201608250720, 0.00282118
201608250730, 0.00390625
201608250740, 0.00141059
201608250750, 0.00444878
201608250800, 0.00705295
201608250810, 0
201608250820, 0.062717
201608250830, 0.146593
201608250840, 0.0453559
201608250850, 0.0492622
201608250900, 0.0108507
201608250910, 0.0144314
201608250920, 0.000759549
201608250930, 0.0311415
201608250940, 0.142253
201608250950, 0.128472
201608251000, 0.0290799
201608251010, 0.139431
201608251020, 0.14681
201608251030, 0.730252
201608251040, 0.391385
201608251050, 0.454753
201608251100, 0.150933
201608251110, 0.432834
201608251120, 0.0634766
201608251130, 0.400391
201608251140, 0.89605
201608251150, 0.878147
201608251200, 1.03114
201608251210, 0.58865
201608251220, 0.54579
201608251230, 0.077908
201608251240, 0.177626
201608251250, 0.0392795
201608251300, 0.00130208
201608251310, 0.0196398
201608251320, 0.0526259
201608251330, 0.305339
201608251340, 0
201608251350, 0.201389
201608251400, 0.0996094
201608251410, 0.508572
201608251420, 0.732205
201608251430, 0.597005
201608251440, 0.546658
201608251450, 0.466688
201608251500, 0.965278
201608251510, 0.169705
201608251520, 0.322374
201608251530, 0.0690104
201608251540, 0.71799
201608251550, 0.483615
201608251600, 0.199653
201608251610, 0.201931
201608251620, 0.613824
201608251630, 0.399631
201608251640, 0.559679
201608251650, 0.155165
201608251700, 0.426432
201608251710, 0.196723
201608251720, 0.49273
201608251730, 0.178711
201608251740, 0
201608251750, 0.278537
201608251800, 0
201608251810, 0.424588
201608251820, 0.287218
201608251830, 0.0672743
201608251840, 0.469944
201608251850, 0.119249
201608251900, 0.350043
201608251910, 0.302083
201608251920, 0.11849
201608251930, 0.425564
201608251940, 0.176215
201608251950, 0.0168186
201608252000, 0.154405
201608252010, 0.963542
201608252020, 0.496853
201608252030, 0.828776
201608252040, 0.699761
201608252050, 0.573676
201608252100, 0.33355
201608252110, 0.399631
201608252120, 0.923937
201608252130, 0.572808
201608252140, 0.448025
201608252150, 0.484267
201608252200, 0.527669
201608252210, 1.38118
201608252220, 1.98025
201608252230, 1.8393
201608252240, 1.86263
201608252250, 1.1173
201608252300, 1.5408
201608252310, 1.14768
201608252330, 0.78776
201608252340, 0.747613
201608252350, 0.23546
201608260000, 0.925673
201608260010, 0.0294054
201608260020, 0.407986
201608260030, 0.299045
201608260040, 0.487413
201608260050, 0.636719
201608260100, 0.365343
201608260110, 0.468099
201608260120, 0.810221
201608260130, 1.17839
201608260140, 0
201608260150, 1.18924
201608260200, 2.34125
201608260210, 2.7054
201608260220, 3.55632
201608260230, 3.7296
201608260240, 4.40115
201608260250, 4.35558
201608260300, 4.59874
201608260310, 4.41862
201608260320, 4.62934
201608260330, 4.67036
201608260350, 5.14138
201608260400, 5.10742
201608260410, 5.41081
201608260420, 5.48633
201608260430, 0
201608260440, 5.76487
201608260450, 5.59776
201608260500, 0
201608260510, 5.6875
201608260520, 5.33247
201608260530, 4.8622
201608260540, 5.16298
201608260550, 5.0804
201608260600, 4.74338
201608260610, 0
201608260620, 0
201608260630, 4.23025
201608260640, 4.41775
201608260650, 4.31836
201608260700, 3.82335
201608260710, 3.73199
201608260720, 3.32183
201608260730, 2.67556
201608260740, 2.6875
201608260750, 2.54959
201608260810, 1.91732
201608260820, 2.16667
201608260830, 1.7194
201608260840, 1.17947
201608260900, 2.14952
201608260910, 1.14811
201608260920, 0.532661
201608260930, 0.232422
201608260940, 0.00651042
201608260950, 0.00368924
201608261000, 0
201608261010, 0.0129123
201608261020, 0.0360243
201608261030, 0.0269097
201608261040, 0.000325521
201608261100, 0.00976562
201608261120, 0.0691189
201608261140, 0.0557726
201608261150, 0.0492622
201608261200, 0
201608261210, 0.0792101
201608261220, 0.13878
201608261230, 0.0031467
201608261240, 0.0871311
201608261250, 0.00206163
201608261300, 0
201608261310, 0.000325521
201608261320, 0.0811632
201608261330, 0.0417752
201608261340, 0.0201823
201608261350, 0.0990668
201608261400, 0.00965712
201608261410, 0.0244141
201608261420, 0.0861545
201608261430, 0.0141059
201608261440, 0.00748698
201608261450, 0.216797
201608261500, 0.16352
201608261510, 0.206923
201608261520, 0.262587
201608261530, 0.317057
201608261540, 0.318685
201608261550, 0.696181
201608261600, 0.523112
201608261610, 0.693793
201608261620, 0.069553
201608261630, 0.385959
201608261640, 0
201608261650, 0.110135
201608261700, 0.403429
201608261710, 0.38737
201608261720, 0.565755
201608261730, 0.344184
201608261740, 0.684896
201608261750, 0.847114
201608261800, 0.46148
201608261810, 0.0363498
201608261820, 0.785916
201608261830, 0.676432
201608261840, 0.0371094
201608261850, 0.0509983
201608261900, 0.0595703
201608261910, 0.0796441
201608261920, 0.0170356
201608261930, 0
201608261940, 0.227539
201608261950, 0.0687934
201608262000, 0
201608262010, 0.000434028
201608262020, 0.187609
201608262030, 0
201608262040, 0.0542535
201608262050, 0.140191
201608262100, 0.0562066
201608262110, 0.0327691
201608262120, 0.015191
201608262130, 0.13878
201608262140, 0.496419
201608262150, 0.445964
201608262200, 0.419705
201608262210, 0.340278
201608262220, 0.741102
201608262230, 0.526693
201608262240, 0
201608262250, 0.0109592
201608262300, 0.00249566
201608262310, 0.00922309
201608262320, 0.0169271
201608262330, 0.00271267
201608262340, 0.0175781
201608262350, 0.0187717
201608270000, 0.00694444
201608270010, 0.183594
201608270020, 1.15885
201608270040, 1.0727
201608270050, 1.639
201608270100, 2.34581
201608270110, 2.58626
201608270120, 3.19249
201608270130, 4.1952
201608270140, 4.43652
201608270150, 3.88628
201608270200, 3.97873
201608270210, 4.49501
201608270220, 4.71224
201608270230, 4.56662
201608270240, 4.79818
201608270250, 4.8648
201608270300, 5.02658
201608270310, 5.06695
201608270320, 4.48362
201608270330, 3.94607
201608270340, 4.26009
201608270350, 3.52138
201608270400, 3.41656
201608270410, 3.60308
201608270420, 3.39334
201608270430, 2.8252
201608270440, 1.44933
201608270450, 1.65473
201608270500, 1.54373
201608270510, 1.45182
201608270520, 1.27528
201608270530, 1.06901
201608270540, 0.619466
201608270550, 1.01031
201608270600, 0.712999
201608270610, 0.124457
201608270620, 0.0837674
201608270630, 0.503906
201608270640, 0.155816
201608270650, 0.594618
201608270700, 0.214627
201608270710, 0.614692
201608270730, 0.985569
201608270740, 0.143338
201608270750, 1.17036
201608270800, 0.66569
201608270810, 0.96441
201608270820, 1.07628
201608270830, 0
201608270840, 1.25228
201608270850, 1.50326
201608270900, 0.183919
201608270910, 0.392578
201608270920, 0.251302
201608270930, 0.224501
201608270940, 0.364149
201608270950, 0.425781
201608271000, 0.398329
201608271010, 0.236871
201608271020, 0.0983073
201608271030, 0.070204
201608271040, 0.00358073
201608271050, 0.0046658
201608271100, 0.126519
201608271110, 0.307943
201608271120, 0.306532
201608271130, 0.315538
201608271140, 1.16168
201608271150, 1.36079
201608271200, 1.45269
201608271210, 1.90386
201608271220, 2.05154
201608271230, 3.41395
201608271240, 3.86795
201608271250, 3.42144
201608271300, 3.95725
201608271310, 4.97266
201608271320, 4.94998
201608271330, 6.61144
201608271340, 6.23796
201608271350, 6.55773
201608271400, 7.36979
201608271410, 7.34093
201608271420, 6.42763
201608271430, 7.03798
201608271440, 6.95128
201608271450, 7.14789
201608271500, 0
201608271510, 7.39421
201608271520, 8.2602
201608271530, 9.09006
201608271540, 9.52431
201608271550, 8.64605
201608271600, 8.41428
201608271610, 8.22982
201608271620, 8.42676
201608271630, 8.82107
201608271640, 8.86079
201608271650, 7.6505
201608271700, 6.98785
201608271710, 6.77995
201608271720, 6.61925
201608271730, 7.05621
201608271740, 6.07303
201608271750, 6.11187
201608271800, 6.27062
201608271810, 6.12001
201608271820, 5.81402
201608271830, 4.97287
201608271840, 4.82574
201608271850, 3.94455
201608271900, 4.27615
201608271910, 4.20009
201608271920, 3.85232
201608271930, 2.81055
201608271940, 2.34722
201608271950, 2.54492
201608272000, 2.16276
201608272020, 2.12522
201608272030, 2.03874
201608272040, 2.01443
201608272050, 1.09049
201608272100, 1.84201
201608272110, 2.28483
201608272120, 2.35601
201608272130, 2.45833
201608272140, 2.00065
201608272150, 0
201608272200, 2.10417
201608272210, 2.21105
201608272220, 2.46897
201608272230, 2.01378
201608272240, 1.73351
201608272250, 2.19293
201608272300, 1.80458
201608272310, 1.25597
201608272320, 1.3852
201608272330, 1.25629
201608272340, 0.269748
201608272350, 0.0120443
201608280000, 0.0109592
201608280010, 0.38227
201608280020, 1.79612
201608280030, 2.79666
201608280040, 0
201608280050, 4.08605
201608280100, 3.04156
201608280110, 2.75673
201608280120, 3.82064
201608280140, 2.3112
201608280150, 3.17817
201608280200, 3.43967
201608280210, 3.20367
201608280220, 4.07172
201608280230, 3.8826
201608280240, 3.36198
201608280250, 3.55632
201608280300, 3.44368
201608280310, 2.75087
201608280320, 2.12272
201608280330, 1.42697
201608280340, 1.55783
201608280350, 1.07237
201608280400, 0.518121
201608280410, 0.113607
201608280420, 0.131185
201608280430, 0.129991
201608280440, 0.104492
201608280450, 0.141276
201608280500, 0.159831
201608280510, 0.078559
201608280520, 0.0530599
201608280530, 0.0975477
201608280540, 0.031901
201608280550, 0.0450304
201608280600, 0.0924479
201608280610, 0.047526
201608280620, 0.00303819
201608280630, 0.0735677
201608280640, 0
201608280650, 0.000108507
201608280700, 0
201608280710, 0.0271267
201608280720, 0.00119358
201608280730, 0.00347222
201608280740, 0.221571
201608280750, 0.000108507
201608280800, 0.0883247
201608280810, 0.129232
201608280820, 0
201608280830, 0.307509
201608280840, 0.976671
201608280850, 1.31771
201608280900, 1.08919
201608280910, 0.023546
201608280920, 0.00292969
201608280930, 0
201608280940, 0.000325521
201608280950, 0
201608281000, 0.0046658
201608281010, 0.0046658
201608281020, 0.00292969
201608281030, 0
201608281100, 0
201608281110, 0.00206163
201608281120, 0.00520833
201608281130, 0.0163845
201608281140, 0.0138889
201608281150, 0.00824653
201608281200, 0.00835503
201608281210, 0.00900608
201608281220, 0.0120443
201608281230, 0.0078125
201608281240, 0.0046658
201608281250, 0.000651042
201608281300, 0.00368924
201608281310, 0.00412326
201608281320, 0.0954861
201608281330, 0.0109592
201608281340, 0.103733
201608281350, 0.014974
201608281400, 0.0507812
201608281420, 0.300239
201608281430, 0.393555
201608281440, 0.395399
201608281450, 0.5676
201608281500, 0.728624
201608281510, 1.39475
201608281520, 0.669379
201608281530, 0.684462
201608281540, 0.558811
201608281550, 0.787109
201608281600, 0.966797
201608281610, 1.10167
201608281620, 1.01758
201608281630, 0.860894
201608281640, 0.536892
201608281650, 0.159614
201608281700, 0.0800781
201608281710, 0.0093316
201608281720, 0.372179
201608281730, 0.155599
201608281740, 0.085395
201608281750, 0.110894
201608281800, 0.185655
201608281810, 0.0605469
201608281820, 0.255208
201608281830, 0.286241
201608281840, 0.192708
201608281850, 0.303277
201608281900, 0.758789
201608281910, 0.979167
201608281920, 0.376953
201608281930, 0.135742
201608281940, 0.546875
201608281950, 1.64431
201608282000, 1.05566
201608282010, 1.49577
201608282020, 0.167643
201608282030, 0.21658
201608282040, 0.416775
201608282050, 0.773763
201608282100, 0.599284
201608282110, 0.900174
201608282120, 0.278537
201608282130, 0.525608
201608282140, 0.771701
201608282150, 1.40126
201608282200, 1.4451
201608282210, 1.05914
201608282220, 1.13075
201608282230, 1.78092
201608282240, 2.08192
201608282250, 1.13466
201608282300, 1.79156
201608282310, 1.70649
201608282320, 1.79091
201608282330, 1.38921
201608282350, 2.04102
201608290000, 3.2729
201608290010, 1.69206
201608290020, 1.99599
201608290030, 2.08301
201608290040, 1.14703
201608290050, 1.03136
201608290100, 0.872396
201608290110, 1.18186
201608290120, 1.12543
201608290130, 0.470812
201608290140, 0.521267
201608290150, 0
201608290200, 0.21072
201608290210, 0.60753
201608290220, 0
201608290230, 0.659505
201608290240, 1.17643
201608290250, 1.37652
201608290300, 1.63965
201608290310, 0.254991
201608290320, 0.873915
201608290330, 0.455404
201608290340, 0.559245
201608290350, 0.441949
201608290400, 0.827148
201608290410, 1.53461
201608290420, 1.0944
201608290430, 1.82129
201608290440, 0.913411
201608290450, 1.22309
201608290510, 0
201608290520, 0.953993
201608290530, 1.09809
201608290540, 0.992839
201608290550, 1.18783
201608290600, 1.71322
201608290610, 2.29883
201608290620, 2.22949
201608290640, 2.48676
201608290650, 2.24664
201608290700, 2.14941
201608290710, 1.70725
201608290720, 2.82346
201608290730, 3.72298
201608290740, 3.60471
201608290750, 3.6173
201608290800, 3.15896
201608290810, 2.76074
201608290820, 1.72591
201608290830, 1.4694
201608290840, 1.09711
201608290850, 1.26921
201608290900, 1.03798
201608290910, 1.26747
201608290920, 1.01736
201608290930, 1.27344
201608290940, 1.82726
201608290950, 1.33062
201608291000, 0.930664
201608291010, 0.400608
201608291020, 0.76671
201608291030, 0.698242
201608291040, 0.768121
201608291050, 1.26693
201608291100, 1.05089
201608291110, 1.47559
201608291120, 1.81293
201608291130, 2.05827
201608291140, 1.99067
201608291150, 1.80284
201608291200, 1.78331
201608291210, 1.57031
201608291220, 1.37511
201608291230, 1.20497
201608291240, 1.09896
201608291250, 1.58236
201608291300, 1.53006
201608291310, 1.62587
201608291320, 2.22222
201608291330, 0
201608291350, 3.79818
201608291400, 3.15267
201608291410, 2.78743
201608291420, 2.0025
201608291430, 2.91135
201608291440, 3.09115
201608291450, 2.76497
201608291500, 2.32845
201608291510, 2.38921
201608291520, 3.53223
201608291530, 0
201608291540, 2.04427
201608291550, 1.85395
201608291600, 1.99164
201608291610, 1.11947
201608291620, 1.25488
201608291630, 1.5178
201608291640, 0.517687
201608291650, 0
201608291700, 0.704753
201608291710, 0.446398
201608291720, 0.889106
201608291730, 0.779948
201608291740, 0.911892
201608291750, 0.0722656
201608291800, 0.0696615
201608291810, 0.0282118
201608291820, 0.014974
201608291830, 0
201608291840, 0.000434028
201608291850, 0.134223
201608291900, 0.0967882
201608291910, 0.445855
201608291920, 0.0313585
201608291930, 0.0568576
201608291940, 0.00542535
201608291950, 0.0617405
201608292000, 0.115994
201608292010, 0.0302734
201608292020, 0.0217014
201608292030, 0.00835503
201608292040, 0.00368924
201608292050, 0.00130208
201608292100, 0.122396
201608292110, 0.307726
201608292120, 0.0286458
201608292130, 0.118273
201608292150, 0.0117188
201608292200, 0.000325521
201608292210, 0.0108507
201608292220, 0.0322266
201608292230, 0.0632595
201608292240, 0.11339
201608292250, 0.21799
201608292300, 0.240885
201608292310, 0.222656
201608292320, 0.21658
201608292330, 0.185438
201608292340, 0.0121528
201608292350, 0.0192057
201608300000, 0.00661892
201608300010, 0.30013
201608300020, 1.19423
201608300030, 2.37619
201608300040, 3.2066
201608300050, 3.53451
201608300100, 4.19119
201608300110, 4.44195
201608300120, 5.00217
201608300130, 4.96246
201608300140, 5.37446
201608300150, 5.34115
201608300200, 5.39692
201608300210, 5.48242
201608300220, 5.76997
201608300230, 5.80556
201608300240, 6.15148
201608300250, 6.04178
201608300300, 5.97949
201608300310, 6.27203
201608300320, 5.90169
201608300330, 5.61599
201608300340, 5.98079
201608300350, 5.88173
201608300400, 5.46484
201608300410, 5.39128
201608300420, 5.05404
201608300430, 5.16623
201608300440, 4.86469
201608300450, 4.42372
201608300500, 4.42936
201608300510, 4.52865
201608300520, 4.22765
201608300530, 3.37348
201608300540, 2.86578
201608300550, 2.58702
201608300600, 2.40082
201608300620, 2.09885
201608300630, 2.44466
201608300640, 1.74436
201608300650, 2.01313
201608300700, 1.52658
201608300710, 1.21951
201608300720, 1.43967
201608300730, 0.590169
201608300740, 0.254883
201608300750, 0.282769
201608300800, 0.469293
201608300810, 0.142253
201608300820, 0.131293
201608300830, 0.184787
201608300840, 0.210069
201608300850, 0.564345
201608300900, 0.57628
201608300910, 0.0486111
201608300920, 0.00564236
201608300930, 0.00108507
201608300940, 0.00249566
201608300950, 0.18826
201608301000, 0.0311415
201608301010, 0.078342
201608301020, 0.000976562
201608301030, 0.232096
201608301040, 0.17947
201608301050, 0.14898
201608301100, 0.297201
201608301110, 0.172526
201608301120, 0.030816
201608301130, 0.204644
201608301140, 0.000868056
201608301150, 0
201608301200, 0.0185547
201608301210, 0.138238
201608301230, 0
201608301240, 0.144965
201608301250, 0.123698
