201306010010, 0.321181
201306010020, 0.370877
201306010030, 0.230686
201306010040, 0.148112
201306010050, 0.193685
201306010110, 1.93479
201306010120, 2.61643
201306010130, 2.44911
201306010140, 3.14616
201306010150, 2.90994
201306010200, 3.38672
201306010210, 3.22038
201306010220, 3.81152
201306010240, 3.29427
201306010250, 3.52485
201306010310, 2.04959
201306010320, 2.05295
201306010330, 2.52333
201306010340, 2.29829
201306010350, 2.30588
201306010400, 1.89052
201306010410, 2.49924
201306010420, 2.22352
201306010430, 1.50011
201306010440, 1.11621
201306010450, 1.36198
201306010500, 1.76107
201306010510, 2.19184
201306010520, 2.07943
201306010530, 2.1709
201306010540, 2.06174
201306010550, 0.636502
201306010600, 0.850043
201306010610, 0.0379774
201306010620, 0.156033
201306010630, 0.31543
201306010640, 0.0524089
201306010650, 0
201306010700, 0.210286
201306010710, 0.101562
201306010720, 0.531901
201306010730, 2.13303
201306010740, 1.53179
201306010750, 1.5676
201306010800, 3.49056
201306010810, 2.59256
201306010820, 0.637478
201306010830, 0.930013
201306010840, 1.72971
201306010850, 2.54015
201306010900, 2.88075
201306010910, 1.68522
201306010920, 1.70888
201306010930, 1.94325
201306010940, 0.635959
201306010950, 0.91135
201306011000, 0.995009
201306011010, 1.34549
201306011020, 1.25065
201306011030, 1.22765
201306011040, 1.1428
201306011050, 1.13118
201306011100, 1.8622
201306011110, 2.19564
201306011120, 2.46376
201306011130, 1.76747
201306011140, 0.975803
201306011150, 0.236545
201306011200, 0.576497
201306011210, 0.95128
201306011220, 0.757378
201306011230, 0.977214
201306011240, 1.39388
201306011250, 1.88574
201306011300, 1.86068
201306011310, 2.3775
201306011320, 4.22721
201306011330, 3.58594
201306011340, 2.95692
201306011350, 3.91005
201306011400, 4.78027
201306011410, 6.4707
201306011420, 4.96246
201306011430, 7.02441
201306011440, 5.87543
201306011450, 6.52767
201306011500, 6.93164
201306011510, 6.12739
201306011520, 4.7564
201306011530, 4.35102
201306011540, 4.95877
201306011550, 4.53103
201306011600, 4.14041
201306011610, 2.92415
201306011620, 2.36675
201306011630, 1.25391
201306011640, 0.926324
201306011650, 0.427192
201306011700, 0.465169
201306011710, 0.357964
201306011720, 1.13184
201306011730, 0.0999349
201306011740, 0.326714
201306011750, 0.182509
201306011800, 0.0342882
201306011810, 0.132921
201306011820, 0.0214844
201306011830, 0.0452474
201306011840, 0.0837674
201306011850, 0.0406901
201306011900, 0.00585938
201306011910, 0.0410156
201306011920, 0.077474
201306011930, 0.523112
201306011940, 0.304688
201306011950, 0.210286
201306012000, 0.286567
201306012010, 0.00119358
201306012020, 0.0288628
201306012030, 0.00347222
201306012040, 0.0402561
201306012050, 0.0119358
201306012100, 0.0840929
201306012110, 0.0223524
201306012120, 0.0196398
201306012130, 0.00748698
201306012140, 0.00303819
201306012150, 0.219293
201306012200, 0
201306012210, 0.00292969
201306012220, 0.0234375
201306012230, 0.164714
201306012240, 0
201306012250, 0.00271267
201306012300, 0.000868056
201306012310, 0.000542535
201306012320, 0.164497
201306012330, 0
201306012340, 0.00292969
201306012350, 0
201306020000, 0.143663
201306020010, 0.00108507
201306020020, 0.489475
201306020030, 0.0115017
201306020040, 0
201306020050, 0.127821
201306020100, 0.0147569
201306020110, 0.00455729
201306020120, 0.000434028
201306020130, 0.0772569
201306020140, 0.372396
201306020150, 0.328885
201306020200, 1.21636
201306020210, 1.24794
201306020220, 2.4145
201306020230, 2.20139
201306020240, 2.62153
201306020250, 2.68989
201306020300, 2.00445
201306020310, 2.24653
201306020320, 4.80794
201306020330, 4.81847
201306020340, 3.59701
201306020350, 3.20193
201306020400, 2.63802
201306020410, 2.70898
201306020420, 2.04221
201306020430, 2.49316
201306020440, 2.48947
201306020450, 1.52344
201306020500, 0
201306020510, 0.0768229
201306020520, 0.136719
201306020530, 0.288086
201306020540, 0.243381
201306020550, 0.125326
201306020600, 0
201306020610, 0.262912
201306020620, 1.04937
201306020630, 0
201306020640, 0.144097
201306020650, 0.25944
201306020700, 0.453016
201306020710, 0.25076
201306020720, 1.5727
201306020730, 1.46083
201306020740, 2.19965
201306020750, 2.23655
201306020800, 1.75781
201306020810, 1.08084
201306020820, 1.41797
201306020830, 2.15571
201306020840, 2.60927
201306020850, 4.00434
201306020900, 4.31055
201306020910, 4.28646
201306020920, 4.26562
201306020930, 5.37175
201306020940, 5.36415
201306020950, 5.11589
201306021000, 4.9873
201306021010, 4.80838
201306021020, 5.29221
201306021030, 3.8674
201306021040, 3.35916
201306021050, 2.79525
201306021100, 2.52539
201306021110, 2.15701
201306021120, 2.98947
201306021130, 3.3355
201306021140, 3.55078
201306021150, 3.47624
201306021200, 2.36274
201306021210, 1.84874
201306021220, 1.00347
201306021230, 0.865126
201306021240, 1.02615
201306021250, 0.310438
201306021300, 0.603407
201306021310, 0.917209
201306021320, 0.744141
201306021330, 0.453451
201306021340, 0.599935
201306021350, 0.212348
201306021410, 0.0333116
201306021420, 0.121636
201306021430, 0.108832
201306021440, 0.137695
201306021450, 0.0194227
201306021500, 0.389431
201306021510, 0.165799
201306021520, 0.370768
201306021530, 0.804145
201306021540, 0.825846
201306021550, 0.680013
201306021600, 0.626194
201306021610, 0.933919
201306021620, 1.05122
201306021630, 1.62652
201306021640, 2.13748
201306021650, 2.11882
201306021700, 3.10406
201306021710, 2.34874
201306021720, 1.48242
201306021730, 1.36339
201306021740, 1.3112
201306021750, 0.767578
201306021800, 3.29536
201306021810, 1.24707
201306021820, 1.89149
201306021830, 0.961046
201306021840, 2.54449
201306021850, 2.95616
201306021900, 2.86013
201306021910, 3.45692
201306021920, 3.15299
201306021930, 2.37326
201306021940, 1.17773
201306021950, 1.22244
201306022000, 1.42643
201306022010, 1.38205
201306022020, 1.70106
201306022030, 1.4503
201306022040, 1.80046
201306022050, 2.28027
201306022100, 2.87652
201306022110, 2.36556
201306022120, 1.66504
201306022130, 1.71951
201306022140, 0.113932
201306022150, 0.573459
201306022200, 0.681207
201306022210, 0.679579
201306022220, 0.484267
201306022230, 0.572266
201306022240, 0.74056
201306022250, 0.403212
201306022300, 1.79503
201306022310, 1.31858
201306022320, 1.40028
201306022330, 1.85004
201306022340, 0.159939
201306022350, 0.506727
201306030000, 0.973958
201306030010, 1.59375
201306030020, 0.728299
201306030030, 1.00011
201306030040, 1.31066
201306030050, 3.53668
201306030100, 1.49902
201306030110, 1.09614
201306030120, 1.38661
201306030130, 1.17372
201306030140, 1.85145
201306030150, 2.43424
201306030200, 2.37717
201306030210, 1.26823
201306030220, 1.71126
201306030230, 1.33876
201306030240, 1.3202
201306030250, 1.17068
201306030300, 1.27507
201306030320, 1.75391
201306030330, 1.69781
201306030340, 1.39388
201306030350, 1.33572
201306030410, 2.84614
201306030420, 1.47276
201306030430, 1.59342
201306030440, 1.01638
201306030450, 0.0219184
201306030500, 0.0605469
201306030510, 0
201306030520, 0.147678
201306030540, 0.269314
201306030550, 0.15625
201306030600, 0.00325521
201306030610, 0.000542535
201306030620, 0.480903
201306030630, 0.000542535
201306030640, 0.0253906
201306030700, 0.0279948
201306030710, 0.0136719
201306030720, 0.00531684
201306030740, 0.0170356
201306030750, 0.0285373
201306030800, 0.00206163
201306030820, 0.0777995
201306030830, 0.00520833
201306030850, 0.00770399
201306030900, 0.0506727
201306030920, 0.031467
201306030950, 0.0424262
201306031000, 0.100477
201306031010, 0.0179036
201306031020, 0
201306031030, 0.506293
201306031050, 0
201306031120, 0
201306031150, 0
201306031200, 0.0745443
201306031230, 0
201306031240, 0.281141
201306031300, 0.582899
201306031310, 0
201306031320, 0.158963
201306031340, 0.0358073
201306031410, 0.199761
201306031420, 0.194227
201306031430, 0.295356
201306031440, 0
201306031450, 0.267253
201306031510, 0.0800781
201306031520, 0.0394965
201306031530, 0.297201
201306031540, 0.0374349
201306031550, 0.117947
201306031600, 0.0245226
201306031610, 0.336806
201306031620, 0.140082
201306031630, 0.238715
201306031640, 0.167101
201306031650, 0.257487
201306031700, 0.126628
201306031710, 0.323459
201306031720, 0.0480686
201306031730, 0.386285
201306031740, 0.126845
201306031750, 0.304036
201306031800, 0.395508
201306031810, 0.681098
201306031820, 0.0332031
201306031830, 0.234484
201306031840, 0.0315755
201306031850, 0.215061
201306031900, 0.403863
201306031910, 0.0145399
201306031920, 0.150933
201306031930, 0.0707465
201306031940, 0.0936415
201306031950, 0.0263672
201306032000, 0.0906033
201306032010, 0.00868056
201306032020, 0.0662977
201306032030, 0.100477
201306032040, 0.168403
201306032050, 0.0857205
201306032100, 0.157661
201306032110, 0.277344
201306032120, 0.0838759
201306032130, 0.250217
201306032140, 0.167101
201306032150, 0.298286
201306032200, 0.279731
201306032210, 0.273003
201306032220, 0.210178
201306032230, 0.189345
201306032240, 0.474826
201306032250, 0.418728
201306032300, 0.424262
201306032310, 0.111979
201306032320, 0.0635851
201306032330, 0.0480686
201306032340, 0.132595
201306032350, 0.361545
201306040000, 0.157769
201306040030, 0.203342
201306040040, 0.270182
201306040100, 0.313477
201306040120, 2.54156
201306040130, 2.11632
201306040140, 1.76237
201306040150, 2.2576
201306040210, 2.10232
201306040220, 2.48231
201306040230, 2.7002
201306040240, 3.03461
201306040250, 3.05566
201306040300, 3.37229
201306040320, 3.24653
201306040330, 4.58268
201306040340, 3.08442
201306040400, 3.25586
201306040410, 2.91949
201306040420, 3.29058
201306040430, 2.56228
201306040440, 2.81847
201306040500, 2.48698
201306040550, 1.61567
201306040600, 1.28592
201306040620, 2.56424
201306040630, 1.71474
201306040710, 0.71441
201306040720, 0.268121
201306040750, 0.72526
201306040800, 0.568251
201306040840, 0.249891
201306040900, 0
201306040920, 0.0015191
201306041000, 0.00531684
201306041020, 0.172852
201306041030, 0.0601128
201306041040, 0.00358073
201306041050, 0.0502387
201306041100, 0.0419922
201306041110, 0.000325521
201306041120, 0.0644531
201306041130, 0
201306041140, 0.0152995
201306041150, 0.185438
201306041200, 0.186198
201306041210, 0.161458
201306041220, 0.131076
201306041230, 0.0416667
201306041240, 0.164822
201306041250, 0.224935
201306041300, 0.27615
201306041310, 0.460395
201306041320, 0.00531684
201306041330, 0.5
201306041340, 0.480469
201306041350, 0.774957
201306041400, 0.764648
201306041410, 0.713976
201306041420, 1.38487
201306041430, 1.03201
201306041440, 1.41222
201306041450, 0.586697
201306041500, 0.961263
201306041510, 0.669596
201306041520, 0.629015
201306041530, 0.861111
201306041540, 1.16341
201306041550, 1.16243
201306041600, 0.294596
201306041610, 0.254666
201306041620, 1.52821
201306041630, 0.136936
201306041640, 0.197808
201306041650, 0.955838
201306041700, 1.90972
201306041710, 1.185
201306041720, 0.494358
201306041730, 0.526476
201306041740, 0.715061
201306041750, 0.0919054
201306041800, 0.361545
201306041810, 0.13303
201306041820, 1.21582
201306041830, 0.194987
201306041840, 0.159831
201306041850, 0.0579427
201306042030, 1.07921
201306042040, 0.856662
201306042050, 0.770942
201306042100, 0.680339
201306042110, 0.405599
201306042120, 0.316298
201306042130, 0.120443
201306042140, 0.172635
201306042150, 0.0655382
201306042210, 0.0426432
201306042220, 0.227431
201306042230, 0.0434028
201306042240, 0.0528429
201306042250, 0.0713976
201306042300, 0.156901
201306042310, 0.300673
201306042320, 0.195095
201306042330, 0.275933
201306042340, 0.129123
201306042350, 0.0998264
201306050000, 0.0720486
201306050010, 0.11122
201306050020, 0.15191
201306050030, 0.422201
201306050040, 0.128798
201306050050, 0.237522
201306050100, 0.144531
201306050110, 0.133898
201306050120, 0.103733
201306050130, 0.207682
201306050140, 0.0438368
201306050150, 0.442166
201306050200, 0.134657
201306050210, 0.12934
201306050220, 0.242296
201306050230, 0.907444
201306050240, 0.769423
201306050250, 0.37793
201306050300, 0.34451
201306050310, 0.1352
201306050320, 0.213108
201306050330, 0.0746528
201306050340, 0.106662
201306050400, 0.208225
201306050410, 0.185981
201306050420, 0.0392795
201306050440, 0.109375
201306050540, 0.128147
201306050550, 0.254232
201306050610, 0.135742
201306050620, 0.216797
201306050650, 0.0588108
201306050730, 0.143772
201306050740, 0.217014
201306050830, 0.0999349
201306050900, 0.086046
201306050920, 0.236328
201306050930, 0.142144
201306051020, 0.147135
201306051030, 0.0978733
201306051040, 1.00477
201306051050, 0.167101
201306051100, 0
201306051120, 0
201306051130, 0.00726997
201306051140, 0.19477
201306051200, 0.310113
201306051210, 0.210938
201306051220, 0.126411
201306051230, 0.194119
201306051240, 0.247938
201306051250, 0.103841
201306051300, 0.26161
201306051310, 0.419922
201306051320, 0.321181
201306051340, 0.153212
201306051350, 0.174371
201306051400, 0.119358
201306051410, 0.195095
201306051420, 0.208984
201306051430, 0.129123
201306051440, 0.285156
201306051450, 0.219835
201306051500, 0.0780165
201306051520, 0.148872
201306051530, 0.190538
201306051540, 0.0588108
201306051550, 0.120768
201306051600, 0.0447049
201306051610, 0.255642
201306051620, 0.0814887
201306051630, 0.275282
201306051640, 0.0437283
201306051650, 0.190213
201306051700, 0.325629
201306051710, 0.648438
201306051720, 0.233615
201306051730, 1.11209
201306051740, 0.508789
201306051750, 1.2385
201306051800, 0.0265842
201306051810, 0.554036
201306051820, 0.173286
201306051830, 1.16656
201306051840, 0.360026
201306051850, 1.32791
201306051900, 0.972005
201306051910, 0.498589
201306051920, 1.14757
201306051930, 1.62522
201306051940, 0.415148
201306051950, 1.65473
201306052000, 1.22635
201306052010, 0.0724826
201306052020, 0.812717
201306052030, 0.665256
201306052040, 1.44575
201306052050, 0.629123
201306052100, 1.83442
201306052110, 0.169922
201306052120, 1.04655
201306052130, 0.477539
201306052150, 0.0105252
201306052200, 1.37684
201306052210, 1.34299
201306052220, 1.32324
201306052230, 1.51063
201306052240, 1.12836
201306052250, 1.22678
201306052300, 1.20725
201306052310, 1.24457
201306052320, 0.64464
201306052330, 0.997396
201306052340, 0.796875
201306052350, 0.336046
201306060000, 0.0998264
201306060010, 0.186306
201306060020, 0.224826
201306060030, 0.122179
201306060040, 0.0896267
201306060050, 0.320095
201306060100, 0.25293
201306060110, 0.293403
201306060120, 0.153754
201306060130, 0.0952691
201306060140, 0.233941
201306060150, 0.38661
201306060200, 0.369249
201306060210, 0.493815
201306060220, 0.448785
201306060310, 0.654731
201306060350, 0.148329
201306060400, 0.569444
201306060410, 0.00672743
201306060420, 0.448459
201306060430, 0.510091
201306060540, 0.384657
201306060620, 0.191189
201306060630, 0
201306060640, 0
201306060650, 0.17947
201306060730, 0.109918
201306060750, 0.234266
201306060830, 0.303602
201306060900, 0.0683594
201306060930, 0.88227
201306060940, 0.673177
201306060950, 1.06163
201306061000, 0.0766059
201306061020, 0.03125
201306061030, 0.59451
201306061050, 0.164931
201306061120, 0
201306061130, 0.261068
201306061150, 0
201306061210, 0.132595
201306061320, 0.116428
201306061340, 0.0635851
201306061410, 0.183811
201306061420, 0.0634766
201306061430, 0.816081
201306061440, 0.101454
201306061450, 0.215386
201306061510, 0.121094
201306061520, 0.10102
201306061530, 0.178494
201306061540, 0.263455
201306061550, 0.0506727
201306061600, 0.214844
201306061610, 0.157661
201306061620, 0.270833
201306061630, 0.232313
201306061640, 0.14388
201306061650, 0.14822
201306061700, 0.215603
201306061710, 0.277018
201306061720, 0.405056
201306061730, 0.184353
201306061740, 0.138346
201306061750, 0.105903
201306061800, 0.308702
201306061810, 0.494575
201306061820, 0.811198
201306061830, 0.304253
201306061840, 0.784397
201306061850, 1.21441
201306061900, 0.912977
201306061910, 1.2819
201306061920, 1.06651
201306061930, 1.39822
201306061940, 1.03516
201306061950, 0.861437
201306062000, 0.631293
201306062010, 0.592773
201306062020, 0.556858
201306062030, 0.44401
201306062040, 0.408746
201306062050, 0.674479
201306062100, 0.700304
201306062110, 0.67947
201306062120, 1.08898
201306062130, 0.90625
201306062140, 1.0395
201306062150, 1.0115
201306062200, 0.952148
201306062210, 0.84451
201306062220, 0.825955
201306062230, 0.696506
201306062240, 0.488173
201306062250, 0.488932
201306062300, 0.33214
201306062310, 0.275065
201306062320, 0.247721
201306062340, 0.148329
201306062350, 0
201306070000, 0.20204
201306070010, 0.182834
201306070020, 0.000108507
201306070040, 0.453776
201306070050, 0.441406
201306070120, 2.19336
201306070130, 1.98774
201306070150, 1.78537
201306070200, 1.52756
201306070210, 2.38596
201306070220, 1.99436
201306070230, 2.69607
201306070240, 2.78526
201306070250, 2.32802
201306070300, 2.02452
201306070320, 1.71376
201306070330, 2.33355
201306070340, 2.13119
201306070350, 1.77973
201306070400, 1.21094
201306070410, 1.1747
201306070440, 0.816515
201306070500, 0.457248
201306070530, 0.749023
201306070540, 0.405382
201306070550, 0.221354
201306070600, 0.219184
201306070630, 0.221571
201306070640, 0.175022
201306070710, 0.0173611
201306070800, 0.0215929
201306070840, 0.154731
201306070900, 0.0514323
201306071000, 2.07943
201306071010, 0.327148
201306071020, 0.78852
201306071040, 0.476888
201306071110, 0.116428
201306071120, 0.0873481
201306071130, 0.580078
201306071150, 0.873047
201306071200, 0.164822
201306071210, 0.240234
201306071220, 0.331272
201306071230, 0.28342
201306071240, 0.128147
201306071250, 0.155924
201306071300, 1.68945
201306071310, 1.12793
201306071320, 0.740994
201306071330, 0.701389
201306071340, 0.524957
201306071350, 0.108724
201306071400, 0.1824
201306071410, 0.230794
201306071420, 0.193034
201306071430, 0.149197
201306071440, 0.644531
201306071450, 0.291992
201306071500, 0.329536
201306071510, 0.286458
201306071520, 0.660265
201306071530, 0.585938
201306071540, 0.821398
201306071550, 0.772461
201306071600, 0.522569
201306071610, 0.597982
201306071620, 0.626953
201306071630, 0.737847
201306071640, 0.746745
201306071650, 0.706163
201306071700, 0.835503
201306071710, 0.986979
201306071720, 0.810547
201306071730, 1.28147
201306071740, 0.767144
201306071750, 1.01834
201306071800, 1.03852
201306071810, 0.937392
201306071820, 0.816298
201306071830, 0.742622
201306071840, 0.891059
201306071850, 1.04568
201306071900, 1.38596
201306071910, 1.16059
201306071920, 0.991753
201306071930, 0.746962
201306071940, 0.83138
201306071950, 0.971137
201306072000, 0.660373
201306072010, 1.13954
201306072020, 1.15788
201306072030, 1.36827
201306072040, 1.09473
201306072050, 1.01714
201306072100, 1.07227
201306072110, 0.777018
201306072120, 1.12164
201306072130, 0.830512
201306072140, 1.01855
201306072150, 1.11382
201306072200, 0.452148
201306072210, 0.801541
201306072220, 0.987847
201306072230, 0.862088
201306072240, 0.655707
201306072250, 1.12663
201306072300, 0.878906
201306072310, 0.495551
201306072320, 0.790582
201306072330, 0.785156
201306072340, 0.622504
201306072350, 0.661458
201306080000, 0.478733
201306080010, 0.363607
201306080020, 0.472873
201306080030, 0.323134
201306080040, 0.205078
201306080050, 0.264648
201306080100, 0.135525
201306080110, 1.19629
201306080120, 1.27756
201306080130, 0.523329
201306080140, 0.359266
201306080150, 0.234809
201306080200, 0.203016
201306080210, 0.221137
201306080220, 0.481879
201306080230, 0.346571
201306080240, 0.297309
201306080250, 0.296441
201306080300, 0.335829
201306080310, 0.376085
201306080320, 0.400608
201306080330, 0.422635
201306080340, 0.397678
201306080350, 0.368164
201306080400, 0.371853
201306080410, 0.36697
201306080430, 0.145942
201306080440, 0.0251736
201306080450, 0.0908203
201306080500, 0.0831163
201306080520, 0.118707
201306080530, 0.204644
201306080540, 0.210286
201306080550, 0.160807
201306080600, 0.0279948
201306080610, 0.00499132
201306080620, 0.0223524
201306080630, 0.0558811
201306080640, 0.0601128
201306080650, 0.108724
201306080700, 0.0356988
201306080710, 0.0397135
201306080720, 0.015408
201306080730, 0.0176866
201306080740, 0.093316
201306080750, 0.129666
201306080800, 0.292426
201306080810, 0.623698
201306080820, 0.860352
201306080830, 2.49457
201306080840, 1.78103
201306080850, 1.40744
201306080900, 2.29373
201306080910, 3.02333
201306080920, 3.17752
201306080930, 2.44303
201306080940, 3.06695
201306080950, 3.27615
201306081000, 3.07194
201306081010, 3.51259
201306081020, 3.31717
201306081030, 1.85211
201306081040, 2.03125
201306081050, 1.44282
201306081100, 1.17589
201306081110, 2.78006
201306081120, 0.652778
201306081130, 0.392795
201306081140, 0.803277
201306081150, 1.48286
201306081200, 3.00109
201306081210, 3.56608
201306081220, 3.04102
201306081230, 4.16732
201306081240, 4.06934
201306081250, 4.28483
201306081300, 4.54373
201306081310, 5.21593
201306081320, 5.85438
201306081330, 6.1773
201306081340, 6.27669
201306081350, 7.4528
201306081400, 7.13216
201306081410, 6.23492
201306081420, 8.39225
201306081430, 5.89486
201306081440, 7.23416
201306081450, 6.81131
201306081500, 8.24447
201306081510, 8.9898
201306081520, 10.0748
201306081530, 10.6396
201306081540, 10.8809
201306081550, 9.82194
201306081600, 9.2564
201306081610, 9.04764
201306081620, 8.40527
201306081630, 8.09679
201306081640, 7.92502
201306081650, 7.31174
201306081700, 7.19868
201306081710, 7.04915
201306081720, 7.04319
201306081730, 6.64193
201306081740, 7.1186
201306081750, 6.8163
201306081800, 6.21007
201306081810, 6.17936
201306081820, 6.45269
201306081830, 6.06348
201306081840, 5.18642
201306081850, 4.66319
201306081900, 4.88574
201306081910, 4.96647
201306081920, 4.03993
201306081930, 4.08019
201306081940, 4.45779
201306081950, 2.56066
201306082000, 2.19455
201306082010, 0.933268
201306082020, 1.05914
201306082030, 0.762153
201306082040, 0.106662
201306082050, 0.0481771
201306082100, 1.18663
201306082110, 1.59364
201306082120, 1.59093
201306082130, 2.03787
201306082140, 2.01367
201306082150, 2.48937
201306082200, 1.96517
201306082210, 1.23709
201306082220, 1.19097
201306082230, 0.889648
201306082240, 0.777561
201306082250, 1.20866
201306082300, 1.1556
201306082310, 1.05273
201306082320, 1.46224
201306082330, 2.20736
201306082340, 2.0128
201306082350, 1.64855
201306090000, 1.08431
201306090010, 0.539714
201306090020, 0.91862
201306090030, 1.44
201306090040, 1.13813
201306090050, 2.33626
201306090100, 2.05632
201306090110, 2.12912
201306090120, 1.20595
201306090140, 1.2028
201306090150, 0.769748
201306090200, 0.457248
201306090210, 0.474609
201306090220, 0.426975
201306090230, 0.705729
201306090240, 0.299154
201306090250, 0.0747613
201306090300, 0.241753
201306090310, 0.367947
201306090320, 0.647678
201306090330, 0.469727
201306090340, 0.237956
201306090350, 0.292209
201306090400, 0.137261
201306090410, 0.356988
201306090420, 0.332899
201306090430, 0.486437
201306090440, 1.59787
201306090450, 1.97591
201306090500, 2.12305
201306090510, 1.96452
201306090520, 1.72201
201306090530, 2.21723
201306090540, 1.83409
201306090550, 0.949978
201306090600, 1.09635
201306090610, 1.00434
201306090620, 1.45312
201306090630, 1.98546
201306090640, 2.59473
201306090650, 2.73904
201306090700, 2.93587
201306090710, 3.08746
201306090720, 3.80197
201306090730, 3.81239
201306090740, 3.00499
201306090750, 2.94835
201306090800, 2.93207
201306090810, 2.33116
201306090820, 1.89258
201306090830, 1.51378
201306090840, 1.05903
201306090850, 0.844618
201306090900, 0.590061
201306090910, 0.544596
201306090920, 0.943034
201306090930, 1.57878
201306090940, 2.06749
201306090950, 2.63813
201306091000, 4.15527
201306091010, 4.38455
201306091020, 4.65549
201306091030, 4.52789
201306091040, 4.78103
201306091050, 4.78049
201306091100, 4.55968
201306091110, 4.91189
201306091120, 4.36155
201306091130, 4.05838
201306091140, 4.20497
201306091150, 4.02875
201306091200, 3.70302
201306091210, 3.18739
201306091220, 3.1122
201306091230, 1.62153
201306091240, 2.19032
201306091250, 2.28982
201306091300, 2.4324
201306091310, 2.5753
201306091320, 1.55035
201306091330, 1.39008
201306091340, 1.82682
201306091350, 1.53147
201306091400, 1.83214
201306091410, 1.97233
201306091420, 2.70161
201306091430, 2.7844
201306091440, 1.47993
201306091450, 1.47385
201306091500, 1.81402
201306091510, 1.49457
201306091520, 1.67166
201306091530, 1.60981
201306091540, 1.44933
201306091550, 1.32997
201306091600, 1.2334
201306091610, 1.96332
201306091620, 2.44217
201306091630, 3.35829
201306091640, 3.32411
201306091650, 3.3202
201306091700, 3.17958
201306091710, 3.73633
201306091720, 4.1582
201306091730, 4.58713
201306091740, 5.55621
201306091750, 5.82975
201306091800, 6.16981
201306091810, 7.13422
201306091820, 7.55925
201306091830, 7.54091
201306091840, 7.36903
201306091850, 6.45009
201306091900, 5.63845
201306091910, 6.30599
201306091920, 6.18142
201306091930, 5.31424
201306091940, 4.639
201306091950, 2.55447
201306092000, 1.7589
201306092010, 1.61447
201306092020, 1.40516
201306092030, 0.376194
201306092050, 0.541558
201306092110, 0.587023
201306092140, 0.190213
201306092150, 0.148438
201306092250, 0.337023
201306092310, 0.161133
201306092320, 0.0578342
201306092340, 0.292752
201306100000, 0.167969
201306100020, 0.0777995
201306100030, 0.105035
201306100040, 0.0826823
201306100110, 0.0823568
201306100120, 0.0772569
201306100230, 0.00173611
201306100300, 0.368815
201306100310, 0.0221354
201306100330, 0.0489366
201306100400, 0.11773
201306100420, 0.149957
201306100430, 0.121962
201306100450, 0.0121528
201306100500, 0.0899523
201306100510, 0.0983073
201306100520, 0
201306100620, 0.00553385
201306100630, 0.0919054
201306100640, 0.0804036
201306100720, 0.0911458
201306100730, 0.000434028
201306100740, 0
201306100830, 0.00444878
201306100840, 0.666341
201306100910, 0.00390625
201306100920, 0.0967882
201306100950, 0.128689
201306101020, 0.0621745
201306101030, 0.141493
201306101040, 0.15191
201306101050, 0
201306101100, 0.446181
201306101130, 0.193034
201306101140, 0.267361
201306101200, 0.538411
201306101210, 0.0457899
201306101220, 0.773546
201306101230, 1.1416
201306101240, 0.50293
201306101250, 0.28559
201306101300, 0.284939
201306101310, 0.156684
201306101320, 0.280382
201306101330, 0.352105
201306101340, 0.229492
201306101350, 0.287543
201306101400, 0.460612
201306101410, 0.319553
201306101420, 0.365777
201306101430, 0.468207
201306101440, 0.424262
201306101450, 0.696506
201306101500, 0.478082
201306101510, 0.741536
201306101520, 0.551541
201306101530, 0.74783
201306101540, 0.459635
201306101550, 0.538737
201306101600, 0.746202
201306101610, 0.707465
201306101620, 0.604167
201306101630, 0.86046
201306101640, 0.362956
201306101650, 0.57997
201306101700, 0.535373
201306101710, 0.510308
201306101720, 0.253255
201306101730, 0.345812
201306101740, 0.393989
201306101750, 0.244575
201306101800, 0.462674
201306101810, 0.343316
201306101820, 0.477539
201306101830, 0.254883
201306101840, 0.243598
201306101850, 0.368381
201306101900, 0.382161
201306101910, 0.545898
201306101920, 0.438043
201306101930, 0.284614
201306101940, 0.247504
201306101950, 0.470595
201306102000, 0.244792
201306102010, 0.536241
201306102020, 0.629666
201306102030, 1.00315
201306102040, 0.648872
201306102050, 0.532118
201306102100, 0.362196
201306102110, 0.510525
201306102120, 0.528863
201306102130, 0.733507
201306102140, 0.576497
201306102150, 1.09928
201306102200, 0.988173
201306102210, 0.484375
201306102220, 0.68316
201306102230, 0.466254
201306102240, 0.646159
201306102250, 0.789714
201306102300, 0.400825
201306102310, 0.757161
201306102320, 1.12576
201306102330, 1.06858
201306102340, 1.35406
201306102350, 1.46061
201306110000, 1.32617
201306110010, 1.18739
201306110020, 0.935655
201306110030, 1.12815
201306110040, 1.15072
201306110050, 0.952148
201306110100, 0.64171
201306110110, 0.221897
201306110120, 0.570964
201306110130, 0.264974
201306110140, 0.425564
201306110150, 0.204427
201306110200, 0.0898438
201306110210, 0.105035
201306110220, 0.301432
201306110230, 0.260851
201306110240, 0.394965
201306110250, 0.726237
201306110600, 0.244792
201306110620, 0.177626
201306110630, 0.0485026
201306110640, 0.392904
201306110650, 0.284939
201306110700, 0.353407
201306110710, 0.18023
201306110720, 0.336154
201306110730, 0.134223
201306110740, 0.00520833
201306110800, 0.0584852
201306110810, 0.235135
201306110820, 0.198893
201306110830, 0.181749
201306110850, 0.0993924
201306110910, 0.233724
201306110930, 0.069987
201306110950, 0.0371094
201306111000, 0.0469835
201306111010, 0.157227
201306111040, 0.213325
201306111050, 0.0313585
201306111100, 0.179253
201306111110, 0.0119358
201306111120, 0.419379
201306111130, 0.224392
201306111140, 0.135959
201306111150, 0.150174
201306111200, 0.0606554
201306111210, 0.238173
201306111220, 0.122287
201306111230, 0.412109
201306111240, 0.629557
201306111250, 0.310113
201306111300, 0.431532
201306111310, 1.02745
201306111320, 0.950738
201306111330, 0.853082
201306111340, 1.34961
201306111350, 1.38498
201306111400, 1.58398
201306111410, 1.51801
201306111420, 1.30773
201306111430, 2.29438
201306111440, 2.16417
201306111450, 2.22363
201306111500, 2.06337
201306111510, 2.20334
201306111520, 2.15994
201306111530, 2.34592
201306111540, 2.28668
201306111550, 2.96289
201306111600, 2.86979
201306111610, 2.51855
201306111620, 1.85156
201306111630, 1.34559
201306111640, 1.34484
201306111650, 1.53581
201306111700, 1.40614
201306111710, 2.02485
201306111720, 0.939345
201306111730, 1.31586
201306111740, 1.94792
201306111750, 1.33539
201306111800, 1.21419
201306111810, 1.32585
201306111820, 1.4094
201306111830, 1.46658
201306111840, 1.49479
201306111850, 1.16504
201306111900, 1.28179
201306111910, 1.55783
201306111920, 1.93674
201306111930, 1.5778
201306111940, 2.04449
201306111950, 1.88281
201306112000, 1.71213
201306112010, 1.40126
201306112020, 1.42578
201306112030, 1.43522
201306112040, 1.54253
201306112050, 1.62684
201306112100, 1.68598
201306112110, 1.71419
201306112120, 1.67893
201306112130, 1.64442
201306112140, 1.74403
201306112150, 1.34939
201306112200, 1.26194
201306112210, 1.59787
201306112220, 1.12131
201306112230, 1.4145
201306112240, 0.71875
201306112250, 0.828342
201306112300, 1.15137
201306112310, 0.748481
201306112320, 0.698351
201306112330, 0.547092
201306112340, 0.389106
201306112350, 0.556207
201306120000, 0.494466
201306120010, 0.410699
201306120020, 0.504232
201306120030, 0.304688
201306120040, 0.28125
201306120050, 0.524414
201306120100, 0.341363
201306120110, 0.746528
201306120120, 0.44043
201306120130, 0.334527
201306120140, 0.736111
201306120150, 0.302517
201306120200, 0.645182
201306120210, 0.238932
201306120220, 0.717773
201306120230, 0.342665
201306120240, 0.277127
201306120250, 0.402561
201306120300, 0.366428
201306120310, 0.356445
201306120320, 0.537001
201306120330, 0.260742
201306120340, 0.193576
201306120350, 0.231879
201306120400, 0.0775825
201306120410, 0.0524089
201306120430, 0.0504557
201306120450, 0.127604
201306120500, 0.0977648
201306120510, 0.0526259
201306120520, 0.16786
201306120530, 0.275608
201306120540, 0.0311415
201306120550, 0.0295139
201306120600, 0.0100911
201306120610, 0.0436198
201306120620, 0.0321181
201306120640, 0.0031467
201306120650, 0.0288628
201306120700, 0.00379774
201306120710, 0.0100911
201306120720, 0.0208333
201306120730, 0.142904
201306120740, 0.0101997
201306120750, 0.00835503
201306120800, 0.000325521
201306120810, 0.0540365
201306120820, 0.0168186
201306120830, 0.0614149
201306120840, 0.132487
201306120900, 0.138238
201306120910, 0.0942925
201306120920, 0.0741102
201306120930, 0.197157
201306120940, 0.19184
201306120950, 0.0246311
201306121000, 0.0124783
201306121010, 0.0934245
201306121020, 0.0061849
201306121030, 0.0252821
201306121040, 0.10536
201306121100, 0.686198
201306121110, 0.461697
201306121120, 0.369249
201306121130, 0.235352
201306121140, 0.103299
201306121150, 0.515408
201306121200, 0.104601
201306121210, 0.0326606
201306121220, 0.356554
201306121230, 0.224501
201306121240, 0.471029
201306121250, 0.786892
201306121300, 0.834418
201306121310, 0.892578
201306121320, 1.0178
201306121330, 1.13845
201306121340, 1.1416
201306121350, 1.03841
201306121400, 1.06196
201306121410, 0.991211
201306121420, 1.34332
201306121430, 1.35026
201306121440, 1.32161
201306121450, 1.3444
201306121500, 1.17849
201306121510, 1.08626
201306121520, 0.86122
201306121530, 0.893121
201306121540, 0.899523
201306121550, 0.825087
201306121600, 0.718967
201306121610, 0.239366
201306121620, 1.0089
201306121630, 0.707031
201306121640, 0.565104
201306121650, 0.518772
201306121700, 0.531358
201306121710, 0.843533
201306121720, 1.21853
201306121730, 1.09332
201306121740, 1.05176
201306121750, 1.25033
201306121800, 0.756076
201306121810, 0.769423
201306121820, 0.446506
201306121830, 1.01443
201306121840, 1.68012
201306121850, 1.00651
201306121900, 0.890299
201306121910, 0.874892
201306121920, 0.758138
201306121930, 1.12923
201306121940, 1.02224
201306121950, 0.882053
201306122000, 0.562283
201306122010, 0.746853
201306122020, 0.517253
201306122030, 0.907552
201306122040, 1.04894
201306122050, 0.412326
201306122100, 0.588433
201306122110, 0.147352
201306122120, 0.732422
201306122130, 0.280924
201306122140, 0.56684
201306122150, 0.812066
201306122200, 0.624457
201306122210, 0.990777
201306122220, 1.05664
201306122230, 0.921875
201306122240, 0.241211
201306122250, 0.356445
201306122300, 0.350694
201306122310, 0.271484
201306122320, 0.215278
201306122330, 0.224501
201306122340, 0.125217
201306122350, 0.0713976
201306130000, 0.221029
201306130010, 0.202257
201306130020, 0.148003
201306130030, 0.0719401
201306130040, 0.110894
201306130050, 0.12283
201306130100, 0.125
201306130120, 0.0298394
201306130130, 0.147569
201306130140, 0.165582
201306130150, 0.038954
201306130200, 0.0443793
201306130210, 0.0540365
201306130220, 0.126628
201306130230, 0.093967
201306130240, 0.127496
201306130250, 0.0132378
201306130300, 0.0820312
201306130310, 0.000651042
201306130320, 0.0628255
201306130340, 0.0636936
201306130350, 0.0777995
201306130400, 0.0886502
201306130410, 0.134657
201306130430, 0.0626085
201306130610, 0.0217014
201306130620, 0.0381944
201306130720, 0.00108507
201306130750, 0.113607
201306130800, 0
201306130810, 0.000217014
201306130820, 0.14247
201306130830, 0.0834418
201306130850, 0.000759549
201306130950, 0
201306131100, 0.000434028
201306131110, 0.103733
201306131130, 0.268012
201306131140, 0.284939
201306131150, 0.0537109
201306131200, 0.180664
201306131210, 0.157118
201306131220, 0.277669
201306131230, 0.177517
201306131240, 0.250651
201306131250, 0.0585938
201306131300, 0.140082
201306131310, 0.356879
201306131320, 0.349609
201306131330, 0.514431
201306131340, 0.590169
201306131350, 0.760308
201306131400, 0.992404
201306131410, 0.466146
201306131420, 0.677843
201306131430, 0.774306
201306131440, 0.637804
201306131450, 0.75434
201306131500, 0.71799
201306131510, 0.862847
201306131520, 0.890733
201306131530, 0.779622
201306131540, 0.48329
201306131550, 0.792426
201306131600, 0.755642
201306131610, 0.801649
201306131620, 0.726671
201306131630, 0.697374
201306131640, 0.794054
201306131650, 0.689779
201306131700, 0.376845
201306131710, 0.402127
201306131720, 0.392036
201306131730, 0.607205
201306131740, 0.418077
201306131750, 0.322157
201306131800, 0.561089
201306131810, 0.607747
201306131820, 0.634983
201306131830, 0.708767
201306131840, 0.717882
201306131850, 0.6977
201306131900, 0.572266
201306131910, 0.698893
201306131920, 0.431315
201306131930, 0.388021
201306131940, 0.406033
201306131950, 0.754666
201306132000, 0.245226
201306132010, 0.681858
201306132020, 0.543945
201306132030, 0.0161675
201306132040, 0.209744
201306132050, 0.0616319
201306132100, 0.207574
201306132110, 0.193685
201306132120, 0.255751
201306132130, 0.296224
201306132140, 0.0511068
201306132150, 0.0275608
201306132200, 0.00835503
201306132210, 0.000434028
201306132220, 0.0078125
201306132230, 0.0285373
201306132240, 0.00683594
201306132250, 0.0118273
201306132300, 0.000108507
201306132310, 0.00726997
201306132320, 0.178168
201306132330, 0.0254991
201306132340, 0.0379774
201306132350, 0.0751953
201306140000, 0.0416667
201306140010, 0.106337
201306140020, 0.0170356
201306140030, 0.0279948
201306140040, 0.0108507
201306140050, 0.0093316
201306140100, 0.0193142
201306140110, 0.0290799
201306140120, 0.00444878
201306140130, 0.0703125
201306140140, 0.00651042
201306140150, 0.0460069
201306140200, 0.11697
201306140210, 0
201306140220, 0.0615234
201306140230, 0.00911458
201306140240, 0.016276
201306140250, 0.0716146
201306140300, 0.222222
201306140310, 0.0187717
201306140320, 0.0828993
201306140400, 0.00564236
201306140410, 0.0415582
201306140440, 0.0945095
201306140450, 0.0016276
201306140610, 0.0827908
201306140630, 0.263346
201306140640, 0.000108507
201306140650, 0.0724826
201306140710, 0
201306140740, 0.0031467
201306140800, 0.318142
201306140810, 0.0875651
201306140820, 0.0906033
201306140830, 0.0324436
201306140840, 0.199544
201306140900, 0.164822
201306140910, 0.0264757
201306140920, 0
201306140940, 0.344727
201306140950, 0.331489
201306141000, 0.275282
201306141010, 0.0147569
201306141030, 0.0278863
201306141050, 0.00249566
201306141100, 0.069987
201306141120, 0.0213759
201306141140, 0.0606554
201306141150, 0.131944
201306141200, 0.0184462
201306141220, 0.000325521
201306141230, 0.0253906
201306141240, 0.00347222
201306141250, 0.0166016
201306141300, 0.141276
201306141310, 0.047309
201306141320, 0.0155165
201306141330, 0.144857
201306141340, 0.129232
201306141350, 0.226562
201306141400, 0.28776
201306141410, 0.287977
201306141420, 0.277344
201306141430, 0.349501
201306141440, 0.306532
201306141450, 0.363173
201306141500, 0.361437
201306141510, 0.440321
201306141520, 0.714735
201306141530, 0.640517
201306141540, 0.440647
201306141550, 0.251302
201306141600, 0.160048
201306141610, 0.419596
201306141620, 0.423503
201306141630, 0.520074
201306141640, 0.501411
201306141650, 0.688151
201306141700, 0.397786
201306141710, 0.508572
201306141720, 0.385959
201306141730, 0.502496
201306141740, 0.544271
201306141750, 0.48253
201306141800, 0.567925
201306141810, 0.169271
201306141820, 0.0760634
201306141830, 0.158312
201306141840, 0.0868056
201306141850, 0.0282118
201306141900, 0.0467665
201306141910, 0.0581597
201306141920, 0.0197483
201306141930, 0.0202908
201306141940, 0.0679253
201306141950, 0.00542535
201306142000, 0
201306142010, 0.000976562
201306142020, 0.00173611
201306142030, 0.0141059
201306142040, 0.0206163
201306142050, 0.00119358
201306142100, 0.0199653
201306142110, 0.0463325
201306142120, 0.0437283
201306142130, 0.0275608
201306142140, 0.370009
201306142150, 0.194444
201306142200, 0.199978
201306142210, 0.119575
201306142220, 0.137261
201306142230, 0.185113
201306142240, 0.245985
201306142250, 0.356445
201306142300, 0.190213
201306142310, 0.0520833
201306142320, 0.10319
201306142340, 0.0744358
201306142350, 0.221788
201306150000, 0
201306150020, 0.000108507
201306150030, 0.275065
201306150040, 0.171441
201306150050, 0.203668
201306150100, 0.0794271
201306150110, 0.16645
201306150120, 0.114583
201306150130, 0.280382
201306150140, 0.115234
201306150150, 0.137478
201306150200, 0.107747
201306150210, 0.419922
201306150220, 0.639974
201306150230, 0.236003
201306150240, 0.505968
201306150250, 0.68826
201306150300, 0.525174
201306150310, 0.113281
201306150320, 0.321072
201306150330, 0.120334
201306150340, 0.148655
201306150400, 0.0171441
201306150410, 0.672418
201306150420, 0.536241
201306150440, 0.62207
201306150500, 0.299588
201306150530, 0.46224
201306150550, 0.483724
201306150620, 0.443034
201306150630, 0.441189
201306150650, 0.00748698
201306150710, 0.204319
201306150730, 0.323134
201306150750, 0.171224
201306150800, 0.250543
201306150810, 0.209527
201306150830, 0.391059
201306150910, 0.380425
201306150920, 0.245334
201306150930, 0.0254991
201306151010, 0.253689
201306151050, 0.642904
201306151100, 0.388238
201306151120, 0.305122
201306151130, 0.325304
201306151140, 0.180447
201306151150, 0.294271
201306151200, 0.223307
201306151210, 0.298069
201306151230, 0.130208
201306151250, 0.203885
201306151300, 0.108615
201306151310, 0.0574002
201306151320, 0.130751
201306151330, 0.169162
201306151340, 0.23839
201306151350, 0.152669
201306151400, 0.165256
201306151410, 0.101562
201306151420, 0.198134
201306151430, 0.2398
201306151440, 0.0771484
201306151450, 0.0251736
201306151500, 0.109484
201306151510, 0.0270182
201306151520, 0.153646
201306151530, 0.0592448
201306151540, 0.0604384
201306151550, 0.0571832
201306151600, 0.123915
201306151610, 0.0565321
201306151620, 0.086697
201306151630, 0.142795
201306151640, 0.101562
201306151650, 0.0215929
201306151700, 0.15115
201306151710, 0.110135
201306151720, 0.163845
201306151730, 0.151259
201306151740, 0.119466
201306151750, 0.269206
201306151800, 0.0515408
201306151810, 0.151584
201306151820, 0.122179
201306151830, 0.12424
201306151840, 0.126085
201306151850, 0.118056
201306151900, 0.0922309
201306151910, 0.137261
201306151920, 0.10102
201306151930, 0.297743
201306151940, 0.230252
201306151950, 0.123372
201306152000, 0.161784
201306152010, 0.173828
201306152020, 0.204753
201306152030, 0.122613
201306152040, 0.0899523
201306152050, 0.0445964
201306152100, 0.0457899
201306152110, 0.156684
201306152120, 0.208225
201306152130, 0.195204
201306152140, 0.231011
201306152150, 0.145942
201306152200, 0.0491536
201306152210, 0.0949436
201306152220, 0.106771
201306152230, 0.148655
201306152240, 0.184787
201306152250, 0.0981988
201306152300, 0.198785
201306152310, 0.120117
201306152320, 0.356662
201306152330, 0.205838
201306152340, 0.646593
201306152350, 0.238715
201306160000, 0.460395
201306160010, 0.217773
201306160020, 0.122287
201306160030, 1.26139
201306160040, 0.802951
201306160050, 0.210395
201306160100, 0.191081
201306160110, 0.174913
201306160120, 0.162977
201306160130, 0.161892
201306160140, 0.25076
201306160150, 0.341363
201306160200, 0.294488
201306160210, 0.26454
201306160230, 0.175998
201306160250, 0.194119
201306160320, 0.62207
201306160330, 0.12793
201306160400, 0.226345
201306160410, 0.0733507
201306160440, 0.199219
201306160450, 0.642253
201306160500, 0
201306160530, 0.382378
201306160550, 0.317057
201306160610, 0.120985
201306160630, 0.255425
201306160640, 0.386936
201306160700, 0
201306160710, 0.201714
201306160730, 0.077691
201306160800, 0.174805
201306160820, 0.150065
201306160900, 0.0118273
201306161030, 0.114258
201306161040, 0.724501
201306161100, 0.165256
201306161120, 0.475694
201306161130, 0.128798
201306161140, 0.107422
201306161150, 0.173937
201306161200, 0.0995009
201306161220, 0.173177
201306161240, 0.0950521
201306161250, 0.212999
201306161300, 0.0303819
201306161320, 0.371311
201306161340, 0.214193
201306161350, 0.125434
201306161410, 0.202257
201306161420, 0.6352
201306161440, 0.119249
201306161500, 0.12066
201306161510, 0.101562
201306161520, 0.101454
201306161530, 0.0501302
201306161540, 0.221788
201306161550, 0.111871
201306161600, 0.314236
201306161610, 0.205404
201306161620, 0.153212
201306161630, 0.110786
201306161640, 0.167101
201306161650, 0.201823
201306161700, 0.163086
201306161710, 0.0368924
201306161720, 0.104818
201306161730, 0.134223
201306161740, 0.102973
201306161750, 0.0666233
201306161800, 0.0328776
201306161810, 0.108181
201306161820, 0.114909
201306161830, 0.721571
201306161840, 1.73079
201306161850, 0.654731
201306161900, 0.764431
201306161910, 0.715929
201306161920, 0.132378
201306161930, 0.700955
201306161940, 0.34592
201306161950, 0.170247
201306162000, 0.342882
201306162010, 0.172635
201306162020, 0.273438
201306162030, 0.11263
201306162040, 0.235569
201306162050, 1.26845
201306162100, 1.47711
201306162110, 1.84766
201306162120, 1.89855
201306162130, 2.61176
201306162150, 3.00174
201306162200, 1.81304
201306162210, 2.07303
201306162220, 1.25488
201306162230, 0.860352
201306162240, 1.04503
201306162250, 0.148438
201306162300, 0.111762
201306162310, 0.386068
201306162320, 0.556966
201306162330, 0.474501
201306162340, 0.491862
201306162350, 0.608181
201306170000, 0.311089
201306170010, 0.909614
201306170020, 0.227214
201306170030, 0.147461
201306170040, 0.26237
201306170050, 0.314996
201306170100, 0.379557
201306170120, 0.725803
201306170130, 0.985352
201306170140, 1.36165
201306170230, 1.56608
201306170240, 1.59266
201306170250, 2.06868
201306170300, 1.7245
201306170310, 1.74544
201306170320, 1.80718
201306170330, 1.60992
201306170340, 1.11578
201306170350, 0.711914
201306170400, 0.71582
201306170410, 0.43316
201306170420, 0.226454
201306170430, 0.401259
201306170440, 0.156141
201306170450, 0.221137
201306170500, 0.187826
201306170510, 0.225477
201306170520, 0.18316
201306170530, 0.0766059
201306170600, 0
201306170610, 0.217665
201306170630, 0
201306170640, 0.00444878
201306170650, 0.0134549
201306170710, 0.0262587
201306170730, 0.0282118
201306170750, 0.0503472
201306170820, 0.103299
201306170850, 0.0208333
201306170920, 0.273438
201306170940, 0.111979
201306171000, 0.110677
201306171050, 0.274306
201306171110, 0.219076
201306171120, 0.271267
201306171200, 0.352973
201306171220, 0.169054
201306171240, 0.111003
201306171300, 0.129232
201306171320, 0.102539
201306171340, 0.175347
201306171350, 0.161024
201306171400, 0.0379774
201306171410, 0.0603299
201306171420, 0.0684679
201306171430, 0.0253906
201306171440, 0.0185547
201306171450, 0
201306171500, 0
201306171510, 0.093533
201306171520, 0.0234375
201306171540, 0.143121
201306171550, 0.0481771
201306171600, 0.0883247
201306171610, 0.0327691
201306171620, 0.0210503
201306171630, 0.0106337
201306171640, 0.0412326
201306171650, 0.00206163
201306171700, 0.108073
201306171710, 0.608941
201306171720, 0.68099
201306171730, 1.00065
201306171740, 0.916124
201306171750, 0.925239
201306171800, 1.051
201306171810, 0.981879
201306171820, 0.753689
201306171830, 0.890951
201306171840, 1.06847
201306171850, 1.87196
201306171900, 0.980035
201306171910, 1.67752
201306171920, 2.20855
201306171930, 2.43533
201306171940, 1.76465
201306171950, 1.32053
201306172000, 1.32791
201306172010, 1.52409
201306172020, 1.00575
201306172030, 1.02637
201306172040, 0.414388
201306172050, 0.770399
201306172100, 0.302517
201306172110, 0.607313
201306172120, 0.491971
201306172130, 0.488498
201306172140, 0.275716
201306172150, 0.108507
201306172200, 0.371311
201306172210, 0.486979
201306172220, 0.227865
201306172230, 0.189236
201306172240, 0.289062
201306172250, 0.194336
201306172300, 0.046224
201306172310, 0.0515408
201306172320, 0.323676
201306172330, 0.458876
201306172340, 0.743924
201306172350, 0.475369
201306180000, 0.291233
201306180010, 0.0435113
201306180020, 0.0282118
201306180030, 0.121311
201306180040, 0.234701
201306180050, 0.175673
201306180100, 0.477973
201306180110, 0.195855
201306180140, 0.0461155
201306180150, 0.0975477
201306180200, 0.147244
201306180210, 0.30447
201306180220, 0.115343
201306180230, 0.0834418
201306180250, 0.0690104
201306180300, 0.45714
201306180310, 0.407661
201306180320, 0.148655
201306180330, 0.085829
201306180340, 0.859049
201306180420, 0.124783
201306180430, 0.0771484
201306180440, 0.0529514
201306180450, 0.0885417
201306180500, 0.277127
201306180510, 0.292969
201306180520, 0.0336372
201306180530, 0.146267
201306180540, 0.414605
201306180550, 0.560547
201306180600, 0.312174
201306180610, 0.148872
201306180620, 0.682617
201306180630, 1.20844
201306180640, 0.998481
201306180650, 0.373372
201306180700, 0.683268
201306180710, 0.826823
201306180720, 0.549262
201306180730, 0.00922309
201306180740, 0.86556
201306180750, 0.890299
201306180800, 1.14887
201306180810, 1.27865
201306180820, 1.0357
201306180830, 0.394531
201306180840, 1.12435
201306180850, 1.26194
201306180900, 0.731554
201306180910, 1.18186
201306180920, 1.52572
201306180930, 1.48459
201306180940, 1.31445
201306180950, 1.43359
201306181000, 1.37815
201306181010, 1.00694
201306181020, 0.994032
201306181030, 0.828342
201306181040, 0.808919
201306181050, 0.402235
201306181100, 0.702691
201306181110, 0.113824
201306181120, 0.182075
201306181130, 0.498264
201306181140, 0.747938
201306181150, 0.857964
201306181200, 1.09115
201306181210, 1.44227
201306181220, 1.58344
201306181230, 1.33268
201306181240, 1.03353
201306181250, 0.791124
201306181300, 1.19553
201306181310, 1.29047
201306181320, 0.814345
201306181330, 0.618924
201306181340, 0.192274
201306181610, 0.0388455
201306181620, 0.0439453
201306181630, 0.0669488
201306181640, 0.0343967
201306181650, 0.0134549
201306181700, 0.0945095
201306181710, 0.0330946
201306181720, 0.0163845
201306181730, 0.0159505
201306181740, 0.030816
201306181750, 0.289931
201306181800, 0.0117188
201306181810, 0.124566
201306181820, 0.00379774
201306181830, 0.160265
201306181840, 0.471029
201306181900, 0.143446
201306181910, 0
201306181920, 0.0780165
201306181940, 0
201306181950, 0.00347222
201306182010, 0.0375434
201306182020, 0.00444878
201306182030, 0.0302734
201306182050, 0.0118273
201306182110, 0
201306182120, 0.000759549
201306182130, 0.0170356
201306182140, 0.0031467
201306182150, 0.00119358
201306182200, 0.0824653
201306182210, 0.0380859
201306182220, 0.181098
201306182250, 0.103841
201306182310, 0.0865885
201306182320, 0.085829
201306182350, 0.138889
201306190010, 0.0551215
201306190030, 0.357856
201306190040, 0.268772
201306190050, 0.156576
201306190100, 0.218642
201306190110, 0.458442
201306190120, 0.323676
201306190130, 0.285156
201306190140, 0.333876
201306190150, 0.231988
201306190230, 0.276801
201306190310, 0.0366753
201306190410, 0.0638021
201306190500, 0.380642
201306190540, 0.062283
201306190550, 0.381293
201306190600, 0
201306190630, 0
201306190750, 0
201306190800, 0.234158
201306190840, 0.0330946
201306190850, 0.105794
201306190900, 0.039605
201306190910, 0
201306190920, 0.000976562
201306190930, 0.000759549
201306190940, 0.290582
201306190950, 0.412435
201306191000, 0.447917
201306191010, 0.31467
201306191020, 0.818359
201306191030, 1.21191
201306191040, 0.804688
201306191050, 1.16808
201306191100, 1.07053
201306191110, 1.57194
201306191120, 2.77962
201306191130, 2.09473
201306191140, 1.31803
201306191150, 1.23047
201306191200, 1.22005
201306191210, 0.906576
201306191220, 0.545139
201306191230, 0.519857
201306191240, 0.516493
201306191600, 0.346029
201306191610, 0.142795
201306191620, 0.236111
201306191630, 0.222222
201306191640, 0.147352
201306191800, 0.190104
201306191810, 0.188368
201306191820, 0.522352
201306191830, 0.0992839
201306191840, 0.250217
201306191850, 0.168511
201306191900, 0.0766059
201306191910, 0.198785
201306191920, 0.174371
201306191930, 0.0981988
201306191940, 0.111762
201306191950, 0.0614149
201306192000, 0.194553
201306192010, 0.177734
201306192020, 0.197049
201306192030, 0.211697
201306192040, 0.172201
201306192050, 0.183268
201306192100, 0.157227
201306192110, 0.0519748
201306192120, 0.0602214
201306192130, 0.151801
201306192140, 0.287435
201306192150, 0.424154
201306192200, 0.226454
201306192210, 0.145725
201306192220, 0.269965
201306192230, 0.297092
201306192240, 0.15191
201306192250, 0.181424
201306192300, 0.464735
201306192310, 0.332248
201306192320, 0.394314
201306192340, 0.464627
201306192350, 0.311632
201306200000, 0.222548
201306200010, 0.296549
201306200020, 0.427951
201306200030, 0.288845
201306200040, 0.373481
201306200050, 0.230143
201306200100, 0.417318
201306200110, 0.273329
201306200120, 0.191949
201306200130, 0.255208
201306200140, 0.220703
201306200150, 0.164171
201306200200, 0.153863
201306200210, 0.343207
201306200220, 0.125109
201306200230, 0.135091
201306200240, 0.459418
201306200250, 0.310438
201306200300, 0.277344
201306200310, 0.257921
201306200320, 0.350694
201306200330, 0.175347
201306200340, 0.287001
201306200350, 0.338108
201306200400, 0.426649
201306200410, 0.158746
201306200420, 0.22168
201306200430, 0.380642
201306200440, 0.407227
201306200450, 0.181207
201306200500, 0.152561
201306200510, 0.196832
201306200520, 0.196832
201306200550, 0.516385
201306200610, 0
201306200640, 0
201306200650, 0.184896
201306200700, 0.350152
201306200710, 0
201306200730, 0.21582
201306200750, 0.136719
201306200800, 0.475803
201306200810, 0.267036
201306200910, 0.147135
201306201020, 0.307834
201306201040, 0.493815
201306201050, 0.341037
201306201100, 0.471029
201306201110, 0.60026
201306201120, 0.119466
201306201130, 0.0322266
201306201140, 0.358398
201306201150, 0.0978733
201306201200, 0.0414497
201306201210, 0.240343
201306201220, 0.151584
201306201230, 0.601888
201306201240, 0.147786
201306202050, 1.02387
201306202100, 0.709852
201306202110, 0.51237
201306202120, 0.462131
201306202130, 0.598524
201306202140, 0.736003
201306202150, 0.699761
201306202200, 0.203125
201306202210, 0.20128
201306202220, 0.374349
201306202230, 0.631076
201306202240, 0.375434
201306202250, 0.493598
201306202300, 0.134657
201306202310, 0.325521
201306202320, 0.0367839
201306202330, 0.0784505
201306202340, 0.0845269
201306202350, 0.417535
201306210000, 0.0493707
201306210010, 0.0638021
201306210020, 0.125109
201306210030, 0.174154
201306210040, 0
201306210050, 0.00857205
201306210100, 0.0889757
201306210110, 0
201306210120, 0
201306210130, 0.306749
201306210140, 0.00585938
201306210150, 0.142144
201306210200, 0.0422092
201306210210, 0.125326
201306210220, 0.10319
201306210230, 0.239258
201306210240, 0.0145399
201306210250, 0.101345
201306210300, 0.0532769
201306210310, 0.0910373
201306210320, 0.138997
201306210330, 0.1977
201306210340, 0.154839
201306210350, 0.0873481
201306210410, 0.069987
201306210420, 0.0815972
201306210430, 0.118815
201306210500, 0.00976562
201306210510, 0.1773
201306210520, 0.0881076
201306210530, 0.173503
201306210540, 0.138889
201306210550, 0.235243
201306210610, 0.398329
201306210620, 0.155382
201306210630, 0.274848
201306210640, 0.210829
201306210650, 0.169488
201306210700, 0.361437
201306210710, 0.104818
201306210720, 0.182292
201306210730, 0.114475
201306210740, 0.353407
201306210750, 0.459093
201306210800, 0.213976
201306210810, 0.0839844
201306210820, 0.244466
201306210830, 0.216037
201306210840, 0.225586
201306210850, 0.343967
201306210900, 0.504991
201306210910, 0.27691
201306210920, 0.424805
201306210930, 0.361111
201306210940, 0.242839
201306210950, 0.436957
201306211000, 0.252279
201306211010, 0.338433
201306211020, 0.321181
201306211040, 0.303819
201306211050, 0.41352
201306211100, 0.234266
201306211110, 0.313477
201306211120, 0.631944
201306211140, 0.393663
201306211150, 0.410807
201306211200, 0.21441
201306211210, 0.431532
201306211220, 0.366211
201306211230, 0.527778
201306211240, 0.427517
201306211250, 0.648655
201306211300, 0.559462
201306211310, 0.472114
201306211320, 0.728299
201306211330, 0.550564
201306211340, 0.323459
201306211350, 0.409939
201306211400, 0.40918
201306211410, 0.293403
201306211420, 0.432075
201306211430, 0.490451
201306211440, 0.799045
201306211450, 0.523329
201306211500, 0.805013
201306211510, 0.625434
201306211520, 0.653646
201306211530, 0.622287
201306211540, 0.541775
201306211550, 0.71582
201306211600, 0.519097
201306211610, 0.371636
201306211620, 0.530273
201306211630, 0.971029
201306211640, 0.919922
201306211650, 0.985569
201306211700, 1.38932
201306211710, 1.1569
201306211720, 1.34549
201306211730, 1.31022
201306211740, 1.47103
201306211750, 1.10775
201306211800, 1.12869
201306211810, 1.12923
201306211820, 1.31554
201306211830, 0.762912
201306211840, 1.01031
201306211850, 0.684245
201306211900, 0.532335
201306211910, 0.604275
201306211920, 0.619249
201306211930, 0.419488
201306211940, 0.323676
201306211950, 0.333333
201306212000, 0.350586
201306212010, 0.32411
201306212020, 0.219618
201306212030, 0.166124
201306212040, 0.477539
201306212050, 0.171007
201306212100, 0.152344
201306212110, 0.0868056
201306212120, 0.134223
201306212130, 0.105252
201306212140, 0.187609
201306212150, 0.0571832
201306212200, 0.0877821
201306212210, 0.0116102
201306212220, 0.134766
201306212230, 0.0780165
201306212240, 0.15191
201306212250, 0.0222439
201306212300, 0.116211
201306212310, 0.0824653
201306212320, 0.0480686
201306212330, 0.129123
201306212340, 0.196398
201306212350, 0.0728082
201306220000, 0.103624
201306220010, 0.124566
201306220020, 0.102431
201306220030, 0.125543
201306220040, 0.293511
201306220050, 0.166667
201306220100, 0.159505
201306220110, 0.22092
201306220120, 0.248264
201306220130, 0.445312
201306220140, 0.17947
201306220150, 0.331814
201306220200, 0.368815
201306220210, 0.315104
201306220220, 0.156141
201306220230, 0.211589
201306220240, 0.356011
201306220250, 0.306966
201306220300, 0.278212
201306220310, 0.196072
201306220320, 0.239475
201306220330, 0.284505
201306220340, 0.267036
201306220350, 0.354709
201306220400, 0
201306220410, 0.277995
201306220420, 0
201306220430, 0.268772
201306220440, 0.153863
201306220450, 0.122396
201306220500, 0.0460069
201306220510, 0.0740017
201306220550, 0.0959201
201306220630, 0.0684679
201306220700, 0
201306220820, 0.237196
201306220940, 0.289062
201306220950, 0
201306221000, 0.204102
201306221010, 0.173503
201306221020, 0.274957
201306221040, 0.371962
201306221050, 0.409397
201306221100, 0.0546875
201306221110, 0.201714
201306221120, 0.146918
201306221130, 0.142687
201306221140, 0.195964
201306221150, 0.12717
201306221200, 0.285156
201306221210, 0.0673828
201306221220, 0.130208
201306221230, 0.258464
201306221240, 0.113173
201306221250, 0.0893012
201306221300, 0.392904
201306221310, 0.289497
201306221320, 0.384549
201306221330, 0.265082
201306221340, 0.299805
201306221350, 0.615668
201306221400, 0.34809
201306221410, 0.328342
201306221420, 0.382053
201306221430, 0.44694
201306221440, 0.526584
201306221450, 0.368381
201306221500, 0.810113
201306221510, 0.49924
201306221520, 0.402344
201306221530, 0.449761
201306221540, 0.364583
201306221550, 0.531033
201306221600, 0.501953
201306221610, 0.435655
201306221620, 0.395833
201306221630, 0.520942
201306221640, 0.156901
201306221650, 0.347656
201306221700, 0.164822
201306221710, 0.160048
201306221720, 0.245334
201306221730, 0.061849
201306221740, 0.121311
201306221750, 0.186632
201306221800, 0.222114
201306221810, 0.258464
201306221820, 0.202257
201306221830, 0.207682
201306221840, 0.142144
201306221850, 0.165039
201306221900, 0.289714
201306221910, 0.238715
201306221920, 0.572266
201306221930, 0.219944
201306221940, 0.932183
201306221950, 1.42806
201306222000, 0.453885
201306222010, 0.345812
201306222020, 1.148
201306222030, 0.677409
201306222040, 1.55393
201306222050, 2.03212
201306222100, 1.87077
201306222110, 1.50315
201306222120, 1.78776
201306222130, 1.58333
201306222140, 2.59668
201306222150, 1.99338
201306222200, 1.1518
201306222210, 1.44542
201306222220, 1.24544
201306222230, 1.38867
201306222240, 1.72938
201306222250, 1.6824
201306222300, 1.60048
201306222310, 1.72786
201306222320, 1.99251
201306222330, 1.70768
201306222340, 1.84983
201306222350, 2.20681
201306230000, 2.2334
201306230010, 2.65582
201306230020, 2.15658
201306230030, 1.73025
201306230040, 1.8725
201306230050, 0.930447
201306230100, 1.02756
201306230110, 0.252713
201306230120, 0.797852
201306230130, 0.46224
201306230140, 0.362305
201306230150, 0.515734
201306230200, 0.431207
201306230210, 0.0159505
201306230220, 0.0621745
201306230230, 0.256944
201306230240, 0.151801
201306230250, 0.410699
201306230300, 0.408529
201306230310, 0.294488
201306230320, 0.0211589
201306230330, 0.112305
201306230340, 0.0696615
201306230350, 0.174805
201306230400, 0.211914
201306230410, 0.490126
201306230420, 0.414822
201306230430, 0.4324
201306230440, 0.401367
201306230450, 0.069987
201306230500, 0.153537
201306230510, 0.0103082
201306230520, 0.0580512
201306230530, 0.0207248
201306230540, 0.0567491
201306230550, 0.177517
201306230600, 0.0735677
201306230610, 0.0145399
201306230620, 0.187174
201306230630, 0.167101
201306230640, 0.0423177
201306230650, 0.116753
201306230700, 0.386719
201306230710, 0.167209
201306230720, 0.264757
201306230730, 0.282335
201306230740, 0.251085
201306230800, 0.577148
201306230810, 0.209527
201306230820, 0.139974
201306230830, 0.302626
201306230840, 0.25434
201306230850, 0.331272
201306230900, 0.167969
201306230910, 0.270182
201306230920, 0.13151
201306230930, 0.130859
201306230940, 0.158637
201306230950, 0.0205078
201306231000, 0.114041
201306231010, 0.046875
201306231020, 0.127387
201306231030, 0.0290799
201306231040, 0.00813802
201306231050, 0.0640191
201306231100, 0
201306231110, 0.0747613
201306231120, 0.169922
201306231130, 0.0133464
201306231140, 0.00889757
201306231150, 0.00108507
201306231200, 0.151801
201306231210, 0.103841
201306231220, 0.422743
201306231230, 1.88921
201306231240, 3.0867
201306231250, 2.83626
201306231300, 4.12695
201306231310, 4.85612
201306231320, 5.18175
201306231330, 6.27691
201306231340, 6.83605
201306231350, 7.88954
201306231400, 7.44227
201306231410, 8.11372
201306231420, 7.59722
201306231430, 7.07086
201306231440, 6.40679
201306231450, 6.14041
201306231500, 5.16341
201306231510, 5.30577
201306231520, 4.78581
201306231530, 4.97059
201306231540, 4.9451
201306231550, 4.60818
201306231600, 3.91363
201306231610, 3.85015
201306231620, 3.47114
201306231630, 3.7538
201306231640, 3.72135
201306231650, 2.75814
201306231700, 2.52246
201306231710, 2.38379
201306231720, 2.32487
201306231730, 1.98286
201306231740, 2.42882
201306231750, 2.44097
201306231800, 1.47504
201306231810, 2.04937
201306231820, 1.50401
201306231830, 1.91764
201306231840, 2.03396
201306231850, 1.70974
201306231900, 1.84104
201306231910, 2.18218
201306231920, 1.90028
201306231930, 2.19727
201306231940, 1.51226
201306231950, 2.31662
201306232000, 2.59733
201306232010, 2.27984
201306232020, 2.35862
201306232030, 2.1569
201306232040, 2.9375
201306232050, 2.63987
201306232100, 2.74219
201306232110, 3.47884
201306232120, 3.33507
201306232130, 3.68631
201306232140, 3.4719
201306232150, 3.34039
201306232200, 3.47569
201306232210, 3.65636
201306232220, 4.02658
201306232230, 3.53711
201306232240, 3.84928
201306232250, 3.78798
201306232300, 3.68609
201306232310, 3.55013
201306232320, 3.58409
201306232330, 3.36589
201306232340, 3.40972
201306232350, 3.29319
201306240000, 3.10297
201306240010, 2.77745
201306240020, 2.16352
201306240030, 1.40506
201306240040, 0.932292
201306240050, 0.365234
201306240100, 0.369466
201306240110, 0.271701
201306240120, 0.53635
201306240130, 0.539171
201306240140, 0.35753
201306240150, 0.4273
201306240200, 0.414497
201306240210, 0.288954
201306240220, 0.57053
201306240230, 0.254232
201306240240, 0.772027
201306240250, 0.656576
201306240300, 1.01725
201306240310, 0.575412
201306240320, 0.635091
201306240330, 0.180773
201306240340, 0.411241
201306240350, 0.497613
201306240400, 0.0295139
201306240410, 0.00271267
201306240420, 0.0479601
201306240430, 0.000759549
201306240440, 0
201306240450, 0.2602
201306240500, 0
201306240510, 0
201306240520, 0
201306240530, 0.0188802
201306240540, 0.0244141
201306240550, 0
201306240600, 0.165256
201306240610, 0.0664062
201306240620, 0.159939
201306240630, 0.291775
201306240640, 0.249566
201306240650, 0.149414
201306240700, 0.363498
201306240710, 0.305881
201306240720, 0.210178
201306240740, 0.217773
201306240750, 0.0580512
201306240800, 0.225477
201306240810, 0.239041
201306240820, 0.474175
201306240830, 0.309462
201306240840, 0.227105
201306240850, 0.149523
201306240900, 0.193251
201306240910, 0.169488
201306240920, 0.169379
201306240930, 0.255208
201306240940, 0.185655
201306240950, 0.105794
201306241000, 0.0474175
201306241010, 0.26161
201306241020, 0.231337
201306241030, 0.361979
201306241040, 0.45128
201306241050, 0.286241
201306241100, 0.46072
201306241110, 0.568468
201306241120, 0.0400391
201306241130, 0.491428
201306241140, 0.519857
201306241150, 0.780816
201306241200, 1.21332
201306241210, 1.07747
201306241220, 2.61458
201306241230, 2.38227
201306241240, 1.20801
201306241250, 1.88867
201306241300, 1.78483
201306241310, 2.06011
201306241320, 1.91916
201306241330, 1.95974
201306241340, 1.90918
201306241350, 1.72689
201306241400, 2.21148
201306241410, 1.68837
201306241420, 1.5038
201306241430, 1.64931
201306241440, 1.55273
201306241450, 1.52561
201306241500, 1.47135
201306241510, 1.35948
201306241520, 1.23763
201306241530, 1.31413
201306241540, 1.23036
201306241550, 0.227539
201306241600, 0.707031
201306241610, 0.160482
201306241620, 0.280382
201306241630, 0.188151
201306241640, 0.175239
201306241650, 0.209201
201306241700, 0.204753
201306241710, 0.280924
201306241720, 0.0601128
201306241730, 0.372504
201306241740, 0.240668
201306241750, 0.172743
201306241800, 0.467665
201306241810, 0.104167
201306241820, 0.23839
201306241830, 0.1824
201306241840, 0.248806
201306241850, 0.0146484
201306241900, 0.121528
201306241910, 0.0317925
201306241920, 0.0730252
201306241930, 0.0963542
201306241940, 0.0405816
201306241950, 0.031901
201306242000, 0.00206163
201306242010, 0
201306242020, 0.0136719
201306242030, 0.0246311
201306242040, 0.0613064
201306242050, 0.111979
201306242100, 0.0875651
201306242110, 0.342448
201306242120, 0.249566
201306242130, 0.401476
201306242140, 0.246636
201306242150, 0.479926
201306242200, 0.32487
201306242210, 0.812174
201306242220, 0.798177
201306242230, 0.409614
201306242240, 0.763021
201306242250, 0.590061
201306242300, 0.796766
201306242310, 0.964627
201306242320, 0.966146
201306242330, 1.06272
201306242340, 1.28375
201306242350, 1.39366
201306250000, 0.836155
201306250010, 1.07227
201306250020, 0.653537
201306250030, 0.702365
201306250040, 0.70421
201306250050, 0.482747
201306250100, 0.266059
201306250110, 0.351345
201306250120, 0.432617
201306250130, 0.734483
201306250140, 0.29872
201306250150, 0.440864
201306250200, 0.461589
201306250210, 0.390299
201306250220, 0.12424
201306250230, 0.0836589
201306250240, 0.00141059
201306250250, 0.215278
201306250300, 0.0141059
201306250310, 0.317925
201306250320, 0
201306250330, 0
201306250340, 0.000976562
201306250350, 0.138997
201306250400, 0.000759549
201306250410, 0.000759549
201306250420, 0
201306250430, 0.0232205
201306250440, 0.0429688
201306250450, 0.11046
201306250500, 0.215169
201306250510, 0.0399306
201306250520, 0.542318
201306250530, 0.639865
201306250540, 0.301758
201306250550, 0.0125868
201306250600, 0.0502387
201306250610, 0
201306250620, 0.0675998
201306250630, 0.0691189
201306250640, 0.271267
201306250650, 0.0172526
201306250700, 0.376628
201306250710, 0.0721571
201306250720, 0.148546
201306250730, 0.438043
201306250740, 0.0345052
201306250750, 0.223958
201306250800, 0.244466
201306250810, 0.333984
201306250820, 0.244792
201306250830, 0.0182292
201306250840, 0.20638
201306250850, 0.225477
201306250900, 0.607096
201306250910, 0.015191
201306250920, 0.179579
201306250930, 0.181966
201306250940, 0.303385
201306250950, 0.120551
201306251000, 0.411241
201306251010, 0.184787
201306251030, 0.129991
201306251100, 0.267687
201306251110, 0.0559896
201306251120, 0.395291
201306251130, 0.0870226
201306251140, 0.1352
201306251150, 0.518121
201306251200, 0.182617
201306251210, 0
201306251220, 0.190864
201306251230, 0.248481
201306251240, 0.00954861
201306251250, 0.00282118
201306251300, 0.180556
201306251310, 0.0498047
201306251320, 0.164388
201306251330, 0.0891927
201306251340, 0.137912
201306251350, 0.0651042
201306251400, 0.340929
201306251410, 0.426975
201306251420, 0.197917
201306251430, 0.940972
201306251440, 0.685981
201306251450, 0
201306251500, 0.139648
201306251510, 0.509332
201306251520, 0.0450304
201306251530, 0.471788
201306251540, 0.390625
201306251550, 0.950304
201306251600, 0.261068
201306251610, 1.02094
201306251620, 0.493815
201306251630, 0.194553
201306251640, 0.21875
201306251650, 0.224067
201306251700, 0.376194
201306251710, 0.777344
201306251720, 0.138563
201306251730, 0.138455
201306251740, 0.569444
201306251750, 0.409397
201306251800, 0.339518
201306251810, 1.37543
201306251820, 0.458225
201306251830, 1.48557
201306251840, 1.73633
201306251850, 1.91895
201306251900, 1.86502
201306251910, 2.21159
201306251920, 2.23394
201306251930, 2.43262
201306251940, 2.38889
201306251950, 1.89052
201306252000, 1.24164
201306252010, 1.95432
201306252020, 0.622613
201306252030, 0.656576
201306252040, 0
201306252050, 0
201306252100, 0.333333
201306252110, 0.0176866
201306252120, 0.000759549
201306252130, 0.0113932
201306252140, 0
201306252150, 0.572157
201306252200, 0.285373
201306252210, 0.564887
201306252220, 0.346354
201306252230, 0.132812
201306252240, 0.314562
201306252250, 0.103841
201306252300, 0.00325521
201306252310, 0.150716
201306252320, 0.0748698
201306252330, 0.0818142
201306252340, 0.212891
201306252350, 0.30957
201306260000, 0.0970052
201306260010, 0.587674
201306260020, 0.453668
201306260030, 0.0672743
201306260040, 0.160373
201306260100, 0.171658
201306260110, 0.247504
201306260120, 0.0283203
201306260130, 0.163628
201306260140, 0.103299
201306260150, 0.0103082
201306260210, 0.109918
201306260220, 0.0798611
201306260230, 0.023546
201306260240, 0.0201823
201306260250, 0.0625
201306260300, 0.06977
201306260310, 0.00173611
201306260320, 0.0208333
201306260330, 0.0269097
201306260340, 0.0340712
201306260350, 0.0271267
201306260410, 0.0472005
201306260420, 0.0859375
201306260430, 0.00358073
201306260440, 0
201306260500, 0.0397135
201306260530, 0.0289714
201306260550, 0.0834418
201306260600, 0.0405816
201306260610, 0.177843
201306260620, 0.0753038
201306260630, 0.0888672
201306260640, 0.142144
201306260650, 0.191298
201306260710, 0.164388
201306260720, 0.109484
201306260730, 0.0863715
201306260740, 0.0189887
201306260750, 0.0877821
201306260800, 0.105577
201306260810, 0.0435113
201306260820, 0.23253
201306260830, 0.0900608
201306260840, 0.185872
201306260900, 0.202908
201306260910, 0.118815
201306260930, 0.112413
201306260940, 0
201306261010, 0.0584852
201306261030, 0.0954861
201306261040, 0.190104
201306261110, 0.154622
201306261120, 0.191189
201306261130, 0.292426
201306261140, 0.0577257
201306261150, 0.0617405
201306261210, 0.198459
201306261220, 0.119141
201306261230, 0.0015191
201306261240, 0.130425
201306261250, 0.246636
201306261300, 0.113824
201306261310, 0.391602
201306261320, 0.145616
201306261330, 0.289388
201306261340, 0.299588
201306261350, 0.554796
201306261400, 0.536567
201306261410, 0.473741
201306261420, 0.283637
201306261430, 0.517687
201306261440, 0.315647
201306261450, 0.0176866
201306261500, 0.50944
201306261510, 0.574544
201306261520, 0.218316
201306261530, 0.521484
201306261540, 0.301866
201306261550, 0.430881
201306261600, 0.328342
201306261610, 0.377604
201306261620, 0.26964
201306261630, 0.309462
201306261640, 0.0990668
201306261650, 0.198676
201306261700, 0.15549
201306261710, 0.117079
201306261720, 0.198676
201306261730, 0.108073
201306261740, 0.112522
201306261750, 0.144857
201306261800, 0.0832248
201306261810, 0.0794271
201306261820, 0.0766059
201306261830, 0.0954861
201306261840, 0.0605469
201306261850, 0.142578
201306261900, 0.326389
201306261910, 0.536784
201306261920, 0.0333116
201306261930, 0.113173
201306261940, 0.0616319
201306261950, 0.0413411
201306262000, 0.00477431
201306262020, 0.00108507
201306262040, 0.0221354
201306262050, 0.0203993
201306262100, 0.00184462
201306262110, 0.015842
201306262120, 0.00173611
201306262140, 0.000759549
201306262150, 0
201306262210, 0.00509983
201306262220, 0.00542535
201306262230, 0.0301649
201306262240, 0.00423177
201306262250, 0.00889757
201306262300, 0.0111762
201306262310, 0.0685764
201306262320, 0.0222439
201306262330, 0.0448134
201306262340, 0.0145399
201306262350, 0.0429688
201306270000, 0.0942925
201306270010, 0.00737847
201306270020, 0.0712891
201306270030, 0.373698
201306270040, 0.173937
201306270050, 0.115017
201306270100, 0.686523
201306270110, 0.0390625
201306270120, 0.86122
201306270130, 0.122721
201306270140, 0.696615
201306270150, 0.616862
201306270200, 0.552192
201306270210, 0.216471
201306270220, 0.109809
201306270230, 0.278212
201306270240, 0.104926
201306270250, 0.0989583
201306270300, 0.404731
201306270310, 0
201306270320, 0.175239
201306270330, 0.224609
201306270340, 0.0190972
201306270350, 0
201306270400, 0.00184462
201306270410, 0.211263
201306270420, 0.158203
201306270430, 0
201306270440, 0.000542535
201306270450, 0.0340712
201306270500, 0.93674
201306270510, 0.426975
201306270520, 0.312609
201306270530, 0.384223
201306270540, 0.323785
201306270550, 0.352865
201306270600, 0.365885
201306270610, 0.512804
201306270620, 0.410265
201306270630, 0.525065
201306270640, 0.434679
201306270650, 0.957248
201306270700, 0.796116
201306270710, 0.154188
201306270720, 0.575955
201306270730, 0.689453
201306270740, 0.257812
201306270750, 0.786241
201306270800, 1.61404
201306270810, 0.937066
201306270820, 1.3329
201306270830, 0.529622
201306270840, 0.707899
201306270850, 0.675239
201306270900, 1.23199
201306270910, 1.05132
201306270920, 1.36328
201306270930, 0.94987
201306270940, 0.863173
201306270950, 0.642144
201306271000, 0.293945
201306271010, 0.16276
201306271020, 0.821181
201306271030, 0.617079
201306271040, 0.211806
201306271050, 0.172309
201306271100, 0.430881
201306271110, 1.02724
201306271120, 0.696072
201306271130, 1.10905
201306271140, 0.14605
201306271150, 1.51204
201306271200, 0.833984
201306271210, 0.475043
201306271220, 0.311957
201306271230, 0.27615
201306271240, 0.236654
201306271250, 0.317274
201306271300, 0.330729
201306271310, 0.412977
201306271320, 0.243056
201306271330, 0.156576
201306271340, 0.169379
201306271350, 0.530816
201306271400, 0.114041
201306271410, 0.192057
201306271420, 0.682509
201306271440, 0.432834
201306271450, 0.449219
201306271500, 0.361328
201306271510, 0.924913
201306271520, 0.827257
201306271530, 1.20247
201306271540, 1.90723
201306271550, 1.81
201306271600, 1.89334
201306271610, 2.39399
201306271620, 2.37511
201306271630, 1.87977
201306271640, 2.77279
201306271650, 2.71332
201306271700, 2.96647
201306271710, 2.80675
201306271720, 2.96061
201306271730, 2.66233
201306271740, 2.43793
201306271750, 1.85872
201306271800, 1.72342
201306271810, 1.14714
201306271820, 0.987956
201306271830, 0.710286
201306271840, 0.764323
201306271850, 0.844727
201306271900, 0.974609
201306271910, 1.84505
201306271920, 1.36111
201306271930, 0.613932
201306271940, 0.771159
201306271950, 0.5574
201306272000, 0.524089
201306272010, 0.633572
201306272020, 0.421549
201306272030, 0.302843
201306272040, 0.4426
201306272050, 0.278971
201306272100, 0.270399
201306272110, 0.199653
201306272120, 0.698785
201306272130, 0.145074
201306272140, 0.325412
201306272150, 0.184462
201306272200, 0.294596
201306272210, 0.184136
201306272220, 0.16352
201306272230, 0.143989
201306272240, 0.16428
201306272250, 0.00108507
201306272300, 0.176649
201306272310, 0.157227
201306272320, 0.177192
201306272330, 0.150174
201306272340, 0.106554
201306272350, 0.193902
201306280000, 0.0257161
201306280010, 0.285048
201306280030, 0.154188
201306280040, 0.124566
201306280050, 0.0800781
201306280100, 0.144423
201306280110, 0.245768
201306280120, 0.164497
201306280210, 0.248372
201306280220, 0.323134
201306280230, 0.336046
201306280250, 0.660916
201306280320, 0.20714
201306280330, 0.203125
201306280340, 0.117839
201306280350, 0.14822
201306280420, 0.184462
201306280450, 0.0885417
201306280600, 0.207574
201306280630, 0.0288628
201306280650, 0
201306280700, 0.472548
201306280810, 0
201306280820, 0.140516
201306280850, 0.0652127
201306280930, 0.814236
201306280940, 0.086697
201306280950, 0.354384
201306281010, 0.249132
201306281020, 0.315321
201306281030, 0.302951
201306281040, 0.203125
201306281050, 0.394423
201306281100, 0.508681
201306281110, 1.06304
201306281120, 0.380425
201306281130, 0.614366
201306281140, 0.461372
201306281150, 0.238173
201306281200, 0.722222
201306281210, 0.356554
201306281220, 0.677734
201306281230, 1.29525
201306281240, 0.677409
201306281250, 1.56
201306281310, 0.677083
201306281320, 1.15093
201306281330, 1.11046
201306281340, 1.11382
201306281350, 1.64974
201306281400, 1.0561
201306281410, 1.29438
201306281420, 1.0765
201306281430, 1.29253
201306281440, 2.32856
201306281450, 1.78201
201306281500, 2.18609
201306281510, 2.11816
201306281520, 2.31543
201306281530, 2.06434
201306281540, 2.35514
201306281550, 1.94586
201306281600, 2.55523
201306281610, 2.09657
201306281620, 1.86773
201306281630, 0.803928
201306281640, 0.995226
201306281650, 1.00543
201306281700, 1.33767
201306281710, 2.06098
201306281720, 1.76172
201306281730, 1.34494
201306281740, 1.40571
201306281750, 1.00228
201306281800, 0.913628
201306281810, 1.16916
201306281820, 1.60156
201306281830, 2.48644
201306281840, 2.73296
201306281850, 2.53331
201306281900, 2.21105
201306281910, 2.46322
201306281920, 2.29742
201306281930, 2.87348
201306281940, 2.5855
201306281950, 2.28895
201306282000, 2.45736
201306282010, 2.30295
201306282020, 2.09147
201306282030, 2.50673
201306282040, 2.24447
201306282050, 2.68945
201306282100, 2.82726
201306282110, 2.3495
201306282120, 1.03396
201306282130, 2.23177
201306282140, 3.52159
201306282150, 4.11176
201306282200, 3.35102
201306282210, 2.73861
201306282220, 3.85796
201306282230, 2.81641
201306282240, 3.39442
201306282250, 4.80046
201306282300, 4.4349
201306282310, 4.00977
201306282320, 5.49013
201306282330, 4.35178
201306282340, 5.98003
201306282350, 5.13281
201306290000, 3.68338
201306290010, 2.4822
201306290020, 2.17318
201306290030, 2.43924
201306290040, 2.52658
201306290050, 1.56836
201306290100, 2.4107
201306290110, 2.32802
201306290120, 1.31727
201306290130, 1.76997
201306290140, 1.08138
201306290150, 1.14062
201306290200, 0.526801
201306290210, 1.29807
201306290220, 1.1747
201306290230, 2.07422
201306290240, 1.81445
201306290250, 2.49957
201306290300, 2.50336
201306290310, 2.81098
201306290320, 2.69369
201306290330, 3.29796
201306290340, 1.86089
201306290350, 2.37402
201306290400, 2.66385
201306290410, 2.10645
201306290420, 2.58149
201306290430, 3.68316
201306290440, 5.03049
201306290450, 3.53396
201306290500, 3.65506
201306290510, 3.09201
201306290520, 2.49154
201306290530, 1.82845
201306290540, 2.83149
201306290550, 2.34538
201306290600, 1.92025
201306290610, 2.1046
201306290620, 1.59245
201306290630, 2.26704
201306290640, 1.17209
201306290650, 1.25206
201306290700, 1.50488
201306290710, 0.498047
201306290720, 0.132812
201306290730, 0.161784
201306290740, 0.285156
201306290750, 0.488932
201306290800, 0.777127
201306290810, 1.40842
201306290820, 0.647244
201306290830, 0.449761
201306290840, 0.40115
201306290850, 0.706272
201306290900, 0.543186
201306290910, 1.22667
201306290920, 1.0191
201306290930, 1.52235
201306290940, 1.60796
201306290950, 3.14073
201306291000, 2.74642
201306291010, 3.10373
201306291020, 2.36111
201306291030, 2.73318
201306291040, 2.02127
201306291050, 2.77409
201306291100, 3.47743
201306291110, 2.68663
201306291120, 1.72591
201306291130, 3.53309
201306291140, 1.86979
201306291150, 1.76204
201306291200, 1.59776
201306291210, 1.46593
201306291220, 0.531033
201306291230, 1.13487
201306291240, 0.51671
201306291250, 0.609484
201306291300, 1.07823
201306291310, 0.731662
201306291320, 1.04449
201306291330, 0.873806
201306291340, 0.275608
201306291350, 0.511285
201306291400, 0.924479
201306291410, 1.20996
201306291420, 0.177843
201306291430, 0.443685
201306291440, 0.228624
201306291450, 1.26628
201306291500, 0.746311
201306291510, 0.697049
201306291520, 0.426541
201306291530, 0.849826
201306291540, 1.02246
201306291550, 0.869358
201306291600, 0.436089
201306291610, 0.371636
201306291630, 0.731445
201306291640, 0.0899523
201306291650, 0.0515408
201306291710, 0.180881
201306291720, 0.0410156
201306291730, 0.330078
201306291740, 0.430447
201306291750, 0.128147
201306291800, 0.105252
201306291810, 0.229492
201306291820, 0.0826823
201306291830, 0.0632595
201306291840, 0.607639
201306291850, 0.537218
201306291900, 0.49783
201306291910, 0.604492
201306291920, 0.470595
201306291930, 0.338433
201306291940, 0.283095
201306291950, 0.377604
201306292000, 0.189236
201306292010, 0.269857
201306292020, 0.0923394
201306292030, 0.756944
201306292040, 0.543294
201306292050, 0.591905
201306292100, 0.453559
201306292110, 0.258247
201306292120, 0.878147
201306292130, 0.848199
201306292140, 1.49219
201306292150, 1.47982
201306292200, 0.897352
201306292210, 1.12066
201306292230, 0.79069
201306292240, 0.836046
201306292250, 0.314887
201306292300, 0.460286
201306292310, 0.542535
201306292320, 0.355903
201306292330, 0.0148655
201306292340, 0.0275608
201306292350, 0.0115017
201306300000, 0.038737
201306300020, 0.0882161
201306300030, 0.0203993
201306300040, 0.0133464
201306300050, 0.00792101
201306300100, 0.0406901
201306300110, 0
201306300120, 0.0155165
201306300130, 0.21441
201306300140, 0.461263
201306300150, 1.6799
201306300200, 1.15354
201306300210, 0.440538
201306300220, 0.270942
201306300230, 0.182509
201306300240, 0.859701
201306300250, 0.157661
201306300300, 0.408637
201306300310, 0.0456814
201306300320, 0.0434028
201306300330, 0.0922309
201306300340, 0.104167
201306300400, 0.0819227
201306300410, 0.0828993
201306300420, 0.158529
201306300440, 0.054362
201306300450, 0.0283203
201306300500, 0.0222439
201306300510, 0.0565321
201306300520, 0.21365
201306300530, 0.118273
201306300540, 0.11697
201306300550, 0.0672743
201306300600, 0.337348
201306300610, 0.0771484
201306300620, 0.0438368
201306300630, 0.113498
201306300640, 0.164822
201306300650, 0.078776
201306300700, 0.0731337
201306300710, 0.242839
201306300720, 0.347982
201306300730, 0.0559896
201306300740, 0.12066
201306300810, 0.282552
201306300820, 0.317925
201306300830, 0.141602
201306300850, 0.485894
201306300910, 0.300564
201306300930, 0.150282
201306300940, 0.175564
201306300950, 0.0928819
201306301000, 0.166341
201306301010, 0.069987
201306301030, 0.125326
201306301040, 0.123047
201306301050, 0.0925564
201306301100, 0.222222
201306301110, 0.139214
201306301120, 0.0820312
201306301130, 0.321723
201306301140, 0.173828
201306301150, 0.0183377
201306301200, 0.211372
201306301210, 0.277344
201306301220, 0.184787
201306301230, 0.105903
201306301240, 0.134006
201306301250, 0.0416667
201306301300, 0.0400391
201306301310, 0.0454644
201306301320, 0.0556641
201306301330, 0.0551215
201306301340, 0.102322
201306301350, 0.185221
201306301400, 0.202799
201306301410, 0.078125
201306301420, 0.16135
201306301430, 0.168945
201306301440, 0.291992
201306301450, 0.137478
201306301500, 0.555664
201306301510, 0.48253
201306301520, 0.227973
201306301530, 0.406684
201306301540, 0.4324
201306301550, 0.255968
201306301600, 0.324327
201306301610, 0.250326
201306301620, 0.191189
201306301630, 0.195312
201306301640, 0.210286
201306301650, 0.234375
201306301700, 0.522244
201306301710, 0.421658
201306301720, 0.639757
201306301730, 0.41862
201306301740, 0.445529
201306301750, 0.478733
201306301800, 0.457031
201306301810, 0.254557
201306301820, 0.435221
201306301830, 0.380642
201306301840, 0.308919
201306301850, 0.371745
201306301900, 0.349392
201306301910, 0.319878
201306301920, 0.306207
201306301930, 0.217556
201306301940, 0.321615
201306301950, 0.365017
201306302000, 0.241319
201306302010, 0.270833
201306302020, 0.285482
201306302030, 0.22895
201306302040, 0.224067
201306302050, 0.33138
201306302100, 0.355577
201306302110, 0.152886
201306302120, 0.249349
201306302130, 0.209418
201306302140, 0.362739
201306302150, 0.161784
201306302200, 0.356445
201306302210, 0.235894
201306302220, 0.225477
201306302230, 0.176866
201306302240, 0.0849609
201306302250, 0.0746528
201306302300, 0.140082
201306302310, 0.102539
201306302320, 0.128364
201306302330, 0.0296224
201306302340, 0.175781
201306302350, 0.0882161
201307010000, 0.0476345
201307010010, 0.211697
201307010020, 0.362956
201307010030, 0.119466
201307010040, 0.296332
201307010050, 0.260525
201307010100, 0.256944
201307010110, 0.0374349
201307010120, 0.078559
201307010130, 0.267144
201307010140, 0.604709
201307010150, 0.619792
201307010200, 0.381836
201307010210, 0.441298
201307010220, 0.205187
201307010230, 0.349826
201307010240, 0.276259
201307010250, 0.245226
201307010300, 0.296332
201307010310, 0.38227
201307010320, 0.348416
201307010340, 0.439453
201307010350, 0.448893
201307010400, 0.598958
201307010410, 0.372179
201307010420, 0.351345
201307010440, 0.745226
201307010450, 0.679579
201307010510, 0.250109
201307010530, 0.421007
201307010600, 0.589735
201307010630, 0.754232
201307010640, 0.0015191
201307010650, 0.379774
201307010700, 0.451389
201307010720, 0.0883247
201307010730, 0.120226
201307010740, 0.381076
201307010750, 0.698025
201307010800, 0.609375
201307010810, 0.599284
201307010820, 0.185004
201307010830, 0.134006
201307010840, 0.0784505
201307010850, 0.0804036
201307010900, 0.0992839
201307010910, 0
201307010920, 0.08648
201307010930, 0.000868056
201307010940, 0.00531684
201307010950, 0.0247396
201307011000, 0.0687934
201307011010, 0.125217
201307011030, 0.14464
201307011050, 0.023329
201307011100, 0.0202908
201307011110, 0.0594618
201307011120, 0.0110677
201307011130, 0.054362
201307011140, 0.0360243
201307011150, 0.00705295
201307011200, 0.000651042
201307011210, 0.0111762
201307011220, 0.00184462
201307011230, 0.070855
201307011240, 0.14605
201307011250, 0.0842014
201307011300, 0.0284288
201307011310, 0.0078125
201307011320, 0.149631
201307011330, 0.296332
201307011340, 0.877279
201307011350, 0.642795
201307011400, 0.544271
201307011410, 0.648438
201307011420, 0.342231
201307011430, 0.565755
201307011440, 0.371962
201307011450, 0.309679
201307011500, 0.337023
201307011510, 0.267578
201307011520, 0.194444
201307011530, 0.319336
201307011540, 0.151259
201307011550, 0.249023
201307011600, 0.238173
201307011610, 0.278863
201307011620, 0.133247
201307011630, 0.175998
201307011640, 0.152995
201307011650, 0.42003
201307011700, 0.363824
201307011710, 0.396701
201307011720, 0.509874
201307011730, 0.339952
201307011740, 0.566298
201307011750, 0.65701
201307011800, 0.554579
201307011810, 0.4898
201307011820, 0.701714
201307011830, 1.00651
201307011840, 0.721137
201307011850, 0.718967
201307011900, 0.885634
201307011910, 0.464952
201307011920, 0.527995
201307011930, 0.673286
201307011940, 0.640517
201307011950, 0.131944
201307012000, 0.509766
201307012010, 0.787435
201307012020, 0.524414
201307012030, 0.424479
201307012040, 0.312066
201307012050, 0.20638
201307012100, 0.322917
201307012110, 0.401584
201307012120, 0.470595
201307012130, 0.321181
201307012140, 0.461263
201307012150, 0.47309
201307012200, 0.372396
201307012210, 0.338759
201307012220, 0.10829
201307012230, 0.37717
201307012240, 0.171766
201307012250, 0.129666
201307012300, 0.208116
201307012310, 0.198676
201307012320, 0.145182
201307012330, 0.140191
201307012340, 0.215061
201307012350, 0.144314
201307020000, 0.243056
201307020010, 0.196723
201307020020, 0.252604
201307020030, 0.0651042
201307020040, 0.170898
201307020050, 0.107639
201307020100, 0.148112
201307020110, 0.0442708
201307020120, 0.0549045
201307020130, 0.0402561
201307020140, 0.163628
201307020150, 0.0742188
201307020200, 0.0685764
201307020210, 0.107096
201307020220, 0.0478516
201307020230, 0.207899
201307020240, 0.0895182
201307020250, 0.078342
201307020300, 0.214193
201307020320, 0.272135
201307020330, 0.105469
201307020340, 0.102865
201307020350, 0.148438
201307020400, 0.16645
201307020410, 0.108832
201307020420, 0.227539
201307020430, 0.112847
201307020440, 0.250977
201307020450, 0.15701
201307020500, 0.176215
201307020520, 0.308268
201307020530, 0.298069
201307020540, 0.365126
201307020610, 0.296441
201307020700, 0.18457
201307020710, 0.249566
201307020720, 0.246094
201307020730, 0.0863715
201307020800, 0.0248481
201307020810, 0.159722
201307020820, 0.0444878
201307020830, 0.0501302
201307020840, 0.283203
201307020850, 0.185655
201307020900, 0.147244
201307020910, 0.0741102
201307020920, 0.500543
201307020930, 0.246419
201307020940, 0.139106
201307020950, 0.268446
201307021000, 0.131076
201307021010, 0.160048
201307021020, 0.411675
201307021030, 0.25076
201307021040, 0.450521
201307021050, 0.551649
201307021100, 0.670573
201307021110, 0.684679
201307021120, 0.963867
201307021130, 1.20237
201307021140, 1.08691
201307021150, 1.16753
201307021200, 1.5497
201307021210, 1.20247
201307021220, 2.12663
201307021230, 1.69347
201307021240, 1.84256
201307021250, 1.61599
201307021300, 2.46376
201307021310, 1.55241
201307021320, 2.21072
201307021330, 2.99381
201307021340, 2.33095
201307021350, 3.30382
201307021400, 3.16862
201307021410, 3.2181
201307021420, 3.21832
201307021430, 2.26769
201307021440, 3.06793
201307021450, 2.64887
201307021500, 3.03765
201307021510, 3.09538
201307021520, 2.97027
201307021530, 3.13422
201307021540, 3.21669
201307021550, 3.26313
201307021600, 3.0931
201307021610, 2.72255
201307021620, 3.00846
201307021630, 2.93327
201307021640, 3.45085
201307021650, 3.33149
201307021700, 3.88824
201307021710, 2.69933
201307021720, 1.90224
201307021730, 2.20671
201307021740, 2.84266
201307021750, 1.85634
201307021800, 1.94499
201307021810, 1.17676
201307021820, 1.48698
201307021830, 1.57292
201307021840, 1.08442
201307021850, 0.851346
201307021900, 0.957899
201307021910, 0.960829
201307021920, 1.15896
201307021930, 0.981337
201307021940, 1.213
201307021950, 0.976562
201307022000, 0.870334
201307022010, 0.998698
201307022020, 1.03971
201307022030, 1.18262
201307022040, 0.959961
201307022050, 0.901042
201307022100, 0.859049
201307022110, 1.21191
201307022120, 0.949327
201307022130, 1.40039
201307022140, 1.35211
201307022150, 1.64377
201307022200, 1.57161
201307022210, 2.07812
201307022220, 1.90603
201307022230, 1.9235
201307022240, 1.94217
201307022250, 2.03592
201307022300, 1.89974
201307022310, 2.73383
201307022320, 3.01421
201307022330, 2.49805
201307022340, 2.39084
201307022350, 2.77919
201307030000, 2.65028
201307030010, 2.40983
201307030020, 2.51454
201307030030, 2.28939
201307030040, 1.85091
201307030050, 1.3329
201307030100, 0.679145
201307030110, 0.307075
201307030120, 0.182292
201307030130, 0.187717
201307030140, 0.305556
201307030150, 0.412326
201307030200, 0.251411
201307030210, 0.209852
201307030220, 0.284831
201307030230, 0.255642
201307030240, 0.463216
201307030250, 0.369792
201307030300, 0.593642
201307030310, 0.205187
201307030320, 0.368924
201307030330, 0.490126
201307030350, 0.364692
201307030400, 0.841037
201307030410, 0.911458
201307030420, 0.468099
201307030430, 0.635959
201307030440, 0.419813
201307030450, 0.880859
201307030500, 1.04047
201307030510, 1.07281
201307030520, 0.119358
201307030530, 0.249023
201307030550, 0.194119
201307030600, 0.408529
201307030610, 0.0644531
201307030620, 0.0103082
201307030630, 0
201307030640, 0.00368924
201307030650, 0.277018
201307030710, 0.0946181
201307030720, 0.0422092
201307030730, 0
201307030740, 0.165473
201307030750, 0.00379774
201307030800, 0.0934245
201307030810, 0.00292969
201307030820, 0.00726997
201307030830, 0.0645616
201307030840, 0.374674
201307030850, 0.0640191
201307030900, 0.0292969
201307030910, 0.0820312
201307030920, 0.00271267
201307030930, 0.000868056
201307030940, 0.00173611
201307030950, 0.0220269
201307031000, 0.112522
201307031010, 0.0205078
201307031020, 0.0731337
201307031030, 0.0109592
201307031040, 0.0965712
201307031050, 0.229601
201307031100, 0.192274
201307031110, 0.192925
201307031120, 0.152886
201307031130, 0.457248
201307031140, 0.672743
201307031150, 0.584961
201307031200, 1.00076
201307031210, 1.12044
201307031220, 1.5536
201307031230, 1.5893
201307031240, 1.30718
201307031250, 1.53082
201307031300, 1.67773
201307031310, 1.56901
201307031320, 1.44835
201307031330, 1.39323
201307031340, 1.91254
201307031350, 1.55599
201307031400, 1.65603
201307031410, 1.56543
201307031420, 2.37576
201307031430, 1.97222
201307031440, 2.3916
201307031450, 1.57053
201307031500, 1.55588
201307031510, 1.88292
201307031520, 1.70117
201307031530, 0.715386
201307031540, 0.763889
201307031550, 0.557075
201307031600, 0.24707
201307031610, 0.477756
201307031620, 0.415039
201307031630, 0.286458
201307031640, 0.269423
201307031650, 0.195421
201307031700, 0.580621
201307031710, 0.367839
201307031720, 0.296766
201307031730, 0.386285
201307031740, 0.25803
201307031750, 0.465712
201307031800, 0.191189
201307031810, 0.297201
201307031820, 0.433702
201307031830, 0.20638
201307031840, 0.192925
201307031850, 0.221897
201307031900, 0.33724
201307031910, 0.328993
201307031920, 0.251736
201307031930, 0.284614
201307031940, 0.205838
201307031950, 0.220161
201307032000, 0.078342
201307032010, 0.205512
201307032020, 0.1977
201307032030, 0.243707
201307032040, 0.222331
201307032050, 0.434028
201307032100, 0.329536
201307032110, 0.269423
201307032120, 0.1977
201307032130, 0.278754
201307032140, 0.231337
201307032150, 0.300781
201307032200, 0.220378
201307032210, 0.125217
201307032220, 0.0523003
201307032230, 0.189345
201307032240, 0.248481
201307032250, 0.19477
201307032300, 0.100369
201307032310, 0.487305
201307032320, 0.702257
201307032330, 0.568468
201307032340, 0.591146
201307032350, 0.633572
201307040000, 0.663845
201307040010, 0.828016
201307040020, 0.673069
201307040030, 0.753147
201307040040, 0.454536
201307040050, 0.274414
201307040100, 0.622721
201307040110, 0.404514
201307040120, 0.535048
201307040130, 0.479275
201307040140, 0.287977
201307040150, 0.319553
201307040200, 0.105035
201307040210, 0.342014
201307040220, 0.515408
201307040230, 0.409505
201307040240, 0.225911
201307040250, 0.106988
201307040300, 0.00249566
201307040310, 0.0453559
201307040320, 0.139214
201307040330, 0.135308
201307040340, 0.102322
201307040350, 0.038737
201307040400, 0.0502387
201307040410, 0.0978733
201307040420, 0.0257161
201307040430, 0.0843099
201307040440, 0.0749783
201307040450, 0.0179036
201307040500, 0.00759549
201307040510, 0.289171
201307040520, 0.00271267
201307040530, 0.093099
201307040540, 0.0118273
201307040550, 0.0912543
201307040600, 0.031684
201307040610, 0.0983073
201307040620, 0.0414497
201307040630, 0.199978
201307040640, 0.31684
201307040650, 0.212023
201307040700, 0.380968
201307040710, 0.282335
201307040720, 0.385091
201307040730, 0.162435
201307040740, 0.395182
201307040750, 0.141059
201307040810, 0.00846354
201307040820, 0.00813802
201307040830, 0.324002
201307040840, 0.246636
201307040850, 0.137478
201307040900, 0.0963542
201307040910, 0.0119358
201307040920, 0.00716146
201307040930, 0.0418837
201307040940, 0.0467665
201307040950, 0.0101997
201307041000, 0.0132378
201307041010, 0.0452474
201307041020, 0.0205078
201307041030, 0.0260417
201307041040, 0.00824653
201307041050, 0.109701
201307041100, 0.0447049
201307041110, 0.178277
201307041120, 0.0307075
201307041130, 0.112305
201307041140, 0.103299
201307041150, 0
201307041200, 0.0135634
201307041210, 0.113607
201307041220, 0.0577257
201307041230, 0.0277778
201307041240, 0.194227
201307041250, 0.0610894
201307041300, 0.174262
201307041310, 0.401584
201307041320, 0.0276693
201307041330, 0.36773
201307041340, 0.471897
201307041350, 0.376736
201307041400, 0.405056
201307041410, 0.54579
201307041420, 0.736545
201307041430, 0.729167
201307041440, 0.66862
201307041450, 0.440213
201307041500, 0.535482
201307041510, 0.846354
201307041520, 0.335178
201307041530, 1.08757
201307041540, 2.08062
201307041550, 0.745443
201307041600, 1.37511
201307041610, 1.21213
201307041620, 2.29481
201307041630, 1.32812
201307041640, 0.473524
201307041650, 1.77886
201307041700, 1.3316
201307041710, 1.32042
201307041720, 1.61263
201307041730, 1.15148
201307041740, 0.648655
201307041750, 0.0560981
201307041800, 0.0349392
201307041810, 0.0259332
201307041820, 0.22309
201307041830, 0.0332031
201307041840, 0.0100911
201307041850, 0.101128
201307041900, 0.137912
201307041910, 0.184787
201307041920, 0.213759
201307041930, 0.356228
201307041940, 0.368924
201307041950, 0.355794
201307042000, 0.109809
201307042010, 0.157661
201307042020, 0.333116
201307042030, 0.183919
201307042040, 0.284831
201307042050, 0.157552
201307042100, 0.28635
201307042110, 0.144748
201307042120, 0.0907118
201307042130, 0.253689
201307042140, 0.250868
201307042150, 0.269748
201307042200, 0.484049
201307042210, 0.400282
201307042220, 0.196615
201307042230, 0.548177
201307042240, 0.398763
201307042250, 0.838759
201307042300, 1.04004
201307042310, 1.25553
201307042320, 0.606771
201307042330, 0.809028
201307042340, 0.744141
201307042350, 0.314779
201307050000, 0.254991
201307050010, 0.320747
201307050020, 0.67079
201307050030, 0.340169
201307050040, 0.784505
201307050050, 0.602539
201307050100, 0.794379
201307050110, 1.04774
201307050120, 1.61708
201307050130, 1.68012
201307050140, 0.741102
201307050150, 0.387261
201307050200, 0.30013
201307050210, 0.342231
201307050220, 0.215061
201307050230, 0.148655
201307050240, 0.296766
201307050250, 0.362847
201307050300, 0.196832
201307050310, 0.151584
201307050320, 0.240343
201307050330, 0.247721
201307050340, 0.0108507
201307050350, 0.0914714
201307050400, 0.107313
201307050410, 0.0755208
201307050420, 0.0205078
201307050430, 0.0719401
201307050440, 0.062283
201307050450, 0.205078
201307050500, 0.167318
201307050510, 0.117188
201307050520, 0.177951
201307050530, 0.206489
201307050540, 0.0336372
201307050550, 0.106988
201307050600, 0.13661
201307050610, 0.104709
201307050620, 0.0974392
201307050630, 0.175456
201307050640, 0.128147
201307050650, 0.113498
201307050700, 0.198676
201307050720, 0.139431
201307050730, 0.14464
201307050740, 0.0103082
201307050750, 0.145833
201307050800, 0.346354
201307050810, 0.355035
201307050820, 0.352756
201307050830, 0.203885
201307050840, 0.21875
201307050850, 0.293511
201307050900, 0.0299479
201307050910, 0.348307
201307050920, 0.0207248
201307050930, 0.166124
201307050940, 0.306532
201307050950, 0.170139
201307051000, 0.174479
201307051010, 0.317166
201307051020, 0.269857
201307051030, 0.0553385
201307051040, 0.276476
201307051050, 0.250434
201307051100, 0.0978733
201307051110, 0.0638021
201307051120, 0.27474
201307051130, 0.000108507
201307051140, 0.476345
201307051150, 0.10829
201307051200, 0.239692
201307051210, 0.335286
201307051220, 0.413628
201307051230, 0.256944
201307051240, 0.683268
201307051250, 0.0117188
201307051300, 0.65115
201307051310, 0.520291
201307051320, 0.381185
201307051330, 0.371094
201307051340, 0.186523
201307051350, 0.25803
201307051400, 0.363281
201307051410, 0.44043
201307051420, 0.348524
201307051430, 0.466905
201307051440, 0.374132
201307051450, 0.412977
201307051500, 0.26378
201307051510, 0.29286
201307051520, 0.0721571
201307051530, 0.154731
201307051540, 0.422743
201307051550, 0.0474175
201307051600, 0.243056
201307051610, 0.311198
201307051620, 0.163194
201307051630, 0.0992839
201307051640, 0.22819
201307051650, 0.220703
201307051700, 0.156684
201307051710, 0.385742
201307051720, 0.246419
201307051730, 0.132053
201307051740, 0.360352
201307051750, 0.193142
201307051800, 0.13737
201307051810, 0.419813
201307051820, 0.390299
201307051830, 0.62793
201307051840, 0.0826823
201307051850, 0.310547
201307051900, 0.397569
201307051910, 0.298177
201307051920, 0.123589
201307051930, 0.0974392
201307051940, 0.177626
201307051950, 0.231337
201307052000, 0.188151
201307052010, 0.21365
201307052020, 0.178711
201307052030, 0.240451
201307052040, 0.483181
201307052050, 0.135742
201307052100, 0.521267
201307052110, 0.288303
201307052120, 0.73253
201307052130, 0.468533
201307052140, 0.300022
201307052150, 0.35178
201307052200, 0.268663
201307052210, 0.287977
201307052220, 0.155273
201307052230, 0.253798
201307052240, 0.674262
201307052250, 0.0105252
201307052300, 0.2551
201307052310, 0.289605
201307052320, 0.318034
201307052330, 0.466905
201307052340, 0.284288
201307052350, 0.182726
201307060000, 0.170681
201307060010, 0.335612
201307060020, 0.234375
201307060030, 0.33865
201307060040, 0.39171
201307060050, 0.409614
201307060100, 0.0847439
201307060110, 0.0265842
201307060120, 0.232747
201307060130, 0.336154
201307060140, 0.324761
201307060150, 0.509549
201307060200, 0.454427
201307060210, 0.29503
201307060220, 0.111545
201307060230, 0.453016
201307060240, 0.270291
201307060250, 0.710612
201307060300, 0.497613
201307060310, 0.380208
201307060320, 0.458333
201307060330, 0.444553
201307060340, 0.342339
201307060350, 0.462999
201307060400, 0.375109
201307060410, 0.363932
201307060420, 0.477431
201307060440, 0.614692
201307060450, 0.712348
201307060500, 0.33214
201307060520, 0.850369
201307060540, 0.642904
201307060550, 0.631076
201307060600, 0.394423
201307060610, 0.773655
201307060620, 0.527018
201307060630, 0.260308
201307060640, 0.236003
201307060650, 0.215278
201307060700, 0.0422092
201307060710, 0.262912
201307060720, 0.643772
201307060730, 0.173503
201307060740, 0.222005
201307060750, 0.758681
201307060800, 0.599718
201307060810, 0.627279
201307060820, 0.513889
201307060830, 0.240994
201307060840, 0.208442
201307060850, 0.168728
201307060900, 0.121094
201307060910, 0.339735
201307060920, 0.31467
201307060930, 0.418837
201307060940, 0.234049
201307060950, 0.363173
201307061000, 0.708659
201307061010, 0.0654297
201307061020, 0.00358073
201307061030, 0.0653212
201307061040, 0.0842014
201307061050, 0.031467
201307061100, 0.305881
201307061110, 0.0990668
201307061120, 0.341471
201307061130, 0.203885
201307061140, 0.34158
201307061150, 0.264323
201307061200, 0.0907118
201307061210, 0.221463
201307061220, 0.493273
201307061230, 0.828559
201307061240, 0.534288
201307061250, 0.835938
201307061300, 0.958659
201307061310, 1.21322
201307061320, 0.427626
201307061330, 1.20399
201307061340, 1.03331
201307061350, 0.587348
201307061400, 0.940538
201307061410, 0.0570747
201307061420, 0.323459
201307061430, 0.0844184
201307061440, 0.250109
201307061450, 0.825087
201307061500, 0.150716
201307061510, 0.0571832
201307061520, 0.233181
201307061530, 0.291124
201307061540, 0.20714
201307061550, 0.127604
201307061600, 0.216146
201307061610, 0.0467665
201307061620, 0.261827
201307061630, 0.188043
201307061640, 0.313585
201307061650, 0.331272
201307061700, 0.313368
201307061710, 0.301107
201307061720, 0.14605
201307061730, 0.109701
201307061740, 0.023329
201307061750, 0.0122613
201307061800, 0.0970052
201307061810, 0.259115
201307061820, 0.0347222
201307061830, 0.145074
201307061840, 0.120768
201307061850, 0.269097
201307061900, 0.151367
201307061910, 0.252279
201307061920, 0.216471
201307061930, 0.0454644
201307061940, 0.127062
201307061950, 0.0732422
201307062000, 0.138129
201307062010, 0.145291
201307062020, 0.408746
201307062030, 0.062066
201307062040, 0.304036
201307062050, 0.184462
201307062100, 0.303928
201307062110, 0.0263672
201307062120, 0.100803
201307062130, 0.248589
201307062140, 0.237522
201307062150, 0.124783
201307062200, 0.111437
201307062210, 0.520616
201307062220, 0.256727
201307062230, 0.179796
201307062240, 0.235569
201307062250, 0.259332
201307062300, 0.0810547
201307062310, 0.499132
201307062320, 0.755642
201307062330, 0.582031
201307062340, 0.796983
201307062350, 0.741754
201307070000, 0.659614
201307070010, 0.750217
201307070020, 0.0658637
201307070030, 0.472331
201307070040, 0.12207
201307070050, 0.16135
201307070100, 0.199761
201307070110, 0.52181
201307070120, 0.429362
201307070130, 0.716363
201307070140, 0.506944
201307070150, 0.475911
201307070200, 0.0350477
201307070210, 0.372179
201307070220, 0.287326
201307070230, 0.0653212
201307070240, 0.174588
201307070250, 0.0427517
201307070300, 0.0665148
201307070310, 0.0225694
201307070320, 0.17372
201307070330, 0.0524089
201307070340, 0.731554
201307070350, 0.0747613
201307070400, 0.330838
201307070410, 0.197808
201307070420, 0.164497
201307070430, 0.155924
201307070440, 0.446832
201307070450, 0.455404
201307070500, 0.12793
201307070510, 0.400499
201307070520, 0.354601
201307070530, 0.736762
201307070540, 0.429905
201307070550, 0.33648
201307070600, 0.212999
201307070610, 0.215712
201307070620, 0.209527
201307070630, 0.185981
201307070640, 0.0397135
201307070650, 0.200195
201307070700, 0.201063
201307070710, 0.124132
201307070720, 0.285048
201307070730, 0.168403
201307070740, 0.977756
201307070750, 0.628581
201307070800, 0.319987
201307070810, 1.13205
201307070820, 0.407335
201307070830, 0.452691
201307070840, 0.311849
201307070850, 0.333984
201307070900, 0.217773
201307070910, 0.0737847
201307070920, 0.332465
201307070930, 0.21582
201307070940, 0.365777
201307070950, 0.0749783
201307071000, 0.0965712
201307071010, 0.275174
201307071020, 0.0689019
201307071030, 0.0908203
201307071040, 0.201606
201307071050, 0.205295
201307071100, 0.509115
201307071110, 0.347982
201307071120, 0.302517
201307071130, 0.328451
201307071140, 0.196072
201307071150, 0.3227
201307071200, 0.212999
201307071210, 0.210286
201307071220, 0.103624
201307071230, 0.284288
201307071240, 0.093099
201307071250, 0.25
201307071300, 0.102539
201307071310, 0.205838
201307071320, 0.199327
201307071330, 0.253906
201307071340, 0.206489
201307071350, 0.352105
201307071400, 0.134874
201307071410, 0.21441
201307071420, 0.283529
201307071430, 0.25944
201307071440, 0.178711
201307071450, 0.300347
201307071500, 0.416667
201307071510, 0.370443
201307071520, 0.145833
201307071530, 0.364366
201307071540, 0.077474
201307071550, 0.215169
201307071600, 0.210395
201307071610, 0.0536024
201307071620, 0.0746528
201307071630, 0.353733
201307071640, 0.397569
201307071650, 0.587782
201307071700, 0.763129
201307071710, 0.44987
201307071720, 0.400608
201307071730, 0.404948
201307071740, 0.830621
201307071750, 0.52691
201307071800, 0.349284
201307071810, 0.611979
201307071820, 0.464301
201307071830, 0.40842
201307071840, 0.745985
201307071850, 0.356445
201307071900, 0.342665
201307071910, 0.26888
201307071920, 0.697374
201307071930, 0.437826
201307071940, 0.587999
201307071950, 0.379991
201307072000, 0.701714
201307072010, 0.474392
201307072020, 0.49707
201307072030, 0.634766
201307072040, 0.201714
201307072050, 0.573459
201307072100, 0.286892
201307072110, 0.183919
201307072120, 0.58865
201307072130, 0.747179
201307072140, 0.947374
201307072150, 0.591363
201307072200, 0.669379
201307072210, 0.529514
201307072220, 0.556749
201307072230, 0.519857
201307072240, 0.272352
201307072250, 0.22385
201307072300, 0.292318
201307072310, 0.186198
201307072320, 0.311523
201307072330, 0.255317
201307072340, 0.432183
201307072350, 0.251628
201307080000, 0.240017
201307080010, 0.259549
201307080020, 0.145399
201307080030, 0.175781
201307080040, 0.159288
201307080050, 0.298394
201307080100, 0.156793
201307080110, 0.443142
201307080120, 0.558702
201307080130, 0.731988
201307080140, 0.485135
201307080150, 0.850911
201307080200, 0.827799
201307080210, 0.801541
201307080220, 0.756076
201307080230, 1.04297
201307080240, 0.669488
201307080250, 1.07856
201307080300, 0.532335
201307080310, 0.645725
201307080320, 0.224284
201307080330, 0.32411
201307080340, 0.433594
201307080350, 0.610026
201307080400, 0.587782
201307080410, 0.749023
201307080420, 0.74273
201307080430, 0.591146
201307080440, 0.485786
201307080450, 0.525065
201307080500, 0.386068
201307080510, 0.521701
201307080520, 0.48329
201307080530, 0.545681
201307080540, 0.597439
201307080550, 0.363607
201307080600, 0.334961
201307080610, 0.444661
201307080620, 0.0809462
201307080630, 0.199436
201307080640, 0.252604
201307080650, 0.317274
201307080700, 0.332031
201307080710, 0.334961
201307080720, 0.295139
201307080730, 0.512261
201307080740, 0.412109
201307080750, 0.636393
201307080800, 0.138346
201307080810, 0.0977648
201307080820, 0.365343
201307080830, 0.16645
201307080840, 0.190755
201307080850, 0.287869
201307080900, 0.35536
201307080910, 0.305339
201307080920, 0.0991753
201307080930, 0.1301
201307080940, 0.140516
201307080950, 0.218207
201307081010, 0.267253
201307081020, 0.41428
201307081030, 0.224501
201307081040, 0.105143
201307081050, 0.406684
201307081100, 0.334201
201307081110, 0.53928
201307081120, 0.435981
201307081130, 0.83355
201307081140, 0.722765
201307081150, 0.680013
201307081200, 0.996202
201307081210, 0.772895
201307081220, 1.53223
201307081230, 1.13097
201307081240, 1.38411
201307081250, 1.54481
201307081300, 0.861762
201307081310, 0.692708
201307081320, 0.844727
201307081330, 0.639323
201307081340, 0.336046
201307081350, 0.340929
201307081400, 0.436849
201307081410, 0.32487
201307081420, 0.297852
201307081430, 0.118381
201307081440, 0.263021
201307081450, 0.0791016
201307081500, 0.194336
201307081510, 0.085178
201307081520, 0.0827908
201307081530, 0.151259
201307081540, 0.127279
201307081550, 0.0863715
201307081600, 0.196723
201307081610, 0.312066
201307081620, 0.0177951
201307081630, 0.229275
201307081640, 0.179579
201307081650, 0.210503
201307081700, 0.267361
201307081710, 0.101997
201307081720, 0.200087
201307081730, 0.25076
201307081740, 0.192491
201307081750, 0.0980903
201307081800, 0.232964
201307081810, 0.115343
201307081820, 0.202474
201307081830, 0.127821
201307081840, 0.147244
201307081850, 0.143555
201307081900, 0.0521918
201307081910, 0.158203
201307081920, 0.188694
201307081930, 0.225803
201307081940, 0.307509
201307081950, 0.0588108
201307082000, 0.219727
201307082010, 0.203016
201307082020, 0.229275
201307082030, 0.145508
201307082040, 0.260308
201307082050, 0.222222
201307082100, 0.101562
201307082110, 0.144965
201307082120, 0.199761
201307082130, 0.199761
201307082140, 0.12717
201307082150, 0.125651
201307082200, 0.0493707
201307082210, 0.093099
201307082220, 0.255859
201307082230, 0.330621
201307082240, 0.128364
201307082250, 0.1148
201307082300, 0.33572
201307082310, 0.142361
201307082320, 0.0750868
201307082330, 0.215495
201307082340, 0.192925
201307082350, 0.116102
201307090000, 0.146701
201307090010, 0.151584
201307090020, 0.0217014
201307090030, 0.0227865
201307090040, 0.144206
201307090050, 0.0121528
201307090100, 0.193034
201307090110, 0.261719
201307090120, 0.265516
201307090130, 0.115017
201307090140, 0.310004
201307090150, 0.582899
201307090200, 0.602431
201307090210, 0.535048
201307090220, 0.596246
201307090230, 0.49707
201307090240, 0.465712
201307090250, 0.24273
201307090300, 0.00282118
201307090310, 0.0583767
201307090320, 0.188477
201307090330, 0.0641276
201307090340, 0.0577257
201307090350, 0.127279
201307090400, 0.0990668
201307090410, 0.0826823
201307090420, 0.127821
201307090430, 0.320421
201307090440, 0.216254
201307090450, 0.305122
201307090500, 0.202582
201307090510, 0.259332
201307090520, 0.140082
201307090530, 0.12576
201307090540, 0.230686
201307090550, 0.38227
201307090600, 0.210178
201307090610, 0.179253
201307090620, 0.3125
201307090630, 0.207791
201307090640, 0.434136
201307090650, 0.104818
201307090700, 0.155382
201307090710, 0.109918
201307090720, 0.143772
201307090730, 0.270833
201307090740, 0.24056
201307090750, 0.340712
201307090800, 0.298611
201307090810, 0.208008
201307090820, 0.0223524
201307090830, 0.120985
201307090840, 0.16645
201307090850, 0.144748
201307090900, 0.179796
201307090910, 0.250326
201307090920, 0.242947
201307090930, 0.0503472
201307090940, 0.0607639
201307090950, 0.0352648
201307091000, 0.0491536
201307091010, 0.133138
201307091020, 0.148329
201307091030, 0.0499132
201307091040, 0.14681
201307091050, 0.57704
201307091100, 0.351345
201307091110, 0.117296
201307091120, 0.111328
201307091130, 0.277995
201307091140, 0.296766
201307091150, 0.145399
201307091200, 0.149631
201307091210, 0.305773
201307091220, 0.286892
201307091230, 0.22092
201307091240, 0.410807
201307091250, 0.523546
201307091300, 0.761719
201307091310, 0.505642
201307091320, 0.292426
201307091330, 0.779839
201307091340, 1.88184
201307091350, 2.7857
201307091400, 2.96289
201307091410, 3.30849
201307091420, 3.8482
201307091430, 3.89377
201307091440, 3.98774
201307091450, 3.88661
201307091500, 4.09928
201307091510, 3.22786
201307091520, 3.87294
201307091530, 4.23177
201307091540, 3.37467
201307091550, 3.75857
201307091600, 3.44368
201307091610, 2.99295
201307091620, 3.28646
201307091630, 2.2398
201307091640, 2.29655
201307091650, 2.65397
201307091700, 2.63422
201307091710, 2.66168
201307091720, 2.14507
201307091730, 2.85645
201307091740, 2.8227
201307091750, 2.47331
201307091800, 2.66471
201307091810, 2.60623
201307091820, 2.8074
201307091830, 2.58843
201307091840, 2.62229
201307091850, 2.59787
201307091900, 2.12901
201307091910, 1.98383
201307091920, 2.46517
201307091930, 2.19076
201307091940, 2.44195
201307091950, 2.45768
201307092000, 2.13422
201307092010, 2.13715
201307092020, 1.91797
201307092030, 1.9069
201307092040, 1.84625
201307092050, 2.46951
201307092100, 2.91428
201307092110, 3.04959
201307092120, 3.08908
201307092130, 3.10091
201307092140, 3.17405
201307092150, 3.21289
201307092200, 3.06022
201307092210, 3.20877
201307092220, 3.01161
201307092230, 3.63032
201307092240, 3.52658
201307092250, 3.79546
201307092300, 3.89236
201307092310, 4.25651
201307092320, 4.02083
201307092330, 4.16363
201307092340, 3.92947
201307092350, 4.1339
201307100000, 3.89204
201307100010, 3.21083
201307100020, 3.13097
201307100030, 2.79546
201307100040, 1.27387
201307100050, 0.219184
201307100100, 0.609592
201307100110, 0.537326
201307100120, 0.559896
201307100130, 1.20508
201307100140, 2.00315
201307100150, 1.12272
201307100200, 0.645291
201307100210, 0.398872
201307100220, 1.00488
201307100230, 0.752604
201307100240, 0.570312
201307100250, 0.974935
201307100300, 0.307509
201307100310, 1.18045
201307100320, 0.743273
201307100330, 1.04319
201307100340, 0.760742
201307100350, 0.831597
201307100400, 1.16385
201307100410, 0.206814
201307100420, 0.361979
201307100430, 0.205295
201307100440, 0.231337
201307100450, 0.243598
201307100500, 0.14247
201307100510, 0.117947
201307100520, 0.676975
201307100530, 0.45421
201307100540, 0.349718
201307100550, 0.389431
201307100600, 0.267904
201307100610, 0.42947
201307100620, 0.023329
201307100630, 0.00401476
201307100640, 0.0317925
201307100650, 0.0578342
201307100700, 0.00271267
201307100710, 0.0703125
201307100720, 0.0217014
201307100730, 0.387261
201307100740, 0.167969
201307100750, 0.23546
201307100800, 0.195638
201307100810, 1.32899
201307100820, 1.72244
201307100830, 2.01584
201307100840, 1.60265
201307100850, 1.87684
201307100900, 1.06771
201307100910, 0.954102
201307100920, 1.08127
201307100930, 1.3291
201307100940, 1.31326
201307100950, 0.788411
201307101010, 0.415256
201307101020, 0.760417
201307101030, 0.45855
201307101040, 1.01834
201307101050, 0.314019
201307101100, 0.886936
201307101110, 0.694879
201307101120, 0.264974
201307101130, 0.106554
201307101140, 0.159939
201307101150, 0.298394
201307101200, 0.385959
201307101210, 0.941298
201307101220, 0.52105
201307101230, 0.828234
201307101240, 0.516602
201307101250, 0.427083
201307101300, 0.710829
201307101310, 1.0867
201307101320, 0.806966
201307101330, 0.789822
201307101340, 0.693902
201307101350, 0.701389
201307101400, 0.539605
201307101410, 0.787218
201307101420, 0.267795
201307101430, 0.781684
201307101440, 0.256836
201307101450, 0.243381
201307101500, 0.456706
201307101510, 0.687934
201307101520, 0.157227
201307101530, 0.665365
201307101540, 0.369249
201307101550, 0.228733
201307101600, 0.375543
201307101610, 0.175781
201307101620, 0.369032
201307101630, 0.242622
201307101640, 0.411784
201307101650, 0.325955
201307101700, 0.533095
201307101710, 0.228733
201307101720, 0.116536
201307101730, 0.181532
201307101740, 0.396593
201307101750, 0.133355
201307101800, 0.0984158
201307101810, 0.578451
201307101820, 0.197157
201307101830, 0.314996
201307101840, 0.150933
201307101850, 0.218424
201307101900, 0.272678
201307101910, 0.417643
201307101920, 0.201389
201307101930, 0.379883
201307101940, 0.528646
201307101950, 0.274414
201307102000, 0.261936
201307102010, 0.337023
201307102020, 0.33355
201307102030, 0.262478
201307102040, 0.472873
201307102050, 0.216146
201307102100, 0.352322
201307102110, 0.474935
201307102120, 0.531684
201307102130, 0.264757
201307102140, 0.33572
201307102150, 0.255642
201307102200, 0.515408
201307102210, 0.834093
201307102220, 0.8023
201307102230, 0.863064
201307102240, 0.884223
201307102250, 0.769531
201307102300, 0.852539
201307102310, 0.628472
201307102320, 0.455078
201307102330, 0.255968
201307102340, 0.850043
201307102350, 0.589193
201307110000, 0.531684
201307110010, 0.347656
201307110020, 0.837348
201307110030, 0.817708
201307110040, 0.433594
201307110050, 0.452474
201307110100, 0.640082
201307110110, 0.713216
201307110120, 0.411892
201307110130, 0.618273
201307110140, 0.702365
201307110150, 0.999457
201307110200, 1.06
201307110210, 0.359049
201307110220, 0.34158
201307110230, 0.0962457
201307110240, 0.0157335
201307110250, 0.35178
201307110300, 0.902669
201307110310, 0.560655
201307110320, 0.251953
201307110330, 0.275825
201307110340, 0.42806
201307110350, 0.273112
201307110400, 0.479058
201307110410, 0.427734
201307110420, 0.207031
201307110430, 0.189019
201307110440, 0.199653
201307110450, 0.182834
201307110500, 0.242405
201307110510, 0.214193
201307110520, 0.158312
201307110530, 0.174371
201307110540, 0.0521918
201307110550, 0.152018
201307110600, 0.456489
201307110610, 0.478841
201307110620, 0.34375
201307110630, 0.273003
201307110640, 0.346463
201307110650, 0.261502
201307110700, 0.51964
201307110710, 0.422852
201307110720, 0.277235
201307110730, 0.365126
201307110740, 0.278971
201307110750, 0.468316
201307110800, 0.439236
201307110810, 0.817491
201307110820, 0.575195
201307110830, 0.397027
201307110840, 0.51161
201307110850, 0.621202
201307110900, 0.375543
201307110910, 0.22895
201307110920, 0.393555
201307110940, 0.382053
201307110950, 0.468424
201307111000, 0.574978
201307111010, 0.254557
201307111020, 0.420573
201307111030, 0.272461
201307111040, 0.457791
201307111050, 0.618056
201307111100, 0.674588
201307111110, 0.416233
201307111120, 0.421658
201307111130, 0.360352
201307111140, 0.398763
201307111150, 0.269857
201307111200, 0.524848
201307111210, 0.293837
201307111220, 0.175564
201307111230, 0.337674
201307111240, 0.214518
201307111250, 0.177843
201307111300, 0.278971
201307111310, 0.17079
201307111320, 0.194987
201307111330, 0.144531
201307111340, 0.214952
201307111350, 0.0857205
201307111400, 0.0823568
201307111410, 0.0831163
201307111420, 0.038954
201307111430, 0.113607
201307111440, 0.308268
201307111450, 0.409071
201307111500, 0.238607
201307111510, 0.198785
201307111520, 0.231879
201307111530, 0.425998
201307111540, 0.205078
201307111550, 0.154297
201307111600, 0.314887
201307111610, 0.720812
201307111620, 0.576823
201307111630, 0.31033
201307111640, 0.225152
201307111650, 0.347005
201307111700, 0.0445964
201307111710, 0.386285
201307111720, 0.506836
201307111730, 0.548828
201307111740, 0.325521
201307111750, 0.192166
201307111800, 0.276259
201307111810, 0.548828
201307111820, 0.784071
201307111830, 0.169488
201307111840, 0.261827
201307111850, 0.216797
201307111900, 0.352431
201307111910, 0.0934245
201307111920, 0.20128
201307111930, 0.0977648
201307111940, 0.0270182
201307111950, 0.0272352
201307112000, 0.0882161
201307112010, 0.183594
201307112020, 0.126736
201307112030, 0.0174696
201307112040, 0.0476345
201307112050, 0.0998264
201307112100, 0.121094
201307112110, 0.131402
201307112120, 0.166992
201307112130, 0.304145
201307112140, 0.152452
201307112150, 0.544922
201307112200, 0.447374
201307112210, 0.380425
201307112220, 0.527886
201307112230, 0.436089
201307112240, 0.379883
201307112250, 0.332248
201307112300, 0.272461
201307112310, 0.309462
201307112320, 0.284939
201307112330, 0.237522
201307112340, 0.266385
201307112350, 0.288845
201307120000, 0.15332
201307120010, 0.411133
201307120020, 0.397569
201307120030, 0.308485
201307120040, 0.27398
201307120050, 0.395942
201307120100, 0.428385
201307120110, 0.256076
201307120120, 0.260742
201307120130, 0.573568
201307120140, 0.657878
201307120150, 0.665256
201307120200, 0.55447
201307120210, 0.761068
201307120220, 0.564345
201307120230, 0.614258
201307120240, 0.683919
201307120250, 0.560764
201307120300, 0.606228
201307120310, 0.341254
201307120320, 0.431207
201307120330, 0.574327
201307120340, 0.230577
201307120350, 0.535156
201307120400, 0.392795
201307120410, 0.325955
201307120420, 0.278646
201307120430, 0.65625
201307120440, 0.513672
201307120450, 0.49056
201307120500, 0.221571
201307120510, 0.490451
201307120520, 0.411241
201307120530, 1.22548
201307120540, 0.897135
201307120550, 0.133572
201307120600, 0.237739
201307120610, 0.256076
201307120620, 0.168403
201307120630, 0.90625
201307120640, 0.332357
201307120650, 0.78635
201307120700, 0.287435
201307120710, 0.419054
201307120720, 0.0519748
201307120730, 0.477539
201307120740, 0.622287
201307120750, 0.346354
201307120800, 0.392253
201307120820, 0.0733507
201307120830, 0.340386
201307120840, 0.221029
201307120850, 0.254883
201307120900, 0.346463
201307120910, 0.190538
201307120920, 0.342773
201307120930, 0.301649
201307120940, 0.512695
201307121000, 0.596788
201307121010, 0.452148
201307121020, 0.276367
201307121030, 0.086697
201307121040, 0.171224
201307121050, 0.085395
201307121100, 0.0486111
201307121110, 0.202799
201307121120, 0.0684679
201307121130, 0.14464
201307121140, 0.077691
201307121150, 0.107313
201307121200, 0.093533
201307121210, 0.0924479
201307121220, 0.0371094
201307121230, 0.0146484
201307121240, 0.024197
201307121250, 0.0254991
201307121300, 0.0951606
201307121310, 0.0810547
201307121320, 0.187066
201307121330, 0.472331
201307121340, 0.228733
201307121350, 0.314562
201307121400, 0.205295
201307121410, 0.287109
201307121420, 0.0796441
201307121430, 0.0416667
201307121440, 0.0516493
201307121450, 0.365994
201307121500, 0.0771484
201307121510, 0.213542
201307121520, 0.0884332
201307121530, 0.304905
201307121540, 0.428928
201307121550, 0.334418
201307121600, 0.206597
201307121610, 0.145074
201307121620, 0.307617
201307121630, 0.292318
201307121640, 0.250434
201307121650, 0.123155
201307121700, 0.344618
201307121710, 0.176541
201307121720, 0.362739
201307121730, 0.208008
201307121740, 0.253147
201307121750, 0.161133
201307121800, 0.134549
201307121810, 0.0479601
201307121820, 0.277127
201307121830, 0.239041
201307121840, 0.425022
201307121850, 0.360569
201307121900, 0.46224
201307121910, 0.374891
201307121920, 0.24056
201307121930, 0.435981
201307121940, 0.470595
201307121950, 0.451063
201307122000, 0.44987
201307122010, 0.344618
201307122020, 0.458008
201307122030, 0.555881
201307122040, 0.63661
201307122050, 0.538845
201307122100, 0.668294
201307122110, 0.631836
201307122120, 0.830621
201307122130, 0.434462
201307122140, 0.61046
201307122150, 0.521267
201307122200, 0.383355
201307122210, 0.248481
201307122220, 0.4324
201307122230, 0.540256
201307122240, 0.310764
201307122250, 0.77832
201307122300, 0.671983
201307122310, 0.387695
201307122320, 0.741319
201307122330, 0.801758
201307122340, 0.994683
201307122350, 1.09245
201307130000, 1.01183
201307130010, 0.806641
201307130020, 0.726454
201307130030, 0.771701
201307130040, 0.376519
201307130050, 0.486871
201307130100, 0.422852
201307130110, 0.608832
201307130120, 0.550347
201307130130, 0.996636
201307130140, 0.370117
201307130150, 0.597331
201307130200, 0.328451
201307130210, 0.331597
201307130220, 0.585938
201307130230, 0.412435
201307130240, 0.800347
201307130250, 0.595812
201307130300, 0.479818
201307130310, 0.587348
201307130320, 0.738498
201307130330, 0.736545
201307130340, 0.963867
201307130350, 1.08388
201307130400, 0.978733
201307130410, 1.55013
201307130420, 1.37109
201307130430, 1.56814
201307130440, 1.21094
201307130450, 0.917535
201307130500, 0.942166
201307130510, 0.747613
201307130520, 0.314236
201307130540, 0.347114
201307130550, 0.115234
201307130600, 0.254774
201307130620, 0.0566406
201307130640, 0.125543
201307130650, 0.39822
201307130700, 0.119249
201307130730, 0.11046
201307130740, 0.149631
201307130750, 0.0409071
201307130800, 0.014974
201307130810, 0.0333116
201307130820, 0.270291
201307130830, 0.382161
201307130840, 0.149306
201307130850, 0.154731
201307130900, 0.124457
201307130910, 0.13737
201307130930, 0.0232205
201307130940, 0.0220269
201307130950, 0.0636936
201307131000, 0.241102
201307131010, 0.02398
201307131020, 0.0796441
201307131030, 0.0498047
201307131040, 0.11697
201307131050, 0.154188
201307131100, 0
201307131110, 0.163954
201307131120, 0.11849
201307131130, 0.0376519
201307131140, 0.0469835
201307131150, 0.0364583
201307131200, 0.0422092
201307131210, 0.160482
201307131220, 0.227756
201307131230, 0.376194
201307131240, 0.419162
201307131250, 0.200738
201307131300, 0.127713
201307131310, 0.13303
201307131320, 0.109918
201307131330, 0.203668
201307131340, 0.333225
201307131350, 0.208876
201307131400, 0.259332
201307131410, 0.498155
201307131420, 0.296007
201307131430, 0.427083
201307131440, 0.327582
201307131450, 0.30599
201307131500, 0.434462
201307131510, 0.175564
201307131520, 0.339084
201307131530, 0.430556
201307131540, 0.192057
201307131550, 0.170898
201307131600, 0.431966
201307131610, 0.182509
201307131620, 0.203451
201307131630, 0.23839
201307131640, 0.277235
201307131650, 0.109484
201307131700, 0.247179
201307131710, 0.427951
201307131720, 0.305339
201307131730, 0.364583
201307131740, 0.244141
201307131750, 0.359158
201307131800, 0.480686
201307131810, 0.359266
201307131820, 0.383898
201307131830, 0.353516
201307131840, 0.273112
201307131850, 0.59158
201307131900, 0.306207
201307131910, 0.589627
201307131920, 0.170139
201307131930, 0.54145
201307131940, 0.411892
201307131950, 0.442925
201307132000, 0.424154
201307132010, 0.612739
201307132020, 0.431749
201307132030, 0.484375
201307132040, 0.243164
201307132050, 0.448676
201307132100, 0.534831
201307132110, 0.580187
201307132120, 0.681749
201307132130, 0.611979
201307132140, 0.47895
201307132150, 0.15701
201307132200, 0.220486
201307132210, 0.135308
201307132220, 0.546767
201307132230, 0.508247
201307132240, 0.362196
201307132250, 0.332248
201307132300, 0.495334
201307132310, 0.378255
201307132320, 0.172635
201307132330, 0.116102
201307132340, 0.000108507
201307132350, 0.0491536
201307140000, 0.00488281
201307140010, 0.173177
201307140020, 0.187283
201307140030, 0.000651042
201307140040, 0.299913
201307140050, 0.391276
201307140100, 1.03809
201307140110, 0.702257
201307140120, 0.981662
201307140130, 0.900499
201307140140, 1.66569
201307140150, 1.78961
201307140200, 2.32595
201307140210, 2.43511
201307140220, 3.03331
201307140230, 3.0319
201307140240, 2.78592
201307140250, 3.41406
201307140300, 3.21669
201307140310, 3.76324
201307140320, 3.6428
201307140330, 4.41895
201307140340, 4.64996
201307140350, 4.83854
201307140410, 5.17046
201307140420, 5.16677
201307140430, 5.13596
201307140440, 5.14247
201307140450, 5.03711
201307140500, 4.86697
201307140510, 3.5408
201307140520, 3.36437
201307140530, 3.63824
201307140540, 3.20291
201307140550, 2.68479
201307140600, 3.29134
201307140610, 2.50326
201307140620, 3.00467
201307140710, 2.0587
201307140740, 2.46495
201307140750, 2.76194
201307140800, 2.77832
201307140810, 3.07661
201307140820, 3.04264
201307140830, 1.86035
201307140840, 2.00401
201307140850, 1.39963
201307140900, 1.84885
201307140910, 1.83995
201307140920, 1.37218
201307140930, 1.31359
201307140940, 1.88759
201307140950, 1.39985
201307141000, 1.65538
201307141010, 1.61372
201307141020, 0.964627
201307141030, 0.838759
201307141040, 0.43457
201307141050, 1.06413
201307141100, 0.479709
201307141110, 0.828776
201307141120, 0.929579
201307141130, 0.648438
201307141140, 0.665582
201307141150, 0.642253
201307141200, 0.574978
201307141210, 0.698242
201307141220, 0.38661
201307141230, 0.368707
201307141240, 0.324978
201307141250, 0.5676
201307141300, 0.191732
201307141310, 0.743273
201307141320, 0.74197
201307141330, 0.125326
201307141340, 0.144423
201307141350, 0.147678
201307141400, 0.0402561
201307141410, 0.0865885
201307141420, 0.11046
201307141430, 0.00336372
201307141440, 0.119575
201307141450, 0.354167
201307141500, 0.62934
201307141510, 0.587457
201307141520, 0.626085
201307141530, 0.709744
201307141540, 1.065
201307141550, 1.16471
201307141600, 0.960069
201307141610, 0.736979
201307141620, 0.326931
201307141630, 0.421332
201307141640, 0.13954
201307141650, 0.346463
201307141700, 0.274089
201307141710, 0.261719
201307141720, 0.131402
201307141730, 0.19043
201307141740, 0.0232205
201307141750, 0.355903
201307141800, 0.109592
201307141810, 0.00303819
201307141820, 0.0980903
201307141830, 0.118056
201307141840, 0.0195312
201307141850, 0.132595
201307141900, 0.0403646
201307141910, 0.0220269
201307141920, 0.06977
201307141930, 0.151042
201307141940, 0.0923394
201307141950, 0.0296224
201307142000, 0.11697
201307142010, 0.176215
201307142020, 0.374783
201307142030, 0.477648
201307142040, 0.214844
201307142050, 0.0945095
201307142100, 0.253147
201307142110, 0.294596
201307142120, 0.070204
201307142130, 0.187934
201307142140, 0.0445964
201307142150, 0.360026
201307142200, 0.327908
201307142210, 0.423937
201307142220, 0.349392
201307142230, 0.509983
201307142240, 0.299805
201307142250, 0.254666
201307142300, 0.199002
201307142310, 0.342231
201307142320, 0.20931
201307142330, 0.123264
201307142340, 0.17003
201307142350, 0.171332
201307150000, 0.0848524
201307150010, 0.120117
201307150020, 0.138021
201307150030, 0.375217
201307150040, 0.388021
201307150050, 0.818359
201307150100, 1.56554
201307150110, 2.20844
201307150120, 2.85623
201307150130, 4.02279
201307150140, 4.66623
201307150150, 4.87717
201307150210, 5.28526
201307150220, 4.57856
201307150230, 4.59646
201307150240, 4.37207
201307150250, 4.57617
201307150300, 4.11274
201307150320, 4.88824
201307150340, 5.21886
201307150350, 5.35265
201307150400, 5.87478
201307150410, 6.07422
201307150420, 5.98448
201307150430, 5.64269
201307150440, 5.54666
201307150450, 5.66309
201307150500, 5.57791
201307150510, 5.67144
201307150520, 5.84885
201307150530, 5.44412
201307150540, 5.85037
201307150600, 5.59223
201307150610, 5.72298
201307150620, 4.85503
201307150630, 6.08322
201307150710, 5.83952
201307150720, 5.87522
201307150730, 5.4196
201307150740, 5.90202
201307150750, 5.47526
201307150800, 5.79253
201307150810, 6.36664
201307150820, 4.4987
201307150830, 3.50445
201307150840, 3.39996
201307150850, 2.90126
201307150900, 2.67253
201307150910, 2.25217
201307150920, 2.37901
201307150930, 2.61806
201307150940, 2.72938
201307150950, 2.72548
201307151000, 1.99859
201307151010, 1.61447
201307151020, 0.725043
201307151030, 1.18424
201307151040, 1.4209
201307151050, 1.39171
201307151100, 0.531684
201307151110, 0.00325521
201307151120, 0.864475
201307151130, 0.0363498
201307151140, 0.0138889
201307151150, 0.03125
201307151200, 0.0895182
201307151210, 0.0186632
201307151220, 0.135091
201307151230, 0.0977648
201307151240, 0.0691189
201307151250, 0.00564236
201307151300, 0.024197
201307151310, 0.196289
201307151320, 0.123372
201307151330, 0.413086
201307151340, 0.151801
201307151350, 0.240994
201307151400, 0.264757
201307151410, 0.120551
201307151420, 0.0507812
201307151430, 0.12793
201307151440, 0.0282118
201307151450, 0.0117188
201307151500, 0.0101997
201307151510, 0.0910373
201307151520, 0.0469835
201307151530, 0.123155
201307151540, 0.0604384
201307151550, 0.290039
201307151600, 0.0260417
201307151610, 0.366862
201307151620, 0.170464
201307151630, 0.18826
201307151640, 0.223307
201307151650, 0.224067
201307151700, 0.338542
201307151710, 0.282227
201307151720, 0.496636
201307151730, 0.370334
201307151740, 0.630968
201307151750, 0.345378
201307151800, 0.270833
201307151810, 0.296983
201307151820, 0.300998
201307151830, 0.307292
201307151840, 0.506836
201307151850, 0.329644
201307151900, 0.389757
201307151910, 0.444119
201307151920, 0.254123
201307151930, 0.429579
201307151940, 0.283095
201307151950, 0.341688
201307152000, 0.418728
201307152010, 0.319119
201307152020, 0.382921
201307152030, 0.367839
201307152040, 0.349501
201307152050, 0.381619
201307152100, 0.217339
201307152110, 0.140299
201307152120, 0.381293
201307152130, 0.179145
201307152140, 0.327691
201307152150, 0.302626
201307152200, 0.590712
201307152210, 0.643012
201307152220, 0.250868
201307152230, 0.61046
201307152240, 0.483181
201307152250, 0.868815
201307152300, 1.12033
201307152310, 1.23947
201307152320, 1.54883
201307152330, 2.46864
201307152340, 2.87185
201307152350, 3.07606
201307160000, 3.55588
201307160010, 4.47146
201307160020, 4.45877
201307160030, 5.03125
201307160040, 6.78082
201307160050, 7.63053
201307160100, 8.7385
201307160110, 9.63227
201307160120, 10.4493
201307160130, 10.8832
201307160140, 11.6146
201307160150, 12.2324
201307160200, 12.8864
201307160210, 13.1066
201307160220, 13.7193
201307160230, 13.7274
201307160240, 13.6388
201307160250, 14.2406
201307160300, 13.9144
201307160310, 13.7209
201307160320, 13.3288
201307160330, 14.0843
201307160340, 13.3046
201307160350, 13.8117
201307160400, 13.2474
201307160410, 12.7778
201307160420, 12.9284
201307160430, 12.8982
201307160440, 12.9277
201307160450, 12.9967
201307160500, 12.8213
201307160510, 12.4779
201307160520, 12.2225
201307160530, 11.8528
201307160540, 10.9788
201307160550, 10.2163
201307160600, 8.52441
201307160610, 8.22645
201307160620, 7.93815
201307160630, 7.78624
201307160640, 7.41146
201307160650, 7.44032
201307160700, 7.09093
201307160710, 6.57324
201307160720, 6.06424
201307160730, 5.79427
201307160740, 5.12142
201307160750, 5.07747
201307160800, 5.37576
201307160810, 6.10362
201307160820, 8.14876
201307160830, 8.04926
201307160840, 8.56814
201307160850, 8.27506
201307160900, 8.37695
201307160910, 7.16026
201307160920, 7.32736
201307160930, 7.34451
201307160940, 7.07444
201307160950, 7.00206
201307161000, 6.11643
201307161010, 5.99609
201307161020, 7.46191
201307161030, 5.97092
201307161040, 6.3099
201307161050, 5.47938
201307161100, 5.5867
201307161110, 5.24392
201307161120, 4.91233
201307161130, 4.45139
201307161140, 4.03971
201307161150, 4.15224
201307161200, 4.57389
201307161210, 4.523
201307161220, 5.90299
201307161230, 5.45931
201307161240, 5.94987
201307161400, 3.79405
201307161410, 3.52669
201307161420, 3.01183
201307161430, 4.71777
201307161440, 2.43045
201307161450, 2.90462
201307161500, 2.21311
201307161510, 2.50098
201307161520, 1.68761
201307161530, 1.40082
201307161540, 1.13281
201307161550, 1.07303
201307161600, 0.554036
201307161610, 0.419705
201307161620, 0.337457
201307161630, 0.160916
201307161640, 0.484809
201307161650, 0.270942
201307161700, 0.236762
201307161710, 0.297743
201307161720, 0.247938
201307161730, 0.233615
201307161740, 0.221571
201307161750, 0.152561
201307161800, 0.20204
201307161810, 0.162977
201307161820, 0.360569
201307161830, 0.237956
201307161840, 0.322374
201307161850, 0.345486
201307161900, 0.346788
201307161910, 0.380751
201307161920, 0.370009
201307161930, 0.229384
201307161940, 0.151584
201307161950, 0.239149
201307162000, 0.111979
201307162010, 0.18316
201307162020, 0.208442
201307162030, 0.376628
201307162040, 0.279188
201307162050, 0.264974
201307162100, 0.295139
201307162110, 0.426975
201307162120, 0.416558
201307162130, 0.40842
201307162140, 0.514323
201307162150, 0.429796
201307162200, 0.578885
201307162210, 0.461263
201307162220, 0.599935
201307162230, 0.304579
201307162240, 0.448242
201307162250, 0.630751
201307162300, 0.844401
201307162310, 0.366319
201307162320, 1.02626
201307162330, 1.02648
201307162340, 1.70736
201307162350, 2.64475
201307170000, 2.71278
201307170010, 4.00304
201307170020, 4.39323
201307170030, 4.61404
201307170040, 5.14638
201307170050, 5.02431
201307170100, 5.49013
201307170110, 6.02094
201307170120, 6.76584
201307170130, 6.96973
201307170140, 7.11523
201307170150, 7.66178
201307170200, 6.912
201307170210, 7.2475
201307170220, 7.07682
201307170230, 7.4171
201307170240, 6.9324
201307170250, 7.5982
201307170300, 5.86784
201307170310, 7.11719
201307170320, 6.47005
201307170330, 6.3877
201307170340, 7.16927
201307170350, 5.84418
201307170400, 5.4184
201307170410, 5.25629
201307170420, 5.76953
201307170430, 4.85959
201307170440, 4.13097
201307170450, 4.9528
201307170500, 4.54058
201307170510, 4.47222
201307170520, 4.09527
201307170530, 4.05252
201307170540, 3.65321
201307170550, 3.68869
201307170600, 3.5421
201307170610, 3.55957
201307170620, 3.10731
201307170630, 2.7793
201307170640, 2.31348
201307170650, 2.32899
201307170700, 1.7921
201307170710, 1.90115
201307170720, 2.19607
201307170730, 2.14214
201307170740, 1.22504
201307170750, 1.26237
201307170800, 1.03646
201307170810, 1.76877
201307170820, 1.29286
201307170830, 1.4923
201307170840, 1.54818
201307170850, 0.516602
201307170900, 0.707465
201307170910, 1.18707
201307170920, 0.774957
201307170930, 0.821615
201307170940, 1.02691
201307170950, 0.758464
201307171000, 0.945204
201307171010, 1.00499
201307171020, 0.717556
201307171030, 1.088
201307171040, 0.560221
201307171050, 0.0731337
201307171100, 0.408746
201307171110, 0.478624
201307171120, 0.32997
201307171130, 0.00434028
201307171140, 0.0146484
201307171150, 0
201307171200, 0.00672743
201307171210, 0.0093316
201307171220, 0.038303
201307171230, 0.00238715
201307171240, 0.0399306
201307171250, 0.00672743
201307171300, 0.182834
201307171310, 0.0118273
201307171320, 0.054145
201307171330, 0.192166
201307171340, 0.780707
201307171350, 0.352214
201307171400, 0.0999349
201307171410, 0.323459
201307171420, 0.331597
201307171430, 0.0111762
201307171440, 0.0972222
201307171450, 0.131076
201307171500, 0.207899
201307171510, 0.491536
201307171520, 0.135525
201307171530, 0.296658
201307171540, 0.364258
201307171550, 0.449761
201307171600, 0.193359
201307171610, 0.205295
201307171620, 0.29286
201307171630, 0.201606
201307171640, 0.139431
201307171650, 0.1301
201307171700, 0.185547
201307171710, 0.283963
201307171720, 0.156793
201307171730, 0.272895
201307171740, 0.332465
201307171750, 0.0488281
201307171800, 0.234809
201307171810, 0.486762
201307171820, 0.0947266
201307171830, 0.297092
201307171840, 0.382595
201307171850, 0.22819
201307171900, 0.0674913
201307171910, 0.518555
201307171920, 0.419054
201307171930, 0.507378
201307171940, 0.353733
201307171950, 0.898003
201307172000, 0.402778
201307172010, 1.01085
201307172020, 0.759657
201307172030, 0.621636
201307172040, 0.469944
201307172050, 0.259766
201307172100, 0.321398
201307172110, 0.377062
201307172120, 0.236437
201307172130, 0.181641
201307172140, 0.213976
201307172150, 0.253255
201307172200, 0.543728
201307172210, 0.25803
201307172220, 0.0230035
201307172230, 0.1352
201307172240, 0.457791
201307172250, 0.626736
201307172300, 0.443142
201307172310, 1.33279
201307172320, 1.74089
201307172330, 2.47233
201307172340, 2.95812
201307172350, 2.84711
201307180000, 3.89507
201307180010, 4.31749
201307180020, 4.43533
201307180030, 5.63108
201307180040, 6.32541
201307180050, 6.93392
201307180100, 8.14073
201307180110, 9.31771
201307180120, 10.2639
201307180130, 10.7172
201307180140, 10.9683
201307180150, 11.395
201307180200, 10.7182
201307180210, 11.4384
201307180220, 12.2721
201307180230, 12.258
201307180240, 11.6349
201307180250, 11.7993
201307180300, 11.5194
201307180310, 11.0751
201307180320, 11.3609
201307180330, 11.2359
201307180340, 12.1928
201307180350, 12.2229
201307180400, 11.6623
201307180410, 11.4758
201307180420, 12.0442
201307180430, 12.0038
201307180440, 12.152
201307180450, 11.8719
201307180500, 12.895
201307180510, 12.4864
201307180520, 13.0369
201307180530, 13.0752
201307180540, 13.4309
201307180550, 12.1613
201307180600, 12.8533
201307180610, 13.3115
201307180620, 13.291
201307180630, 13.2394
201307180640, 12.9743
201307180650, 12.5186
201307180700, 11.0227
201307180710, 10.4796
201307180720, 9.81044
201307180730, 9.78027
201307180740, 9.81673
201307180750, 9.51508
201307180800, 8.47483
201307180810, 8.66504
201307180820, 7.15896
201307180830, 6.6212
201307180840, 5.83322
201307180850, 4.73101
201307180900, 4.30458
201307180910, 3.92784
201307180920, 3.54612
201307180930, 3.18576
201307180940, 2.85297
201307180950, 2.90354
201307181000, 2.45334
201307181010, 2.89171
201307181020, 2.32378
201307181030, 1.84592
201307181040, 2.06348
201307181050, 1.79861
201307181100, 1.60612
201307181110, 0.884006
201307181120, 0.416016
201307181130, 0.493164
201307181140, 0.68316
201307181150, 0.119141
201307181200, 0.141276
201307181210, 0.589301
201307181220, 0.316081
201307181230, 0.720812
201307181240, 0.609049
201307181250, 0.657661
201307181300, 0.372613
201307181310, 0.498372
201307181320, 0.562826
201307181330, 0.304253
201307181340, 0.272786
201307181350, 0.477756
201307181400, 0.367188
201307181410, 0.410048
201307181420, 0.434245
201307181430, 0.263563
201307181440, 0.41352
201307181450, 0.173394
201307181500, 0.404297
201307181510, 0.360135
201307181520, 0.30089
201307181530, 0.184462
201307181540, 0.375977
201307181550, 0.563368
201307181600, 0.397244
201307181610, 0.366753
201307181620, 0.221246
201307181630, 0.357964
201307181640, 0.23839
201307181650, 0.61339
201307181700, 0.657552
201307181710, 0.695747
201307181720, 0.39974
201307181730, 0.528537
201307181740, 0.499783
201307181750, 0.527018
201307181800, 0.60026
201307181810, 0.342339
201307181820, 0.668077
201307181830, 0.6875
201307181840, 0.600694
201307181850, 0.594076
201307181900, 0.692057
201307181910, 0.53635
201307181920, 0.897569
201307181930, 0.522461
201307181940, 1.10167
201307181950, 0.791558
201307182000, 0.480686
201307182010, 0.683485
201307182020, 1.12728
201307182030, 0.584635
201307182040, 0.233724
201307182050, 0.801758
201307182100, 0.958116
201307182110, 0.724175
201307182120, 0.408095
201307182130, 0.564128
201307182140, 0.870768
201307182150, 1.06955
201307182200, 0.79286
201307182210, 1.02409
201307182220, 1.08995
201307182230, 0.801649
201307182240, 1.13411
201307182250, 1.93077
201307182300, 2.50521
201307182310, 2.82248
201307182320, 2.94553
201307182330, 3.77235
201307182340, 4.83952
201307182350, 5.12131
201307190000, 5.12901
201307190010, 5.40061
201307190020, 4.8495
201307190030, 4.99371
201307190040, 5.10352
201307190050, 5.17025
201307190100, 6.38987
201307190110, 7.57997
201307190120, 7.45139
201307190130, 7.41536
201307190140, 7.09939
201307190150, 7.31847
201307190200, 6.7691
201307190210, 6.99859
201307190220, 6.35948
201307190230, 6.4273
201307190240, 6.08626
201307190250, 5.27289
201307190300, 5.29753
201307190310, 5.12511
201307190320, 4.74696
201307190330, 4.53244
201307190340, 3.72982
201307190350, 3.55599
201307190400, 3.42741
201307190410, 2.93142
201307190420, 3.13314
201307190430, 3.21929
201307190440, 2.69162
201307190450, 2.68077
201307190500, 2.08279
201307190510, 2.15462
201307190520, 1.62934
201307190530, 1.18229
201307190540, 0.742839
201307190550, 0.866754
201307190600, 0.55306
201307190610, 0.498481
201307190620, 0.136827
201307190630, 0.230903
201307190640, 0.093967
201307190650, 0.0110677
201307190700, 0.163628
201307190710, 0.00141059
201307190720, 0.00401476
201307190730, 0.0581597
201307190740, 0.23839
201307190750, 0.0340712
201307190800, 0.291992
201307190810, 0.0172526
201307190820, 0.133355
201307190830, 1.12413
201307190840, 1.66916
201307190850, 2.06098
201307190900, 1.898
201307190910, 1.86827
201307190920, 1.57986
201307190930, 1.07617
201307190940, 0.487522
201307190950, 0.258898
201307191000, 0.203885
201307191010, 0.0551215
201307191020, 0.210612
201307191030, 0.00965712
201307191040, 0.967231
201307191050, 1.34473
201307191100, 1.57031
201307191110, 2.02756
201307191120, 1.55176
201307191130, 1.3929
201307191140, 1.20638
201307191150, 0.959201
201307191200, 1.67871
201307191210, 1.1326
201307191220, 1.49338
201307191230, 1.9031
201307191240, 1.44086
201307191250, 0.96951
201307191300, 1.85503
201307191310, 1.48698
201307191320, 1.64193
201307191330, 2.7525
201307191340, 2.25629
201307191350, 0.627387
201307191400, 0.695855
201307191410, 1.41168
201307191420, 1.6952
201307191430, 1.36317
201307191440, 2.12554
201307191450, 2.81207
201307191500, 1.13585
201307191510, 2.4324
201307191520, 2.26465
201307191530, 1.94846
201307191540, 2.78027
201307191550, 1.73253
201307191600, 3.27854
201307191610, 1.76855
201307191620, 1.51226
201307191630, 1.97526
201307191640, 1.47917
201307191650, 2.12543
201307191700, 2.27886
201307191710, 2.39909
201307191720, 2.75184
201307191730, 5.41135
201307191740, 5.86035
201307191750, 6.29102
201307191800, 7.09397
201307191810, 7.93631
201307191820, 7.08702
201307191830, 5.37109
201307191840, 3.71973
201307191850, 3.41504
201307191900, 2.94857
201307191910, 2.54221
201307191920, 1.85113
201307191930, 1.20378
201307191940, 0.023546
201307191950, 0.196832
201307192000, 0.0639106
201307192010, 0.00368924
201307192020, 0.0125868
201307192030, 0.016276
201307192040, 0.00379774
201307192050, 0.00770399
201307192100, 0.0346137
201307192110, 0.024197
201307192120, 0.0269097
201307192130, 0.0410156
201307192140, 0.0755208
201307192150, 0.0839844
201307192200, 0.14464
201307192210, 0.19043
201307192220, 0.0150825
201307192230, 0.0322266
201307192240, 0.00661892
201307192250, 0.141168
201307192300, 0.0720486
201307192310, 0.0265842
201307192320, 0.0766059
201307192330, 0.20638
201307192340, 0.197808
201307192350, 0.131293
201307200000, 0.208442
201307200010, 0.0764974
201307200020, 0.253581
201307200030, 0.191949
201307200040, 0.0285373
201307200050, 0.0328776
201307200100, 0.333225
201307200110, 0.151693
201307200120, 0.617188
201307200130, 0.457248
201307200140, 0.589735
201307200150, 0.364475
201307200200, 0.689345
201307200210, 0.415256
201307200220, 0.537001
201307200230, 0.864041
201307200240, 1.04243
201307200250, 0.993924
201307200300, 0.545898
201307200310, 0.587782
201307200320, 0.118164
201307200330, 0.112088
201307200340, 0.136827
201307200350, 0.170681
201307200400, 0.0605469
201307200410, 0.015191
201307200420, 0
201307200430, 0.106228
201307200440, 0.00748698
201307200450, 0.107313
201307200500, 0.412326
201307200510, 0.375977
201307200520, 0.169813
201307200530, 0.132487
201307200540, 0.258138
201307200550, 0.759115
201307200600, 0.170356
201307200610, 0.371311
201307200620, 0.316623
201307200630, 0.455078
201307200640, 0.30013
201307200650, 0.261176
201307200700, 0.374349
201307200710, 0.0412326
201307200720, 0.234809
201307200730, 0.0625
201307200740, 0.215929
201307200750, 0.272135
201307200800, 0.145399
201307200810, 0.181532
201307200820, 0.20421
201307200830, 0.349175
201307200840, 0.243924
201307200850, 0.219184
201307200900, 0.0769314
201307200910, 0.166884
201307200920, 0.219293
201307200930, 0.371528
201307200940, 0.0157335
201307200950, 0.323785
201307201000, 0.504015
201307201010, 0.200521
201307201020, 0.44184
201307201030, 0.337348
201307201040, 0.332791
201307201050, 0.371636
201307201100, 0.297201
201307201110, 0.28776
201307201120, 0.585286
201307201130, 0.152344
201307201140, 0.164171
201307201150, 0.148003
201307201200, 0.329102
201307201210, 0.503798
201307201220, 0.41786
201307201230, 0.272027
201307201240, 0.391168
201307201250, 0.307292
201307201300, 0.212457
201307201310, 0.24056
201307201320, 0.511502
201307201330, 0.375434
201307201340, 0.345378
201307201350, 0.243164
201307201400, 0.359484
201307201420, 0.260634
201307201430, 0.185547
201307201440, 0.193685
201307201450, 0.435981
201307201500, 0.154405
201307201510, 0.149306
201307201520, 0.294705
201307201530, 0.435438
201307201540, 0.546007
201307201550, 0.276367
201307201600, 0.113607
201307201610, 0.143229
201307201620, 0.146593
201307201630, 0.164714
201307201640, 0.305664
201307201650, 0.166016
201307201700, 0.281141
201307201710, 0.17079
201307201720, 0.384332
201307201730, 0.0745443
201307201740, 0.169813
201307201750, 0.29579
201307201800, 0.363173
201307201810, 0.303277
201307201820, 0.141927
201307201830, 0.10026
201307201840, 0.231445
201307201850, 0.223958
201307201900, 0.542752
201307201910, 0.183811
201307201920, 0.429145
201307201930, 0.343641
201307201940, 0.484267
201307201950, 0.496094
201307202000, 0.078342
201307202010, 0.237088
201307202020, 0.327148
201307202030, 0.216797
201307202040, 0.085395
201307202050, 0.0585938
201307202100, 0
201307202110, 0.0559896
201307202120, 0
201307202130, 0.0753038
201307202140, 0.0117188
201307202150, 0.39605
201307202200, 1.04525
201307202210, 2.17057
201307202220, 3.14714
201307202230, 4.30469
201307202240, 5.23481
201307202250, 5.23926
201307202300, 6.2449
201307202310, 6.46181
201307202320, 7.12717
201307202330, 6.97917
201307202340, 7.53006
201307202350, 6.16927
201307210000, 5.66406
201307210010, 5.88129
201307210020, 6.06434
201307210030, 5.898
201307210040, 5.74403
201307210050, 5.35026
201307210100, 5.88466
201307210110, 5.83865
201307210120, 5.97548
201307210130, 5.42611
201307210140, 5.41536
201307210150, 4.6225
201307210210, 4.27365
201307210220, 4.12229
201307210230, 4.03331
201307210240, 2.76823
201307210250, 2.52919
201307210300, 1.91764
201307210310, 1.71571
201307210320, 1.21452
201307210330, 0.911892
201307210340, 0.751411
201307210350, 0.603082
201307210400, 0.383355
201307210410, 0.764106
201307210420, 0.13954
201307210430, 0.440972
201307210440, 0.413954
201307210450, 0.26888
201307210500, 0.0602214
201307210510, 0.360677
201307210520, 0.230794
201307210530, 0.1926
201307210540, 0.104601
201307210600, 0.0825738
201307210610, 0.233832
201307210620, 0.101345
201307210640, 0.192817
201307210650, 0.244358
201307210700, 0.249023
201307210710, 0.126411
201307210730, 0.143229
201307210750, 0.197049
201307210840, 0.138997
201307210900, 0.393772
201307210910, 0.324219
201307210920, 0.349718
201307210940, 0.254015
201307210950, 0.260742
201307211000, 0.192925
201307211010, 0.211806
201307211020, 0.283312
201307211030, 0.332574
201307211040, 0.333225
201307211050, 0.208008
201307211100, 0.321723
201307211110, 0.425239
201307211130, 0.280707
201307211140, 0.310438
201307211150, 0.243924
201307211200, 0.309028
201307211210, 0.34158
201307211220, 0.259006
201307211230, 0.176975
201307211240, 0.100152
201307211250, 0.323893
201307211300, 0.189019
201307211310, 0.259766
201307211320, 0.102105
201307211330, 0.353407
201307211340, 0.314453
201307211350, 0.106011
201307211400, 0.0763889
201307211410, 0.191732
201307211420, 0.142904
201307211430, 0.0889757
201307211440, 0.137804
201307211450, 0.0559896
201307211500, 0.210503
201307211510, 0.170573
201307211520, 0.253798
201307211530, 0.248264
201307211540, 0.322266
201307211550, 0.086046
201307211600, 0.463433
201307211610, 0.199978
201307211620, 0.34668
201307211630, 0.242188
201307211640, 0.150065
201307211650, 0.197157
201307211700, 0.346897
201307211710, 0.231988
201307211720, 0.286567
201307211730, 0.651367
201307211740, 0.193902
201307211750, 0.492513
201307211800, 0.134006
201307211810, 0.379015
201307211820, 0.0436198
201307211830, 0.363715
201307211840, 0.157769
201307211850, 0.282878
201307211900, 0.217665
201307211910, 0.0134549
201307211920, 0.240994
201307211930, 0.125543
201307211940, 0.122721
201307211950, 0.440755
201307212000, 0.968424
201307212010, 0.0284288
201307212020, 0.200087
201307212030, 0.0915799
201307212040, 0.120877
201307212050, 0.302626
201307212100, 0.0292969
201307212110, 0.253255
201307212120, 0.163845
201307212130, 0.231554
201307212140, 0.110352
201307212150, 0.254883
201307212200, 0.441515
201307212210, 0.776476
201307212220, 0.859158
201307212230, 0.955078
201307212240, 1.05621
201307212250, 0.899089
201307212300, 1.65072
201307212310, 1.54004
201307212320, 2.16829
201307212330, 2.09809
201307212340, 2.70106
201307212350, 2.49816
201307220000, 2.58984
201307220010, 2.25987
201307220020, 2.42904
201307220030, 2.10731
201307220050, 2.26823
201307220110, 1.87381
201307220120, 1.99349
201307220140, 1.25098
201307220210, 1.03711
201307220220, 1.3074
201307220240, 0.0958116
201307220320, 0.106228
201307220340, 0.639323
201307220350, 0.335178
201307220410, 0.211046
201307220510, 0.21799
201307220530, 0.240668
201307220550, 0.190213
201307220600, 0.166667
201307220620, 0.193034
201307220630, 0.000108507
201307220640, 0.209852
201307220650, 0
201307220700, 0.172418
201307220720, 0.197917
201307220810, 0.315213
201307220820, 0.00651042
201307220830, 0.337565
201307220840, 0.278429
201307220920, 0
201307220950, 0.000542535
201307221000, 0.197157
201307221010, 0.148112
201307221020, 0.149957
201307221030, 0.094401
201307221050, 0.295139
201307221100, 0.357639
201307221110, 0.21072
201307221120, 0.170139
201307221130, 0.325412
201307221140, 0.180773
201307221150, 0.192274
201307221200, 0.257053
201307221210, 0.402995
201307221220, 0.305447
201307221230, 0.20128
201307221240, 0.313585
201307221250, 0.287543
201307221300, 0.488824
201307221310, 0.234484
201307221320, 0.326931
201307221330, 0.135091
201307221340, 0.273655
201307221350, 0.231445
201307221400, 0.123806
201307221410, 0.218424
201307221420, 0.163303
201307221430, 0.273221
201307221440, 0.202257
201307221450, 0.193793
201307221500, 0.267795
201307221510, 0.162326
201307221520, 0.125651
201307221530, 0.112739
201307221540, 0.341905
201307221550, 0.255425
201307221600, 0.0838759
201307221610, 0.112305
201307221620, 0.148003
201307221630, 0.0647786
201307221640, 0.334093
201307221650, 0.247938
201307221700, 0.247938
201307221710, 0.359918
201307221720, 0.148329
201307221730, 0.119792
201307221740, 0.015408
201307221750, 0.14247
201307221800, 0.22819
201307221810, 0.0363498
201307221820, 0.24056
201307221830, 0.0967882
201307221840, 0.427951
201307221850, 0.203559
201307221900, 0.196398
201307221910, 0.246745
201307221920, 0.223741
201307221930, 0.0370009
201307221940, 0.319987
201307221950, 0.0731337
201307222000, 0.156576
201307222010, 0.105686
201307222020, 0.173503
201307222030, 0.240017
201307222040, 0.328451
201307222050, 0.228082
201307222100, 0.330187
201307222110, 0.141385
201307222120, 0.238498
201307222130, 0.130317
201307222140, 0.0584852
201307222150, 0.0437283
201307222200, 0.0272352
201307222210, 0.236762
201307222220, 0.494683
201307222230, 0.605035
201307222240, 1.10688
201307222250, 1.20247
201307222300, 1.8648
201307222310, 2.04102
201307222320, 3.25966
201307222330, 3.14855
201307222340, 3.40885
201307222350, 3.93142
201307230000, 4.36382
201307230010, 4.65668
201307230020, 4.75011
201307230030, 4.86654
201307230040, 4.80252
201307230050, 4.68555
201307230100, 5.435
201307230110, 5.21463
201307230120, 5.32281
201307230130, 5.34994
201307230140, 5.6901
201307230150, 5.81239
201307230200, 4.38346
201307230210, 4.3253
201307230220, 3.69401
201307230230, 2.91428
201307230240, 2.49946
201307230250, 2.42969
201307230310, 1.25054
201307230330, 0.858507
201307230340, 1.26237
201307230350, 1.24316
201307230430, 0.681858
201307230440, 0.531358
201307230450, 0.362305
201307230520, 0.0337457
201307230530, 0.0607639
201307230540, 0.183702
201307230550, 0.0179036
201307230610, 0.164171
201307230650, 0.0971137
201307230700, 0
201307230730, 0.277561
201307230750, 0.399414
201307230830, 0.16645
201307230840, 0.130859
201307230850, 0.161241
201307230900, 0.193034
201307230910, 0.131076
201307230920, 0.396484
201307230930, 0.131402
201307230940, 0.370117
201307230950, 0.460612
201307231000, 0.290148
201307231010, 0.546658
201307231020, 0.222114
201307231030, 0.381402
201307231040, 0.286133
201307231050, 0.50727
201307231100, 0.450195
201307231110, 0.424696
201307231130, 0.505208
201307231140, 0.440213
201307231150, 1.19217
201307231200, 0.205295
201307231210, 0.460395
201307231220, 0.0726997
201307231230, 0.175239
201307231240, 0.338976
201307231250, 0.44043
201307231300, 1.23459
201307231310, 0.542101
201307231320, 1.50423
201307231330, 1.53016
201307231340, 1.64366
201307231350, 0.730903
201307231400, 0.995009
201307231410, 1.29319
201307231420, 1.33095
201307231430, 1.03429
201307231440, 0.840495
201307231450, 1.46549
201307231500, 1.18121
201307231510, 1.2857
201307231520, 0.775391
201307231530, 0.960286
201307231540, 1.4401
201307231550, 0.546441
201307231600, 0.346571
201307231610, 0.501628
201307231620, 0.458442
201307231630, 0.702908
201307231640, 0.39974
201307231650, 0.819336
201307231700, 0.170573
201307231710, 0.503364
201307231720, 0.652778
201307231730, 0.302626
201307231740, 0.358941
201307231750, 0.298069
201307231800, 0.59451
201307231810, 0.378147
201307231820, 0.751845
201307231830, 0.916992
201307231840, 0.681858
201307231850, 0.898763
201307231900, 0.907444
201307231910, 1.48296
201307231920, 0.988824
201307231930, 1.2258
201307231940, 1.63249
201307231950, 2.10037
201307232000, 2.21387
201307232010, 2.26345
201307232020, 2.32715
201307232030, 2.84071
201307232040, 2.70931
201307232050, 2.44401
201307232100, 1.90755
201307232110, 1.41298
201307232120, 1.6097
201307232130, 1.7615
201307232140, 1.17741
201307232150, 1.75922
201307232200, 1.67394
201307232210, 1.30523
201307232220, 1.05979
201307232230, 0.759006
201307232240, 0.594293
201307232250, 1.95323
201307232300, 2.26378
201307232310, 1.94065
201307232320, 2.52778
201307232330, 2.61599
201307232340, 3.14377
201307232350, 2.60135
201307240000, 1.69857
201307240010, 2.03613
201307240020, 1.74186
201307240030, 2.23036
201307240040, 2.59169
201307240050, 3.45041
201307240100, 4.98709
201307240110, 4.77713
201307240120, 4.85927
201307240130, 3.6531
201307240140, 3.64323
201307240200, 2.54091
201307240210, 1.34451
201307240220, 1.27094
201307240240, 0.817383
201307240310, 0.276042
201307240320, 0.826714
201307240330, 0.531684
201307240340, 0.594727
201307240350, 0.642795
201307240400, 0.519097
201307240420, 0.569878
201307240430, 0.683702
201307240500, 0.658854
201307240510, 0.26964
201307240520, 0.299154
201307240530, 0.319987
201307240540, 0.266385
201307240550, 0.296441
201307240600, 0.51161
201307240610, 0.111762
201307240620, 0.627387
201307240630, 0.388238
201307240640, 0.312174
201307240650, 0.303168
201307240700, 0.438043
201307240710, 0.27615
201307240720, 0.487522
201307240730, 0.143663
201307240740, 0.462565
201307240750, 0.230469
201307240800, 0.199219
201307240810, 0.264431
201307240820, 0.361545
201307240830, 0.398763
201307240850, 0.352973
201307240900, 0.18457
201307240910, 0.0366753
201307240920, 0.023112
201307240940, 0
201307241000, 0.00108507
201307241010, 0.000325521
201307241020, 0.0900608
201307241030, 0.0262587
201307241040, 0.00292969
201307241050, 0.0509983
201307241100, 0.361003
201307241110, 0.484267
201307241130, 0.163737
201307241140, 0.0873481
201307241150, 0.0806207
201307241210, 0.158095
201307241220, 0.0276693
201307241230, 0.0709635
201307241240, 0.125326
201307241250, 0.125543
201307241300, 0.0328776
201307241310, 0.03852
201307241320, 0.0771484
201307241330, 0.261502
201307241340, 0.0279948
201307241350, 0.086263
201307241400, 0.170139
201307241410, 0.0968967
201307241420, 0.0838759
201307241430, 0.191081
201307241440, 0.113281
201307241450, 0.527995
201307241500, 0.0717231
201307241510, 0.306858
201307241520, 0.404188
201307241530, 0.351562
201307241540, 0.900499
201307241550, 0.75293
201307241600, 0.41059
201307241610, 0.485352
201307241620, 0.231662
201307241630, 0.0474175
201307241640, 0.314345
201307241650, 0.314887
201307241700, 0.405599
201307241710, 0.410807
201307241720, 0.379883
201307241730, 0.643121
201307241740, 0.190647
201307241750, 0.113064
201307241800, 0.175998
201307241810, 0.0961372
201307241820, 0.236003
201307241830, 0.163411
201307241840, 0.107964
201307241850, 0.123372
201307241900, 0.157444
201307241910, 0.160156
201307241920, 0.0842014
201307241930, 0.0511068
201307241940, 0.0567491
201307241950, 0.0467665
201307242000, 0.10026
201307242010, 0.252604
201307242020, 0.284722
201307242030, 0.264648
201307242040, 0.20497
201307242050, 0.155599
201307242100, 0.218642
201307242110, 0.381402
201307242120, 0.0770399
201307242130, 0.187066
201307242140, 0.0677083
201307242150, 0.138563
201307242200, 0.201714
201307242210, 0.170681
201307242220, 0.15408
201307242230, 0.345378
201307242240, 0.242947
201307242250, 0.153103
201307242300, 0.1875
201307242310, 0.0970052
201307242320, 0.318359
201307242330, 0.483181
201307242340, 0.355577
201307242350, 0.324002
201307250000, 0.374349
201307250010, 0.277669
201307250020, 0.137804
201307250030, 0.190104
201307250040, 0.174154
201307250050, 0.25076
201307250100, 0.143446
201307250110, 0.105686
201307250120, 0.174696
201307250130, 0.234158
201307250140, 0.242188
201307250150, 0.153754
201307250210, 0.20204
201307250230, 0.119575
201307250240, 0.0769314
201307250300, 0.203668
201307250310, 0.178602
201307250320, 0.224067
201307250330, 0.25803
201307250340, 0.220378
201307250350, 0.213867
201307250400, 0.25434
201307250420, 0.174588
201307250430, 0.24056
201307250440, 0.109701
201307250510, 0.216905
201307250520, 0.201389
201307250530, 0.580512
201307250540, 0.25293
201307250600, 0.229601
201307250620, 0.191189
201307250630, 0.201497
201307250640, 0.0812717
201307250650, 0.103516
201307250700, 0.126736
201307250710, 0.167535
201307250720, 0.0952691
201307250730, 0.0874566
201307250850, 0.181532
201307250900, 0.119249
201307250940, 0
201307250950, 0.286892
201307251010, 0.314996
201307251020, 0
201307251030, 0.310872
201307251040, 0.394314
201307251130, 0.38661
201307251140, 0.407335
201307251150, 0.35026
201307251200, 0.341146
201307251210, 0.378906
201307251220, 0.304579
201307251230, 0.225803
201307251240, 0.271376
201307251250, 0.321289
201307251300, 0.264323
201307251310, 0.203559
201307251320, 0.234266
201307251330, 0.187717
201307251340, 0.165365
201307251350, 0.26378
201307251400, 0.281576
201307251410, 0.0638021
201307251420, 0.316949
201307251430, 0.17296
201307251440, 0.146267
201307251450, 0.360786
201307251500, 0.161133
201307251510, 0.157769
201307251520, 0.291016
201307251530, 0.163411
201307251540, 0.400716
201307251550, 0.503364
201307251600, 0.318902
201307251610, 0.450846
201307251620, 0.405273
201307251630, 0.588976
201307251640, 0.317274
201307251650, 0.289062
201307251700, 0.301758
201307251710, 0.388238
201307251720, 0.175456
201307251730, 0.589084
201307251740, 0.435764
201307251750, 0.706055
201307251800, 0.705838
201307251810, 0.521701
201307251820, 0.791124
201307251830, 0.741754
201307251840, 0.857205
201307251850, 0.731771
201307251900, 0.902995
201307251910, 0.83724
201307251920, 1.03016
201307251930, 1.0549
201307251940, 0.84668
201307251950, 0.998806
201307252000, 0.922201
201307252010, 1.01942
201307252020, 0.964084
201307252030, 0.598524
201307252040, 0.713325
201307252050, 0.624457
201307252100, 0.677951
201307252110, 0.641927
201307252120, 0.88303
201307252130, 0.444878
201307252140, 0.497721
201307252150, 0.287977
201307252200, 0.712891
201307252210, 0.902886
201307252220, 1.00629
201307252230, 1.71257
201307252240, 1.77756
201307252250, 2.29156
201307252300, 1.98839
201307252310, 2.89388
201307252320, 2.93967
201307252330, 3.85807
201307252340, 3.88227
201307252350, 4.97244
201307260000, 5.30208
201307260010, 4.91287
201307260020, 4.8125
201307260030, 3.63346
201307260040, 3.73362
201307260050, 3.31087
201307260100, 2.50608
201307260110, 3.05317
201307260120, 3.5727
201307260130, 2.52431
201307260140, 1.4477
201307260150, 2.75065
201307260200, 2.28559
201307260210, 3.07509
201307260220, 2.52593
201307260240, 2.54666
201307260250, 3.32303
201307260300, 3.05501
201307260310, 2.78472
201307260320, 2.65408
201307260330, 2.15918
201307260350, 2.36035
201307260400, 2.31565
201307260410, 2.49382
201307260430, 2.12337
201307260440, 3.20605
201307260450, 2.92687
201307260500, 3.14019
201307260510, 2.74826
201307260520, 2.44162
201307260540, 2.73579
201307260550, 1.38422
201307260600, 0.813911
201307260610, 0.597331
201307260630, 0.553819
201307260640, 0.505859
201307260650, 0.866211
201307260720, 0.859375
201307260730, 0.411133
201307260740, 0.320747
201307260750, 0.363064
201307260800, 0.428277
201307260820, 0.101237
201307260830, 0.425998
201307260840, 0.542101
201307260850, 0.534397
201307260900, 0.528537
201307260910, 0.819336
201307260920, 0.466037
201307260930, 0.184245
201307260940, 0.447483
201307260950, 0.492947
201307261000, 0.655165
201307261010, 0.876736
201307261020, 0.869032
201307261030, 1.0064
201307261040, 1.02908
201307261050, 0.964844
201307261100, 1.17426
201307261110, 1.01118
201307261120, 0.947917
201307261130, 0.889866
201307261140, 0.889214
201307261150, 0.91352
201307261200, 1.09896
201307261210, 1.19607
201307261220, 1.07899
201307261230, 1.41905
201307261240, 1.45888
201307261250, 1.97928
201307261300, 2.02843
201307261310, 1.79102
201307261320, 1.71918
201307261330, 1.54612
201307261340, 1.861
201307261350, 2.05284
201307261400, 2.10189
201307261410, 1.89757
201307261420, 2.15549
201307261430, 2.21267
201307261440, 2.19976
201307261450, 2.33464
201307261500, 2.07324
201307261510, 2.52289
201307261520, 2.57845
201307261530, 2.32552
201307261540, 2.39594
201307261550, 2.13303
201307261600, 1.94499
201307261610, 1.94347
201307261620, 2.37283
201307261630, 2.53874
201307261640, 2.31565
201307261650, 2.66547
201307261700, 2.29915
201307261710, 2.41536
201307261720, 2.09744
201307261730, 2.52702
201307261740, 2.44303
201307261750, 2.16895
201307261800, 2.45095
201307261810, 2.07476
201307261820, 1.98524
201307261830, 1.977
201307261840, 2.77745
201307261850, 3.11762
201307261900, 3.31966
201307261910, 3.57237
201307261920, 3.54416
201307261930, 4.69206
201307261940, 4.87522
201307261950, 5.66081
201307262000, 5.83442
201307262010, 5.98177
201307262020, 6.39551
201307262030, 6.21441
201307262040, 5.46918
201307262050, 6.11589
201307262100, 5.93001
201307262110, 7.32465
201307262120, 7.4171
201307262130, 6.86578
201307262140, 7.86274
201307262150, 8.39724
201307262200, 9.69151
201307262210, 9.55154
201307262220, 8.80273
201307262230, 7.87489
201307262240, 7.61285
201307262250, 6.47179
201307262300, 5.91764
201307262310, 5.31901
201307262320, 5.21039
201307262330, 5.73253
201307262340, 5.75987
201307262350, 5.89876
201307270000, 5.88531
201307270010, 5.76259
201307270020, 7.32411
201307270030, 7.71582
201307270040, 7.98861
201307270050, 8.23438
201307270100, 8.09093
201307270110, 9.34201
201307270120, 10.3852
201307270130, 9.3635
201307270140, 8.86578
201307270150, 8.85449
201307270200, 8.84418
201307270210, 8.02485
201307270220, 8.02127
201307270230, 8.16612
201307270240, 9.40213
201307270250, 7.06142
201307270300, 5.99664
201307270310, 4.949
201307270320, 4.55154
201307270330, 4.26975
201307270340, 4.96875
201307270350, 3.18186
201307270400, 2.6161
201307270410, 4.0689
201307270420, 3.26421
201307270430, 2.39974
201307270440, 1.51118
201307270450, 1.96864
201307270500, 1.15115
201307270510, 1.463
201307270520, 0.51671
201307270530, 0.219076
201307270540, 0.499132
201307270550, 0.354601
201307270600, 0.000868056
201307270620, 0.148329
201307270630, 0.405165
201307270650, 0.651693
201307270700, 0.74566
201307270710, 1.13086
201307270720, 0.675564
201307270730, 0.452582
201307270740, 0.600803
201307270750, 1.4898
201307270800, 1.22049
201307270810, 1.27593
201307270820, 2.48741
201307270830, 2.37565
201307270840, 2.05447
201307270850, 1.9222
201307270900, 2.21398
201307270910, 1.44206
201307270920, 2.03201
201307270930, 2.78103
201307270940, 1.97287
201307270950, 1.99989
201307271000, 1.31727
201307271010, 1.95291
201307271020, 1.98589
201307271030, 1.4349
201307271040, 2.47407
201307271050, 1.41591
201307271100, 1.38628
201307271110, 1.64247
201307271120, 1.92882
201307271130, 1.96039
201307271140, 1.45736
201307271150, 2.04763
201307271200, 1.5051
201307271210, 2.10135
201307271220, 1.75803
201307271230, 1.53516
201307271240, 1.79525
201307271250, 1.30187
201307271300, 1.07465
201307271310, 1.03982
201307271320, 2.01237
201307271330, 1.33887
201307271340, 1.78483
201307271350, 2.30404
201307271400, 1.59245
201307271410, 1.83898
201307271420, 1.46788
201307271430, 1.82899
201307271440, 2.02257
201307271450, 1.33474
201307271500, 1.31988
201307271510, 1.67871
201307271520, 1.70866
201307271530, 1.79351
201307271540, 2.16374
201307271550, 2.44336
201307271600, 2.69282
201307271610, 2.82248
201307271620, 3.08268
201307271630, 3.08149
201307271640, 2.71604
201307271650, 2.28939
201307271700, 1.97081
201307271710, 1.90256
201307271720, 1.41395
201307271730, 1.08181
201307271740, 0.777018
201307271750, 1.06803
201307271800, 1.15755
201307271810, 0.789062
201307271820, 0.738173
201307271830, 0.973741
201307271840, 0.325955
201307271850, 0.431424
201307271900, 0.499132
201307271910, 0.407552
201307271920, 0.280924
201307271930, 0.41786
201307271940, 0.387587
201307271950, 0.482856
201307272000, 0.221571
201307272010, 0.13303
201307272020, 0.0527344
201307272030, 0.279731
201307272040, 0.185655
201307272050, 0.50076
201307272100, 0.662652
201307272110, 0.630859
201307272120, 0.951931
201307272130, 0.824761
201307272140, 1.12391
201307272150, 0.953993
201307272200, 1.3304
201307272210, 1.5357
201307272220, 0.913737
201307272230, 1.32454
201307272240, 0.91862
201307272250, 1.3686
201307272300, 1.04807
201307272310, 1.10731
201307272320, 0.647569
201307272330, 1.42144
201307272340, 2.315
201307272350, 1.74544
201307280000, 1.81662
201307280010, 2.03982
201307280020, 2.11773
201307280030, 3.43305
201307280040, 4.22971
201307280050, 4.2181
201307280100, 5.5345
201307280110, 5.97135
201307280120, 4.79123
201307280130, 5.76899
201307280140, 4.85037
201307280150, 5.46593
201307280200, 3.96712
201307280210, 5.18077
201307280220, 4.67155
201307280230, 3.84049
201307280240, 4.02138
201307280250, 3.2385
201307280300, 3.42166
201307280310, 3.53689
201307280320, 3.7742
201307280330, 4.11491
201307280350, 3.31293
201307280410, 2.48199
201307280420, 1.76747
201307280430, 2.50163
201307280440, 2.3546
201307280450, 2.33757
201307280510, 1.28971
201307280520, 0.800239
201307280530, 1.43598
201307280540, 1.18197
201307280550, 1.02658
201307280600, 1.73926
201307280610, 1.87174
201307280620, 1.93229
201307280630, 1.76183
201307280640, 1.99859
201307280650, 2.14638
201307280700, 1.50553
201307280710, 1.41797
201307280720, 2.09516
201307280730, 1.17806
201307280740, 1.39204
201307280750, 1.19748
201307280800, 1.46962
201307280810, 1.18294
201307280820, 0.342665
201307280830, 0.924588
201307280840, 1.014
201307280850, 1.18327
201307280900, 1.34473
201307280910, 0.845703
201307280920, 0.847873
201307280930, 0.94553
201307280940, 0.36773
201307280950, 0.665039
201307281000, 0.378255
201307281010, 0.623698
201307281020, 0.610135
201307281030, 0.509766
201307281040, 0.530273
201307281050, 0.426215
201307281100, 0.639106
201307281110, 0.337999
201307281120, 0.408963
201307281130, 0.0976562
201307281140, 0.394857
201307281150, 0.38444
201307281200, 0.0150825
201307281210, 0.639106
201307281220, 0.587999
201307281230, 0.561849
201307281240, 0.557943
201307281250, 0.550456
201307281300, 0.224609
201307281310, 0.392795
201307281320, 0.576931
201307281330, 0.456706
201307281340, 0.724935
201307281350, 0.530599
201307281400, 0.559787
201307281410, 0.330295
201307281420, 0.223958
201307281430, 0.511502
201307281440, 0.555447
201307281450, 0.607422
201307281500, 0.586046
201307281510, 0.515299
201307281520, 0.721029
201307281530, 0.249674
201307281540, 0.208333
201307281550, 0.247504
201307281600, 0.504666
201307281610, 0.212348
201307281620, 0.422201
201307281630, 0.321723
201307281640, 0.685438
201307281650, 0.620877
201307281700, 0.624023
201307281710, 0.551975
201307281720, 0.543077
201307281730, 0.620117
201307281740, 0.402452
201307281750, 0.624023
201307281800, 0.52474
201307281810, 0.534939
201307281820, 0.555339
201307281830, 0.512478
201307281840, 0.415799
201307281850, 0.498155
201307281900, 0.277669
201307281910, 0.157552
201307281920, 0.254883
201307281930, 0.181424
201307281940, 0.328668
201307281950, 0.414062
201307282000, 0.70638
201307282010, 0.172201
201307282020, 0.285807
201307282030, 0.023763
201307282040, 0.319553
201307282050, 0.889214
201307282100, 0.941298
201307282110, 0.98763
201307282120, 1.42459
201307282130, 0.981228
201307282140, 1.40495
201307282150, 1.92329
201307282200, 1.31337
201307282210, 0.932075
201307282220, 1.14876
201307282230, 1.33322
201307282240, 1.61762
201307282250, 2.07422
201307282300, 2.38574
201307282310, 1.96224
201307282320, 1.70996
201307282330, 2.02897
201307282340, 1.3852
201307282350, 1.72146
201307290000, 1.04785
201307290010, 1.22515
201307290020, 0.717448
201307290030, 1.25749
201307290040, 1.66222
201307290100, 2.32335
201307290110, 2.60645
201307290120, 2.90408
201307290130, 2.14377
201307290140, 2.60004
201307290150, 2.35579
201307290200, 2.24382
201307290210, 2.07411
201307290220, 2.09418
201307290310, 1.65473
201307290340, 0.837457
201307290400, 1.14714
201307290420, 0.885959
201307290440, 0.848524
201307290450, 1.01638
201307290500, 0.876628
201307290510, 0.893772
201307290530, 0.21072
201307290540, 0.812608
201307290550, 0.407552
201307290600, 0.624674
201307290610, 0.538086
201307290620, 0.55523
201307290630, 0.268338
201307290640, 0.340712
201307290650, 0.233724
201307290700, 0.570312
201307290710, 0.4375
201307290720, 0.270399
201307290740, 0.0764974
201307290750, 0.907661
201307290800, 0.544596
201307290810, 0.631076
201307290820, 0.613932
201307290830, 0.881076
201307290840, 0.480469
201307290850, 0.327691
201307290900, 0.727322
201307290910, 0.810113
201307290920, 0.581923
201307290930, 1.48513
201307290940, 1.727
201307290950, 1.78624
201307291000, 1.49371
201307291010, 2.02387
201307291020, 2.78092
201307291030, 3.04026
201307291040, 2.07085
201307291050, 2.29264
201307291100, 2.23416
201307291110, 2.65213
201307291120, 1.92719
201307291130, 3.10048
201307291140, 3.42915
201307291150, 4.4541
201307291200, 5.2513
201307291210, 5.42036
201307291220, 5.01519
201307291230, 7.32964
201307291240, 5.3992
201307291250, 7.00694
201307291300, 5.30751
201307291310, 4.93457
201307291320, 4.33539
201307291330, 3.29644
201307291340, 3.21441
201307291350, 2.91168
201307291400, 1.87576
201307291410, 2.58398
201307291420, 2.16406
201307291430, 2.24533
201307291440, 3.2908
201307291450, 2.71658
201307291500, 2.57595
201307291510, 2.51714
201307291520, 2.08095
201307291530, 1.69423
201307291540, 1.40148
201307291550, 2.36122
201307291600, 1.88194
201307291610, 1.36437
201307291620, 1.25933
201307291630, 0.679796
201307291640, 0.546224
201307291650, 0.38954
201307291700, 0.399957
201307291710, 1.05523
201307291720, 0.791233
201307291730, 0.49783
201307291740, 0.144857
201307291750, 0.376736
201307291800, 0.782661
201307291810, 0.470052
201307291820, 0.549913
201307291830, 0.335829
201307291840, 0.0748698
201307291850, 0.427409
201307291900, 0.247613
201307291910, 0.294596
201307291920, 0.541884
201307291930, 0.628689
201307291940, 0.772786
201307291950, 0.655816
201307292000, 0.59885
201307292010, 0.982747
201307292020, 0.901259
201307292030, 0.939887
201307292040, 0.949327
201307292050, 0.716688
201307292100, 1.39768
201307292110, 1.56109
201307292120, 0.890517
201307292130, 0.578342
201307292140, 1.04546
201307292150, 0.910048
201307292200, 1.03906
201307292210, 0.952365
201307292220, 0.873698
201307292230, 0.892361
201307292240, 0.718859
201307292250, 0.762912
201307292300, 0.752062
201307292310, 0.410916
201307292330, 0.222765
201307292340, 0.252496
201307292350, 0.85395
201307300000, 0.305664
201307300010, 0.267361
201307300020, 0.328451
201307300030, 0.34375
201307300040, 0.336697
201307300050, 0.262044
201307300100, 0.481445
201307300110, 0.431749
201307300120, 0.193359
201307300130, 0.0556641
201307300140, 0.13661
201307300150, 0.226671
201307300200, 0.328016
201307300210, 0.548394
201307300220, 0.613064
201307300230, 0.844076
201307300240, 0.332465
201307300250, 0.2602
201307300300, 0.331055
201307300310, 0.615777
201307300330, 0.521376
201307300340, 0.592773
201307300350, 0.435547
201307300400, 0.412543
201307300410, 0.137804
201307300420, 0.242622
201307300440, 0.254449
201307300450, 0.410807
201307300500, 0.403212
201307300510, 0.544162
201307300520, 0.335503
201307300530, 0.226454
201307300540, 0.423286
201307300550, 0.381185
201308010000, 1.70822
201308010010, 2.23513
201308010020, 2.94531
201308010030, 3.63162
201308010040, 4.00217
201308010050, 3.55078
201308010100, 4.52951
201308010110, 5.08116
201308010120, 5.02246
201308010130, 5.35493
201308010140, 5.26725
201308010150, 5.37576
201308010200, 4.9273
201308010210, 4.82997
201308010220, 5.46094
201308010230, 6.26454
201308010240, 6.91233
201308010250, 6.28592
201308010300, 6.1799
201308010310, 5.76975
201308010320, 6.29807
201308010330, 5.94672
201308010340, 5.98828
201308010350, 5.64648
201308010400, 5.25911
201308010410, 4.96202
201308010420, 4.80631
201308010430, 4.97537
201308010440, 4.42958
201308010450, 5.05707
201308010500, 4.93359
201308010510, 4.33529
201308010520, 4.04883
201308010530, 4.76204
201308010540, 4.82509
201308010550, 4.30642
201308010600, 4.63878
201308010610, 4.07747
201308010620, 4.48893
201308010630, 4.03678
201308010640, 4.2143
201308010650, 4.05024
201308010700, 3.87641
201308010710, 3.54807
201308010720, 3.65571
201308010730, 3.07172
201308010740, 3.36914
201308010750, 3.44173
201308010800, 3.01378
201308010810, 2.85851
201308010820, 2.03288
201308010830, 1.48079
201308010840, 1.00076
201308010850, 0.705187
201308010900, 0.077908
201308010910, 0.290907
201308010920, 0.0269097
201308010930, 0.0365668
201308010940, 0.0370009
201308010950, 0.00661892
201308011000, 0.00108507
201308011010, 0.0596788
201308011020, 0.0761719
201308011030, 0.195312
201308011040, 0.0236545
201308011050, 0.0166016
201308011100, 0.0212674
201308011110, 0
201308011120, 0.0248481
201308011130, 0.291775
201308011140, 0.265299
201308011150, 0.239475
201308011200, 0.0537109
201308011210, 0.0112847
201308011220, 0.0441623
201308011230, 0.319661
201308011240, 0.32628
201308011250, 0.0826823
201308011300, 0.251953
201308011310, 0.339193
201308011320, 0.545573
201308011330, 0.763455
201308011340, 1.31109
201308011350, 1.2985
201308011400, 1.08594
201308011410, 0.677192
201308011420, 0.659722
201308011430, 0.96224
201308011440, 1.0127
201308011450, 1.2678
201308011500, 1.50033
201308011510, 1.56022
201308011520, 1.54362
201308011530, 1.67036
201308011540, 1.20356
201308011550, 1.60352
201308011600, 1.90592
201308011610, 2.43511
201308011620, 1.98101
201308011630, 2.6416
201308011640, 1.87413
201308011650, 2.3674
201308011700, 2.08854
201308011710, 2.08865
201308011720, 2.08322
201308011730, 2.11339
201308011740, 1.87381
201308011750, 1.69542
201308011800, 1.43956
201308011810, 1.49826
201308011820, 1.75911
201308011830, 1.53516
201308011840, 1.31912
201308011850, 1.26942
201308011900, 1.09993
201308011910, 1.22157
201308011920, 1.26584
201308011930, 1.31152
201308011940, 1.40972
201308011950, 1.36675
201308012000, 1.36285
201308012010, 1.18707
201308012020, 1.31228
201308012030, 1.16895
201308012040, 1.22396
201308012050, 1.14985
201308012100, 1.27192
201308012110, 1.07205
201308012120, 1.10243
201308012130, 0.921766
201308012140, 0.912652
201308012150, 0.868707
201308012200, 0.321181
201308012210, 0.210612
201308012220, 0.135851
201308012230, 0.140734
201308012240, 0.314779
201308012250, 0.127387
201308012300, 0.0338542
201308012310, 0.362088
201308012320, 0.606988
201308012330, 0.457574
201308012340, 0.542643
201308012350, 0.466254
201308020000, 0.42003
201308020010, 0.235243
201308020020, 0.361979
201308020030, 0.439996
201308020040, 0.796441
201308020050, 1.55393
201308020100, 2.77072
201308020110, 2.30317
201308020120, 2.13694
201308020130, 2.15907
201308020140, 2.11708
201308020150, 1.72222
201308020210, 1.3431
201308020220, 1.34494
201308020240, 0.614692
201308020310, 0.313043
201308020330, 0.607747
201308020340, 0.523546
201308020350, 0.70128
201308020400, 0.748372
201308020410, 0.448893
201308020420, 0.589952
201308020430, 1.08214
201308020450, 0.744249
201308020500, 0.868598
201308020510, 0.842339
201308020520, 0.97602
201308020530, 0.416233
201308020610, 0.467556
201308020620, 0.428385
201308020640, 0.312283
201308020650, 0.949436
201308020710, 0.503472
201308020740, 0.661675
201308020750, 0.69553
201308020800, 0.489583
201308020810, 0.532552
201308020830, 0.249349
201308020840, 0.429145
201308020850, 0.0651042
201308020900, 0.63737
201308020910, 0.302083
201308020920, 0.0518663
201308020930, 0.0297309
201308020940, 0.00455729
201308020950, 0.000108507
201308021000, 0.129232
201308021010, 0.286458
201308021020, 0.476888
201308021030, 0.0130208
201308021040, 0.00206163
201308021050, 0.449436
201308021100, 0.152995
201308021110, 0.293511
201308021120, 0.32628
201308021130, 0.395182
201308021150, 0.150933
201308021200, 0.134983
201308021210, 0.401584
201308021220, 0.323025
201308021230, 0.246094
201308021240, 0.104818
201308021250, 0.196289
201308021300, 0.298286
201308021310, 0.0736762
201308021320, 0.283095
201308021330, 0.232096
201308021340, 0.28928
201308021350, 0.318142
201308021400, 0.572808
201308021410, 1.02582
201308021420, 0.790148
201308021430, 0.204644
201308021440, 0.487522
201308021450, 0.405165
201308021500, 0.0962457
201308021510, 0.0800781
201308021520, 0.225694
201308021530, 0.42589
201308021540, 0.191189
201308021550, 0.246962
201308021600, 1.04763
201308021610, 0.0720486
201308021620, 0.336372
201308021630, 0.835178
201308021640, 0.421332
201308021650, 0.0183377
201308021700, 0.169162
201308021710, 0.0181207
201308021720, 0.0756293
201308021730, 0.126194
201308021740, 0.110677
201308021750, 1.23448
201308021800, 1.98535
201308021810, 0.513563
201308021820, 0.477431
201308021830, 0.433051
201308021840, 0.0600043
201308021850, 0.266276
201308021900, 0.76671
201308021910, 0.804145
201308021920, 0.753472
201308021930, 0.336589
201308021940, 0.451714
201308021950, 0.713542
201308022000, 1.82086
201308022010, 1.02593
201308022020, 1.44792
201308022030, 1.22852
201308022040, 1.39301
201308022050, 0.981337
201308022100, 0.268555
201308022110, 1.39442
201308022120, 1.53863
201308022130, 1.03396
201308022140, 0.887695
201308022150, 1.00401
201308022200, 0.991862
201308022210, 0.260742
201308022220, 0.253364
201308022230, 0.309245
201308022240, 0.303602
201308022250, 0.182075
201308022300, 0.441081
201308022310, 0.315213
201308022320, 0.580295
201308022330, 0.330078
201308022340, 1.03776
201308022350, 0.421658
201308030000, 0.654731
201308030010, 0.472765
201308030020, 0.471788
201308030030, 0.490343
201308030050, 0.634115
201308030100, 0.563477
201308030110, 0.840929
201308030120, 0.678277
201308030130, 0.222548
201308030150, 0.0989583
201308030200, 0.202474
201308030230, 0.0179036
201308030240, 0.0754123
201308030250, 0.229384
201308030330, 0.218858
201308030410, 0.358832
201308030420, 0.0495877
201308030430, 0.48546
201308030440, 0.0330946
201308030520, 0.0711806
201308030540, 0.0628255
201308030550, 0.00835503
201308030600, 0.280924
201308030620, 0.371528
201308030630, 0.0430773
201308030640, 0.606988
201308030650, 0.339735
201308030700, 0.219184
201308030710, 0
201308030730, 0.365451
201308030830, 0.473416
201308030850, 0.476128
201308030900, 0.355035
201308030910, 0.551432
201308030930, 0.0529514
201308030940, 0.0101997
201308031000, 0.304688
201308031020, 0.423611
201308031030, 0.468641
201308031040, 0.318468
201308031050, 0.077691
201308031100, 0.270725
201308031110, 0.179579
201308031120, 0.000325521
201308031130, 0.103299
201308031140, 0.110026
201308031200, 0.0584852
201308031210, 0.209527
201308031220, 0.386176
201308031230, 0.0338542
201308031240, 0.0350477
201308031250, 0.0602214
201308031300, 0.123264
201308031310, 0.253472
201308031320, 0.20714
201308031330, 0.14974
201308031340, 0.315864
201308031350, 0.254991
201308031400, 0.14464
201308031410, 0.218099
201308031420, 0.312826
201308031430, 0.361762
201308031440, 0.249891
201308031450, 0.286024
201308031500, 0.245334
201308031510, 0.419271
201308031520, 0.38151
201308031530, 0.427517
201308031540, 0.613932
201308031550, 0.280816
201308031600, 0.306532
201308031610, 0.186957
201308031620, 0.370226
201308031630, 0.12793
201308031640, 0.0700955
201308031650, 0.0533854
201308031700, 0.0219184
201308031710, 0.152018
201308031720, 0.125109
201308031730, 0.217882
201308031740, 0.0800781
201308031750, 0.107422
201308031800, 0.108181
201308031810, 0.159722
201308031820, 0.0533854
201308031830, 0.0454644
201308031840, 0.214627
201308031850, 0.481662
201308031900, 0.527886
201308031910, 0.20638
201308031920, 0.0332031
201308031930, 0.217448
201308031940, 0.149523
201308031950, 0.0422092
201308032000, 0.00217014
201308032010, 0.0654297
201308032020, 0.0236545
201308032030, 0.319661
201308032040, 0.287435
201308032050, 0.0173611
201308032100, 0.621311
201308032110, 0.435981
201308032120, 1.35493
201308032130, 1.23904
201308032140, 1.264
201308032150, 1.73329
201308032200, 0.544488
201308032210, 0.631727
201308032220, 0.222439
201308032230, 0.568685
201308032240, 0.615234
201308032250, 0.787435
201308032300, 0.338867
201308032310, 0.718642
201308032320, 0.573242
201308032330, 0.211155
201308032340, 0.0164931
201308032350, 0.0509983
201308040000, 0.0985243
201308040010, 0.137912
201308040020, 0.0711806
201308040030, 0.0324436
201308040050, 0.258572
201308040100, 0.0640191
201308040110, 0.164171
201308040120, 0.384657
201308040130, 0.488498
201308040140, 0.751302
201308040150, 0.792535
201308040200, 0.841363
201308040210, 1.08822
201308040220, 1.59928
201308040230, 1.48579
201308040240, 0.703451
201308040250, 1.50521
201308040300, 1.42459
201308040310, 1.04416
201308040320, 1.7079
201308040330, 1.99935
201308040340, 1.42046
201308040350, 2.22363
201308040400, 2.34158
201308040410, 2.85308
201308040420, 3.15766
201308040430, 3.03526
201308040440, 2.86784
201308040450, 2.42329
201308040500, 1.49653
201308040510, 2.81033
201308040520, 2.03483
201308040530, 2.1505
201308040540, 2.24707
201308040550, 2.93424
201308040600, 3.6097
201308040610, 2.62174
201308040620, 2.79351
201308040630, 2.90994
201308040640, 3.1276
201308040650, 2.51595
201308040700, 3.69054
201308040710, 3.03646
201308040720, 3.73448
201308040730, 3.55501
201308040740, 3.15744
201308040750, 2.55252
201308040800, 3.52018
201308040810, 2.4949
201308040820, 2.12413
201308040830, 1.77072
201308040840, 1.0969
201308040850, 0.9273
201308040900, 0.272895
201308040910, 0.375651
201308040920, 0.109049
201308040930, 0.361328
201308040940, 0.177083
201308040950, 0.280924
201308041000, 0.496419
201308041010, 0.423069
201308041020, 0.779297
201308041030, 0.288194
201308041040, 0.170356
201308041050, 0.10536
201308041110, 0.186198
201308041120, 0.0606554
201308041130, 0.0406901
201308041140, 0.343967
201308041150, 0.326823
201308041200, 0.538086
201308041210, 0.361979
201308041220, 0.0213759
201308041230, 0.13444
201308041240, 0.418945
201308041250, 0.298503
201308041300, 0.636502
201308041310, 1.23655
201308041320, 0.931966
201308041330, 0.731228
201308041340, 0.849501
201308041350, 0.688802
201308041400, 0.902127
201308041410, 0.622938
201308041420, 0.597005
201308041430, 0.35753
201308041440, 0.566949
201308041450, 0.303602
201308041500, 0.723958
201308041510, 0.710069
201308041520, 0.444553
201308041530, 0.362956
201308041540, 0.162001
201308041550, 0.225694
201308041600, 0.344076
201308041610, 0.0983073
201308041620, 0.288628
201308041630, 0.25
201308041640, 0.17806
201308041650, 0.0155165
201308041700, 0.00195312
201308041710, 0.118598
201308041720, 0.0199653
201308041730, 0.0454644
201308041740, 0.218967
201308041750, 0.0358073
201308041800, 0.181098
201308041810, 0.0440538
201308041820, 0.133898
201308041830, 0.000108507
201308041840, 0.0960286
201308041850, 0.0406901
201308041900, 0.0129123
201308041910, 0.147135
201308041920, 0.00336372
201308041930, 0.0245226
201308041940, 0.0016276
201308041950, 0.0823568
201308042000, 0.395725
201308042010, 0.380425
201308042020, 0.0100911
201308042030, 0.216363
201308042040, 0.33138
201308042050, 0.0275608
201308042100, 0.106445
201308042110, 0.0920139
201308042120, 0.107422
201308042130, 0.0494792
201308042140, 0.297092
201308042150, 0.181641
201308042200, 0.0277778
201308042210, 0.0978733
201308042220, 0.0506727
201308042230, 0.336372
201308042240, 0.210069
201308042250, 0.442925
201308042300, 1.00282
201308042310, 0.217665
201308042320, 0.428277
201308042330, 1.11599
201308042340, 0.919162
201308042350, 0.246962
201308050000, 0.579861
201308050010, 0.359158
201308050020, 1.22114
201308050030, 1.02626
201308050040, 1.6352
201308050050, 2.37446
201308050100, 2.25618
201308050120, 2.96029
201308050130, 3.05653
201308050140, 2.64518
201308050150, 3.22201
201308050200, 3.9502
201308050210, 3.87489
201308050220, 4.32118
201308050230, 3.95671
201308050240, 3.93978
201308050250, 3.53006
201308050300, 3.79112
201308050310, 3.45974
201308050320, 3.66081
201308050330, 3.43837
201308050340, 3.59907
201308050350, 2.88455
201308050400, 3.1786
201308050410, 3.18023
201308050420, 4.42057
201308050430, 4.13086
201308050440, 5.02897
201308050500, 5.13249
201308050510, 4.68283
201308050520, 3.75098
201308050530, 3.75369
201308050550, 3.09581
201308050600, 3.32129
201308050610, 3.14247
201308050620, 3.78602
201308050630, 3.71951
201308050640, 3.59342
201308050650, 3.26194
201308050700, 3.23459
201308050710, 2.88672
201308050720, 3.23872
201308050730, 3.23861
201308050740, 3.24078
201308050750, 4.49143
201308050800, 5.1186
201308050810, 3.89768
201308050820, 3.45312
201308050830, 2.34603
201308050840, 1.85015
201308050850, 1.59657
201308050900, 2.24761
201308050910, 1.57075
201308050920, 2.3342
201308050930, 3.05534
201308050940, 3.6646
201308050950, 3.19206
201308051000, 3.40061
201308051010, 2.26649
201308051020, 2.35547
201308051030, 3.2385
201308051040, 1.48177
201308051050, 2.39355
201308051100, 2.41819
201308051110, 2.23177
201308051120, 1.24653
201308051130, 1.24056
201308051140, 1.5038
201308051150, 1.86068
201308051200, 1.51584
201308051210, 1.9196
201308051220, 1.43641
201308051230, 0.709093
201308051240, 1.53917
201308051250, 0.823676
201308051300, 1.94705
201308051310, 1.1837
201308051320, 0.679905
201308051330, 0.179688
201308051340, 0.525282
201308051350, 0.560764
201308051400, 0.668186
201308051410, 0.453668
201308051420, 0.554036
201308051430, 0.621636
201308051440, 0.445747
201308051450, 0.572808
201308051500, 0.130968
201308051510, 0.172526
201308051520, 0.181641
201308051530, 0.0388455
201308051540, 0.0562066
201308051550, 0.0789931
201308051600, 0.664714
201308051610, 0.175781
201308051620, 0.431858
201308051630, 0.722548
201308051640, 0.488281
201308051650, 0.157986
201308051700, 0.151259
201308051710, 0.629666
201308051720, 0.450521
201308051730, 0.361654
201308051740, 0.524197
201308051750, 0.160373
201308051800, 0.199436
201308051810, 0.168945
201308051820, 0.236654
201308051830, 0.199653
201308051840, 0.278103
201308051850, 0.198676
201308051900, 0.0846354
201308051910, 0.0659722
201308051920, 0.0152995
201308051930, 0.00596788
201308051940, 0.124566
201308051950, 0.16352
201308052000, 0.00119358
201308052010, 0.0347222
201308052020, 0.00694444
201308052030, 0.0163845
201308052040, 0.0105252
201308052050, 0.00108507
201308052100, 0.132921
201308052110, 0.29503
201308052120, 0.615885
201308052130, 0.408203
201308052140, 0.0485026
201308052150, 0.0284288
201308052200, 0.0341797
201308052210, 0.0285373
201308052220, 0.105035
201308052230, 0.00336372
201308052240, 0.0115017
201308052250, 0
201308052300, 0.134332
201308052310, 0.0932075
201308052320, 0.313802
201308052330, 0.103082
201308052340, 0.0130208
201308052350, 0.0863715
201308060000, 0.126736
201308060010, 0.0616319
201308060020, 0.169379
201308060030, 0.239692
201308060040, 0.877387
201308060050, 0.890625
201308060100, 1.44466
201308060110, 1.33724
201308060120, 1.14572
201308060130, 1.47222
201308060140, 1.44499
201308060150, 0.995768
201308060200, 1.47461
201308060210, 1.34711
201308060220, 1.25987
201308060230, 1.7347
201308060240, 2.0217
201308060300, 2.20106
201308060310, 1.54905
201308060320, 1.13574
201308060330, 1.56272
201308060340, 2.66656
201308060350, 1.67274
201308060400, 1.42676
201308060410, 1.54829
201308060420, 1.81261
201308060430, 0.959201
201308060440, 1.21875
201308060450, 1.35015
201308060500, 0.736762
201308060510, 0.99924
201308060520, 0.720161
201308060530, 1.27365
201308060540, 1.15603
201308060550, 1.11079
201308060600, 1.10048
201308060610, 0.793728
201308060620, 1.11068
201308060630, 1.08539
201308060640, 1.00901
201308060650, 0.849826
201308060700, 1.03505
201308060710, 0.723199
201308060720, 1.01085
201308060730, 0.603082
201308060740, 0.730794
201308060750, 0.518446
201308060800, 0.283203
201308060810, 0.0971137
201308060820, 0.148763
201308060830, 0.130208
201308060840, 0.030816
201308060850, 0.172743
201308060900, 0.0220269
201308060910, 0.0264757
201308060920, 0.131076
201308060930, 0.0975477
201308060940, 0.0078125
201308060950, 0.0200738
201308061000, 0.0238715
201308061020, 0.00987413
201308061030, 0.0171441
201308061040, 0.00141059
201308061050, 0.000868056
201308061100, 0.0143229
201308061110, 0.0259332
201308061120, 0.062066
201308061130, 0.0355903
201308061140, 0.00303819
201308061150, 0.0294054
201308061200, 0.0221354
201308061210, 0.039822
201308061220, 0.0116102
201308061230, 0.0623915
201308061240, 0.0589193
201308061250, 0.0186632
201308061300, 0.0850694
201308061310, 0.039171
201308061320, 0.0544705
201308061330, 0.0600043
201308061340, 0.165148
201308061350, 0.0519748
201308061400, 0.0615234
201308061410, 0.104926
201308061420, 0.189019
201308061430, 0.248372
201308061440, 0.16059
201308061450, 0.148872
201308061500, 0.12283
201308061510, 0.0691189
201308061520, 0.25
201308061530, 0.0422092
201308061540, 0.42003
201308061550, 0.388021
201308061600, 0.553277
201308061610, 0.418511
201308061620, 0.19694
201308061630, 0.0760634
201308061640, 0.118164
201308061650, 0
201308061700, 0.25651
201308061710, 0.240994
201308061720, 0.00575087
201308061730, 0.153429
201308061740, 0.0590278
201308061750, 0.0476345
201308061800, 0.0279948
201308061810, 0.0244141
201308061820, 0.0603299
201308061830, 0.111979
201308061840, 0.137804
201308061850, 0.0871311
201308061900, 0.104492
201308061910, 0.2602
201308061920, 0.0442708
201308061930, 0.0437283
201308061940, 0.0119358
201308061950, 0.0824653
201308062000, 0.0523003
201308062010, 0.0249566
201308062020, 0.160699
201308062030, 0.0137804
201308062040, 0.0456814
201308062050, 0.0738932
201308062100, 0.00900608
201308062110, 0.0458984
201308062120, 0.093099
201308062130, 0.0925564
201308062140, 0.226997
201308062150, 0.207248
201308062200, 0.194336
201308062210, 0.175998
201308062220, 0.29069
201308062230, 0.148872
201308062240, 0.474609
201308062250, 0.379774
201308062300, 0.462999
201308062310, 0.633572
201308062320, 0.298069
201308062330, 0.466254
201308062340, 0.559353
201308062350, 0.434896
201308070000, 0.395725
201308070010, 0.591905
201308070020, 0.538845
201308070030, 0.732096
201308070040, 0.653754
201308070050, 1.0829
201308070100, 1.44596
201308070110, 1.49382
201308070120, 1.20345
201308070130, 1.87272
201308070140, 1.78125
201308070150, 1.65744
201308070200, 2.10026
201308070210, 2.24089
201308070220, 2.36686
201308070230, 2.45063
201308070240, 2.48014
201308070300, 2.72005
201308070310, 2.45095
201308070320, 2.2691
201308070330, 2.75499
201308070340, 2.40419
201308070350, 3.0102
201308070400, 2.85927
201308070410, 3.16504
201308070420, 3.47559
201308070430, 3.46354
201308070440, 3.20953
201308070450, 3.44423
201308070500, 3.03885
201308070510, 3.09635
201308070530, 3.02365
201308070550, 3.17046
201308070600, 3.95703
201308070610, 3.56055
201308070620, 4.70833
201308070630, 3.66699
201308070640, 3.49078
201308070650, 3.09874
201308070700, 3.01009
201308070710, 2.95193
201308070720, 3.01986
201308070730, 2.39323
201308070740, 2.27593
201308070750, 2.46257
201308070800, 2.39377
201308070810, 2.2002
201308070820, 2.14605
201308070830, 2.20302
201308070840, 2.60981
201308070850, 2.15885
201308070900, 1.71582
201308070910, 1.86296
201308070920, 0.946072
201308070930, 0.974175
201308070940, 1.05621
201308070950, 0.994575
201308071000, 1.05328
201308071010, 0.705404
201308071030, 0.569119
201308071040, 0.409505
201308071050, 0.192708
201308071100, 0.393121
201308071110, 0.323785
201308071120, 0.419488
201308071130, 0.257053
201308071140, 0.0921224
201308071150, 0.410265
201308071200, 0.232422
201308071210, 0.319661
201308071220, 0.896376
201308071230, 0.396701
201308071240, 0.788629
201308071250, 1.07227
201308071300, 1.33084
201308071310, 1.1798
201308071320, 1.11176
201308071330, 1.46625
201308071340, 1.68175
201308071350, 1.21766
201308071400, 0.93023
201308071410, 2.63748
201308071420, 2.1263
201308071430, 2.19531
201308071440, 3.12012
201308071450, 2.00955
201308071500, 3.22786
201308071510, 3.75629
201308071520, 3.02105
201308071530, 3.01031
201308071540, 2.58247
201308071550, 2.71994
201308071600, 2.44727
201308071610, 2.39453
201308071620, 2.1913
201308071630, 2.07292
201308071640, 1.89963
201308071650, 1.65397
201308071700, 1.60959
201308071710, 1.60178
201308071720, 1.65788
201308071730, 1.67632
201308071740, 1.60276
201308071750, 1.62609
201308071800, 1.62674
201308071810, 1.54763
201308071820, 1.59451
201308071830, 1.44488
201308071840, 1.42036
201308071850, 1.38032
201308071900, 1.33333
201308071910, 1.29481
201308071920, 1.40115
201308071930, 1.21463
201308071940, 0.781684
201308071950, 1.38205
201308072000, 1.37131
201308072010, 0.909614
201308072020, 1.21875
201308072030, 1.16829
201308072040, 0.969835
201308072050, 1.04264
201308072100, 1.40213
201308072110, 0.944227
201308072120, 0.882379
201308072130, 0.658637
201308072140, 0.651367
201308072150, 0.613715
201308072200, 0.882161
201308072210, 0.885959
201308072220, 0.964518
201308072230, 0.97819
201308072240, 0.642904
201308072250, 0.715278
201308072300, 0.632487
201308072310, 0.485135
201308072320, 0.504774
201308072330, 0.0738932
201308072340, 0.12934
201308072350, 0.158312
201308080000, 0.369792
201308080010, 0.163628
201308080020, 0.457465
201308080030, 0.913086
201308080040, 1.09776
201308080050, 1.61936
201308080100, 2.26226
201308080110, 2.24696
201308080120, 2.19347
201308080130, 1.13118
201308080140, 1.125
201308080150, 1.20692
201308080200, 1.33453
201308080210, 1.41992
201308080220, 0.853299
201308080230, 1.1046
201308080240, 1.06608
201308080250, 0.841688
201308080300, 0.87793
201308080310, 1.0969
201308080320, 0.777669
201308080330, 0.628038
201308080340, 0.22602
201308080350, 0.492839
201308080400, 0.470052
201308080410, 0.817925
201308080430, 0.867513
201308080500, 0.91862
201308080520, 1.10894
201308080540, 0.646593
201308080600, 0.935113
201308080620, 0.638021
201308080640, 0.560221
201308080650, 0.328668
201308080700, 0.46951
201308080720, 0.888997
201308080730, 0.623264
201308080750, 0.364692
201308080800, 0.308485
201308080820, 0.418837
201308080840, 0.0450304
201308080900, 0.0766059
201308080920, 0.00672743
201308080930, 0.172635
201308080940, 0.0113932
201308080950, 0.00379774
201308081000, 0.0104167
201308081010, 0.000759549
201308081020, 0.00173611
201308081030, 0.0270182
201308081050, 0.000542535
201308081100, 0.00292969
201308081110, 0
201308082000, 0.417426
201308082020, 0.391276
201308082150, 0.232964
201308090030, 0.0976562
201308090050, 0.0934245
201308090240, 0.0690104
201308090520, 0.0253906
201308090610, 0.0843099
201308090930, 0.0367839
201308091320, 0.144857
201308091610, 0.406684
201308091640, 0.738498
201308091710, 0.356662
201308092350, 0.119358
201308100050, 0.397678
201308100140, 0.202474
201308100250, 0.0339627
201308100450, 0.113932
201308100640, 0.409397
201308100710, 0.124457
201308101040, 0.156033
201308101330, 0.122721
201308101620, 1.602
201308101730, 1.76921
201308102110, 2.22537
201308110150, 1.59484
201308110200, 1.26096
201308110410, 1.59516
201308110520, 1.04362
201308110630, 0.672418
201308110650, 0.579102
201308111040, 1.70117
201308111520, 0.447483
201308111650, 1.45747
201308111940, 1.34049
201308112000, 0.84668
201308112350, 0.358941
201308120020, 0.258138
201308120210, 1.36903
201308120240, 0.368381
201308120340, 0.41428
201308120810, 0.00499132
201308120920, 0
201308121110, 0.00292969
201308121210, 0.0130208
201308131530, 0.285482
201308131540, 0.388889
201308131550, 0.26888
201308131600, 0.234375
201308131610, 0.0410156
201308131620, 0.118924
201308131630, 0.153971
201308131640, 0.144965
201308131650, 0.117405
201308131700, 0.364909
201308131710, 0.181641
201308131720, 0.20855
201308131730, 0.186089
201308131740, 0.11849
201308131750, 0.101128
201308131800, 0.332357
201308131810, 0.457899
201308131820, 0.499891
201308131830, 0.542535
201308131840, 0.745334
201308131850, 1.03613
201308131900, 0.712891
201308131910, 0.967882
201308131920, 0.605794
201308131930, 1.13672
201308131940, 0.023763
201308131950, 1.83051
201308132000, 0.884115
201308132010, 0.763672
201308132020, 1.48155
201308132030, 0.884874
201308132040, 1.54481
201308132050, 1.64996
201308132100, 1.85862
201308132110, 0.578125
201308132120, 0.593642
201308132130, 0.214301
201308132140, 0.908963
201308132150, 0.830187
201308132200, 1.19455
201308132210, 1.15386
201308132220, 1.04579
201308132230, 1.1033
201308132240, 1.54601
201308132250, 2.48307
201308132300, 1.0791
201308132310, 1.96506
201308132320, 2.185
201308132330, 1.8265
201308132340, 2.48405
201308132350, 1.96484
201308140000, 1.63715
201308140010, 0.209201
201308140020, 0.975694
201308140030, 1.64182
201308140040, 1.6224
201308140050, 1.1849
201308140100, 1.00109
201308140110, 1.41352
201308140120, 2.01313
201308140130, 1.68251
201308140140, 1.2704
201308140150, 0.757378
201308140200, 1.52778
201308140210, 2.23145
201308140220, 1.59744
201308140230, 1.3801
201308140240, 1.22298
201308140250, 1.54688
201308140300, 1.07693
201308140310, 0.573025
201308140320, 0.939019
201308140330, 1.0599
201308140340, 0.487196
201308140350, 0.717014
201308140400, 0.421224
201308140410, 0.938368
201308140420, 0.319661
201308140430, 0.646593
201308140440, 0.33941
201308140450, 0.711155
201308140500, 0.412977
201308140510, 0.581706
201308140520, 0.600152
201308140530, 1.22374
201308140540, 0.743164
201308140550, 1.46994
201308140600, 0.893772
201308140610, 0.555122
201308140620, 0.558051
201308140630, 0.461589
201308140640, 0.434462
201308140650, 0.457791
201308140700, 0.754123
201308140710, 0.71148
201308140720, 0.886827
201308140730, 0.863932
201308140740, 1.01628
201308140750, 0.56326
201308140800, 0.674371
201308140810, 0.114258
201308140820, 0.702257
201308140830, 0.344293
201308140840, 0.394748
201308140850, 0.292209
201308140900, 0.116645
201308140910, 0.0888672
201308140920, 0.0976562
201308140930, 0.523655
201308140940, 0.0339627
201308140950, 0.320747
201308141000, 0.352431
201308141010, 0.511285
201308141020, 0.162218
201308141030, 0.611762
201308141040, 0.278646
201308141050, 0.325521
201308141100, 0
201308141110, 0
201308141120, 0.258355
201308141130, 0.394206
201308141140, 0.58865
201308141150, 0.168403
201308141200, 0.175781
201308141210, 0.0485026
201308141220, 0
201308141230, 0
201308141240, 0
201308141250, 0.571289
201308141300, 0.660373
201308141310, 0.78635
201308141320, 0.588108
201308141330, 0.494466
201308141340, 0.871636
201308141350, 0.431641
201308141400, 0.720378
201308141410, 1.79568
201308141420, 1.27214
201308141430, 2.20204
201308141440, 2.34766
201308141450, 1.95844
201308141500, 2.12099
201308141510, 2.09798
201308141520, 2.338
201308141530, 2.2309
201308141540, 1.12305
201308141550, 1.67752
201308141600, 1.48676
201308141610, 0.657118
201308141630, 0.408746
201308141640, 0.604818
201308141650, 0.395725
201308141700, 0.829102
201308141710, 0.537869
201308141720, 1.02409
201308141730, 0.897027
201308141740, 0.930556
201308141750, 1.16124
201308141800, 0.310004
201308141810, 0.55599
201308141820, 0.812174
201308141830, 0.666124
201308141840, 1.91895
201308141850, 1.11502
201308141900, 0.894423
201308141910, 1.02995
201308141920, 1.70964
201308141930, 1.2003
201308141940, 1.72841
201308141950, 1.39236
201308142000, 0.450846
201308142010, 0.767036
201308142020, 0.22092
201308142030, 0.0999349
201308142040, 0.140734
201308142050, 0.598416
201308142100, 0.190538
201308142110, 0.412652
201308142120, 0.373047
201308142130, 0.679796
201308142140, 1.0446
201308142150, 0.910807
201308142200, 1.0625
201308142210, 0.905273
201308142220, 0.839084
201308142230, 1.29167
201308142240, 1.38759
201308142250, 1.40723
201308142300, 1.1849
201308142310, 1.12728
201308142320, 0.553277
201308142330, 0.625
201308142340, 0.660807
201308142350, 0.308377
201308150000, 0.396484
201308150010, 0.658963
201308150020, 1.22493
201308150030, 1.67079
201308150040, 1.53353
201308150050, 1.98687
201308150100, 1.963
201308150110, 1.75879
201308150120, 1.74262
201308150130, 1.40809
201308150140, 1.85059
201308150150, 2.27105
201308150200, 2.28103
201308150210, 2.0829
201308150220, 1.95898
201308150230, 2.07107
201308150240, 2.34885
201308150250, 2.34245
201308150300, 2.05143
201308150310, 2.0803
201308150320, 1.90723
201308150330, 1.42643
201308150340, 1.80816
201308150350, 1.92578
201308150400, 1.41786
201308150410, 1.86686
201308150420, 1.6799
201308150430, 1.06076
201308150440, 1.65766
201308150450, 1.37478
201308150500, 1.06066
201308150510, 1.16504
201308150520, 1.12294
201308150530, 1.5625
201308150540, 1.51823
201308150550, 1.62847
201308150600, 1.26183
201308150610, 0.817274
201308150620, 1.22352
201308150630, 0.950738
201308150640, 0.861003
201308150650, 0.910807
201308150700, 0.689236
201308150710, 1.01964
201308150720, 0.864366
201308150730, 1.13021
201308150740, 0.830729
201308150750, 0.940755
201308150800, 0.719727
201308150810, 0.519748
201308150820, 0.728407
201308150830, 0.425239
201308150840, 0.918511
201308150850, 1.12945
201308150900, 0.752387
201308150910, 0.598633
201308150920, 0.603082
201308150930, 0.767144
201308150940, 0.615451
201308150950, 0.314887
201308151000, 0.466363
201308151020, 0.440321
201308151030, 0.318142
201308151040, 0.567166
201308151050, 0.51378
201308151100, 0.72678
201308151110, 0.609809
201308151120, 0.935655
201308151130, 0.553711
201308151140, 0.707899
201308151150, 0.64974
201308151200, 0.852539
201308151210, 0.77615
201308151220, 0.790039
201308151230, 1.31771
201308151240, 1.7806
201308151250, 1.1008
201308151300, 1.59885
201308151310, 1.5421
201308151320, 1.67046
201308151330, 1.17665
201308151340, 1.60677
201308151350, 0.798394
201308151400, 1.80642
201308151410, 1.5166
201308151420, 1.47852
201308151430, 1.07086
201308151440, 1.18294
201308151450, 1.57216
201308151500, 1.77235
201308151510, 1.30773
201308151520, 1.65137
201308151530, 1.9018
201308151540, 1.65571
201308151550, 2.0893
201308151600, 1.57378
201308151610, 1.73188
201308151620, 1.80881
201308151630, 1.74197
201308151640, 1.92437
201308151650, 1.61762
201308151710, 1.83442
201308151720, 1.92144
201308151730, 1.59809
201308151740, 1.85959
201308151750, 1.54384
201308151800, 1.95443
201308151810, 1.42784
201308151820, 1.75922
201308151830, 1.50358
201308151840, 1.52355
201308151850, 0.827148
201308151900, 1.0893
201308151910, 0.291341
201308151920, 0.394857
201308151930, 0.177409
201308151940, 0.160156
201308151950, 0.132378
201308152000, 0.0538194
201308152010, 0.25944
201308152020, 0.470812
201308152030, 0.224392
201308152040, 0.123481
201308152050, 0.106011
201308152100, 0.101128
201308152110, 0.134766
201308152120, 0.430339
201308152130, 0.340495
201308152140, 0.436089
201308152150, 0.0404731
201308152200, 0.210069
201308152210, 0.135308
201308152220, 0.410156
201308152230, 0.279405
201308152240, 0.343316
201308152250, 0.525065
201308152300, 0.298503
201308152310, 0.347331
201308152320, 0.292969
201308152330, 0.535373
201308152340, 0.305556
201308152350, 0.20421
201308160000, 0.401476
201308160010, 0.273872
201308160020, 0.111111
201308160030, 0.406033
201308160040, 0.358507
201308160050, 0.621094
201308160110, 0.93023
201308160120, 1.36328
201308160150, 1.59538
201308160200, 1.7003
201308160210, 1.47928
201308160220, 1.74306
201308160230, 1.44108
201308160240, 2.20432
201308160310, 2.1072
201308160320, 2.94021
201308160330, 2.65093
201308160400, 2.14041
201308160420, 2.20432
201308160440, 1.96029
201308160450, 1.74382
201308160500, 1.4145
201308160550, 0.643338
201308160600, 0.490994
201308160610, 2.11155
201308160620, 0.378689
201308160640, 0.441189
201308160650, 0.415148
201308160700, 0.429688
201308160720, 0.276584
201308160900, 0.704427
201308161010, 0.339844
201308161030, 0.569878
201308161130, 0.16569
201308161140, 0.171441
201308161150, 0.766168
201308161200, 0.411892
201308161210, 0.450195
201308161220, 0.592773
201308161240, 0.41352
201308161250, 0.630642
201308161300, 0.550564
201308161310, 0.561957
201308161320, 0.306424
201308161330, 0.492404
201308161340, 0.299479
201308161350, 0.563911
201308161400, 0.441298
201308161410, 0.42513
201308161420, 0.371419
201308161430, 0.316189
201308161440, 0.236654
201308161450, 0.316623
201308161500, 0.158203
201308161510, 0.198134
201308161520, 0.287543
201308161530, 0.257161
201308161540, 0.00249566
201308161550, 0.0582682
201308161600, 0.00401476
201308161610, 0
201308161620, 0.0381944
201308161630, 0.173286
201308161640, 0.0214844
201308161650, 0.0180122
201308161700, 0.0857205
201308161710, 0.682943
201308161720, 0.00607639
201308161730, 0.189996
201308161740, 0.19553
201308161750, 0.327582
201308161800, 0.0832248
201308161810, 0.163954
201308161820, 0.078342
201308161830, 0.126302
201308161840, 0.0996094
201308161850, 0.0220269
201308161900, 0.00792101
201308161910, 0.106011
201308161920, 0.0400391
201308161930, 0.0186632
201308161940, 0.0106337
201308161950, 0.00716146
201308162000, 0.0598958
201308162010, 0.0456814
201308162020, 0.147786
201308162030, 0.0291884
201308162040, 0.113498
201308162050, 0.127279
201308162100, 0.0236545
201308162110, 0.0679253
201308162120, 0.015842
201308162130, 0.23253
201308162140, 0.0602214
201308162150, 0.0498047
201308162200, 0.00564236
201308162210, 0.031684
201308162220, 0.221354
201308162230, 0.156576
201308162240, 0.0945095
201308162250, 0.0559896
201308162300, 0.0810547
201308162310, 0.0615234
201308162320, 0.217122
201308162340, 0.650391
201308162350, 0.16862
201308170000, 0.411784
201308170010, 0.185113
201308170020, 0.322808
201308170030, 0.166884
201308170040, 0.112956
201308170050, 0.0833333
201308170100, 0.866102
201308170110, 0.98839
201308170120, 1.24121
201308170130, 1.20139
201308170150, 2.11144
201308170220, 3.00846
201308170230, 2.42567
201308170250, 2.51367
201308170310, 2.95757
201308170330, 3.10807
201308170340, 2.63194
201308170350, 3.50651
201308170400, 2.62565
201308170430, 1.94531
201308170440, 2.22993
201308170450, 1.77311
201308170500, 1.84842
201308170510, 2.06977
201308170520, 1.76161
201308170530, 1.44824
201308170540, 1.49859
201308170600, 1.23459
201308170640, 0.775825
201308170650, 0.907335
201308170710, 0.56326
201308170720, 0.794596
201308170740, 0.25217
201308170750, 0.33941
201308170800, 0.436089
201308170810, 0.596029
201308170820, 0.372179
201308170840, 0.363824
201308170850, 0
201308170910, 0.109375
201308170940, 0.591471
201308171000, 0
201308171020, 0
201308171050, 0.0559896
201308171120, 0
201308171150, 0.0274523
201308171200, 0.0512153
201308171210, 0.198459
201308171230, 0.566189
201308171250, 0.467122
201308171300, 0.000108507
201308171310, 0.103624
201308171320, 0.162652
201308171330, 0.452257
201308171340, 0.0324436
201308171350, 0.0861545
201308171400, 0.104384
201308171410, 0.170356
201308171420, 0.456597
201308171430, 0.601237
201308171440, 0.493924
201308171450, 0.217882
201308171500, 0.271376
201308171510, 0.533203
201308171520, 0.330729
201308171530, 0.595052
201308171540, 0.47168
201308171550, 0.384115
201308171600, 0.374566
201308171610, 0.553928
201308171620, 0.326389
201308171630, 0.295681
201308171640, 0.394097
201308171650, 0.578017
201308171700, 0.352648
201308171710, 0.667969
201308171720, 0.456814
201308171730, 0.46951
201308171740, 0.237847
201308171750, 0.258355
201308171800, 0.644097
201308171810, 0.549805
201308171820, 0.244141
201308171830, 0.245226
201308171840, 0.252387
201308171850, 0.255642
201308171900, 0.203125
201308171910, 0.261827
201308171920, 0.252496
201308171930, 0.466037
201308171940, 0.143338
201308171950, 0.0598958
201308172000, 0.015408
201308172010, 0.0760634
201308172020, 0.0427517
201308172030, 0.0742188
201308172040, 0.0665148
201308172050, 0.117405
201308172100, 0.039822
201308172110, 0.0806207
201308172120, 0.0220269
201308172130, 0.0806207
201308172140, 0.0986328
201308172150, 0.100477
201308172200, 0.0485026
201308172210, 0.0505642
201308172220, 0.123155
201308172230, 0.121094
201308172240, 0.182617
201308172250, 0.215603
201308172300, 0.29145
201308172310, 0.292318
201308172320, 0.313694
201308172330, 0.133464
201308172340, 0.381293
201308172350, 0.0951606
201308180000, 0.114149
201308180010, 0.26454
201308180020, 0.0811632
201308180040, 0.0356988
201308180050, 0.0564236
201308180100, 0.0399306
201308180110, 0.0330946
201308180130, 0.204427
201308180150, 0.512153
201308180210, 0.381727
201308180230, 0.613173
201308180240, 0.620117
201308180250, 0.167752
201308180310, 0.527344
201308180320, 0.92372
201308180330, 0.942274
201308180350, 0.906141
201308180400, 0.664062
201308180420, 1.20812
201308180430, 0.651476
201308180440, 1.1505
201308180450, 0.830621
201308180500, 1.08105
201308180510,
201308180520, 0.605143
201308180530, 0.469618
201308180540, 0.275608
201308180600, 0.466688
201308180810, 0
201308180820, 0.0556641
201308180920, 0.0675998
201308180930, 0.233398
201308180940, 0.0641276
201308181010, 0.00119358
201308181030, 0.0742188
201308181040, 0.0904948
201308181050, 0.128038
201308181110, 0.162326
201308181120, 0.0499132
201308181130, 0.125434
201308181140, 0.0292969
201308181150, 0.069987
201308181210, 0.125543
201308181220, 0.016276
201308181230, 0.174262
201308181240, 0.298069
201308181250, 0.0897352
201308181300, 0.522786
201308181310, 0.440755
201308181320, 0.272027
201308181330, 0.427517
201308181340, 0.152452
201308181350, 0.189562
201308181400, 0.113607
201308181410, 0.333116
201308181420, 0.148438
201308181430, 0.414931
201308181440, 0.587674
201308181450, 0.368924
201308181500, 0.272244
201308181510, 0.167101
201308181520, 0.182509
201308181530, 0.571615
201308181540, 1.80328
201308181550, 0.693034
201308181600, 0.472439
201308181610, 0.799371
201308181620, 2.1952
201308181630, 1.53038
201308181640, 1.63965
201308181650, 0.902995
201308181700, 0.811957
201308181710, 1.23535
201308181720, 0.176215
201308181730, 0.931858
201308181740, 1.31684
201308181750, 0.143121
201308181800, 0.262804
201308181810, 1.72797
201308181820, 1.89692
201308181830, 2.09549
201308181840, 1.537
201308181850, 1.52789
201308181900, 1.44727
201308181910, 0.958767
201308181920, 1.26118
201308181930, 0.491102
201308181940, 0.758898
201308181950, 1.53418
201308182000, 1.96528
201308182010, 1.43739
201308182020, 1.5498
201308182030, 1.97591
201308182040, 2.11176
201308182050, 2.02257
201308182100, 1.57324
201308182110, 1.90072
201308182120, 1.89138
201308182130, 1.1837
201308182140, 1.4809
201308182150, 1.24913
201308182200, 1.16526
201308182210, 0.654405
201308182220, 0.923394
201308182230, 0.280165
201308182240, 0.265408
201308182250, 0.0143229
201308182300, 0.104492
201308182310, 0.260091
201308182320, 0.0768229
201308182330, 0.178494
201308182340, 0.0942925
201308182350, 0.182834
201308190000, 0.157335
201308190010, 0.194119
201308190020, 0.2398
201308190030, 0.17296
201308190040, 0.031684
201308190050, 0.0859375
201308190100, 0.124132
201308190110, 0.135851
201308190130, 0.14171
201308190140, 0.118381
201308190150, 0.251194
201308190200, 0.126085
201308190210, 0.334635
201308190220, 0.163194
201308190230, 0.0445964
201308190300, 0.176432
201308190320, 0.21875
201308190330, 0.21441
201308190340, 0.211155
201308190350, 0.705729
201308190410, 0.0636936
201308190420, 0.254883
201308190430, 0.102648
201308190440, 0.129774
201308190450, 0.0846354
201308190500,
201308190510, 0.0343967
201308190530, 0.401042
201308190540, 0.0347222
201308190550, 0.116862
201308190610, 0.236111
201308190620, 0.16569
201308190630, 0.174805
201308190640, 0.0980903
201308190650, 0.137695
201308190700, 0.0457899
201308190710, 0.0450304
201308190730, 0.321723
201308190740, 0.121853
201308190750, 0.0453559
201308190800, 0.0823568
201308190810, 0.262587
201308190820, 0.125217
201308190830, 0.171332
201308190840, 0.0577257
201308190900, 0.0743273
201308190910, 0.130425
201308190920, 0.0502387
201308190930, 0.178494
201308190940, 0.0298394
201308190950, 0.0453559
201308191010, 0.0514323
201308191030, 0.00976562
201308191040, 0.00292969
201308191100, 0.000325521
201308191120, 0.00184462
201308191130, 0.0061849
201308191140, 0.0175781
201308191150, 0.0394965
201308191200, 0.109809
201308191210, 0.129449
201308191220, 0.229058
201308191230, 0.229601
201308191240, 0.0474175
201308191250, 0.333225
201308191300, 0.0449219
201308191310, 0.155056
201308191320, 0.454753
201308191330, 0.725694
201308191340, 0.137587
201308191350, 0.493164
201308191400, 0.480143
201308191410, 0.51747
201308191420, 0.593533
201308191430, 0.626953
201308191440, 0.304036
201308191450, 0.403212
201308191500, 0.263238
201308191510, 0.447266
201308191520, 0.538628
201308191530, 0.405056
201308191540, 0.43099
201308191550, 0.607205
201308191600, 0.259657
201308191610, 0.117296
201308191620, 0.370117
201308191630, 0.269857
201308191640, 0.2398
201308191650, 0.553711
201308191700, 0.08648
201308191710, 0.307726
201308191720, 0.108724
201308191730, 0.421766
201308191740, 0.459527
201308191750, 0.589518
201308191800, 0.796549
201308191810, 0.973633
201308191820, 0.838976
201308191830, 0.482205
201308191840, 0.811198
201308191850, 1.03385
201308191900, 0.301107
201308191910, 0.0990668
201308191920, 0.287218
201308191930, 0.218533
201308191940, 0.116536
201308191950, 0.236545
201308192000, 0.204427
201308192010, 0.998589
201308192020, 1.11024
201308192030, 1.06196
201308192040, 1.19596
201308192050, 1.66102
201308192100, 1.69054
201308192110, 1.7181
201308192120, 1.84972
201308192130, 1.51085
201308192140, 1.45605
201308192150, 1.25553
201308192200, 0.981662
201308192210, 0.922635
201308192220, 0.939453
201308192230, 0.640951
201308192240, 0.379232
201308192250, 0.594401
201308192300, 0.136827
201308192310, 0.268555
201308192320, 0.301758
201308192330, 0.254666
201308192340, 0.410699
201308192350, 0.364149
201308200000, 0.339084
201308200010, 0.874566
201308200020, 1.37674
201308200030, 1.48036
201308200040, 1.84733
201308200050, 2.15647
201308200100, 3.24826
201308200110, 3.32986
201308200120, 3.24729
201308200130, 5.82194
201308200140, 6.27322
201308200150, 5.91417
201308200200, 5.79633
201308200210, 6.97114
201308200220, 7.06782
201308200230, 7.43533
201308200240, 7.48112
201308200250, 6.94238
201308200300, 7.3572
201308200310, 6.70063
201308200320, 6.95584
201308200330, 8.01237
201308200340, 7.62099
201308200350, 7.54764
201308200400, 7.76237
201308200410, 7.39312
201308200420, 7.64138
201308200430, 7.80393
201308200440, 8.10883
201308200450, 6.52734
201308200500, 6.45757
201308200510, 6.47732
201308200520, 5.88694
201308200530, 6.15072
201308200540, 4.71994
201308200550, 4.28125
201308200600, 3.59885
201308200610, 4.00673
201308200620, 3.699
201308200630, 2.37836
201308200640, 2.57574
201308200650, 2.014
201308200700, 1.82346
201308200710, 1.1454
201308200720, 1.30892
201308200730, 2.11013
201308200740, 1.10362
201308200750, 1.28494
201308200800, 2.06185
201308200810, 2.06207
201308200820, 1.12088
201308200830, 1.65994
201308200840, 1.61155
201308200850, 1.32292
201308200900, 0.828885
201308200910, 0.918294
201308200920, 1.12316
201308200930, 0.65408
201308200940, 0.917318
201308200950, 0.910699
201308201000, 0.113824
201308201010, 0.196832
201308201020, 0.965712
201308201030, 0.854601
201308201040, 1.04829
201308201050, 0.235786
201308201100, 0.709527
201308201110, 1.31868
201308201120, 1.29351
201308201130, 1.92415
201308201140, 2.29036
201308201150, 1.69976
201308201200, 2.63542
201308201210, 1.51356
201308201220, 1.81131
201308201230, 1.92535
201308201240, 2.96691
201308201250, 2.42242
201308201300, 2.37023
201308201310, 2.50738
201308201320, 2.83854
201308201330, 3.33778
201308201340, 3.64833
201308201350, 3.29709
201308201400, 3.68218
201308201410, 3.82932
201308201420, 3.02224
201308201430, 2.588
201308201440, 2.66775
201308201450, 2.69466
201308201500, 2.6479
201308201510, 2.86816
201308201520, 3.40712
201308201530, 2.87196
201308201540, 2.48448
201308201550, 2.75011
201308201600, 2.31445
201308201610, 2.23058
201308201620, 2.55002
201308201630, 1.54329
201308201640, 1.59766
201308201650, 2.29199
201308201700, 1.92253
201308201710, 1.38976
201308201720, 1.46723
201308201730, 1.26931
201308201740, 1.35102
201308201750, 1.55664
201308201800, 1.95095
201308201810, 1.94379
201308201820, 1.37402
201308201830, 1.60265
201308201840, 1.15582
201308201850, 1.13683
201308201900, 1.29959
201308201910, 0.752062
201308201920, 0.474284
201308201930, 0.506944
201308201940, 0.853733
201308201950, 1.15777
201308202000, 0.742947
201308202010, 0.445312
201308202020, 0.289605
201308202030, 0.0665148
201308202040, 0.0955946
201308202050, 0.231988
201308202100, 0.129557
201308202110, 0.219727
201308202130, 0.0685764
201308202140, 0.0516493
201308202150, 0.205404
201308202200, 0.211046
201308202210, 0.119466
201308202220, 0.0606554
201308202230, 0.00835503
201308202240, 0.0139974
201308202300, 0.0428602
201308202310, 0.0367839
201308202320, 0.195638
201308202330, 0.0965712
201308202340, 0.0585938
201308202350, 0.0421007
201308210000, 0.024197
201308210010, 0.0771484
201308210020, 0.0259332
201308210030, 0.113064
201308210040, 0.118164
201308210050, 0.0825738
201308210100, 0.146267
201308210110, 0.116536
201308210120, 0.0932075
201308210130, 0.113281
201308210140, 0.0638021
201308210150, 0.0320095
201308210200, 0.158963
201308210210, 0.22092
201308210230, 0.268121
201308210240, 0.115017
201308210250, 0.188151
201308210300, 0.137153
201308210310, 0.0959201
201308210320, 0.0123698
201308210330, 0.102865
201308210340, 0.0376519
201308210350, 0.016059
201308210400, 0.00976562
201308210410, 0.0273438
201308210420, 0.174913
201308210430, 0.0265842
201308210440, 0.00401476
201308210450, 0.0276693
201308210500, 0.00292969
201308210510, 0.0110677
201308210550, 0.000542535
201308210600, 0.00325521
201308210610, 0.00227865
201308210620, 0.00596788
201308210630, 0.0327691
201308210640, 0.0269097
201308210650, 0.0483941
201308210700, 0.00868056
201308210730, 0.0179036
201308210740, 0.00531684
201308210750, 0.023763
201308210820, 0.0388455
201308210900, 0.0273438
201308210920, 0.0742188
201308210930,
201308210950, 0.0490451
201308211000, 0.0256076
201308211040, 0.0279948
201308211050, 0.00900608
201308211110, 0.0278863
201308211130, 0.038737
201308211200, 0.0271267
201308211210, 0.0317925
201308211220, 0.0166016
201308211230, 0.00878906
201308211240, 0.0174696
201308211250, 0.0061849
201308211300, 0.0144314
201308211310, 0.00108507
201308211320, 0.171766
201308211330, 0.141927
201308211340, 0.0271267
201308211350, 0.10612
201308211400, 0.168511
201308211410, 0.227648
201308211420, 0.458225
201308211430, 0.271918
201308211440, 0.736545
201308211450, 1.22819
201308211500, 0.926107
201308211510, 0.815538
201308211520, 0.616428
201308211530, 0.937826
201308211540, 1.18815
201308211550, 1.24891
201308211600, 0.716797
201308211610, 0.739692
201308211620, 0.619466
201308211630, 0.802517
201308211640, 0.580404
201308211650, 0.707031
201308211700, 0.82704
201308211710, 0.780924
201308211720, 0.147027
201308211730, 0.355686
201308211740, 0.418186
201308211750, 0.378147
201308211800, 0.172201
201308211810, 0.17513
201308211820, 0.266276
201308211830, 0.070204
201308211840, 0.0378689
201308211850, 0.0719401
201308211900, 0.244249
201308211910, 0.0818142
201308211920, 0.634115
201308211930, 0.0378689
201308211940, 0.0823568
201308211950, 0.113824
201308212000, 0.0534939
201308212020, 0.1352
201308212030, 0.055447
201308212040, 0.0958116
201308212050, 0.298937
201308212100, 0.168837
201308212110, 0.0811632
201308212120, 0.188151
201308212130, 0.312934
201308212140, 0.341146
201308212150, 0.679145
201308212200, 0.353516
201308212210, 0.546332
201308212220, 0.683377
201308212230, 0.22385
201308212240, 0.360894
201308212250, 0.927083
201308212300, 0.428711
201308212310, 0.660807
201308212320, 0.200629
201308212330, 0.421224
201308212340, 0.427951
201308212350, 0.593533
201308220000, 0.263021
201308220010, 0.669162
201308220030, 0.519314
201308220040, 0.291992
201308220050, 0.282552
201308220100, 0.262261
201308220110, 0.480686
201308220120, 0.0898438
201308220130, 0.0302734
201308220140, 0.0578342
201308220150, 0.00477431
201308220200, 0.20855
201308220210, 0.0015191
201308220220, 0.0109592
201308220230, 0.401693
201308220240, 0.0589193
201308220250, 0.516602
201308220300, 0.167318
201308220310, 0.0164931
201308220320, 0.23253
201308220330, 0.0575087
201308220340, 0.0015191
201308220350, 0.000217014
201308220400, 0.0094401
201308220410, 0.194878
201308220420, 0.290799
201308220430, 0.0356988
201308220440, 0.604492
201308220500, 0.175022
201308220510, 0.474935
201308220520, 0.0457899
201308220530, 0.206489
201308220550, 0.234049
201308220600, 0.157444
201308220610, 0.260851
201308220620, 0.191298
201308220630, 0.22385
201308220650, 0.538954
201308220700, 0.328559
201308220710, 0.22678
201308220730, 0.0610894
201308220740, 0.381944
201308220750, 0.0818142
201308220800, 0.0205078
201308220810, 0.36263
201308220830, 0.451714
201308220840, 0.0811632
201308220850,
201308220900, 0.0891927
201308220910, 0.676541
201308220920, 0.301866
201308220930, 0.498264
201308220940, 0.0604384
201308220950, 0.0489366
201308221000, 0.00911458
201308221010, 0.00282118
201308221020, 0.0197483
201308221030, 0.0375434
201308221040, 0.00911458
201308221050, 0
201308221100, 0.00282118
201308221110, 0.0427517
201308221120, 0.00575087
201308221130, 0.0655382
201308221140, 0.391927
201308221150, 0.193034
201308221200, 0.0652127
201308221210, 0.000217014
201308221220, 0.0321181
201308221230, 0.198351
201308221240, 0.213976
201308221250, 0.104818
201308221300, 0.282227
201308221310, 0.338759
201308221320, 0.477973
201308221330, 0.218967
201308221340, 0.216037
201308221350, 0.23763
201308221400, 0.225586
201308221410, 0.0989583
201308221420, 0.223958
201308221430, 0.0885417
201308221440, 0.0252821
201308221450, 0.0590278
201308221500, 0.191623
201308221510, 0.151801
201308221520, 0.133247
201308221530, 0.311415
201308221540, 0.47678
201308221550, 0.209201
201308221600, 0.29503
201308221610, 0.507378
201308221620, 0.325629
201308221630, 0.224067
201308221640, 0.368273
201308221650, 0.0762804
201308221700, 0.647786
201308221710, 0.431315
201308221720, 0.242513
201308221730, 0.363932
201308221740, 0.0823568
201308221750, 0.276584
201308221800, 0.187066
201308221810, 0.2551
201308221820, 0.296549
201308221830, 0.191515
201308221840, 0.439345
201308221850, 0.303277
201308221900, 0.574544
201308221910, 1.11621
201308221920, 0.901476
201308221930, 0.754015
201308221940, 0.541124
201308221950, 0.37207
201308222000, 0.232205
201308222010, 0.378472
201308222020, 0.0916884
201308222030, 0.471246
201308222040, 0.219184
201308222050, 0.483615
201308222100, 0.336372
201308222110, 0.346463
201308222120, 0.339627
201308222130, 0.582031
201308222140, 0.49056
201308222150, 0.0687934
201308222200, 0.0284288
201308222210, 0.414931
201308222220, 0.45204
201308222230, 0.111111
201308222240, 0.174805
201308222250, 0.127821
201308222300, 0.0100911
201308222310, 0.0118273
201308222320, 0.00271267
201308222330, 0.000651042
201308222340, 0.16645
201308222350, 0.0532769
201308230000, 0.410156
201308230010, 0.134115
201308230020, 0.560764
201308230030, 0.874349
201308230040, 1.47613
201308230050, 1.4426
201308230100, 2.32541
201308230110, 2.99468
201308230120, 3.33333
201308230130, 3.61068
201308230140, 5.8967
201308230150, 6.61838
201308230210, 5.63292
201308230220, 6.17329
201308230230, 6.72027
201308230240, 6.69596
201308230250, 6.5778
201308230300, 6.25911
201308230310, 5.727
201308230320, 6.37131
201308230330, 6.19933
201308230340, 6.11426
201308230350, 5.26118
201308230400, 5.63086
201308230410, 4.79546
201308230420, 5.08702
201308230430, 3.42795
201308230440, 2.77908
201308230450, 2.57118
201308230500, 1.88032
201308230510, 2.75304
201308230520, 1.91949
201308230530, 2.66254
201308230540, 2.44607
201308230550, 2.57368
201308230600, 2.43728
201308230610, 1.67253
201308230620, 2.03505
201308230630, 3.352
201308230640, 2.00022
201308230650, 1.52355
201308230700, 1.37815
201308230710, 1.72504
201308230720, 2.09516
201308230730, 0.535156
201308230740, 0.330295
201308230750, 0.770833
201308230800, 1.42535
201308230810, 0.923394
201308230820, 1.49175
201308230830, 2.24197
201308230840, 1.38032
201308230850, 1.25401
201308230900, 0.989692
201308230910, 1.2972
201308230920, 0.909288
201308230930, 0.934245
201308230940, 0.38444
201308230950, 0.866102
201308231000, 0.0588108
201308231010, 0.184136
201308231020, 0.359375
201308231030, 0.569987
201308231040, 0.33865
201308231050, 0.291558
201308231100, 0.251736
201308231110, 0.180881
201308231120, 0.176866
201308231130, 0.215603
201308231140, 0.41645
201308231150, 0.256185
201308231200, 0.570855
201308231210, 0.79579
201308231220, 0.897135
201308231230, 0.465169
201308231240, 0.56326
201308231250, 0.317057
201308231300, 0.717773
201308231310, 0.630859
201308231320, 0.804688
201308231330, 0.527561
201308231340, 0.775608
201308231350, 0.871311
201308231400, 0.854709
201308231410, 0.684787
201308231420, 0.76888
201308231430, 0.623372
201308231440, 0.873264
201308231450, 0.740343
201308231500, 0.840278
201308231510, 0.81977
201308231520, 0.743707
201308231530, 0.497938
201308231540, 0.646918
201308231550, 0.520291
201308231600, 0.537652
201308231610, 0.361437
201308231620, 0.419271
201308231630, 0.479818
201308231640, 0.479926
201308231650, 0.378472
201308231700, 0.365994
201308231710, 0.479601
201308231720, 0.419271
201308231730, 0.405924
201308231740, 0.197049
201308231750, 0.237413
201308231800, 0.30957
201308231810, 0.26747
201308231820, 0.312174
201308231830, 0.264214
201308231840, 0.188368
201308231850, 0.195964
201308231900, 0.190647
201308231910, 0.189019
201308231920, 0.355903
201308231930, 0.454861
201308231940, 0.475911
201308231950, 0.369792
201308232000, 0.333876
201308232010, 0.358181
201308232020, 0.527886
201308232030, 0.47895
201308232040, 0.527995
201308232050, 0.470595
201308232100, 0.691623
201308232110, 0.425781
201308232120, 0.295681
201308232130, 0.535265
201308232140, 0.752821
201308232150, 0.305773
201308232200, 0.145291
201308232210, 0.60026
201308232220, 0.383138
201308232230, 0.37793
201308232240, 0.400716
201308232250, 0.289171
201308232300, 0.438477
201308232310, 0.33355
201308232320, 0.365451
201308232330, 0.280816
201308232340, 0.285265
201308232350, 0.111762
201308240000, 0.0749783
201308240010, 0.525608
201308240020, 1.26584
201308240030, 1.83453
201308240040, 1.39659
201308240050, 1.64768
201308240100, 1.72678
201308240110, 1.97276
201308240120, 2.21528
201308240130, 2.40473
201308240140, 1.98394
201308240150, 2.26834
201308240200, 2.4503
201308240210, 2.68837
201308240220, 2.72656
201308240230, 2.96951
201308240240, 2.42665
201308240250, 2.9247
201308240300, 2.69944
201308240310, 3.21734
201308240320, 2.59006
201308240330, 3.15549
201308240340, 3.1747
201308240350, 3.19651
201308240400, 3.09668
201308240410, 3.0229
201308240420, 3.05501
201308240430, 3.15647
201308240440, 3.05794
201308240500, 2.19466
201308240510, 1.9796
201308240520, 2.26345
201308240530, 1.64301
201308240540, 1.08062
201308240550, 1.18403
201308240600, 1.51866
201308240610, 1.27105
201308240620, 1.86719
201308240630, 1.39583
201308240640, 1.26085
201308240650, 1.32758
201308240700, 1.2577
201308240740, 0.958876
201308240800, 0.381944
201308240820, 0.560872
201308240900, 0.341146
201308240930, 0.159288
201308240940, 0
201308240950, 0.0223524
201308241050, 0.0809462
201308241110, 0.179905
201308241130, 0.256185
201308241140, 0.222873
201308241150, 0.469184
201308241200, 0.423069
201308241210, 0.266385
201308241220, 0.22819
201308241230, 0.282878
201308241240, 0.383247
201308241250, 0.259983
201308241300, 0.6875
201308241310, 0.659939
201308241320, 1.01671
201308241330, 1.25792
201308241340, 0.869792
201308241350, 0.984267
201308241400, 0.998698
201308241410, 0.623806
201308241420, 0.817817
201308241430, 0.837782
201308241440, 0.286567
201308241450, 0.217014
201308241500, 0.186415
201308241510, 0.576606
201308241520, 0.187174
201308241530, 0.267904
201308241540, 0.285265
201308241550, 0.289822
201308241600, 0.454644
201308241610, 0.409288
201308241620, 0.341797
201308241630, 0.279948
201308241640, 0.311198
201308241650, 0.802626
201308241700, 0.550673
201308241710, 0.43533
201308241720, 0.274523
201308241730, 0.28049
201308241740, 0.200846
201308241750, 0.203342
201308241800, 0.221571
201308241810, 0.212457
201308241820, 0.0533854
201308241830, 0.201606
201308241840, 0.237413
201308241850, 0.196506
201308241900, 0.118056
201308241910, 0.112413
201308241920, 0.265516
201308241930, 0.0596788
201308241940, 0.687717
201308241950, 0.0317925
201308242000, 0.144531
201308242010, 0.05523
201308242020, 0.0734592
201308242030, 0.1199
201308242040, 0.0587023
201308242050, 0.047526
201308242100, 0.0301649
201308242110, 0.0527344
201308242120, 0.0110677
201308242130, 0.0731337
201308242140, 0.0711806
201308242150, 0.0117188
201308242200, 0.0126953
201308242210, 0.0192057
201308242220, 0.0881076
201308242230, 0.1199
201308242240, 0.0351562
201308242250, 0.0910373
201308242300, 0.131944
201308242310, 0.210503
201308242320, 0.226128
201308242330, 0.279297
201308242340, 0.330838
201308242350, 0.380208
201308250010, 0.304253
201308250020, 0.234701
201308250030, 0.0703125
201308250040, 0.0986328
201308250050, 0.585395
201308250100, 0.661784
201308250110, 0.596354
201308250130, 0.628689
201308250150, 0.5051
201308250200, 0.305556
201308250220, 0.237196
201308250230, 0.300998
201308250240, 0.452474
201308250250, 0.35395
201308250300, 0.209852
201308250310, 0.305447
201308250320, 0.341797
201308250330, 0.628581
201308250340, 0.52105
201308250350, 0.642036
201308250430, 0.633898
201308250510, 0.507812
201308250520, 0.453559
201308250530, 0.62576
201308250620,
201308250630, 0.132161
201308250640, 0.0991753
201308250700, 0.078125
201308250740, 0.08648
201308250810, 0.000217014
201308250840, 0.18967
201308250920, 0.0340712
201308250930, 0.0210503
201308250950,
201308251000, 0.0379774
201308251020, 0.0173611
201308251030, 0.0015191
201308251040, 0.00759549
201308251100, 0.0759549
201308251120, 0.030816
201308251130, 0.0947266
201308251140, 0.047309
201308251150, 0.0516493
201308251200, 0.155382
201308251210, 0.155056
201308251220, 0.0850694
201308251230, 0.0795356
201308251240, 0.0452474
201308251250, 0.00651042
201308251300, 0.0296224
201308251310, 0.0125868
201308251320, 0.165256
201308251330, 0.134874
201308251340, 0.159831
201308251350, 0.208116
201308251400, 0.349284
201308251410, 0.279839
201308251420, 0.530707
201308251430, 0.335503
201308251440, 0.290907
201308251450, 0.414822
201308251500, 0.383789
201308251510, 0.837023
201308251520, 0.92372
201308251530, 1.52973
201308251540, 1.75315
201308251550, 1.85319
201308251600, 1.32878
201308251610, 1.11393
201308251620, 1.2998
201308251630, 1.19412
201308251640, 1.92166
201308251650, 1.39963
201308251700, 1.36697
201308251710, 1.79536
201308251720, 1.78418
201308251730, 1.68012
201308251740, 1.63455
201308251750, 1.58344
201308251800, 0.60536
201308251810, 0.933485
201308251820, 0.557292
201308251830, 0.639106
201308251840, 0.348633
201308251850, 0.703668
201308251900, 0.669596
201308251910, 0.489258
201308251920, 0.13444
201308251930, 0.293403
201308251940, 0.0669488
201308251950, 0.182292
201308252000, 0.0628255
201308252010, 0.165907
201308252020, 0.296983
201308252030, 0.1926
201308252040, 0.325195
201308252050, 0.360894
201308252100, 0.49056
201308252110, 0.583225
201308252120, 0.671549
201308252130, 0.664388
201308252140, 0.622179
201308252150, 0.681098
201308252200, 0.666775
201308252210, 0.368381
201308252220, 0.661567
201308252230, 0.524957
201308252240, 0.288303
201308252250, 0.226237
201308252300, 0.185981
201308252310, 0.0251736
201308252320, 0.0571832
201308252330, 0.379449
201308252340, 0.0947266
201308260000, 0.00509983
201308260020, 0.0016276
201308260040, 0.015408
201308260050, 0.0238715
201308260100, 0.0122613
201308260110, 0.166124
201308260120, 0.125109
201308260240, 0.358724
201308260250, 0.26888
201308260330, 0.281576
201308260400, 0.254666
201308260410, 0.181207
201308260440, 0.473416
201308260500, 0.413194
201308260540, 0.0922309
201308260550, 0.0487196
201308260600, 0.0908203
201308260610, 0.054145
201308260620, 0.140082
201308260630, 0.0304905
201308260640, 0.0683594
201308260700, 0.0403646
201308260720, 0
201308260730, 0
201308260740, 0.0120443
201308260750, 0.00651042
201308260800, 0.000217014
201308260810, 0.000651042
201308260820, 0.00976562
201308260830, 0.000976562
201308260840, 0.00173611
201308260850, 0.393121
201308260900, 0.955404
201308260910, 0.912001
201308260920, 0.833333
201308260930, 1.08442
201308260940, 0.9949
201308260950, 0.904514
201308261000, 0.871636
201308261010, 0.431424
201308261020, 0.293837
201308261030, 0.0743273
201308261040, 0.00292969
201308261050, 0.00640191
201308261100, 0.0429688
201308261110, 0.319119
201308261120, 0.280056
201308261130, 0.247504
201308261140, 0.573242
201308261150, 0.706923
201308261200, 0.725803
201308261210, 0.600043
201308261220, 1.37522
201308261230, 0.780382
201308261240, 1.41157
201308261250, 2.03841
201308261300, 2.19835
201308261310, 2.39497
201308261320, 2.1748
201308261330, 2.73459
201308261340, 2.95302
201308261350, 3.02702
201308261400, 2.97938
201308261410, 3.0523
201308261420, 3.08474
201308261430, 3.13585
201308261440, 3.81434
201308261450, 3.04796
201308261500, 4.10384
201308261510, 2.7947
201308261520, 2.64659
201308261530, 2.59896
201308261540, 1.80751
201308261550, 2.68869
201308261600, 2.977
201308261610, 2.27734
201308261620, 1.85807
201308261630, 1.99533
201308261640, 3.30935
201308261650, 1.4783
201308261700, 0.889323
201308261710, 1.12402
201308261720, 0.670573
201308261730, 1.23307
201308261740, 1.58474
201308261750, 1.64779
201308261800, 1.67925
201308261810, 1.8138
201308261820, 1.7589
201308261830, 2.11306
201308261840, 2.06619
201308261850, 2.83659
201308261900, 2.55816
201308261910, 2.17524
201308261920, 2.07791
201308261930, 1.33518
201308261940, 0.920139
201308261950, 1.25326
201308262000, 1.1327
201308262010, 0.972548
201308262020, 0.957248
201308262030, 1.00174
201308262040, 1.28809
201308262050, 0.940538
201308262100, 0.482313
201308262110, 0.274089
201308262120, 0.550239
201308262130, 0.370551
201308262140, 0.594618
201308262150, 0.250217
201308262200, 0.129991
201308262210, 0.300239
201308262220, 0.254991
201308262230, 0.258572
201308262240, 0.174371
201308262250, 0.114041
201308262300, 0.43099
201308262310, 0.125977
201308262320, 0.138238
201308262330, 0.0317925
201308262340, 0.309679
201308262350, 0.347548
201308270000, 0.0404731
201308270010, 0.0745443
201308270020, 0.0963542
201308270030, 0.134657
201308270040, 0.168403
201308270050, 0.325846
201308270100, 0.488064
201308270110, 0.388129
201308270120, 0.388997
201308270130, 0.911241
201308270140, 0.530924
201308270150, 0.68099
201308270200, 1.03396
201308270210, 0.807834
201308270220, 0.544379
201308270230, 0.502062
201308270240, 0.840495
201308270250, 1.37912
201308270300, 1.37489
201308270310, 0.744032
201308270320, 2.00781
201308270330, 1.65245
201308270340, 1.12044
201308270350, 1.15788
201308270400, 1.60004
201308270410, 1.51725
201308270420, 1.40007
201308270430, 1.37478
201308270440, 1.85015
201308270450, 1.46604
201308270500, 1.94596
201308270510, 1.64638
201308270520, 1.86209
201308270530, 1.53776
201308270550, 0.948785
201308270610, 0.960178
201308270620, 1.38173
201308270630, 0.959635
201308270640, 1.15961
201308270700, 1.21853
201308270710, 0.812608
201308270730, 1.24154
201308270740, 0.597765
201308270750, 1.01975
201308270800, 0.638346
201308270810, 0.768772
201308270820, 0.614258
201308270830, 0.454427
201308270840, 0.704319
201308270850, 0.681207
201308270910,
201308270930, 0.573459
201308270940, 0.222114
201308270950, 0.563368
201308271010, 0.249349
201308271020, 0.460069
201308271040, 0
201308271050, 0.259874
201308271100, 0.517795
201308271110, 0.301649
201308271120, 0.23253
201308271130, 0.316623
201308271140, 0.346897
201308271150, 0.669705
201308271200, 0.943251
201308271210, 0.230035
201308271220, 0.486003
201308271230, 1.08941
201308271240, 1.08203
201308271250, 0.519965
201308271300, 0.55816
201308271310, 0.324761
201308271320, 0.627062
201308271330, 0.905924
201308271340, 0.564779
201308271350, 0.540582
201308271400, 0.456923
201308271800, 1.4707
201308271810, 1.33485
201308271820, 0.840929
201308271830, 1.07552
201308272210, 0.669705
201308272220, 0.932943
201308272230, 0.468099
201308272240, 0.480035
201308272250, 0.502062
201308272300, 0.526367
201308272310, 0.504666
201308272320, 0.524523
201308272330, 3.30686
201308272340, 0.262261
201308272350, 0.132053
201308280000, 0.273112
201308280010, 0.514757
201308280020, 0.295139
201308280030, 0.367079
201308280040, 0.33214
201308280050, 0.131402
201308280100, 0.733615
201308280110, 1.12207
201308280120, 0.833659
201308280130, 1.27062
201308280140, 2.13075
201308280150, 1.77886
201308280200, 1.99392
201308280210, 2.15582
201308280220, 2.48307
201308280230, 2.25315
201308280240, 2.43804
201308280250, 2.47841
201308280300, 2.15028
201308280310, 2.60894
201308280320, 2.80838
201308280350, 3.88433
201308280400, 3.13336
201308280410, 3.0523
201308280420, 3.31597
201308280430, 3.11437
201308280440, 3.83756
201308280450, 3.69531
201308280500, 3.24132
201308280510, 3.53689
201308280520, 3.54514
201308280530, 3.39258
201308280620, 3.3648
201308280630, 3.07346
201308280640, 2.55393
201308280710, 2.08507
201308280720, 1.34321
201308280730, 0.999023
201308280740, 1.43132
201308280750, 0.982422
201308280810, 1.22428
201308280820, 1.19792
201308280830, 1.42524
201308280840, 1.73307
201308280850, 1.23785
201308280900, 1.05816
201308280920, 0.797743
201308280930, 0.644965
201308280950, 0.217339
201308281010, 0.128147
201308281040, 0.0984158
201308281120, 0.253689
201308281140, 0.0330946
201308281200, 0.0978733
201308281210, 0.0278863
201308281240, 0.219076
201308282140, 1.21669
201308282150, 0.154188
201308282200, 0.720269
201308282210, 1.78461
201308282220, 1.56044
201308282230, 1.70334
201308282240, 2.19759
201308282250, 1.24164
201308282300, 1.69661
201308282310, 1.14334
201308282320, 1.02734
201308282330, 0.47602
201308282340, 0.240777
201308282350, 0.335395
201308290000, 0.330078
201308290010, 0.99707
201308290020, 1.2946
201308290030, 1.37706
201308290040, 1.03375
201308290050, 0.816515
201308290100, 0.611437
201308290120, 0.515951
201308290130, 0.322483
201308290140, 0.249457
201308290150, 0.517361
201308290200, 0.754991
201308290210, 0.591363
201308290220, 0.69401
201308290230, 0.990777
201308290240, 1.26628
201308290250, 1.26053
201308290300, 2.01682
201308290310, 2.03668
201308290320, 1.95703
201308290330, 2.06217
201308290340, 0.73329
201308290350, 1.24327
201308290400, 1.18696
201308290410, 1.01204
201308290420, 0.709527
201308290430, 0.50217
201308290440, 0.904405
201308290450, 1.00315
201308290510, 0.513563
201308290520, 0.429579
201308290530, 0.471463
201308290540, 0.248589
201308290550, 0.15408
201308290600, 0.126302
201308290610, 0.530816
201308290620, 0.146918
201308290630, 0.312066
201308290640, 1.74772
201308290650, 0.177517
201308290700, 0.28776
201308290710, 0.336046
201308290720, 0.42296
201308290730, 0.782878
201308290740, 0.748047
201308290750, 0.713433
201308290800, 0.726671
201308290810, 0.552734
201308290820, 0.223958
201308290830, 0.300022
201308290840, 0.472982
201308290850, 0.309353
201308290900, 0.195204
201308290910, 0.261827
201308290920, 0.47678
201308290930, 0.441189
201308290940, 0.170681
201308290950, 0.138346
201308291000, 0.213542
201308291010, 0.265191
201308291020, 0.328125
201308291030, 0.413086
201308291040, 0.335612
201308291050, 0.24273
201308291100, 0.138346
201308291110, 0.264865
201308291120, 0.205946
201308291130, 0.232856
201308291140, 0.19911
201308291150, 0.192817
201308291200, 0.48036
201308291210, 0.336263
201308291220, 0.857205
201308291230, 0.589952
201308291240, 1.57856
201308291250, 0.276693
201308291300, 0.800673
201308291310, 0.393338
201308291320, 0.302517
201308291330, 0.511936
201308291340, 0.529839
201308291350, 0.382161
201308291720, 1.44368
201308291730, 2.11252
201308291800, 1.41493
201308291810, 1.45855
201308291820, 2.14562
201308291830, 2.36621
201308291840, 3.10883
201308291850, 1.13965
201308291900, 1.19911
201308291910, 1.87272
201308291920, 1.41602
201308291930, 2.7589
201308291940, 2.99436
201308291950, 2.27214
201308292000, 2.2474
201308292010, 1.97873
201308292020, 1.79915
201308292030, 2.2041
201308292040, 2.2768
201308292050, 2.22906
201308292100, 2.1174
201308292110, 2.85189
201308292120, 2.63151
201308292130, 2.3827
201308292140, 1.82031
201308292150, 1.96322
201308292200, 1.90788
201308292210, 2.1276
201308292220, 2.02203
201308292230, 0.881619
201308292240, 1.14833
201308292250, 0.373806
201308292310, 0.324219
201308292330, 0.463542
201308292340, 0.166233
201308300010, 0.0531684
201308300020, 0.144531
201308300030, 0.0606554
201308300050, 0.154839
201308300100, 0.98253
201308300110, 0.251194
201308300120, 0.101237
201308300130, 0.237305
201308300140, 0.228407
201308300150, 0.201931
201308300200, 0.40332
201308300220, 0.239475
201308300240, 0.476671
201308300250, 0.481771
201308300300, 0.264323
201308300310, 0.399197
201308300330, 0.638563
201308300340, 0.573242
201308300350, 0.363607
201308300400, 0.250651
201308300420, 0.661241
201308300430, 0.577474
201308300440, 0.411458
201308300450, 0.746202
201308300510, 0
201308300640, 0.467556
201308300650, 0.463216
201308300700, 0.524523
201308300710, 0.121962
201308300740, 0.373698
201308300750, 0.198025
201308300800, 0.274306
201308300810, 0.046875
201308300820, 0.163086
201308300830, 0.231771
201308300850, 0.254015
201308300930, 0.0668403
201308300940, 0.0062934
201308301030, 0.0564236
201308301040, 0.00108507
201308301050, 0.203885
201308301130, 0.133138
201308301140, 0.108615
201308301240, 0.283746
201308301250, 0.300673
201308301300, 0.397027
201308301310, 0.272461
201308301320, 0.152127
201308301330, 0.275608
201308301340, 0.306966
201308301350, 0.183377
201308301400, 0.132921
201308301410, 0.0945095
201308301420, 0.265842
201308301430, 0.19911
201308301440, 0.0270182
201308301450, 0.117296
201308301500, 0.0373264
201308301510, 0.214735
201308301520, 0.253364
201308301530, 0.109049
201308301540, 0.34809
201308301600, 0.311632
201308301610, 0.302951
201308301620, 0.194878
201308301630, 0.140082
201308301640, 0.339084
201308301650, 0.0645616
201308301700, 0.0863715
201308301710, 0.0270182
201308301720, 0.0460069
201308301730, 0.0848524
201308301740, 0.214952
201308301750, 0.078559
201308301800, 0.0372179
201308301810, 0.349067
201308301820, 0.165799
201308301830, 0.246636
201308301840, 0.209093
201308301850, 0.343533
201308301900, 0.0632595
201308301910, 0.474826
201308301920, 0.42296
201308301930, 0.396593
201308301940, 0.462782
201308301950, 0.468316
201308302000, 0.00401476
201308302010, 0.479384
201308302020, 0.518989
201308302030, 0.141819
201308302040, 0.278212
201308302050, 0.451389
201308302100, 0.312609
201308302110, 0.0371094
201308302120, 0.336372
201308302130, 0.198893
201308302140, 0.354818
201308302150, 0.453016
201308302200, 0.30816
201308302210, 0.23622
201308302220, 0.250977
201308302230, 0.276367
201308302240, 0.387261
201308302250, 0.268555
201308302300, 0.289388
201308302310, 0.207574
201308302320, 0.210503
201308302330, 0.176866
201308302340, 0.00260417
201308302350, 0.00444878
201308310000, 0.132812
201308310010, 0.00227865
201308310020, 0.0461155
201308310030, 0.031033
201308310040, 0.0266927
201308310050, 0.0384115
201308310100, 0.0440538
201308310110, 0.000868056
201308310120, 0
201308310130, 0.395291
201308310140, 0.744683
201308310150, 0.794705
201308310200, 0.228624
201308310210, 1.22786
201308310230, 1.24837
201308310240, 0.254883
201308310250, 0.280382
201308310300, 0.509549
201308310310, 0.752279
201308310320, 0.666341
201308310330, 0.620009
201308310340, 1.33257
201308310350, 1.99989
201308310400, 2.19607
201308310410, 3.6225
201308310420, 4.29308
201308310430, 4.23177
201308310440, 4.54395
201308310450, 5.37381
201308310500, 5.59223
201308310510, 5.91102
201308310520, 4.70475
201308310530, 4.20356
201308310540, 3.78689
201308310550, 2.28168
201308310620, 2.00467
201308310630, 2.3954
201308310640, 2.13596
201308310650, 2.352
201308310700, 2.33344
201308310710, 2.29047
201308310720, 1.98676
201308310730, 2.7079
201308310740, 1.80664
201308310750, 1.87435
201308310800, 1.51291
201308310810, 1.4247
201308310820, 1.28006
201308310830, 1.72125
201308310840, 0.97092
201308310850, 1.19097
201308310900, 0.993707
201308310920, 0.982964
201308310930, 0.0963542
201308310940, 0.560438
201308310950, 0.000542535
201308311000, 0.0192057
201308311010, 0.156141
201308311020, 0.229492
201308311030, 0.0873481
201308311040, 0.0141059
201308311050, 0.151042
201308311100, 0.0147569
201308311110, 0.107964
201308311120, 0.260525
201308311130, 0.0111762
201308311140, 0.0163845
201308311150, 0.00195312
201308311200, 0.0101997
201308311210, 0.178819
201308311230, 0.0210503
201308311240, 0.0187717
201308311250, 0.0144314
201308311300, 0.0788845
201308311310, 0.0608724
201308311320, 0.575412
201308311330, 0.725043
201308311340, 1.21897
201308311350, 1.50423
201308311400, 1.36176
201308311410, 1.16688
201308311420, 1.33518
201308311430, 1.12988
201308311440, 1.00119
201308311450, 0.927192
201308311500, 1.22103
201308311510, 0.507053
201308311520, 0.917426
201308311530, 0.445747
201308311540, 0.596788
201308311550, 1.03407
201308311600, 1.06141
201308311610, 0.84885
201308311620, 0.763455
201308311630, 1.22418
201308311640, 0.719184
201308311650, 0.781684
201308311700, 0.620768
201308311710, 1.08019
201308311720, 1.15397
201308311730, 0.667752
201308311740, 0.550673
201308311750, 0.709093
201308311800, 0.90191
201308311810, 0.723307
201308311820, 0.661133
201308311830, 0.880425
201308311840, 0.67372
201308311850, 0.820638
201308311900, 0.429688
201308311910, 0.495334
201308311920, 0.668186
201308311930, 0.70204
201308311940, 0.493273
201308311950, 0.633789
201308312000, 0.608507
201308312010, 0.361979
201308312020, 0.256619
201308312030, 0.354818
201308312040, 0.327799
201308312050, 0.5
201308312100, 0.695421
201308312110, 0.388455
201308312120, 0.397786
201308312130, 0.245768
201308312140, 0.539605
201308312150, 0.338759
201308312200, 0.493924
201308312210, 0.508789
201308312220, 0.724175
201308312230, 0.71951
201308312240, 0.767687
201308312250, 0.919162
201308312300, 0.600694
201308312310, 0.114366
201308312320, 0.0610894
201308312330, 0.0721571
201308312340, 0.0093316
201308312350, 0.10319
